solid OpenSCAD_Model
  facet normal -1 0 0
    outer loop
      vertex 20.5 12.880041708525303 2.4000000000000004
      vertex 20.5 23.79853928089142 10.150681155920028
      vertex 20.5 23.908349439501762 9.773939567804335
    endloop
  endfacet
  facet normal -1 0 0
    outer loop
      vertex 20.5 12.880041708525303 2.4000000000000004
      vertex 20.5 23.738843210041523 10.53853277415037
      vertex 20.5 23.79853928089142 10.150681155920028
    endloop
  endfacet
  facet normal -1 0 0
    outer loop
      vertex 20.5 12.880041708525303 2.4000000000000004
      vertex 20.5 23.73028264194727 10.930858160555362
      vertex 20.5 23.738843210041523 10.53853277415037
    endloop
  endfacet
  facet normal -1 0 0
    outer loop
      vertex 20.5 12.880041708525303 2.4000000000000004
      vertex 20.5 23.773004047572613 11.320944535732268
      vertex 20.5 23.73028264194727 10.930858160555362
    endloop
  endfacet
  facet normal -1 0 0
    outer loop
      vertex 20.5 12.880041708525303 2.4000000000000004
      vertex 20.5 23.86627645045519 11.702117401361464
      vertex 20.5 23.773004047572613 11.320944535732268
    endloop
  endfacet
  facet normal -1 0 0
    outer loop
      vertex 20.5 12.880041708525303 2.4000000000000004
      vertex 20.5 25.45957251638174 8.08107663989067
      vertex 20.5 25.82530990242958 7.9388491466641415
    endloop
  endfacet
  facet normal -1 0 0
    outer loop
      vertex 20.5 12.880041708525303 2.4000000000000004
      vertex 20.5 24.269971169531345 9.079270693659781
      vertex 20.5 24.51559529453516 8.773229378461837
    endloop
  endfacet
  facet normal -1 0 0
    outer loop
      vertex 20.5 12.880041708525303 2.4000000000000004
      vertex 20.5 24.51559529453516 8.773229378461837
      vertex 20.5 24.799064472317696 8.501866671442984
    endloop
  endfacet
  facet normal -1 0 0
    outer loop
      vertex 20.5 12.880041708525303 2.4000000000000004
      vertex 20.5 25.115528479218483 8.269825662672519
      vertex 20.5 25.45957251638174 8.08107663989067
    endloop
  endfacet
  facet normal -1 0 0
    outer loop
      vertex 20.5 12.880041708525303 2.4000000000000004
      vertex 20.5 24.799064472317696 8.501866671442984
      vertex 20.5 25.115528479218483 8.269825662672519
    endloop
  endfacet
  facet normal -1 0 0
    outer loop
      vertex 20.5 12.880041708525303 2.4000000000000004
      vertex 20.5 25.82530990242958 7.9388491466641415
      vertex 20.5 26.206482768058777 7.8455767437815656
    endloop
  endfacet
  facet normal -1 0 0
    outer loop
      vertex 20.5 12.880041708525303 2.4000000000000004
      vertex 20.5 26.206482768058777 7.8455767437815656
      vertex 20.5 26.596569143235683 7.802855338156222
    endloop
  endfacet
  facet normal -1 0 0
    outer loop
      vertex 20.5 12.880041708525303 2.4000000000000004
      vertex 20.5 26.596569143235683 7.802855338156222
      vertex 20.5 26.727427303791046 7.799999999999999
    endloop
  endfacet
  facet normal -1 0 0
    outer loop
      vertex 20.5 12.880041708525303 2.4000000000000004
      vertex 20.5 24.066394805908203 9.414754162728785
      vertex 20.5 24.269971169531345 9.079270693659781
    endloop
  endfacet
  facet normal -1 0 0
    outer loop
      vertex 20.5 12.880041708525303 2.4000000000000004
      vertex 20.5 23.908349439501762 9.773939567804335
      vertex 20.5 24.066394805908203 9.414754162728785
    endloop
  endfacet
  facet normal -1 0 0
    outer loop
      vertex 20.5 12.880041708525303 2.4000000000000004
      vertex 20.5 24.008503943681717 12.067854787409305
      vertex 20.5 23.86627645045519 11.702117401361464
    endloop
  endfacet
  facet normal -1 0 0
    outer loop
      vertex 20.5 12.880041708525303 2.4000000000000004
      vertex 20.5 26.727427303791046 7.799999999999999
      vertex 20.5 42.473048359155655 7.799999999999999
    endloop
  endfacet
  facet normal -1 0 0
    outer loop
      vertex 20.5 12.880041708525303 2.4000000000000004
      vertex 20.5 42.473048359155655 7.799999999999999
      vertex 20.5 64.36895804200307 2.4000000000000004
    endloop
  endfacet
  facet normal -1 0 0
    outer loop
      vertex 20.5 12.880041708525303 2.4000000000000004
      vertex 20.5 28.696231469511986 36.31792839169502
      vertex 20.5 24.008503943681717 12.067854787409305
    endloop
  endfacet
  facet normal 0 -0.906307787004038 0.42261826181063583
    outer loop
      vertex 20.5 12.880041708525303 2.4000000000000004
      vertex 25.5 28.696231469511986 36.31792839169502
      vertex 20.5 28.696231469511986 36.31792839169502
    endloop
  endfacet
  facet normal -1 0 0
    outer loop
      vertex 20.5 24.008503943681717 12.067854787409305
      vertex 20.5 28.696231469511986 36.31792839169502
      vertex 20.5 28.84519013017416 22.440161782503125
    endloop
  endfacet
  facet normal -1 0 0
    outer loop
      vertex 20.5 28.84519013017416 22.440161782503125
      vertex 20.5 28.696231469511986 36.31792839169502
      vertex 20.5 28.929050885140896 22.606338056921956
    endloop
  endfacet
  facet normal -1 0 0
    outer loop
      vertex 20.5 28.929050885140896 22.606338056921956
      vertex 20.5 28.696231469511986 36.31792839169502
      vertex 20.5 29.13877283036709 22.938014405965802
    endloop
  endfacet
  facet normal -1 0 0
    outer loop
      vertex 20.5 29.13877283036709 22.938014405965802
      vertex 20.5 28.696231469511986 36.31792839169502
      vertex 20.5 29.389993019402027 23.23947901576757
    endloop
  endfacet
  facet normal -1 0 0
    outer loop
      vertex 20.5 29.389993019402027 23.23947901576757
      vertex 20.5 28.696231469511986 36.31792839169502
      vertex 20.5 29.67841301113367 23.505573745071885
    endloop
  endfacet
  facet normal -1 0 0
    outer loop
      vertex 20.5 29.67841301113367 23.505573745071885
      vertex 20.5 28.696231469511986 36.31792839169502
      vertex 20.5 29.999097868800163 23.73174562603235
    endloop
  endfacet
  facet normal -1 0 0
    outer loop
      vertex 20.5 29.999097868800163 23.73174562603235
      vertex 20.5 28.696231469511986 36.31792839169502
      vertex 20.5 30.346560567617416 23.91412480473518
    endloop
  endfacet
  facet normal -1 0 0
    outer loop
      vertex 20.5 30.346560567617416 23.91412480473518
      vertex 20.5 28.696231469511986 36.31792839169502
      vertex 20.5 30.714855946600437 24.049590717256066
    endloop
  endfacet
  facet normal -1 0 0
    outer loop
      vertex 20.5 30.714855946600437 24.049590717256066
      vertex 20.5 28.696231469511986 36.31792839169502
      vertex 20.5 31.09768234938383 24.135825510323045
    endloop
  endfacet
  facet normal -1 0 0
    outer loop
      vertex 20.5 31.09768234938383 24.135825510323045
      vertex 20.5 28.696231469511986 36.31792839169502
      vertex 20.5 31.488489516079426 24.171353678405282
    endloop
  endfacet
  facet normal -1 0 0
    outer loop
      vertex 20.5 31.488489516079426 24.171353678405282
      vertex 20.5 28.696231469511986 36.31792839169502
      vertex 20.5 31.88059063255787 24.155567328631875
    endloop
  endfacet
  facet normal -1 0 0
    outer loop
      vertex 20.5 32.267276741564274 24.088736566901204
      vertex 20.5 31.88059063255787 24.155567328631875
      vertex 20.5 28.696231469511986 36.31792839169502
    endloop
  endfacet
  facet normal -1 0 0
    outer loop
      vertex 20.5 32.641931526362896 23.972004885971543
      vertex 20.5 28.696231469511986 36.31792839169502
      vertex 20.5 32.998144552111626 23.807369600236413
    endloop
  endfacet
  facet normal -1 0 0
    outer loop
      vertex 20.5 32.267276741564274 24.088736566901204
      vertex 20.5 28.696231469511986 36.31792839169502
      vertex 20.5 32.641931526362896 23.972004885971543
    endloop
  endfacet
  facet normal -1 0 0
    outer loop
      vertex 20.5 33.32982090115547 23.59764765501022
      vertex 20.5 28.696231469511986 36.31792839169502
      vertex 20.5 33.63128551095724 23.34642746597528
    endloop
  endfacet
  facet normal -1 0 0
    outer loop
      vertex 20.5 32.998144552111626 23.807369600236413
      vertex 20.5 28.696231469511986 36.31792839169502
      vertex 20.5 33.32982090115547 23.59764765501022
    endloop
  endfacet
  facet normal -1 0 0
    outer loop
      vertex 20.5 42.473048359155655 7.799999999999999
      vertex 20.5 42.86462693661451 7.825665417313575
      vertex 20.5 64.36895804200307 2.4000000000000004
    endloop
  endfacet
  facet normal -1 0 0
    outer loop
      vertex 20.5 42.86462693661451 7.825665417313575
      vertex 20.5 43.2495054975152 7.902222524583339
      vertex 20.5 64.36895804200307 2.4000000000000004
    endloop
  endfacet
  facet normal -1 0 0
    outer loop
      vertex 20.5 43.2495054975152 7.902222524583339
      vertex 20.5 43.62109865993261 8.028361405432223
      vertex 20.5 64.36895804200307 2.4000000000000004
    endloop
  endfacet
  facet normal -1 0 0
    outer loop
      vertex 20.5 43.62109865993261 8.028361405432223
      vertex 20.5 43.973048359155655 8.201923790574073
      vertex 20.5 64.36895804200307 2.4000000000000004
    endloop
  endfacet
  facet normal -1 0 0
    outer loop
      vertex 20.5 43.973048359155655 8.201923790574073
      vertex 20.5 44.2993326485157 8.419939975440501
      vertex 20.5 64.36895804200307 2.4000000000000004
    endloop
  endfacet
  facet normal -1 0 0
    outer loop
      vertex 20.5 44.2993326485157 8.419939975440501
      vertex 20.5 44.59436870366335 8.678679655492305
      vertex 20.5 64.36895804200307 2.4000000000000004
    endloop
  endfacet
  facet normal -1 0 0
    outer loop
      vertex 20.5 44.59436870366335 8.678679655492305
      vertex 20.5 44.85310838371515 8.973715710639953
      vertex 20.5 64.36895804200307 2.4000000000000004
    endloop
  endfacet
  facet normal -1 0 0
    outer loop
      vertex 20.5 44.85310838371515 8.973715710639953
      vertex 20.5 45.07112456858158 9.299999999999999
      vertex 20.5 64.36895804200307 2.4000000000000004
    endloop
  endfacet
  facet normal -1 0 0
    outer loop
      vertex 20.5 45.07112456858158 9.299999999999999
      vertex 20.5 45.24468695372343 9.65194969922304
      vertex 20.5 64.36895804200307 2.4000000000000004
    endloop
  endfacet
  facet normal -1 0 0
    outer loop
      vertex 20.5 45.24468695372343 9.65194969922304
      vertex 20.5 45.370825834572315 10.023542861640452
      vertex 20.5 64.36895804200307 2.4000000000000004
    endloop
  endfacet
  facet normal -1 0 0
    outer loop
      vertex 20.5 45.370825834572315 10.023542861640452
      vertex 20.5 45.44738294184208 10.40842142254114
      vertex 20.5 64.36895804200307 2.4000000000000004
    endloop
  endfacet
  facet normal -1 0 0
    outer loop
      vertex 20.5 45.44738294184208 10.40842142254114
      vertex 20.5 45.473048359155655 10.799999999999999
      vertex 20.5 64.36895804200307 2.4000000000000004
    endloop
  endfacet
  facet normal -1 0 0
    outer loop
      vertex 20.5 45.473048359155655 10.799999999999999
      vertex 20.5 45.44738294184208 11.191578577458857
      vertex 20.5 64.36895804200307 2.4000000000000004
    endloop
  endfacet
  facet normal -1 0 0
    outer loop
      vertex 20.5 45.44738294184208 11.191578577458857
      vertex 20.5 45.370825834572315 11.576457138359546
      vertex 20.5 64.36895804200307 2.4000000000000004
    endloop
  endfacet
  facet normal -1 0 0
    outer loop
      vertex 20.5 45.370825834572315 11.576457138359546
      vertex 20.5 45.24468695372343 11.948050300776957
      vertex 20.5 64.36895804200307 2.4000000000000004
    endloop
  endfacet
  facet normal -1 0 0
    outer loop
      vertex 20.5 45.24468695372343 11.948050300776957
      vertex 20.5 45.07112456858158 12.299999999999999
      vertex 20.5 64.36895804200307 2.4000000000000004
    endloop
  endfacet
  facet normal -1 0 0
    outer loop
      vertex 20.5 33.63128551095724 23.34642746597528
      vertex 20.5 64.36895804200307 2.4000000000000004
      vertex 20.5 44.54022037982941 12.974120470881461
    endloop
  endfacet
  facet normal -1 0 0
    outer loop
      vertex 20.5 44.59436870366335 12.921320344507693
      vertex 20.5 44.54022037982941 12.974120470881461
      vertex 20.5 64.36895804200307 2.4000000000000004
    endloop
  endfacet
  facet normal -1 0 0
    outer loop
      vertex 20.5 45.07112456858158 12.299999999999999
      vertex 20.5 44.85310838371515 12.626284289360045
      vertex 20.5 64.36895804200307 2.4000000000000004
    endloop
  endfacet
  facet normal -1 0 0
    outer loop
      vertex 20.5 44.85310838371515 12.626284289360045
      vertex 20.5 44.59436870366335 12.921320344507693
      vertex 20.5 64.36895804200307 2.4000000000000004
    endloop
  endfacet
  facet normal 0 0.6890573416565038 0.7247068234184582
    outer loop
      vertex 20.5 28.696231469511986 36.31792839169502
      vertex 25.5 64.36895804200307 2.4000000000000004
      vertex 20.5 64.36895804200307 2.4000000000000004
    endloop
  endfacet
  facet normal -1 0 0
    outer loop
      vertex 20.5 33.63128551095724 23.34642746597528
      vertex 20.5 28.696231469511986 36.31792839169502
      vertex 20.5 64.36895804200307 2.4000000000000004
    endloop
  endfacet
  facet normal 1 0 0
    outer loop
      vertex 25.5 12.880041708525303 2.4000000000000004
      vertex 25.5 23.908349439501762 9.773939567804335
      vertex 25.5 23.79853928089142 10.150681155920028
    endloop
  endfacet
  facet normal 1 0 0
    outer loop
      vertex 25.5 12.880041708525303 2.4000000000000004
      vertex 25.5 23.79853928089142 10.150681155920028
      vertex 25.5 23.738843210041523 10.53853277415037
    endloop
  endfacet
  facet normal 1 0 0
    outer loop
      vertex 25.5 12.880041708525303 2.4000000000000004
      vertex 25.5 23.738843210041523 10.53853277415037
      vertex 25.5 23.73028264194727 10.930858160555362
    endloop
  endfacet
  facet normal 1 0 0
    outer loop
      vertex 25.5 12.880041708525303 2.4000000000000004
      vertex 25.5 23.73028264194727 10.930858160555362
      vertex 25.5 23.773004047572613 11.320944535732268
    endloop
  endfacet
  facet normal 1 0 0
    outer loop
      vertex 25.5 12.880041708525303 2.4000000000000004
      vertex 25.5 23.773004047572613 11.320944535732268
      vertex 25.5 23.86627645045519 11.702117401361464
    endloop
  endfacet
  facet normal 0 -0.906307787004038 0.42261826181063583
    outer loop
      vertex 20.5 12.880041708525303 2.4000000000000004
      vertex 25.5 12.880041708525303 2.4000000000000004
      vertex 25.5 28.696231469511986 36.31792839169502
    endloop
  endfacet
  facet normal 1 0 0
    outer loop
      vertex 25.5 12.880041708525303 2.4000000000000004
      vertex 25.5 25.82530990242958 7.9388491466641415
      vertex 25.5 25.45957251638174 8.08107663989067
    endloop
  endfacet
  facet normal 1 0 0
    outer loop
      vertex 25.5 12.880041708525303 2.4000000000000004
      vertex 25.5 24.51559529453516 8.773229378461837
      vertex 25.5 24.269971169531345 9.079270693659781
    endloop
  endfacet
  facet normal 1 0 0
    outer loop
      vertex 25.5 12.880041708525303 2.4000000000000004
      vertex 25.5 24.799064472317696 8.501866671442984
      vertex 25.5 24.51559529453516 8.773229378461837
    endloop
  endfacet
  facet normal 1 0 0
    outer loop
      vertex 25.5 12.880041708525303 2.4000000000000004
      vertex 25.5 25.45957251638174 8.08107663989067
      vertex 25.5 25.115528479218483 8.269825662672519
    endloop
  endfacet
  facet normal 1 0 0
    outer loop
      vertex 25.5 12.880041708525303 2.4000000000000004
      vertex 25.5 25.115528479218483 8.269825662672519
      vertex 25.5 24.799064472317696 8.501866671442984
    endloop
  endfacet
  facet normal 1 0 0
    outer loop
      vertex 25.5 12.880041708525303 2.4000000000000004
      vertex 25.5 26.206482768058777 7.8455767437815656
      vertex 25.5 25.82530990242958 7.9388491466641415
    endloop
  endfacet
  facet normal 1 0 0
    outer loop
      vertex 25.5 12.880041708525303 2.4000000000000004
      vertex 25.5 26.596569143235683 7.802855338156222
      vertex 25.5 26.206482768058777 7.8455767437815656
    endloop
  endfacet
  facet normal 1 0 0
    outer loop
      vertex 25.5 12.880041708525303 2.4000000000000004
      vertex 25.5 26.727427303791046 7.799999999999999
      vertex 25.5 26.596569143235683 7.802855338156222
    endloop
  endfacet
  facet normal 1 0 0
    outer loop
      vertex 25.5 12.880041708525303 2.4000000000000004
      vertex 25.5 24.269971169531345 9.079270693659781
      vertex 25.5 24.066394805908203 9.414754162728785
    endloop
  endfacet
  facet normal 1 0 0
    outer loop
      vertex 25.5 12.880041708525303 2.4000000000000004
      vertex 25.5 24.066394805908203 9.414754162728785
      vertex 25.5 23.908349439501762 9.773939567804335
    endloop
  endfacet
  facet normal 1 0 0
    outer loop
      vertex 25.5 12.880041708525303 2.4000000000000004
      vertex 25.5 23.86627645045519 11.702117401361464
      vertex 25.5 24.008503943681717 12.067854787409305
    endloop
  endfacet
  facet normal 1 0 0
    outer loop
      vertex 25.5 12.880041708525303 2.4000000000000004
      vertex 25.5 64.36895804200307 2.4000000000000004
      vertex 25.5 26.727427303791046 7.799999999999999
    endloop
  endfacet
  facet normal 1 0 0
    outer loop
      vertex 25.5 12.880041708525303 2.4000000000000004
      vertex 25.5 24.008503943681717 12.067854787409305
      vertex 25.5 28.696231469511986 36.31792839169502
    endloop
  endfacet
  facet normal 1 0 0
    outer loop
      vertex 25.5 24.008503943681717 12.067854787409305
      vertex 25.5 28.84519013017416 22.440161782503125
      vertex 25.5 28.696231469511986 36.31792839169502
    endloop
  endfacet
  facet normal 1 0 0
    outer loop
      vertex 25.5 28.84519013017416 22.440161782503125
      vertex 25.5 28.929050885140896 22.606338056921956
      vertex 25.5 28.696231469511986 36.31792839169502
    endloop
  endfacet
  facet normal 1 0 0
    outer loop
      vertex 25.5 28.696231469511986 36.31792839169502
      vertex 25.5 44.54022037982941 12.974120470881461
      vertex 25.5 44.59436870366335 12.921320344507693
    endloop
  endfacet
  facet normal 1 0 0
    outer loop
      vertex 25.5 33.63128551095724 23.34642746597528
      vertex 25.5 44.54022037982941 12.974120470881461
      vertex 25.5 28.696231469511986 36.31792839169502
    endloop
  endfacet
  facet normal 1 0 0
    outer loop
      vertex 25.5 28.929050885140896 22.606338056921956
      vertex 25.5 29.13877283036709 22.938014405965802
      vertex 25.5 28.696231469511986 36.31792839169502
    endloop
  endfacet
  facet normal 1 0 0
    outer loop
      vertex 25.5 29.13877283036709 22.938014405965802
      vertex 25.5 29.389993019402027 23.23947901576757
      vertex 25.5 28.696231469511986 36.31792839169502
    endloop
  endfacet
  facet normal 1 0 0
    outer loop
      vertex 25.5 29.389993019402027 23.23947901576757
      vertex 25.5 29.67841301113367 23.505573745071885
      vertex 25.5 28.696231469511986 36.31792839169502
    endloop
  endfacet
  facet normal 1 0 0
    outer loop
      vertex 25.5 29.67841301113367 23.505573745071885
      vertex 25.5 29.999097868800163 23.73174562603235
      vertex 25.5 28.696231469511986 36.31792839169502
    endloop
  endfacet
  facet normal 1 0 0
    outer loop
      vertex 25.5 29.999097868800163 23.73174562603235
      vertex 25.5 30.346560567617416 23.91412480473518
      vertex 25.5 28.696231469511986 36.31792839169502
    endloop
  endfacet
  facet normal 1 0 0
    outer loop
      vertex 25.5 30.346560567617416 23.91412480473518
      vertex 25.5 30.714855946600437 24.049590717256066
      vertex 25.5 28.696231469511986 36.31792839169502
    endloop
  endfacet
  facet normal 1 0 0
    outer loop
      vertex 25.5 30.714855946600437 24.049590717256066
      vertex 25.5 31.09768234938383 24.135825510323045
      vertex 25.5 28.696231469511986 36.31792839169502
    endloop
  endfacet
  facet normal 1 0 0
    outer loop
      vertex 25.5 31.09768234938383 24.135825510323045
      vertex 25.5 31.488489516079426 24.171353678405282
      vertex 25.5 28.696231469511986 36.31792839169502
    endloop
  endfacet
  facet normal 1 0 0
    outer loop
      vertex 25.5 31.488489516079426 24.171353678405282
      vertex 25.5 31.88059063255787 24.155567328631875
      vertex 25.5 28.696231469511986 36.31792839169502
    endloop
  endfacet
  facet normal 1 0 0
    outer loop
      vertex 25.5 32.267276741564274 24.088736566901204
      vertex 25.5 28.696231469511986 36.31792839169502
      vertex 25.5 31.88059063255787 24.155567328631875
    endloop
  endfacet
  facet normal 1 0 0
    outer loop
      vertex 25.5 32.641931526362896 23.972004885971543
      vertex 25.5 32.998144552111626 23.807369600236413
      vertex 25.5 28.696231469511986 36.31792839169502
    endloop
  endfacet
  facet normal 1 0 0
    outer loop
      vertex 25.5 32.267276741564274 24.088736566901204
      vertex 25.5 32.641931526362896 23.972004885971543
      vertex 25.5 28.696231469511986 36.31792839169502
    endloop
  endfacet
  facet normal 1 0 0
    outer loop
      vertex 25.5 33.32982090115547 23.59764765501022
      vertex 25.5 33.63128551095724 23.34642746597528
      vertex 25.5 28.696231469511986 36.31792839169502
    endloop
  endfacet
  facet normal 1 0 0
    outer loop
      vertex 25.5 32.998144552111626 23.807369600236413
      vertex 25.5 33.32982090115547 23.59764765501022
      vertex 25.5 28.696231469511986 36.31792839169502
    endloop
  endfacet
  facet normal 1 0 0
    outer loop
      vertex 25.5 26.727427303791046 7.799999999999999
      vertex 25.5 64.36895804200307 2.4000000000000004
      vertex 25.5 42.473048359155655 7.799999999999999
    endloop
  endfacet
  facet normal 1 0 0
    outer loop
      vertex 25.5 42.473048359155655 7.799999999999999
      vertex 25.5 64.36895804200307 2.4000000000000004
      vertex 25.5 42.86462693661451 7.825665417313575
    endloop
  endfacet
  facet normal 1 0 0
    outer loop
      vertex 25.5 42.86462693661451 7.825665417313575
      vertex 25.5 64.36895804200307 2.4000000000000004
      vertex 25.5 43.2495054975152 7.902222524583339
    endloop
  endfacet
  facet normal 1 0 0
    outer loop
      vertex 25.5 43.2495054975152 7.902222524583339
      vertex 25.5 64.36895804200307 2.4000000000000004
      vertex 25.5 43.62109865993261 8.028361405432223
    endloop
  endfacet
  facet normal 1 0 0
    outer loop
      vertex 25.5 43.62109865993261 8.028361405432223
      vertex 25.5 64.36895804200307 2.4000000000000004
      vertex 25.5 43.973048359155655 8.201923790574073
    endloop
  endfacet
  facet normal 1 0 0
    outer loop
      vertex 25.5 43.973048359155655 8.201923790574073
      vertex 25.5 64.36895804200307 2.4000000000000004
      vertex 25.5 44.2993326485157 8.419939975440501
    endloop
  endfacet
  facet normal 1 0 0
    outer loop
      vertex 25.5 44.2993326485157 8.419939975440501
      vertex 25.5 64.36895804200307 2.4000000000000004
      vertex 25.5 44.59436870366335 8.678679655492305
    endloop
  endfacet
  facet normal 1 0 0
    outer loop
      vertex 25.5 44.59436870366335 8.678679655492305
      vertex 25.5 64.36895804200307 2.4000000000000004
      vertex 25.5 44.85310838371515 8.973715710639953
    endloop
  endfacet
  facet normal 1 0 0
    outer loop
      vertex 25.5 44.85310838371515 8.973715710639953
      vertex 25.5 64.36895804200307 2.4000000000000004
      vertex 25.5 45.07112456858158 9.299999999999999
    endloop
  endfacet
  facet normal 1 0 0
    outer loop
      vertex 25.5 45.07112456858158 9.299999999999999
      vertex 25.5 64.36895804200307 2.4000000000000004
      vertex 25.5 45.24468695372343 9.65194969922304
    endloop
  endfacet
  facet normal 1 0 0
    outer loop
      vertex 25.5 45.24468695372343 9.65194969922304
      vertex 25.5 64.36895804200307 2.4000000000000004
      vertex 25.5 45.370825834572315 10.023542861640452
    endloop
  endfacet
  facet normal 1 0 0
    outer loop
      vertex 25.5 45.370825834572315 10.023542861640452
      vertex 25.5 64.36895804200307 2.4000000000000004
      vertex 25.5 45.44738294184208 10.40842142254114
    endloop
  endfacet
  facet normal 1 0 0
    outer loop
      vertex 25.5 45.44738294184208 10.40842142254114
      vertex 25.5 64.36895804200307 2.4000000000000004
      vertex 25.5 45.473048359155655 10.799999999999999
    endloop
  endfacet
  facet normal 1 0 0
    outer loop
      vertex 25.5 45.473048359155655 10.799999999999999
      vertex 25.5 64.36895804200307 2.4000000000000004
      vertex 25.5 45.44738294184208 11.191578577458857
    endloop
  endfacet
  facet normal 1 0 0
    outer loop
      vertex 25.5 45.44738294184208 11.191578577458857
      vertex 25.5 64.36895804200307 2.4000000000000004
      vertex 25.5 45.370825834572315 11.576457138359546
    endloop
  endfacet
  facet normal 1 0 0
    outer loop
      vertex 25.5 45.370825834572315 11.576457138359546
      vertex 25.5 64.36895804200307 2.4000000000000004
      vertex 25.5 45.24468695372343 11.948050300776957
    endloop
  endfacet
  facet normal 1 0 0
    outer loop
      vertex 25.5 45.24468695372343 11.948050300776957
      vertex 25.5 64.36895804200307 2.4000000000000004
      vertex 25.5 45.07112456858158 12.299999999999999
    endloop
  endfacet
  facet normal 1 0 0
    outer loop
      vertex 25.5 28.696231469511986 36.31792839169502
      vertex 25.5 44.59436870366335 12.921320344507693
      vertex 25.5 64.36895804200307 2.4000000000000004
    endloop
  endfacet
  facet normal 1 0 0
    outer loop
      vertex 25.5 45.07112456858158 12.299999999999999
      vertex 25.5 64.36895804200307 2.4000000000000004
      vertex 25.5 44.85310838371515 12.626284289360045
    endloop
  endfacet
  facet normal 1 0 0
    outer loop
      vertex 25.5 44.85310838371515 12.626284289360045
      vertex 25.5 64.36895804200307 2.4000000000000004
      vertex 25.5 44.59436870366335 12.921320344507693
    endloop
  endfacet
  facet normal 0 0.6890573416565038 0.7247068234184582
    outer loop
      vertex 20.5 28.696231469511986 36.31792839169502
      vertex 25.5 28.696231469511986 36.31792839169502
      vertex 25.5 64.36895804200307 2.4000000000000004
    endloop
  endfacet
  facet normal 0 0.4809887700303947 0.8767267550979884
    outer loop
      vertex 20.5 25.115528479218483 8.269825662672519
      vertex 25.5 25.115528479218483 8.269825662672519
      vertex 20.5 25.45957251638174 8.08107663989067
    endloop
  endfacet
  facet normal 0 0.5913096460033259 0.8064446059980942
    outer loop
      vertex 20.5 24.799064472317696 8.501866671442984
      vertex 25.5 24.799064472317696 8.501866671442984
      vertex 20.5 25.115528479218483 8.269825662672519
    endloop
  endfacet
  facet normal 0 0.6915130610265395 0.7223639570394591
    outer loop
      vertex 20.5 24.799064472317696 8.501866671442984
      vertex 20.5 24.51559529453516 8.773229378461837
      vertex 25.5 24.51559529453516 8.773229378461837
    endloop
  endfacet
  facet normal 0 0.7798844813012251 0.6259234744164169
    outer loop
      vertex 20.5 24.51559529453516 8.773229378461837
      vertex 20.5 24.269971169531345 9.079270693659781
      vertex 25.5 24.269971169531345 9.079270693659781
    endloop
  endfacet
  facet normal 0 0.23768588285781778 0.9713420721301532
    outer loop
      vertex 20.5 25.82530990242958 7.9388491466641415
      vertex 25.5 25.82530990242958 7.9388491466641415
      vertex 20.5 26.206482768058777 7.8455767437815656
    endloop
  endfacet
  facet normal 0 0.1088668734632867 0.9940563383744047
    outer loop
      vertex 20.5 26.206482768058777 7.8455767437815656
      vertex 25.5 26.206482768058777 7.8455767437815656
      vertex 20.5 26.596569143235683 7.802855338156222
    endloop
  endfacet
  facet normal 0 0.021814907450575693 0.9997620265907896
    outer loop
      vertex 20.5 26.727427303791046 7.799999999999999
      vertex 20.5 26.596569143235683 7.802855338156222
      vertex 25.5 26.596569143235683 7.802855338156222
    endloop
  endfacet
  facet normal 0 0.3624380434833683 0.9320078672607588
    outer loop
      vertex 20.5 25.82530990242958 7.9388491466641415
      vertex 20.5 25.45957251638174 8.08107663989067
      vertex 25.5 25.45957251638174 8.08107663989067
    endloop
  endfacet
  facet normal 0 0 1
    outer loop
      vertex 20.5 26.727427303791046 7.799999999999999
      vertex 25.5 26.727427303791046 7.799999999999999
      vertex 20.5 42.473048359155655 7.799999999999999
    endloop
  endfacet
  facet normal 0 0.9153114738301019 0.4027467018796886
    outer loop
      vertex 20.5 23.908349439501762 9.773939567804335
      vertex 25.5 23.908349439501762 9.773939567804335
      vertex 20.5 24.066394805908203 9.414754162728785
    endloop
  endfacet
  facet normal 0 0.960049854644728 0.2798290131430916
    outer loop
      vertex 20.5 23.908349439501762 9.773939567804335
      vertex 20.5 23.79853928089142 10.150681155920028
      vertex 25.5 23.79853928089142 10.150681155920028
    endloop
  endfacet
  facet normal 0 0.8549118739224815 0.5187732528054536
    outer loop
      vertex 20.5 24.269971169531345 9.079270693659781
      vertex 20.5 24.066394805908203 9.414754162728785
      vertex 25.5 24.066394805908203 9.414754162728785
    endloop
  endfacet
  facet normal 0 0.988361511533909 0.15212337926303943
    outer loop
      vertex 20.5 23.79853928089142 10.150681155920028
      vertex 20.5 23.738843210041523 10.53853277415037
      vertex 25.5 23.738843210041523 10.53853277415037
    endloop
  endfacet
  facet normal 0 0.9997620272071953 0.0218148792011163
    outer loop
      vertex 20.5 23.738843210041523 10.53853277415037
      vertex 20.5 23.73028264194727 10.930858160555362
      vertex 25.5 23.73028264194727 10.930858160555362
    endloop
  endfacet
  facet normal 0 0.9940563383744047 -0.1088668734632867
    outer loop
      vertex 20.5 23.73028264194727 10.930858160555362
      vertex 20.5 23.773004047572613 11.320944535732268
      vertex 25.5 23.773004047572613 11.320944535732268
    endloop
  endfacet
  facet normal 0 0.9713420721301532 -0.23768588285781778
    outer loop
      vertex 20.5 23.773004047572613 11.320944535732268
      vertex 20.5 23.86627645045519 11.702117401361464
      vertex 25.5 23.86627645045519 11.702117401361464
    endloop
  endfacet
  facet normal 0 0.9320078672607588 -0.3624380434833683
    outer loop
      vertex 20.5 23.86627645045519 11.702117401361464
      vertex 20.5 24.008503943681717 12.067854787409305
      vertex 25.5 24.008503943681717 12.067854787409305
    endloop
  endfacet
  facet normal 0 0.9063077869715377 -0.4226182618803332
    outer loop
      vertex 20.5 24.008503943681717 12.067854787409305
      vertex 20.5 28.84519013017416 22.440161782503125
      vertex 25.5 28.84519013017416 22.440161782503125
    endloop
  endfacet
  facet normal 0 0.8927607110199562 -0.4505311452709372
    outer loop
      vertex 20.5 28.84519013017416 22.440161782503125
      vertex 20.5 28.929050885140896 22.606338056921956
      vertex 25.5 28.929050885140896 22.606338056921956
    endloop
  endfacet
  facet normal 0 0.8452101946529372 -0.5344340247914087
    outer loop
      vertex 20.5 28.929050885140896 22.606338056921956
      vertex 20.5 29.13877283036709 22.938014405965802
      vertex 25.5 29.13877283036709 22.938014405965802
    endloop
  endfacet
  facet normal 0 0.7682216795545305 -0.6401839197155894
    outer loop
      vertex 20.5 29.13877283036709 22.938014405965802
      vertex 20.5 29.389993019402027 23.23947901576757
      vertex 25.5 29.389993019402027 23.23947901576757
    endloop
  endfacet
  facet normal 0 0.6780886768308827 -0.7349800992909555
    outer loop
      vertex 20.5 29.389993019402027 23.23947901576757
      vertex 20.5 29.67841301113367 23.505573745071885
      vertex 25.5 29.67841301113367 23.505573745071885
    endloop
  endfacet
  facet normal 0 0.5763533586708686 -0.8172005910110498
    outer loop
      vertex 20.5 29.67841301113367 23.505573745071885
      vertex 20.5 29.999097868800163 23.73174562603235
      vertex 25.5 29.999097868800163 23.73174562603235
    endloop
  endfacet
  facet normal 0 0.46475651050592215 -0.8854385274779716
    outer loop
      vertex 20.5 29.999097868800163 23.73174562603235
      vertex 20.5 30.346560567617416 23.91412480473518
      vertex 25.5 30.346560567617416 23.91412480473518
    endloop
  endfacet
  facet normal 0 0.3452075157972371 -0.9385263827070076
    outer loop
      vertex 20.5 30.346560567617416 23.91412480473518
      vertex 20.5 30.714855946600437 24.049590717256066
      vertex 25.5 30.714855946600437 24.049590717256066
    endloop
  endfacet
  facet normal 0 0.2197519557578006 -0.9755557790001664
    outer loop
      vertex 20.5 30.714855946600437 24.049590717256066
      vertex 20.5 31.09768234938383 24.135825510323045
      vertex 25.5 31.09768234938383 24.135825510323045
    endloop
  endfacet
  facet normal 0 0.09053636231913031 -0.9958931504423651
    outer loop
      vertex 20.5 31.09768234938383 24.135825510323045
      vertex 20.5 31.488489516079426 24.171353678405282
      vertex 25.5 31.488489516079426 24.171353678405282
    endloop
  endfacet
  facet normal 0 -0.17030469848929453 -0.9853914499692346
    outer loop
      vertex 20.5 32.267276741564274 24.088736566901204
      vertex 25.5 32.267276741564274 24.088736566901204
      vertex 20.5 31.88059063255787 24.155567328631875
    endloop
  endfacet
  facet normal 0 -0.040228324456781366 -0.9991905133213586
    outer loop
      vertex 20.5 31.488489516079426 24.171353678405282
      vertex 20.5 31.88059063255787 24.155567328631875
      vertex 25.5 31.88059063255787 24.155567328631875
    endloop
  endfacet
  facet normal 0 -0.2974671169528349 -0.9547320641581954
    outer loop
      vertex 20.5 32.267276741564274 24.088736566901204
      vertex 20.5 32.641931526362896 23.972004885971543
      vertex 25.5 32.641931526362896 23.972004885971543
    endloop
  endfacet
  facet normal 0 -0.4195397751788911 -0.907736953661602
    outer loop
      vertex 20.5 32.641931526362896 23.972004885971543
      vertex 20.5 32.998144552111626 23.807369600236413
      vertex 25.5 32.998144552111626 23.807369600236413
    endloop
  endfacet
  facet normal 0 -0.6401839197155894 -0.7682216795545305
    outer loop
      vertex 20.5 33.32982090115547 23.59764765501022
      vertex 20.5 33.63128551095724 23.34642746597528
      vertex 25.5 33.63128551095724 23.34642746597528
    endloop
  endfacet
  facet normal 0 -0.5344340247914087 -0.8452101946529372
    outer loop
      vertex 20.5 32.998144552111626 23.807369600236413
      vertex 20.5 33.32982090115547 23.59764765501022
      vertex 25.5 33.32982090115547 23.59764765501022
    endloop
  endfacet
  facet normal 0 -0.06540313273849395 0.9978589230086541
    outer loop
      vertex 20.5 42.473048359155655 7.799999999999999
      vertex 25.5 42.473048359155655 7.799999999999999
      vertex 20.5 42.86462693661451 7.825665417313575
    endloop
  endfacet
  facet normal 0 -0.1950903258581441 0.9807852796390061
    outer loop
      vertex 20.5 42.86462693661451 7.825665417313575
      vertex 25.5 42.86462693661451 7.825665417313575
      vertex 20.5 43.2495054975152 7.902222524583339
    endloop
  endfacet
  facet normal 0 -0.3214394637077385 0.9469301300366789
    outer loop
      vertex 20.5 43.2495054975152 7.902222524583339
      vertex 25.5 43.2495054975152 7.902222524583339
      vertex 20.5 43.62109865993261 8.028361405432223
    endloop
  endfacet
  facet normal 0 -0.4422886918115197 0.8968727407473451
    outer loop
      vertex 20.5 43.62109865993261 8.028361405432223
      vertex 25.5 43.62109865993261 8.028361405432223
      vertex 20.5 43.973048359155655 8.201923790574073
    endloop
  endfacet
  facet normal 0 -0.5555702203832522 0.8314696207458843
    outer loop
      vertex 20.5 43.973048359155655 8.201923790574073
      vertex 25.5 43.973048359155655 8.201923790574073
      vertex 20.5 44.2993326485157 8.419939975440501
    endloop
  endfacet
  facet normal 0 -0.6593458207943228 0.7518398024852507
    outer loop
      vertex 20.5 44.2993326485157 8.419939975440501
      vertex 25.5 44.2993326485157 8.419939975440501
      vertex 20.5 44.59436870366335 8.678679655492305
    endloop
  endfacet
  facet normal 0 -0.7518398024852507 0.6593458207943228
    outer loop
      vertex 20.5 44.59436870366335 8.678679655492305
      vertex 25.5 44.59436870366335 8.678679655492305
      vertex 20.5 44.85310838371515 8.973715710639953
    endloop
  endfacet
  facet normal 0 -0.8314696207458843 0.5555702203832522
    outer loop
      vertex 20.5 44.85310838371515 8.973715710639953
      vertex 25.5 44.85310838371515 8.973715710639953
      vertex 20.5 45.07112456858158 9.299999999999999
    endloop
  endfacet
  facet normal 0 -0.8968727407473451 0.4422886918115197
    outer loop
      vertex 20.5 45.07112456858158 9.299999999999999
      vertex 25.5 45.07112456858158 9.299999999999999
      vertex 20.5 45.24468695372343 9.65194969922304
    endloop
  endfacet
  facet normal 0 -0.9469301300366789 0.3214394637077385
    outer loop
      vertex 20.5 45.24468695372343 9.65194969922304
      vertex 25.5 45.24468695372343 9.65194969922304
      vertex 20.5 45.370825834572315 10.023542861640452
    endloop
  endfacet
  facet normal 0 -0.9807852796390061 0.1950903258581441
    outer loop
      vertex 20.5 45.370825834572315 10.023542861640452
      vertex 25.5 45.370825834572315 10.023542861640452
      vertex 20.5 45.44738294184208 10.40842142254114
    endloop
  endfacet
  facet normal 0 -0.9978589230086541 0.06540313273849395
    outer loop
      vertex 20.5 45.44738294184208 10.40842142254114
      vertex 25.5 45.44738294184208 10.40842142254114
      vertex 20.5 45.473048359155655 10.799999999999999
    endloop
  endfacet
  facet normal 0 -0.9978589230086541 -0.06540313273849395
    outer loop
      vertex 20.5 45.473048359155655 10.799999999999999
      vertex 25.5 45.473048359155655 10.799999999999999
      vertex 20.5 45.44738294184208 11.191578577458857
    endloop
  endfacet
  facet normal 0 -0.9807852796390061 -0.1950903258581441
    outer loop
      vertex 20.5 45.44738294184208 11.191578577458857
      vertex 25.5 45.44738294184208 11.191578577458857
      vertex 20.5 45.370825834572315 11.576457138359546
    endloop
  endfacet
  facet normal 0 -0.9469301300366789 -0.3214394637077385
    outer loop
      vertex 20.5 45.370825834572315 11.576457138359546
      vertex 25.5 45.370825834572315 11.576457138359546
      vertex 20.5 45.24468695372343 11.948050300776957
    endloop
  endfacet
  facet normal 0 -0.8968727407473451 -0.4422886918115197
    outer loop
      vertex 20.5 45.24468695372343 11.948050300776957
      vertex 25.5 45.24468695372343 11.948050300776957
      vertex 20.5 45.07112456858158 12.299999999999999
    endloop
  endfacet
  facet normal 0 -0.8314696207458843 -0.5555702203832522
    outer loop
      vertex 20.5 45.07112456858158 12.299999999999999
      vertex 25.5 45.07112456858158 12.299999999999999
      vertex 20.5 44.85310838371515 12.626284289360045
    endloop
  endfacet
  facet normal 0 -0.7518398024852507 -0.6593458207943228
    outer loop
      vertex 20.5 44.85310838371515 12.626284289360045
      vertex 25.5 44.85310838371515 12.626284289360045
      vertex 20.5 44.59436870366335 12.921320344507693
    endloop
  endfacet
  facet normal 0 -0.6981374889039914 -0.7159637187643166
    outer loop
      vertex 20.5 44.59436870366335 12.921320344507693
      vertex 25.5 44.59436870366335 12.921320344507693
      vertex 20.5 44.54022037982941 12.974120470881461
    endloop
  endfacet
  facet normal 0 -0.6890573413140313 -0.7247068237440838
    outer loop
      vertex 20.5 33.63128551095724 23.34642746597528
      vertex 20.5 44.54022037982941 12.974120470881461
      vertex 25.5 44.54022037982941 12.974120470881461
    endloop
  endfacet
  facet normal 0 0.5913096460033259 0.8064446059980942
    outer loop
      vertex 20.5 25.115528479218483 8.269825662672519
      vertex 25.5 24.799064472317696 8.501866671442984
      vertex 25.5 25.115528479218483 8.269825662672519
    endloop
  endfacet
  facet normal 0 0.7798844813012251 0.6259234744164169
    outer loop
      vertex 20.5 24.51559529453516 8.773229378461837
      vertex 25.5 24.269971169531345 9.079270693659781
      vertex 25.5 24.51559529453516 8.773229378461837
    endloop
  endfacet
  facet normal 0 0.6915130610265395 0.7223639570394591
    outer loop
      vertex 20.5 24.799064472317696 8.501866671442984
      vertex 25.5 24.51559529453516 8.773229378461837
      vertex 25.5 24.799064472317696 8.501866671442984
    endloop
  endfacet
  facet normal 0 0.23768588285781778 0.9713420721301532
    outer loop
      vertex 20.5 26.206482768058777 7.8455767437815656
      vertex 25.5 25.82530990242958 7.9388491466641415
      vertex 25.5 26.206482768058777 7.8455767437815656
    endloop
  endfacet
  facet normal 0 0.1088668734632867 0.9940563383744047
    outer loop
      vertex 20.5 26.596569143235683 7.802855338156222
      vertex 25.5 26.206482768058777 7.8455767437815656
      vertex 25.5 26.596569143235683 7.802855338156222
    endloop
  endfacet
  facet normal 0 0.021814907450575693 0.9997620265907896
    outer loop
      vertex 20.5 26.727427303791046 7.799999999999999
      vertex 25.5 26.596569143235683 7.802855338156222
      vertex 25.5 26.727427303791046 7.799999999999999
    endloop
  endfacet
  facet normal 0 0.4809887700303947 0.8767267550979884
    outer loop
      vertex 20.5 25.45957251638174 8.08107663989067
      vertex 25.5 25.115528479218483 8.269825662672519
      vertex 25.5 25.45957251638174 8.08107663989067
    endloop
  endfacet
  facet normal 0 0.3624380434833683 0.9320078672607588
    outer loop
      vertex 20.5 25.82530990242958 7.9388491466641415
      vertex 25.5 25.45957251638174 8.08107663989067
      vertex 25.5 25.82530990242958 7.9388491466641415
    endloop
  endfacet
  facet normal 0 0 1
    outer loop
      vertex 20.5 42.473048359155655 7.799999999999999
      vertex 25.5 26.727427303791046 7.799999999999999
      vertex 25.5 42.473048359155655 7.799999999999999
    endloop
  endfacet
  facet normal 0 0.9153114738301019 0.4027467018796886
    outer loop
      vertex 20.5 24.066394805908203 9.414754162728785
      vertex 25.5 23.908349439501762 9.773939567804335
      vertex 25.5 24.066394805908203 9.414754162728785
    endloop
  endfacet
  facet normal 0 0.960049854644728 0.2798290131430916
    outer loop
      vertex 20.5 23.908349439501762 9.773939567804335
      vertex 25.5 23.79853928089142 10.150681155920028
      vertex 25.5 23.908349439501762 9.773939567804335
    endloop
  endfacet
  facet normal 0 0.8549118739224815 0.5187732528054536
    outer loop
      vertex 20.5 24.269971169531345 9.079270693659781
      vertex 25.5 24.066394805908203 9.414754162728785
      vertex 25.5 24.269971169531345 9.079270693659781
    endloop
  endfacet
  facet normal 0 0.988361511533909 0.15212337926303943
    outer loop
      vertex 20.5 23.79853928089142 10.150681155920028
      vertex 25.5 23.738843210041523 10.53853277415037
      vertex 25.5 23.79853928089142 10.150681155920028
    endloop
  endfacet
  facet normal 0 0.9997620272071953 0.0218148792011163
    outer loop
      vertex 20.5 23.738843210041523 10.53853277415037
      vertex 25.5 23.73028264194727 10.930858160555362
      vertex 25.5 23.738843210041523 10.53853277415037
    endloop
  endfacet
  facet normal 0 0.9940563383744047 -0.1088668734632867
    outer loop
      vertex 20.5 23.73028264194727 10.930858160555362
      vertex 25.5 23.773004047572613 11.320944535732268
      vertex 25.5 23.73028264194727 10.930858160555362
    endloop
  endfacet
  facet normal 0 0.9713420721301532 -0.23768588285781778
    outer loop
      vertex 20.5 23.773004047572613 11.320944535732268
      vertex 25.5 23.86627645045519 11.702117401361464
      vertex 25.5 23.773004047572613 11.320944535732268
    endloop
  endfacet
  facet normal 0 0.9320078672607588 -0.3624380434833683
    outer loop
      vertex 20.5 23.86627645045519 11.702117401361464
      vertex 25.5 24.008503943681717 12.067854787409305
      vertex 25.5 23.86627645045519 11.702117401361464
    endloop
  endfacet
  facet normal 0 0.9063077869715377 -0.4226182618803332
    outer loop
      vertex 20.5 24.008503943681717 12.067854787409305
      vertex 25.5 28.84519013017416 22.440161782503125
      vertex 25.5 24.008503943681717 12.067854787409305
    endloop
  endfacet
  facet normal 0 0.8927607110199562 -0.4505311452709372
    outer loop
      vertex 20.5 28.84519013017416 22.440161782503125
      vertex 25.5 28.929050885140896 22.606338056921956
      vertex 25.5 28.84519013017416 22.440161782503125
    endloop
  endfacet
  facet normal 0 0.8452101946529372 -0.5344340247914087
    outer loop
      vertex 20.5 28.929050885140896 22.606338056921956
      vertex 25.5 29.13877283036709 22.938014405965802
      vertex 25.5 28.929050885140896 22.606338056921956
    endloop
  endfacet
  facet normal 0 0.7682216795545305 -0.6401839197155894
    outer loop
      vertex 20.5 29.13877283036709 22.938014405965802
      vertex 25.5 29.389993019402027 23.23947901576757
      vertex 25.5 29.13877283036709 22.938014405965802
    endloop
  endfacet
  facet normal 0 0.6780886768308827 -0.7349800992909555
    outer loop
      vertex 20.5 29.389993019402027 23.23947901576757
      vertex 25.5 29.67841301113367 23.505573745071885
      vertex 25.5 29.389993019402027 23.23947901576757
    endloop
  endfacet
  facet normal 0 0.5763533586708686 -0.8172005910110498
    outer loop
      vertex 20.5 29.67841301113367 23.505573745071885
      vertex 25.5 29.999097868800163 23.73174562603235
      vertex 25.5 29.67841301113367 23.505573745071885
    endloop
  endfacet
  facet normal 0 0.46475651050592215 -0.8854385274779716
    outer loop
      vertex 20.5 29.999097868800163 23.73174562603235
      vertex 25.5 30.346560567617416 23.91412480473518
      vertex 25.5 29.999097868800163 23.73174562603235
    endloop
  endfacet
  facet normal 0 -0.6890573413140313 -0.7247068237440838
    outer loop
      vertex 20.5 33.63128551095724 23.34642746597528
      vertex 25.5 44.54022037982941 12.974120470881461
      vertex 25.5 33.63128551095724 23.34642746597528
    endloop
  endfacet
  facet normal 0 0.3452075157972371 -0.9385263827070076
    outer loop
      vertex 20.5 30.346560567617416 23.91412480473518
      vertex 25.5 30.714855946600437 24.049590717256066
      vertex 25.5 30.346560567617416 23.91412480473518
    endloop
  endfacet
  facet normal 0 0.2197519557578006 -0.9755557790001664
    outer loop
      vertex 20.5 30.714855946600437 24.049590717256066
      vertex 25.5 31.09768234938383 24.135825510323045
      vertex 25.5 30.714855946600437 24.049590717256066
    endloop
  endfacet
  facet normal 0 0.09053636231913031 -0.9958931504423651
    outer loop
      vertex 20.5 31.09768234938383 24.135825510323045
      vertex 25.5 31.488489516079426 24.171353678405282
      vertex 25.5 31.09768234938383 24.135825510323045
    endloop
  endfacet
  facet normal 0 -0.040228324456781366 -0.9991905133213586
    outer loop
      vertex 20.5 31.488489516079426 24.171353678405282
      vertex 25.5 31.88059063255787 24.155567328631875
      vertex 25.5 31.488489516079426 24.171353678405282
    endloop
  endfacet
  facet normal 0 -0.17030469848929453 -0.9853914499692346
    outer loop
      vertex 20.5 31.88059063255787 24.155567328631875
      vertex 25.5 32.267276741564274 24.088736566901204
      vertex 25.5 31.88059063255787 24.155567328631875
    endloop
  endfacet
  facet normal 0 -0.2974671169528349 -0.9547320641581954
    outer loop
      vertex 20.5 32.267276741564274 24.088736566901204
      vertex 25.5 32.641931526362896 23.972004885971543
      vertex 25.5 32.267276741564274 24.088736566901204
    endloop
  endfacet
  facet normal 0 -0.4195397751788911 -0.907736953661602
    outer loop
      vertex 20.5 32.641931526362896 23.972004885971543
      vertex 25.5 32.998144552111626 23.807369600236413
      vertex 25.5 32.641931526362896 23.972004885971543
    endloop
  endfacet
  facet normal 0 -0.6401839197155894 -0.7682216795545305
    outer loop
      vertex 20.5 33.32982090115547 23.59764765501022
      vertex 25.5 33.63128551095724 23.34642746597528
      vertex 25.5 33.32982090115547 23.59764765501022
    endloop
  endfacet
  facet normal 0 -0.5344340247914087 -0.8452101946529372
    outer loop
      vertex 20.5 32.998144552111626 23.807369600236413
      vertex 25.5 33.32982090115547 23.59764765501022
      vertex 25.5 32.998144552111626 23.807369600236413
    endloop
  endfacet
  facet normal 0 -0.06540313273849395 0.9978589230086541
    outer loop
      vertex 20.5 42.86462693661451 7.825665417313575
      vertex 25.5 42.473048359155655 7.799999999999999
      vertex 25.5 42.86462693661451 7.825665417313575
    endloop
  endfacet
  facet normal 0 -0.1950903258581441 0.9807852796390061
    outer loop
      vertex 20.5 43.2495054975152 7.902222524583339
      vertex 25.5 42.86462693661451 7.825665417313575
      vertex 25.5 43.2495054975152 7.902222524583339
    endloop
  endfacet
  facet normal 0 -0.3214394637077385 0.9469301300366789
    outer loop
      vertex 20.5 43.62109865993261 8.028361405432223
      vertex 25.5 43.2495054975152 7.902222524583339
      vertex 25.5 43.62109865993261 8.028361405432223
    endloop
  endfacet
  facet normal 0 -0.4422886918115197 0.8968727407473451
    outer loop
      vertex 20.5 43.973048359155655 8.201923790574073
      vertex 25.5 43.62109865993261 8.028361405432223
      vertex 25.5 43.973048359155655 8.201923790574073
    endloop
  endfacet
  facet normal 0 -0.5555702203832522 0.8314696207458843
    outer loop
      vertex 20.5 44.2993326485157 8.419939975440501
      vertex 25.5 43.973048359155655 8.201923790574073
      vertex 25.5 44.2993326485157 8.419939975440501
    endloop
  endfacet
  facet normal 0 -0.6593458207943228 0.7518398024852507
    outer loop
      vertex 20.5 44.59436870366335 8.678679655492305
      vertex 25.5 44.2993326485157 8.419939975440501
      vertex 25.5 44.59436870366335 8.678679655492305
    endloop
  endfacet
  facet normal 0 -0.7518398024852507 0.6593458207943228
    outer loop
      vertex 20.5 44.85310838371515 8.973715710639953
      vertex 25.5 44.59436870366335 8.678679655492305
      vertex 25.5 44.85310838371515 8.973715710639953
    endloop
  endfacet
  facet normal 0 -0.8314696207458843 0.5555702203832522
    outer loop
      vertex 20.5 45.07112456858158 9.299999999999999
      vertex 25.5 44.85310838371515 8.973715710639953
      vertex 25.5 45.07112456858158 9.299999999999999
    endloop
  endfacet
  facet normal 0 -0.8968727407473451 0.4422886918115197
    outer loop
      vertex 20.5 45.24468695372343 9.65194969922304
      vertex 25.5 45.07112456858158 9.299999999999999
      vertex 25.5 45.24468695372343 9.65194969922304
    endloop
  endfacet
  facet normal 0 -0.9469301300366789 0.3214394637077385
    outer loop
      vertex 20.5 45.370825834572315 10.023542861640452
      vertex 25.5 45.24468695372343 9.65194969922304
      vertex 25.5 45.370825834572315 10.023542861640452
    endloop
  endfacet
  facet normal 0 -0.9807852796390061 0.1950903258581441
    outer loop
      vertex 20.5 45.44738294184208 10.40842142254114
      vertex 25.5 45.370825834572315 10.023542861640452
      vertex 25.5 45.44738294184208 10.40842142254114
    endloop
  endfacet
  facet normal 0 -0.9978589230086541 0.06540313273849395
    outer loop
      vertex 20.5 45.473048359155655 10.799999999999999
      vertex 25.5 45.44738294184208 10.40842142254114
      vertex 25.5 45.473048359155655 10.799999999999999
    endloop
  endfacet
  facet normal 0 -0.9978589230086541 -0.06540313273849395
    outer loop
      vertex 20.5 45.44738294184208 11.191578577458857
      vertex 25.5 45.473048359155655 10.799999999999999
      vertex 25.5 45.44738294184208 11.191578577458857
    endloop
  endfacet
  facet normal 0 -0.9807852796390061 -0.1950903258581441
    outer loop
      vertex 20.5 45.370825834572315 11.576457138359546
      vertex 25.5 45.44738294184208 11.191578577458857
      vertex 25.5 45.370825834572315 11.576457138359546
    endloop
  endfacet
  facet normal 0 -0.9469301300366789 -0.3214394637077385
    outer loop
      vertex 20.5 45.24468695372343 11.948050300776957
      vertex 25.5 45.370825834572315 11.576457138359546
      vertex 25.5 45.24468695372343 11.948050300776957
    endloop
  endfacet
  facet normal 0 -0.8968727407473451 -0.4422886918115197
    outer loop
      vertex 20.5 45.07112456858158 12.299999999999999
      vertex 25.5 45.24468695372343 11.948050300776957
      vertex 25.5 45.07112456858158 12.299999999999999
    endloop
  endfacet
  facet normal 0 -0.8314696207458843 -0.5555702203832522
    outer loop
      vertex 20.5 44.85310838371515 12.626284289360045
      vertex 25.5 45.07112456858158 12.299999999999999
      vertex 25.5 44.85310838371515 12.626284289360045
    endloop
  endfacet
  facet normal 0 -0.6981374889039914 -0.7159637187643166
    outer loop
      vertex 20.5 44.54022037982941 12.974120470881461
      vertex 25.5 44.59436870366335 12.921320344507693
      vertex 25.5 44.54022037982941 12.974120470881461
    endloop
  endfacet
  facet normal 0 -0.7518398024852507 -0.6593458207943228
    outer loop
      vertex 20.5 44.59436870366335 12.921320344507693
      vertex 25.5 44.85310838371515 12.626284289360045
      vertex 25.5 44.59436870366335 12.921320344507693
    endloop
  endfacet
  facet normal -0.8314696141679891 -0.5555702302277682 0
    outer loop
      vertex 0.5358983874320984 2 0
      vertex 0.8265866413712502 1.5649542808532715 0
      vertex 0.5358983874320984 2 2.4000000000000004
    endloop
  endfacet
  facet normal -0.8968727416500544 -0.44228868998100634 0
    outer loop
      vertex 0.3044818714261055 2.4692662730813026 0
      vertex 0.5358983874320984 2 0
      vertex 0.3044818714261055 2.4692662730813026 2.4000000000000004
    endloop
  endfacet
  facet normal -0.6593458228172266 -0.7518398007112116 0
    outer loop
      vertex 1.1715728789567947 1.1715728789567947 0
      vertex 1.5649542808532715 0.8265866413712502 0
      vertex 1.1715728789567947 1.1715728789567947 2.4000000000000004
    endloop
  endfacet
  facet normal -0.7518398007112116 -0.6593458228172266 0
    outer loop
      vertex 1.1715728789567947 1.1715728789567947 0
      vertex 0.8265866413712502 1.5649542808532715 2.4000000000000004
      vertex 0.8265866413712502 1.5649542808532715 0
    endloop
  endfacet
  facet normal -0.8968727416500544 -0.44228868998100634 0
    outer loop
      vertex 0.5358983874320984 2 0
      vertex 0.5358983874320984 2 2.4000000000000004
      vertex 0.3044818714261055 2.4692662730813026 2.4000000000000004
    endloop
  endfacet
  facet normal -0.6593458228172266 -0.7518398007112116 0
    outer loop
      vertex 1.5649542808532715 0.8265866413712502 0
      vertex 1.5649542808532715 0.8265866413712502 2.4000000000000004
      vertex 1.1715728789567947 1.1715728789567947 2.4000000000000004
    endloop
  endfacet
  facet normal -0.8314696141679891 -0.5555702302277682 0
    outer loop
      vertex 0.8265866413712502 1.5649542808532715 0
      vertex 0.8265866413712502 1.5649542808532715 2.4000000000000004
      vertex 0.5358983874320984 2 2.4000000000000004
    endloop
  endfacet
  facet normal -0.7518398007112116 -0.6593458228172266 0
    outer loop
      vertex 1.1715728789567947 1.1715728789567947 0
      vertex 1.1715728789567947 1.1715728789567947 2.4000000000000004
      vertex 0.8265866413712502 1.5649542808532715 2.4000000000000004
    endloop
  endfacet
  facet normal -0.946930129055815 -0.32143946659727024 0
    outer loop
      vertex 0.3044818714261055 2.4692662730813026 0
      vertex 0.13629669696092606 2.9647238180041313 2.4000000000000004
      vertex 0.13629669696092606 2.9647238180041313 0
    endloop
  endfacet
  facet normal -0.9807852794583503 -0.19509032676636193 0
    outer loop
      vertex 0.13629669696092606 2.9647238180041313 0
      vertex 0.03422055393457413 3.4778952300548553 2.4000000000000004
      vertex 0.03422055393457413 3.4778952300548553 0
    endloop
  endfacet
  facet normal -0.9978589233184302 -0.06540312801222276 0
    outer loop
      vertex 0.03422055393457413 3.4778952300548553 0
      vertex 0 4 2.4000000000000004
      vertex 0 4 0
    endloop
  endfacet
  facet normal -0.9807852794583503 -0.19509032676636193 0
    outer loop
      vertex 0.13629669696092606 2.9647238180041313 0
      vertex 0.13629669696092606 2.9647238180041313 2.4000000000000004
      vertex 0.03422055393457413 3.4778952300548553 2.4000000000000004
    endloop
  endfacet
  facet normal -0.946930129055815 -0.32143946659727024 0
    outer loop
      vertex 0.3044818714261055 2.4692662730813026 0
      vertex 0.3044818714261055 2.4692662730813026 2.4000000000000004
      vertex 0.13629669696092606 2.9647238180041313 2.4000000000000004
    endloop
  endfacet
  facet normal -0.9978589233184302 -0.06540312801222276 0
    outer loop
      vertex 0.03422055393457413 3.4778952300548553 0
      vertex 0.03422055393457413 3.4778952300548553 2.4000000000000004
      vertex 0 4 2.4000000000000004
    endloop
  endfacet
  facet normal -0.5555702302277682 -0.8314696141679891 0
    outer loop
      vertex 1.5649542808532715 0.8265866413712502 0
      vertex 2 0.5358983874320984 0
      vertex 1.5649542808532715 0.8265866413712502 2.4000000000000004
    endloop
  endfacet
  facet normal -0.44228868998100634 -0.8968727416500544 0
    outer loop
      vertex 2 0.5358983874320984 0
      vertex 2.4692662730813026 0.3044818714261055 0
      vertex 2 0.5358983874320984 2.4000000000000004
    endloop
  endfacet
  facet normal -0.32143946659727024 -0.946930129055815 0
    outer loop
      vertex 2.4692662730813026 0.3044818714261055 0
      vertex 2.9647238180041313 0.13629669696092606 0
      vertex 2.4692662730813026 0.3044818714261055 2.4000000000000004
    endloop
  endfacet
  facet normal -0.5555702302277682 -0.8314696141679891 0
    outer loop
      vertex 2 0.5358983874320984 0
      vertex 2 0.5358983874320984 2.4000000000000004
      vertex 1.5649542808532715 0.8265866413712502 2.4000000000000004
    endloop
  endfacet
  facet normal -0.44228868998100634 -0.8968727416500544 0
    outer loop
      vertex 2.4692662730813026 0.3044818714261055 0
      vertex 2.4692662730813026 0.3044818714261055 2.4000000000000004
      vertex 2 0.5358983874320984 2.4000000000000004
    endloop
  endfacet
  facet normal -0.32143946659727024 -0.946930129055815 0
    outer loop
      vertex 2.4692662730813026 0.3044818714261055 2.4000000000000004
      vertex 2.9647238180041313 0.13629669696092606 0
      vertex 2.9647238180041313 0.13629669696092606 2.4000000000000004
    endloop
  endfacet
  facet normal 0 0 1
    outer loop
      vertex 0.13629669696092606 2.9647238180041313 2.4000000000000004
      vertex 6.5 9.5 2.4000000000000004
      vertex 0.03422055393457413 3.4778952300548553 2.4000000000000004
    endloop
  endfacet
  facet normal 0 0 1
    outer loop
      vertex 0.03422055393457413 3.4778952300548553 2.4000000000000004
      vertex 6.5 9.5 2.4000000000000004
      vertex 0 4 2.4000000000000004
    endloop
  endfacet
  facet normal -0.19509032676636193 -0.9807852794583503 0
    outer loop
      vertex 2.9647238180041313 0.13629669696092606 0
      vertex 3.4778952300548553 0.03422055393457413 0
      vertex 2.9647238180041313 0.13629669696092606 2.4000000000000004
    endloop
  endfacet
  facet normal -0.06540312801222276 -0.9978589233184302 0
    outer loop
      vertex 3.4778952300548553 0.03422055393457413 0
      vertex 4 0 0
      vertex 3.4778952300548553 0.03422055393457413 2.4000000000000004
    endloop
  endfacet
  facet normal -0.19509032676636193 -0.9807852794583503 0
    outer loop
      vertex 3.4778952300548553 0.03422055393457413 0
      vertex 3.4778952300548553 0.03422055393457413 2.4000000000000004
      vertex 2.9647238180041313 0.13629669696092606 2.4000000000000004
    endloop
  endfacet
  facet normal -0.06540312801222276 -0.9978589233184302 0
    outer loop
      vertex 4 0 0
      vertex 4 0 2.4000000000000004
      vertex 3.4778952300548553 0.03422055393457413 2.4000000000000004
    endloop
  endfacet
  facet normal 0 0 -1
    outer loop
      vertex 0.13629669696092606 2.9647238180041313 0
      vertex 6.5 9.5 0
      vertex 6.5 4 0
    endloop
  endfacet
  facet normal 0 0 1
    outer loop
      vertex 0.13629669696092606 2.9647238180041313 2.4000000000000004
      vertex 6.5 4 2.4000000000000004
      vertex 6.5 9.5 2.4000000000000004
    endloop
  endfacet
  facet normal 0 0 -1
    outer loop
      vertex 0.13629669696092606 2.9647238180041313 0
      vertex 6.5 4 0
      vertex 11 4 0
    endloop
  endfacet
  facet normal 0 0 1
    outer loop
      vertex 0.13629669696092606 2.9647238180041313 2.4000000000000004
      vertex 11 4 2.4000000000000004
      vertex 6.5 4 2.4000000000000004
    endloop
  endfacet
  facet normal -1 0 0
    outer loop
      vertex 0 4 0
      vertex 0 4 2.4000000000000004
      vertex 0 77 2.4000000000000004
    endloop
  endfacet
  facet normal 0 0 1
    outer loop
      vertex 0 4 2.4000000000000004
      vertex 6.5 9.5 2.4000000000000004
      vertex 20.5 64.36895804200307 2.4000000000000004
    endloop
  endfacet
  facet normal 0 0 -1
    outer loop
      vertex 11 9.5 0
      vertex 13.3 7.6 0
      vertex 11 4 0
    endloop
  endfacet
  facet normal 0 0 -1
    outer loop
      vertex 13.391344560986456 7.140779881161892 0
      vertex 11 4 0
      vertex 13.340889008453118 7.289417145876975 0
    endloop
  endfacet
  facet normal 0 0 -1
    outer loop
      vertex 13.340889008453118 7.289417145876975 0
      vertex 11 4 0
      vertex 13.310266166351427 7.443368569335938 0
    endloop
  endfacet
  facet normal 0 0 -1
    outer loop
      vertex 13.547975991650517 6.869486285189534 0
      vertex 11 4 0
      vertex 13.460769515458674 7 0
    endloop
  endfacet
  facet normal 0 0 -1
    outer loop
      vertex 13.651471862576143 6.7514718625761425 0
      vertex 11 4 0
      vertex 13.547975991650517 6.869486285189534 0
    endloop
  endfacet
  facet normal 0 0 -1
    outer loop
      vertex 13.460769515458674 7 0
      vertex 11 4 0
      vertex 13.391344560986456 7.140779881161892 0
    endloop
  endfacet
  facet normal 0 0 -1
    outer loop
      vertex 11 4 0
      vertex 13.651471862576143 6.7514718625761425 0
      vertex 13.769486285189535 6.647975991650517 0
    endloop
  endfacet
  facet normal 0 0 -1
    outer loop
      vertex 13.769486285189535 6.647975991650517 0
      vertex 13.9 6.560769515458674 0
      vertex 11 4 0
    endloop
  endfacet
  facet normal 0 0 -1
    outer loop
      vertex 13.310266166351427 7.443368569335938 0
      vertex 11 4 0
      vertex 13.3 7.6 0
    endloop
  endfacet
  facet normal 0 0 -1
    outer loop
      vertex 11 9.5 0
      vertex 13.310266166351427 7.756631430664061 0
      vertex 13.3 7.6 0
    endloop
  endfacet
  facet normal 0 0 -1
    outer loop
      vertex 11 9.5 0
      vertex 13.340889008453118 7.9105828541230245 0
      vertex 13.310266166351427 7.756631430664061 0
    endloop
  endfacet
  facet normal 0 0 -1
    outer loop
      vertex 11 9.5 0
      vertex 13.391344560986456 8.059220118838107 0
      vertex 13.340889008453118 7.9105828541230245 0
    endloop
  endfacet
  facet normal 0 0 -1
    outer loop
      vertex 11 9.5 0
      vertex 13.460769515458674 8.2 0
      vertex 13.391344560986456 8.059220118838107 0
    endloop
  endfacet
  facet normal 0 0 -1
    outer loop
      vertex 11 9.5 0
      vertex 13.547975991650517 8.330513714810465 0
      vertex 13.460769515458674 8.2 0
    endloop
  endfacet
  facet normal 0 0 -1
    outer loop
      vertex 11 9.5 0
      vertex 13.651471862576143 8.448528137423857 0
      vertex 13.547975991650517 8.330513714810465 0
    endloop
  endfacet
  facet normal 0 0 -1
    outer loop
      vertex 13.9 6.560769515458674 0
      vertex 14.040779881161892 6.491344560986455 0
      vertex 11 4 0
    endloop
  endfacet
  facet normal 0 0 -1
    outer loop
      vertex 14.040779881161892 6.491344560986455 0
      vertex 14.189417145876975 6.440889008453118 0
      vertex 11 4 0
    endloop
  endfacet
  facet normal 0 0 -1
    outer loop
      vertex 14.189417145876975 6.440889008453118 0
      vertex 14.343368569335938 6.410266166351427 0
      vertex 11 4 0
    endloop
  endfacet
  facet normal 0 0 1
    outer loop
      vertex 11 9.5 2.4000000000000004
      vertex 11 4 2.4000000000000004
      vertex 13.3 7.6 2.4000000000000004
    endloop
  endfacet
  facet normal 0 0 1
    outer loop
      vertex 11 4 2.4000000000000004
      vertex 13.391344560986456 7.140779881161892 2.4000000000000004
      vertex 13.340889008453118 7.289417145876975 2.4000000000000004
    endloop
  endfacet
  facet normal 0 0 1
    outer loop
      vertex 11 4 2.4000000000000004
      vertex 13.340889008453118 7.289417145876975 2.4000000000000004
      vertex 13.310266166351427 7.443368569335938 2.4000000000000004
    endloop
  endfacet
  facet normal 0 0 1
    outer loop
      vertex 11 4 2.4000000000000004
      vertex 13.547975991650517 6.869486285189534 2.4000000000000004
      vertex 13.460769515458674 7 2.4000000000000004
    endloop
  endfacet
  facet normal 0 0 1
    outer loop
      vertex 11 4 2.4000000000000004
      vertex 13.651471862576143 6.7514718625761425 2.4000000000000004
      vertex 13.547975991650517 6.869486285189534 2.4000000000000004
    endloop
  endfacet
  facet normal 0 0 1
    outer loop
      vertex 11 4 2.4000000000000004
      vertex 13.460769515458674 7 2.4000000000000004
      vertex 13.391344560986456 7.140779881161892 2.4000000000000004
    endloop
  endfacet
  facet normal 0 0 1
    outer loop
      vertex 11 4 2.4000000000000004
      vertex 13.769486285189535 6.647975991650517 2.4000000000000004
      vertex 13.651471862576143 6.7514718625761425 2.4000000000000004
    endloop
  endfacet
  facet normal 0 0 1
    outer loop
      vertex 11 4 2.4000000000000004
      vertex 13.9 6.560769515458674 2.4000000000000004
      vertex 13.769486285189535 6.647975991650517 2.4000000000000004
    endloop
  endfacet
  facet normal 0 0 1
    outer loop
      vertex 11 4 2.4000000000000004
      vertex 13.310266166351427 7.443368569335938 2.4000000000000004
      vertex 13.3 7.6 2.4000000000000004
    endloop
  endfacet
  facet normal 0 0 1
    outer loop
      vertex 11 9.5 2.4000000000000004
      vertex 13.3 7.6 2.4000000000000004
      vertex 13.310266166351427 7.756631430664061 2.4000000000000004
    endloop
  endfacet
  facet normal 0 0 1
    outer loop
      vertex 11 9.5 2.4000000000000004
      vertex 13.310266166351427 7.756631430664061 2.4000000000000004
      vertex 13.340889008453118 7.9105828541230245 2.4000000000000004
    endloop
  endfacet
  facet normal 0 0 1
    outer loop
      vertex 11 9.5 2.4000000000000004
      vertex 13.340889008453118 7.9105828541230245 2.4000000000000004
      vertex 13.391344560986456 8.059220118838107 2.4000000000000004
    endloop
  endfacet
  facet normal 0 0 1
    outer loop
      vertex 11 9.5 2.4000000000000004
      vertex 13.391344560986456 8.059220118838107 2.4000000000000004
      vertex 13.460769515458674 8.2 2.4000000000000004
    endloop
  endfacet
  facet normal 0 0 1
    outer loop
      vertex 11 9.5 2.4000000000000004
      vertex 13.460769515458674 8.2 2.4000000000000004
      vertex 13.547975991650517 8.330513714810465 2.4000000000000004
    endloop
  endfacet
  facet normal 0 0 1
    outer loop
      vertex 11 9.5 2.4000000000000004
      vertex 13.547975991650517 8.330513714810465 2.4000000000000004
      vertex 13.651471862576143 8.448528137423857 2.4000000000000004
    endloop
  endfacet
  facet normal 0 0 1
    outer loop
      vertex 11 9.5 2.4000000000000004
      vertex 13.651471862576143 8.448528137423857 2.4000000000000004
      vertex 13.769486285189535 8.552024008349482 2.4000000000000004
    endloop
  endfacet
  facet normal 0 0 1
    outer loop
      vertex 11 9.5 2.4000000000000004
      vertex 13.769486285189535 8.552024008349482 2.4000000000000004
      vertex 13.9 8.639230484541326 2.4000000000000004
    endloop
  endfacet
  facet normal 0 0 1
    outer loop
      vertex 11 4 2.4000000000000004
      vertex 14.040779881161892 6.491344560986455 2.4000000000000004
      vertex 13.9 6.560769515458674 2.4000000000000004
    endloop
  endfacet
  facet normal 0 0 1
    outer loop
      vertex 11 4 2.4000000000000004
      vertex 14.189417145876975 6.440889008453118 2.4000000000000004
      vertex 14.040779881161892 6.491344560986455 2.4000000000000004
    endloop
  endfacet
  facet normal 0 0 1
    outer loop
      vertex 14.343368569335938 6.410266166351427 2.4000000000000004
      vertex 14.189417145876975 6.440889008453118 2.4000000000000004
      vertex 11 4 2.4000000000000004
    endloop
  endfacet
  facet normal 0 0 1
    outer loop
      vertex 14.5 6.3999999999999995 2.4000000000000004
      vertex 14.343368569335938 6.410266166351427 2.4000000000000004
      vertex 11 4 2.4000000000000004
    endloop
  endfacet
  facet normal 0 0 1
    outer loop
      vertex 11 9.5 2.4000000000000004
      vertex 13.9 8.639230484541326 2.4000000000000004
      vertex 14.040779881161892 8.708655439013544 2.4000000000000004
    endloop
  endfacet
  facet normal 0 0 1
    outer loop
      vertex 11 9.5 2.4000000000000004
      vertex 14.040779881161892 8.708655439013544 2.4000000000000004
      vertex 14.189417145876975 8.759110991546882 2.4000000000000004
    endloop
  endfacet
  facet normal 0 0 1
    outer loop
      vertex 11 9.5 2.4000000000000004
      vertex 14.189417145876975 8.759110991546882 2.4000000000000004
      vertex 14.343368569335938 8.789733833648572 2.4000000000000004
    endloop
  endfacet
  facet normal 0 0 -1
    outer loop
      vertex 0.5358983874320984 2 0
      vertex 45.863703303039074 2.9647238180041313 0
      vertex 0.8265866413712502 1.5649542808532715 0
    endloop
  endfacet
  facet normal 0 0 -1
    outer loop
      vertex 0.13629669696092606 2.9647238180041313 0
      vertex 11 4 0
      vertex 35 4 0
    endloop
  endfacet
  facet normal 0 0 -1
    outer loop
      vertex 0.3044818714261055 2.4692662730813026 0
      vertex 45.965779446065426 3.4778952300548553 0
      vertex 0.5358983874320984 2 0
    endloop
  endfacet
  facet normal 0 0 -1
    outer loop
      vertex 0.3044818714261055 2.4692662730813026 0
      vertex 0.13629669696092606 2.9647238180041313 0
      vertex 46 4 0
    endloop
  endfacet
  facet normal 0 0 -1
    outer loop
      vertex 1.5649542808532715 0.8265866413712502 0
      vertex 45.17341335862875 1.5649542808532715 0
      vertex 2 0.5358983874320984 0
    endloop
  endfacet
  facet normal 0 0 -1
    outer loop
      vertex 2 0.5358983874320984 0
      vertex 44.828427121043205 1.1715728789567947 0
      vertex 2.4692662730813026 0.3044818714261055 0
    endloop
  endfacet
  facet normal 0 0 -1
    outer loop
      vertex 1.1715728789567947 1.1715728789567947 0
      vertex 0.8265866413712502 1.5649542808532715 0
      vertex 45.695518128573895 2.4692662730813026 0
    endloop
  endfacet
  facet normal 0 0 -1
    outer loop
      vertex 1.1715728789567947 1.1715728789567947 0
      vertex 45.4641016125679 2 0
      vertex 1.5649542808532715 0.8265866413712502 0
    endloop
  endfacet
  facet normal 0 0 -1
    outer loop
      vertex 2.4692662730813026 0.3044818714261055 0
      vertex 44.43504571914673 0.8265866413712502 0
      vertex 2.9647238180041313 0.13629669696092606 0
    endloop
  endfacet
  facet normal 0 0 -1
    outer loop
      vertex 2.9647238180041313 0.13629669696092606 0
      vertex 44 0.5358983874320984 0
      vertex 3.4778952300548553 0.03422055393457413 0
    endloop
  endfacet
  facet normal 0 0 -1
    outer loop
      vertex 3.4778952300548553 0.03422055393457413 0
      vertex 43.5307337269187 0.3044818714261055 0
      vertex 4 0 0
    endloop
  endfacet
  facet normal 0 -1 0
    outer loop
      vertex 4 0 0
      vertex 42 0 0
      vertex 4 0 2.4000000000000004
    endloop
  endfacet
  facet normal 0 0 1
    outer loop
      vertex 0.5358983874320984 2 2.4000000000000004
      vertex 0.8265866413712502 1.5649542808532715 2.4000000000000004
      vertex 45.863703303039074 2.9647238180041313 2.4000000000000004
    endloop
  endfacet
  facet normal 0 0 1
    outer loop
      vertex 0.13629669696092606 2.9647238180041313 2.4000000000000004
      vertex 35 4 2.4000000000000004
      vertex 11 4 2.4000000000000004
    endloop
  endfacet
  facet normal 0 0 1
    outer loop
      vertex 0.3044818714261055 2.4692662730813026 2.4000000000000004
      vertex 0.5358983874320984 2 2.4000000000000004
      vertex 45.965779446065426 3.4778952300548553 2.4000000000000004
    endloop
  endfacet
  facet normal 0 0 1
    outer loop
      vertex 0.3044818714261055 2.4692662730813026 2.4000000000000004
      vertex 46 4 2.4000000000000004
      vertex 0.13629669696092606 2.9647238180041313 2.4000000000000004
    endloop
  endfacet
  facet normal 0 0 1
    outer loop
      vertex 1.5649542808532715 0.8265866413712502 2.4000000000000004
      vertex 2 0.5358983874320984 2.4000000000000004
      vertex 45.17341335862875 1.5649542808532715 2.4000000000000004
    endloop
  endfacet
  facet normal 0 0 1
    outer loop
      vertex 2 0.5358983874320984 2.4000000000000004
      vertex 2.4692662730813026 0.3044818714261055 2.4000000000000004
      vertex 44.828427121043205 1.1715728789567947 2.4000000000000004
    endloop
  endfacet
  facet normal 0 0 1
    outer loop
      vertex 1.1715728789567947 1.1715728789567947 2.4000000000000004
      vertex 45.695518128573895 2.4692662730813026 2.4000000000000004
      vertex 0.8265866413712502 1.5649542808532715 2.4000000000000004
    endloop
  endfacet
  facet normal 0 0 1
    outer loop
      vertex 1.1715728789567947 1.1715728789567947 2.4000000000000004
      vertex 1.5649542808532715 0.8265866413712502 2.4000000000000004
      vertex 45.4641016125679 2 2.4000000000000004
    endloop
  endfacet
  facet normal 0 0 1
    outer loop
      vertex 2.4692662730813026 0.3044818714261055 2.4000000000000004
      vertex 2.9647238180041313 0.13629669696092606 2.4000000000000004
      vertex 44.43504571914673 0.8265866413712502 2.4000000000000004
    endloop
  endfacet
  facet normal 0 0 1
    outer loop
      vertex 2.9647238180041313 0.13629669696092606 2.4000000000000004
      vertex 3.4778952300548553 0.03422055393457413 2.4000000000000004
      vertex 44 0.5358983874320984 2.4000000000000004
    endloop
  endfacet
  facet normal 0 0 1
    outer loop
      vertex 3.4778952300548553 0.03422055393457413 2.4000000000000004
      vertex 4 0 2.4000000000000004
      vertex 43.5307337269187 0.3044818714261055 2.4000000000000004
    endloop
  endfacet
  facet normal 0 0 1
    outer loop
      vertex 20.5 12.880041708525303 2.4000000000000004
      vertex 11 9.5 2.4000000000000004
      vertex 14.343368569335938 8.789733833648572 2.4000000000000004
    endloop
  endfacet
  facet normal 0 0 1
    outer loop
      vertex 20.5 12.880041708525303 2.4000000000000004
      vertex 14.343368569335938 8.789733833648572 2.4000000000000004
      vertex 14.5 8.799999999999999 2.4000000000000004
    endloop
  endfacet
  facet normal 0 0 1
    outer loop
      vertex 20.5 12.880041708525303 2.4000000000000004
      vertex 14.5 8.799999999999999 2.4000000000000004
      vertex 14.656631430664062 8.789733833648572 2.4000000000000004
    endloop
  endfacet
  facet normal 0 0 -1
    outer loop
      vertex 14.343368569335938 6.410266166351427 0
      vertex 35 4 0
      vertex 11 4 0
    endloop
  endfacet
  facet normal 0 0 1
    outer loop
      vertex 14.5 6.3999999999999995 2.4000000000000004
      vertex 11 4 2.4000000000000004
      vertex 35 4 2.4000000000000004
    endloop
  endfacet
  facet normal 0 0 -1
    outer loop
      vertex 15.348528137423857 6.7514718625761425 0
      vertex 15.452024008349483 6.869486285189534 0
      vertex 30.651471862576145 6.7514718625761425 0
    endloop
  endfacet
  facet normal 0 0 -1
    outer loop
      vertex 15.539230484541326 7 0
      vertex 30.547975991650517 6.869486285189534 0
      vertex 15.452024008349483 6.869486285189534 0
    endloop
  endfacet
  facet normal 0 0 -1
    outer loop
      vertex 15.608655439013544 7.140779881161892 0
      vertex 30.460769515458672 7 0
      vertex 15.539230484541326 7 0
    endloop
  endfacet
  facet normal 0 0 -1
    outer loop
      vertex 15.659110991546882 7.289417145876975 0
      vertex 30.391344560986457 7.140779881161892 0
      vertex 15.608655439013544 7.140779881161892 0
    endloop
  endfacet
  facet normal 0 0 -1
    outer loop
      vertex 15.689733833648573 7.443368569335938 0
      vertex 30.340889008453118 7.289417145876975 0
      vertex 15.659110991546882 7.289417145876975 0
    endloop
  endfacet
  facet normal 0 0 -1
    outer loop
      vertex 15.7 7.6 0
      vertex 30.31026616635143 7.443368569335938 0
      vertex 15.689733833648573 7.443368569335938 0
    endloop
  endfacet
  facet normal 0 0 -1
    outer loop
      vertex 14.343368569335938 6.410266166351427 0
      vertex 14.5 6.3999999999999995 0
      vertex 35 4 0
    endloop
  endfacet
  facet normal 0 0 -1
    outer loop
      vertex 14.5 6.3999999999999995 0
      vertex 14.656631430664062 6.410266166351427 0
      vertex 35 4 0
    endloop
  endfacet
  facet normal 0 0 -1
    outer loop
      vertex 14.656631430664062 6.410266166351427 0
      vertex 14.810582854123025 6.440889008453118 0
      vertex 35 4 0
    endloop
  endfacet
  facet normal 0 0 -1
    outer loop
      vertex 15.689733833648573 7.756631430664061 0
      vertex 30.3 7.6 0
      vertex 15.7 7.6 0
    endloop
  endfacet
  facet normal 0 0 -1
    outer loop
      vertex 15.659110991546882 7.9105828541230245 0
      vertex 30.31026616635143 7.756631430664061 0
      vertex 15.689733833648573 7.756631430664061 0
    endloop
  endfacet
  facet normal 0 0 -1
    outer loop
      vertex 15.608655439013544 8.059220118838107 0
      vertex 30.340889008453118 7.9105828541230245 0
      vertex 15.659110991546882 7.9105828541230245 0
    endloop
  endfacet
  facet normal 0 0 -1
    outer loop
      vertex 15.539230484541326 8.2 0
      vertex 30.391344560986457 8.059220118838107 0
      vertex 15.608655439013544 8.059220118838107 0
    endloop
  endfacet
  facet normal 0 0 -1
    outer loop
      vertex 14.810582854123025 6.440889008453118 0
      vertex 14.959220118838108 6.491344560986455 0
      vertex 35 4 0
    endloop
  endfacet
  facet normal 0 0 -1
    outer loop
      vertex 14.959220118838108 6.491344560986455 0
      vertex 15.1 6.560769515458674 0
      vertex 35 4 0
    endloop
  endfacet
  facet normal 0 0 -1
    outer loop
      vertex 15.1 6.560769515458674 0
      vertex 15.230513714810465 6.647975991650517 0
      vertex 35 4 0
    endloop
  endfacet
  facet normal 0 0 -1
    outer loop
      vertex 15.230513714810465 6.647975991650517 0
      vertex 15.348528137423857 6.7514718625761425 0
      vertex 35 4 0
    endloop
  endfacet
  facet normal 0 0 1
    outer loop
      vertex 14.959220118838108 6.491344560986455 2.4000000000000004
      vertex 14.810582854123025 6.440889008453118 2.4000000000000004
      vertex 31.040779881161892 6.491344560986455 2.4000000000000004
    endloop
  endfacet
  facet normal 0 0 1
    outer loop
      vertex 15.1 6.560769515458674 2.4000000000000004
      vertex 14.959220118838108 6.491344560986455 2.4000000000000004
      vertex 30.9 6.560769515458674 2.4000000000000004
    endloop
  endfacet
  facet normal 0 0 1
    outer loop
      vertex 15.230513714810465 6.647975991650517 2.4000000000000004
      vertex 15.1 6.560769515458674 2.4000000000000004
      vertex 30.769486285189537 6.647975991650517 2.4000000000000004
    endloop
  endfacet
  facet normal 0 0 1
    outer loop
      vertex 15.348528137423857 6.7514718625761425 2.4000000000000004
      vertex 15.230513714810465 6.647975991650517 2.4000000000000004
      vertex 30.651471862576145 6.7514718625761425 2.4000000000000004
    endloop
  endfacet
  facet normal 0 0 1
    outer loop
      vertex 15.348528137423857 6.7514718625761425 2.4000000000000004
      vertex 30.547975991650517 6.869486285189534 2.4000000000000004
      vertex 15.452024008349483 6.869486285189534 2.4000000000000004
    endloop
  endfacet
  facet normal 0 0 1
    outer loop
      vertex 15.452024008349483 6.869486285189534 2.4000000000000004
      vertex 30.460769515458672 7 2.4000000000000004
      vertex 15.539230484541326 7 2.4000000000000004
    endloop
  endfacet
  facet normal 0 0 1
    outer loop
      vertex 15.539230484541326 7 2.4000000000000004
      vertex 30.391344560986457 7.140779881161892 2.4000000000000004
      vertex 15.608655439013544 7.140779881161892 2.4000000000000004
    endloop
  endfacet
  facet normal 0 0 1
    outer loop
      vertex 15.608655439013544 7.140779881161892 2.4000000000000004
      vertex 30.340889008453118 7.289417145876975 2.4000000000000004
      vertex 15.659110991546882 7.289417145876975 2.4000000000000004
    endloop
  endfacet
  facet normal 0 0 1
    outer loop
      vertex 15.659110991546882 7.289417145876975 2.4000000000000004
      vertex 30.31026616635143 7.443368569335938 2.4000000000000004
      vertex 15.689733833648573 7.443368569335938 2.4000000000000004
    endloop
  endfacet
  facet normal 0 0 1
    outer loop
      vertex 15.689733833648573 7.443368569335938 2.4000000000000004
      vertex 30.3 7.6 2.4000000000000004
      vertex 15.7 7.6 2.4000000000000004
    endloop
  endfacet
  facet normal 0 0 1
    outer loop
      vertex 14.656631430664062 6.410266166351427 2.4000000000000004
      vertex 14.5 6.3999999999999995 2.4000000000000004
      vertex 35 4 2.4000000000000004
    endloop
  endfacet
  facet normal 0 0 1
    outer loop
      vertex 14.810582854123025 6.440889008453118 2.4000000000000004
      vertex 14.656631430664062 6.410266166351427 2.4000000000000004
      vertex 35 4 2.4000000000000004
    endloop
  endfacet
  facet normal 0 0 1
    outer loop
      vertex 14.656631430664062 8.789733833648572 2.4000000000000004
      vertex 14.810582854123025 8.759110991546882 2.4000000000000004
      vertex 31.343368569335937 8.789733833648572 2.4000000000000004
    endloop
  endfacet
  facet normal 0 0 1
    outer loop
      vertex 15.452024008349483 8.330513714810465 2.4000000000000004
      vertex 30.651471862576145 8.448528137423857 2.4000000000000004
      vertex 15.348528137423857 8.448528137423857 2.4000000000000004
    endloop
  endfacet
  facet normal 0 0 1
    outer loop
      vertex 15.230513714810465 8.552024008349482 2.4000000000000004
      vertex 15.348528137423857 8.448528137423857 2.4000000000000004
      vertex 30.769486285189537 8.552024008349482 2.4000000000000004
    endloop
  endfacet
  facet normal 0 0 1
    outer loop
      vertex 14.959220118838108 8.708655439013544 2.4000000000000004
      vertex 15.1 8.639230484541326 2.4000000000000004
      vertex 31.040779881161892 8.708655439013544 2.4000000000000004
    endloop
  endfacet
  facet normal 0 0 1
    outer loop
      vertex 14.810582854123025 8.759110991546882 2.4000000000000004
      vertex 14.959220118838108 8.708655439013544 2.4000000000000004
      vertex 31.189417145876973 8.759110991546882 2.4000000000000004
    endloop
  endfacet
  facet normal 0 0 1
    outer loop
      vertex 15.1 8.639230484541326 2.4000000000000004
      vertex 15.230513714810465 8.552024008349482 2.4000000000000004
      vertex 30.9 8.639230484541326 2.4000000000000004
    endloop
  endfacet
  facet normal 0 0 1
    outer loop
      vertex 15.7 7.6 2.4000000000000004
      vertex 30.340889008453118 7.9105828541230245 2.4000000000000004
      vertex 15.689733833648573 7.756631430664061 2.4000000000000004
    endloop
  endfacet
  facet normal 0 0 1
    outer loop
      vertex 15.689733833648573 7.756631430664061 2.4000000000000004
      vertex 30.391344560986457 8.059220118838107 2.4000000000000004
      vertex 15.659110991546882 7.9105828541230245 2.4000000000000004
    endloop
  endfacet
  facet normal 0 0 1
    outer loop
      vertex 15.608655439013544 8.059220118838107 2.4000000000000004
      vertex 30.460769515458672 8.2 2.4000000000000004
      vertex 15.539230484541326 8.2 2.4000000000000004
    endloop
  endfacet
  facet normal 0 0 1
    outer loop
      vertex 15.659110991546882 7.9105828541230245 2.4000000000000004
      vertex 30.460769515458672 8.2 2.4000000000000004
      vertex 15.608655439013544 8.059220118838107 2.4000000000000004
    endloop
  endfacet
  facet normal 0 0 1
    outer loop
      vertex 15.539230484541326 8.2 2.4000000000000004
      vertex 30.547975991650517 8.330513714810465 2.4000000000000004
      vertex 15.452024008349483 8.330513714810465 2.4000000000000004
    endloop
  endfacet
  facet normal 0 0 1
    outer loop
      vertex 20.5 12.880041708525303 2.4000000000000004
      vertex 14.656631430664062 8.789733833648572 2.4000000000000004
      vertex 31.343368569335937 8.789733833648572 2.4000000000000004
    endloop
  endfacet
  facet normal 0 0 1
    outer loop
      vertex 20.5 64.36895804200307 2.4000000000000004
      vertex 6.5 9.5 2.4000000000000004
      vertex 11 9.5 2.4000000000000004
    endloop
  endfacet
  facet normal 0 0 -1
    outer loop
      vertex 0.13629669696092606 2.9647238180041313 0
      vertex 0.03422055393457413 3.4778952300548553 0
      vertex 46 77 0
    endloop
  endfacet
  facet normal 0 0 -1
    outer loop
      vertex 0.03422055393457413 3.4778952300548553 0
      vertex 0 4 0
      vertex 45.965779446065426 77.52210476994514 0
    endloop
  endfacet
  facet normal 0 0 -1
    outer loop
      vertex 0.13629669696092606 2.9647238180041313 0
      vertex 46 77 0
      vertex 6.5 9.5 0
    endloop
  endfacet
  facet normal 0 0 1
    outer loop
      vertex 20.5 12.880041708525303 2.4000000000000004
      vertex 20.5 64.36895804200307 2.4000000000000004
      vertex 11 9.5 2.4000000000000004
    endloop
  endfacet
  facet normal 0 0 -1
    outer loop
      vertex 46 77 0
      vertex 11 9.5 0
      vertex 6.5 9.5 0
    endloop
  endfacet
  facet normal -1 0 0
    outer loop
      vertex 0 4 0
      vertex 0 77 2.4000000000000004
      vertex 0 77 0
    endloop
  endfacet
  facet normal 0 0 1
    outer loop
      vertex 0 4 2.4000000000000004
      vertex 20.5 64.36895804200307 2.4000000000000004
      vertex 0 77 2.4000000000000004
    endloop
  endfacet
  facet normal 0 0 -1
    outer loop
      vertex 0 4 0
      vertex 0 77 0
      vertex 21.891344560986457 77.4407798811619 0
    endloop
  endfacet
  facet normal -0.9978589233184302 0.06540312801222276 0
    outer loop
      vertex 0 77 0
      vertex 0.03422055393457413 77.52210476994514 2.4000000000000004
      vertex 0.03422055393457413 77.52210476994514 0
    endloop
  endfacet
  facet normal -0.9807852794583503 0.19509032676636193 0
    outer loop
      vertex 0.03422055393457413 77.52210476994514 0
      vertex 0.13629669696092606 78.03527618199587 2.4000000000000004
      vertex 0.13629669696092606 78.03527618199587 0
    endloop
  endfacet
  facet normal -0.946930129055815 0.32143946659727024 0
    outer loop
      vertex 0.13629669696092606 78.03527618199587 0
      vertex 0.3044818714261055 78.5307337269187 2.4000000000000004
      vertex 0.3044818714261055 78.5307337269187 0
    endloop
  endfacet
  facet normal -0.9978589233184302 0.06540312801222276 0
    outer loop
      vertex 0 77 0
      vertex 0 77 2.4000000000000004
      vertex 0.03422055393457413 77.52210476994514 2.4000000000000004
    endloop
  endfacet
  facet normal -0.9807852794583503 0.19509032676636193 0
    outer loop
      vertex 0.03422055393457413 77.52210476994514 0
      vertex 0.03422055393457413 77.52210476994514 2.4000000000000004
      vertex 0.13629669696092606 78.03527618199587 2.4000000000000004
    endloop
  endfacet
  facet normal -0.946930129055815 0.32143946659727024 0
    outer loop
      vertex 0.13629669696092606 78.03527618199587 0
      vertex 0.13629669696092606 78.03527618199587 2.4000000000000004
      vertex 0.3044818714261055 78.5307337269187 2.4000000000000004
    endloop
  endfacet
  facet normal -0.8968727416500544 0.44228868998100634 0
    outer loop
      vertex 0.3044818714261055 78.5307337269187 0
      vertex 0.5358983874320984 79 2.4000000000000004
      vertex 0.5358983874320984 79 0
    endloop
  endfacet
  facet normal -0.8314696141679891 0.5555702302277682 0
    outer loop
      vertex 0.5358983874320984 79 0
      vertex 0.8265866413712502 79.43504571914673 2.4000000000000004
      vertex 0.8265866413712502 79.43504571914673 0
    endloop
  endfacet
  facet normal -0.7518398007112116 0.6593458228172266 0
    outer loop
      vertex 0.8265866413712502 79.43504571914673 0
      vertex 1.1715728789567947 79.8284271210432 2.4000000000000004
      vertex 1.1715728789567947 79.8284271210432 0
    endloop
  endfacet
  facet normal -0.6593458228172266 0.7518398007112116 0
    outer loop
      vertex 1.1715728789567947 79.8284271210432 0
      vertex 1.5649542808532715 80.17341335862875 2.4000000000000004
      vertex 1.5649542808532715 80.17341335862875 0
    endloop
  endfacet
  facet normal -0.8968727416500544 0.44228868998100634 0
    outer loop
      vertex 0.3044818714261055 78.5307337269187 0
      vertex 0.3044818714261055 78.5307337269187 2.4000000000000004
      vertex 0.5358983874320984 79 2.4000000000000004
    endloop
  endfacet
  facet normal -0.8314696141679891 0.5555702302277682 0
    outer loop
      vertex 0.5358983874320984 79 0
      vertex 0.5358983874320984 79 2.4000000000000004
      vertex 0.8265866413712502 79.43504571914673 2.4000000000000004
    endloop
  endfacet
  facet normal -0.7518398007112116 0.6593458228172266 0
    outer loop
      vertex 0.8265866413712502 79.43504571914673 0
      vertex 0.8265866413712502 79.43504571914673 2.4000000000000004
      vertex 1.1715728789567947 79.8284271210432 2.4000000000000004
    endloop
  endfacet
  facet normal -0.6593458228172266 0.7518398007112116 0
    outer loop
      vertex 1.1715728789567947 79.8284271210432 0
      vertex 1.1715728789567947 79.8284271210432 2.4000000000000004
      vertex 1.5649542808532715 80.17341335862875 2.4000000000000004
    endloop
  endfacet
  facet normal -0.5555702302277682 0.8314696141679891 0
    outer loop
      vertex 1.5649542808532715 80.17341335862875 0
      vertex 2 80.4641016125679 2.4000000000000004
      vertex 2 80.4641016125679 0
    endloop
  endfacet
  facet normal -0.44228868998100634 0.8968727416500544 0
    outer loop
      vertex 2 80.4641016125679 0
      vertex 2.4692662730813026 80.6955181285739 2.4000000000000004
      vertex 2.4692662730813026 80.6955181285739 0
    endloop
  endfacet
  facet normal -0.32143946659727024 0.946930129055815 0
    outer loop
      vertex 2.4692662730813026 80.6955181285739 0
      vertex 2.9647238180041313 80.86370330303907 2.4000000000000004
      vertex 2.9647238180041313 80.86370330303907 0
    endloop
  endfacet
  facet normal -0.5555702302277682 0.8314696141679891 0
    outer loop
      vertex 1.5649542808532715 80.17341335862875 0
      vertex 1.5649542808532715 80.17341335862875 2.4000000000000004
      vertex 2 80.4641016125679 2.4000000000000004
    endloop
  endfacet
  facet normal -0.44228868998100634 0.8968727416500544 0
    outer loop
      vertex 2 80.4641016125679 0
      vertex 2 80.4641016125679 2.4000000000000004
      vertex 2.4692662730813026 80.6955181285739 2.4000000000000004
    endloop
  endfacet
  facet normal -0.32143946659727024 0.946930129055815 0
    outer loop
      vertex 2.4692662730813026 80.6955181285739 0
      vertex 2.4692662730813026 80.6955181285739 2.4000000000000004
      vertex 2.9647238180041313 80.86370330303907 2.4000000000000004
    endloop
  endfacet
  facet normal 0 0 -1
    outer loop
      vertex 2.9647238180041313 80.86370330303907 0
      vertex 3.4778952300548553 80.96577944606543 0
      vertex 4 81 0
    endloop
  endfacet
  facet normal -0.19509032676636193 0.9807852794583503 0
    outer loop
      vertex 2.9647238180041313 80.86370330303907 0
      vertex 3.4778952300548553 80.96577944606543 2.4000000000000004
      vertex 3.4778952300548553 80.96577944606543 0
    endloop
  endfacet
  facet normal -0.06540312801222276 0.9978589233184302 0
    outer loop
      vertex 3.4778952300548553 80.96577944606543 0
      vertex 4 81 2.4000000000000004
      vertex 4 81 0
    endloop
  endfacet
  facet normal -0.19509032676636193 0.9807852794583503 0
    outer loop
      vertex 2.9647238180041313 80.86370330303907 0
      vertex 2.9647238180041313 80.86370330303907 2.4000000000000004
      vertex 3.4778952300548553 80.96577944606543 2.4000000000000004
    endloop
  endfacet
  facet normal -0.06540312801222276 0.9978589233184302 0
    outer loop
      vertex 3.4778952300548553 80.96577944606543 0
      vertex 3.4778952300548553 80.96577944606543 2.4000000000000004
      vertex 4 81 2.4000000000000004
    endloop
  endfacet
  facet normal 0 0 1
    outer loop
      vertex 2.9647238180041313 80.86370330303907 2.4000000000000004
      vertex 4 81 2.4000000000000004
      vertex 3.4778952300548553 80.96577944606543 2.4000000000000004
    endloop
  endfacet
  facet normal 0 0 -1
    outer loop
      vertex 0 77 0
      vertex 0.03422055393457413 77.52210476994514 0
      vertex 21.840889008453118 77.58941714587698 0
    endloop
  endfacet
  facet normal 0 0 -1
    outer loop
      vertex 0.03422055393457413 77.52210476994514 0
      vertex 0.13629669696092606 78.03527618199587 0
      vertex 21.840889008453118 78.21058285412303 0
    endloop
  endfacet
  facet normal 0 0 -1
    outer loop
      vertex 0.13629669696092606 78.03527618199587 0
      vertex 0.3044818714261055 78.5307337269187 0
      vertex 22.047975991650517 78.63051371481048 0
    endloop
  endfacet
  facet normal 0 0 1
    outer loop
      vertex 0 77 2.4000000000000004
      vertex 20.9 77.9 2.4000000000000004
      vertex 0.03422055393457413 77.52210476994514 2.4000000000000004
    endloop
  endfacet
  facet normal 0 0 1
    outer loop
      vertex 0.03422055393457413 77.52210476994514 2.4000000000000004
      vertex 20.971555764792956 78.4435199947153 2.4000000000000004
      vertex 0.13629669696092606 78.03527618199587 2.4000000000000004
    endloop
  endfacet
  facet normal 0 0 1
    outer loop
      vertex 0.13629669696092606 78.03527618199587 2.4000000000000004
      vertex 21.059852981726298 78.7036352079667 2.4000000000000004
      vertex 0.3044818714261055 78.5307337269187 2.4000000000000004
    endloop
  endfacet
  facet normal 0 0 1
    outer loop
      vertex 0.3044818714261055 78.5307337269187 2.4000000000000004
      vertex 21.333957985388405 79.17839900091832 2.4000000000000004
      vertex 0.5358983874320984 79 2.4000000000000004
    endloop
  endfacet
  facet normal 0 0 1
    outer loop
      vertex 0.5358983874320984 79 2.4000000000000004
      vertex 21.95 79.71865334794732 2.4000000000000004
      vertex 0.8265866413712502 79.43504571914673 2.4000000000000004
    endloop
  endfacet
  facet normal 0 0 1
    outer loop
      vertex 0.8265866413712502 79.43504571914673 2.4000000000000004
      vertex 22.725894996337892 79.98203420888501 2.4000000000000004
      vertex 1.1715728789567947 79.8284271210432 2.4000000000000004
    endloop
  endfacet
  facet normal 0 0 -1
    outer loop
      vertex 0 4 0
      vertex 21.960769515458672 77.30000000000001 0
      vertex 22.047975991650517 77.16948628518954 0
    endloop
  endfacet
  facet normal 0 0 -1
    outer loop
      vertex 0 4 0
      vertex 22.047975991650517 77.16948628518954 0
      vertex 22.151471862576145 77.05147186257615 0
    endloop
  endfacet
  facet normal 0 0 -1
    outer loop
      vertex 0 4 0
      vertex 21.891344560986457 77.4407798811619 0
      vertex 21.960769515458672 77.30000000000001 0
    endloop
  endfacet
  facet normal 0 0 -1
    outer loop
      vertex 0 4 0
      vertex 22.540779881161892 76.79134456098646 0
      vertex 22.689417145876973 76.74088900845312 0
    endloop
  endfacet
  facet normal 0 0 -1
    outer loop
      vertex 0 4 0
      vertex 22.151471862576145 77.05147186257615 0
      vertex 22.269486285189537 76.94797599165052 0
    endloop
  endfacet
  facet normal 0 0 -1
    outer loop
      vertex 0 4 0
      vertex 22.269486285189537 76.94797599165052 0
      vertex 22.4 76.86076951545868 0
    endloop
  endfacet
  facet normal 0 0 -1
    outer loop
      vertex 0 4 0
      vertex 22.4 76.86076951545868 0
      vertex 22.540779881161892 76.79134456098646 0
    endloop
  endfacet
  facet normal 0 0 -1
    outer loop
      vertex 0 4 0
      vertex 22.689417145876973 76.74088900845312 0
      vertex 22.843368569335937 76.71026616635143 0
    endloop
  endfacet
  facet normal 0 0 -1
    outer loop
      vertex 0 4 0
      vertex 22.843368569335937 76.71026616635143 0
      vertex 23 76.7 0
    endloop
  endfacet
  facet normal 0 0 -1
    outer loop
      vertex 0 4 0
      vertex 23 76.7 0
      vertex 23.156631430664063 76.71026616635143 0
    endloop
  endfacet
  facet normal 0 0 -1
    outer loop
      vertex 0 4 0
      vertex 23.156631430664063 76.71026616635143 0
      vertex 23.310582854123027 76.74088900845312 0
    endloop
  endfacet
  facet normal 0 0 -1
    outer loop
      vertex 0 4 0
      vertex 23.310582854123027 76.74088900845312 0
      vertex 23.459220118838108 76.79134456098646 0
    endloop
  endfacet
  facet normal 0 0 -1
    outer loop
      vertex 0 4 0
      vertex 23.459220118838108 76.79134456098646 0
      vertex 23.6 76.86076951545868 0
    endloop
  endfacet
  facet normal 0 0 -1
    outer loop
      vertex 0 4 0
      vertex 23.6 76.86076951545868 0
      vertex 23.730513714810463 76.94797599165052 0
    endloop
  endfacet
  facet normal 0 0 -1
    outer loop
      vertex 0 4 0
      vertex 23.730513714810463 76.94797599165052 0
      vertex 23.848528137423855 77.05147186257615 0
    endloop
  endfacet
  facet normal 0 0 -1
    outer loop
      vertex 0 4 0
      vertex 23.848528137423855 77.05147186257615 0
      vertex 23.952024008349483 77.16948628518954 0
    endloop
  endfacet
  facet normal 0 0 -1
    outer loop
      vertex 0 4 0
      vertex 23.952024008349483 77.16948628518954 0
      vertex 24.039230484541328 77.30000000000001 0
    endloop
  endfacet
  facet normal 0 0 -1
    outer loop
      vertex 0 4 0
      vertex 24.039230484541328 77.30000000000001 0
      vertex 24.108655439013543 77.4407798811619 0
    endloop
  endfacet
  facet normal 0 0 -1
    outer loop
      vertex 0 4 0
      vertex 24.108655439013543 77.4407798811619 0
      vertex 24.159110991546882 77.58941714587698 0
    endloop
  endfacet
  facet normal 0 0 1
    outer loop
      vertex 0 77 2.4000000000000004
      vertex 20.5 64.36895804200307 2.4000000000000004
      vertex 25.5 64.36895804200307 2.4000000000000004
    endloop
  endfacet
  facet normal 0 0 1
    outer loop
      vertex 0 77 2.4000000000000004
      vertex 21.059852981726298 77.09636479203331 2.4000000000000004
      vertex 20.971555764792956 77.35648000528471 2.4000000000000004
    endloop
  endfacet
  facet normal 0 0 1
    outer loop
      vertex 0 77 2.4000000000000004
      vertex 21.333957985388405 76.62160099908169 2.4000000000000004
      vertex 21.181346652052678 76.85000000000001 2.4000000000000004
    endloop
  endfacet
  facet normal 0 0 1
    outer loop
      vertex 0 77 2.4000000000000004
      vertex 21.181346652052678 76.85000000000001 2.4000000000000004
      vertex 21.059852981726298 77.09636479203331 2.4000000000000004
    endloop
  endfacet
  facet normal 0 0 1
    outer loop
      vertex 0 77 2.4000000000000004
      vertex 21.51507575950825 76.41507575950826 2.4000000000000004
      vertex 21.333957985388405 76.62160099908169 2.4000000000000004
    endloop
  endfacet
  facet normal 0 0 1
    outer loop
      vertex 0 77 2.4000000000000004
      vertex 20.971555764792956 77.35648000528471 2.4000000000000004
      vertex 20.917965791114998 77.62589499633789 2.4000000000000004
    endloop
  endfacet
  facet normal 0 0 1
    outer loop
      vertex 0 77 2.4000000000000004
      vertex 20.917965791114998 77.62589499633789 2.4000000000000004
      vertex 20.9 77.9 2.4000000000000004
    endloop
  endfacet
  facet normal 0 0 1
    outer loop
      vertex 0.03422055393457413 77.52210476994514 2.4000000000000004
      vertex 20.9 77.9 2.4000000000000004
      vertex 20.917965791114998 78.17410500366212 2.4000000000000004
    endloop
  endfacet
  facet normal 0 0 1
    outer loop
      vertex 0.03422055393457413 77.52210476994514 2.4000000000000004
      vertex 20.917965791114998 78.17410500366212 2.4000000000000004
      vertex 20.971555764792956 78.4435199947153 2.4000000000000004
    endloop
  endfacet
  facet normal 0 0 1
    outer loop
      vertex 0.13629669696092606 78.03527618199587 2.4000000000000004
      vertex 20.971555764792956 78.4435199947153 2.4000000000000004
      vertex 21.059852981726298 78.7036352079667 2.4000000000000004
    endloop
  endfacet
  facet normal 0 0 1
    outer loop
      vertex 0.3044818714261055 78.5307337269187 2.4000000000000004
      vertex 21.059852981726298 78.7036352079667 2.4000000000000004
      vertex 21.181346652052678 78.95 2.4000000000000004
    endloop
  endfacet
  facet normal 0 0 1
    outer loop
      vertex 0.3044818714261055 78.5307337269187 2.4000000000000004
      vertex 21.181346652052678 78.95 2.4000000000000004
      vertex 21.333957985388405 79.17839900091832 2.4000000000000004
    endloop
  endfacet
  facet normal 0 0 1
    outer loop
      vertex 0 77 2.4000000000000004
      vertex 25.5 64.36895804200307 2.4000000000000004
      vertex 22.725894996337892 75.817965791115 2.4000000000000004
    endloop
  endfacet
  facet normal 0 0 -1
    outer loop
      vertex 0.03422055393457413 77.52210476994514 0
      vertex 21.8 77.9 0
      vertex 21.81026616635143 77.74336856933594 0
    endloop
  endfacet
  facet normal 0 0 -1
    outer loop
      vertex 0.03422055393457413 77.52210476994514 0
      vertex 21.81026616635143 78.05663143066407 0
      vertex 21.8 77.9 0
    endloop
  endfacet
  facet normal 0 0 -1
    outer loop
      vertex 0 77 0
      vertex 21.840889008453118 77.58941714587698 0
      vertex 21.891344560986457 77.4407798811619 0
    endloop
  endfacet
  facet normal 0 0 -1
    outer loop
      vertex 0.03422055393457413 77.52210476994514 0
      vertex 21.81026616635143 77.74336856933594 0
      vertex 21.840889008453118 77.58941714587698 0
    endloop
  endfacet
  facet normal 0 0 -1
    outer loop
      vertex 0.03422055393457413 77.52210476994514 0
      vertex 21.840889008453118 78.21058285412303 0
      vertex 21.81026616635143 78.05663143066407 0
    endloop
  endfacet
  facet normal 0 0 -1
    outer loop
      vertex 0.13629669696092606 78.03527618199587 0
      vertex 21.891344560986457 78.35922011883811 0
      vertex 21.840889008453118 78.21058285412303 0
    endloop
  endfacet
  facet normal 0 0 -1
    outer loop
      vertex 0.13629669696092606 78.03527618199587 0
      vertex 21.960769515458672 78.5 0
      vertex 21.891344560986457 78.35922011883811 0
    endloop
  endfacet
  facet normal 0 0 -1
    outer loop
      vertex 0.13629669696092606 78.03527618199587 0
      vertex 22.047975991650517 78.63051371481048 0
      vertex 21.960769515458672 78.5 0
    endloop
  endfacet
  facet normal 0 0 -1
    outer loop
      vertex 0.3044818714261055 78.5307337269187 0
      vertex 22.151471862576145 78.74852813742386 0
      vertex 22.047975991650517 78.63051371481048 0
    endloop
  endfacet
  facet normal 0 0 -1
    outer loop
      vertex 0.3044818714261055 78.5307337269187 0
      vertex 22.269486285189537 78.85202400834949 0
      vertex 22.151471862576145 78.74852813742386 0
    endloop
  endfacet
  facet normal 0 0 -1
    outer loop
      vertex 0.3044818714261055 78.5307337269187 0
      vertex 22.4 78.93923048454133 0
      vertex 22.269486285189537 78.85202400834949 0
    endloop
  endfacet
  facet normal 0 0 -1
    outer loop
      vertex 0.3044818714261055 78.5307337269187 0
      vertex 22.540779881161892 79.00865543901355 0
      vertex 22.4 78.93923048454133 0
    endloop
  endfacet
  facet normal 0 0 -1
    outer loop
      vertex 0.3044818714261055 78.5307337269187 0
      vertex 22.689417145876973 79.05911099154689 0
      vertex 22.540779881161892 79.00865543901355 0
    endloop
  endfacet
  facet normal 0 0 -1
    outer loop
      vertex 0.3044818714261055 78.5307337269187 0
      vertex 22.843368569335937 79.08973383364858 0
      vertex 22.689417145876973 79.05911099154689 0
    endloop
  endfacet
  facet normal 0 0 -1
    outer loop
      vertex 0.3044818714261055 78.5307337269187 0
      vertex 23 79.10000000000001 0
      vertex 22.843368569335937 79.08973383364858 0
    endloop
  endfacet
  facet normal 0 0 -1
    outer loop
      vertex 0.3044818714261055 78.5307337269187 0
      vertex 0.5358983874320984 79 0
      vertex 44.828427121043205 79.8284271210432 0
    endloop
  endfacet
  facet normal 0 0 -1
    outer loop
      vertex 0.5358983874320984 79 0
      vertex 0.8265866413712502 79.43504571914673 0
      vertex 44.43504571914673 80.17341335862875 0
    endloop
  endfacet
  facet normal 0 0 -1
    outer loop
      vertex 0.8265866413712502 79.43504571914673 0
      vertex 1.1715728789567947 79.8284271210432 0
      vertex 44 80.4641016125679 0
    endloop
  endfacet
  facet normal 0 0 -1
    outer loop
      vertex 1.1715728789567947 79.8284271210432 0
      vertex 1.5649542808532715 80.17341335862875 0
      vertex 43.5307337269187 80.6955181285739 0
    endloop
  endfacet
  facet normal 0 0 -1
    outer loop
      vertex 1.5649542808532715 80.17341335862875 0
      vertex 2 80.4641016125679 0
      vertex 43.03527618199587 80.86370330303907 0
    endloop
  endfacet
  facet normal 0 0 -1
    outer loop
      vertex 2 80.4641016125679 0
      vertex 2.4692662730813026 80.6955181285739 0
      vertex 42.522104769945145 80.96577944606543 0
    endloop
  endfacet
  facet normal 0 0 -1
    outer loop
      vertex 2.4692662730813026 80.6955181285739 0
      vertex 2.9647238180041313 80.86370330303907 0
      vertex 42 81 0
    endloop
  endfacet
  facet normal 0 0 -1
    outer loop
      vertex 2.9647238180041313 80.86370330303907 0
      vertex 4 81 0
      vertex 42 81 0
    endloop
  endfacet
  facet normal 0 1 0
    outer loop
      vertex 4 81 0
      vertex 4 81 2.4000000000000004
      vertex 42 81 2.4000000000000004
    endloop
  endfacet
  facet normal 0 0 1
    outer loop
      vertex 0 77 2.4000000000000004
      vertex 21.721600999081687 76.23395798538841 2.4000000000000004
      vertex 21.51507575950825 76.41507575950826 2.4000000000000004
    endloop
  endfacet
  facet normal 0 0 1
    outer loop
      vertex 0 77 2.4000000000000004
      vertex 21.95 76.08134665205269 2.4000000000000004
      vertex 21.721600999081687 76.23395798538841 2.4000000000000004
    endloop
  endfacet
  facet normal 0 0 1
    outer loop
      vertex 0 77 2.4000000000000004
      vertex 22.19636479203331 75.9598529817263 2.4000000000000004
      vertex 21.95 76.08134665205269 2.4000000000000004
    endloop
  endfacet
  facet normal 0 0 1
    outer loop
      vertex 0 77 2.4000000000000004
      vertex 22.456480005284707 75.87155576479296 2.4000000000000004
      vertex 22.19636479203331 75.9598529817263 2.4000000000000004
    endloop
  endfacet
  facet normal 0 0 1
    outer loop
      vertex 0 77 2.4000000000000004
      vertex 22.725894996337892 75.817965791115 2.4000000000000004
      vertex 22.456480005284707 75.87155576479296 2.4000000000000004
    endloop
  endfacet
  facet normal 0 0 1
    outer loop
      vertex 0.5358983874320984 79 2.4000000000000004
      vertex 21.333957985388405 79.17839900091832 2.4000000000000004
      vertex 21.51507575950825 79.38492424049176 2.4000000000000004
    endloop
  endfacet
  facet normal 0 0 1
    outer loop
      vertex 0.5358983874320984 79 2.4000000000000004
      vertex 21.51507575950825 79.38492424049176 2.4000000000000004
      vertex 21.721600999081687 79.5660420146116 2.4000000000000004
    endloop
  endfacet
  facet normal 0 0 1
    outer loop
      vertex 0.5358983874320984 79 2.4000000000000004
      vertex 21.721600999081687 79.5660420146116 2.4000000000000004
      vertex 21.95 79.71865334794732 2.4000000000000004
    endloop
  endfacet
  facet normal 0 0 1
    outer loop
      vertex 0.8265866413712502 79.43504571914673 2.4000000000000004
      vertex 21.95 79.71865334794732 2.4000000000000004
      vertex 22.19636479203331 79.84014701827371 2.4000000000000004
    endloop
  endfacet
  facet normal 0 0 1
    outer loop
      vertex 0.8265866413712502 79.43504571914673 2.4000000000000004
      vertex 22.19636479203331 79.84014701827371 2.4000000000000004
      vertex 22.456480005284707 79.92844423520705 2.4000000000000004
    endloop
  endfacet
  facet normal 0 0 1
    outer loop
      vertex 0.8265866413712502 79.43504571914673 2.4000000000000004
      vertex 22.456480005284707 79.92844423520705 2.4000000000000004
      vertex 22.725894996337892 79.98203420888501 2.4000000000000004
    endloop
  endfacet
  facet normal 0 0 1
    outer loop
      vertex 1.1715728789567947 79.8284271210432 2.4000000000000004
      vertex 43.5307337269187 80.6955181285739 2.4000000000000004
      vertex 1.5649542808532715 80.17341335862875 2.4000000000000004
    endloop
  endfacet
  facet normal 0 0 1
    outer loop
      vertex 1.1715728789567947 79.8284271210432 2.4000000000000004
      vertex 22.725894996337892 79.98203420888501 2.4000000000000004
      vertex 23 80 2.4000000000000004
    endloop
  endfacet
  facet normal 0 0 1
    outer loop
      vertex 1.5649542808532715 80.17341335862875 2.4000000000000004
      vertex 43.03527618199587 80.86370330303907 2.4000000000000004
      vertex 2 80.4641016125679 2.4000000000000004
    endloop
  endfacet
  facet normal 0 0 1
    outer loop
      vertex 2 80.4641016125679 2.4000000000000004
      vertex 42.522104769945145 80.96577944606543 2.4000000000000004
      vertex 2.4692662730813026 80.6955181285739 2.4000000000000004
    endloop
  endfacet
  facet normal 0 0 1
    outer loop
      vertex 2.4692662730813026 80.6955181285739 2.4000000000000004
      vertex 42 81 2.4000000000000004
      vertex 2.9647238180041313 80.86370330303907 2.4000000000000004
    endloop
  endfacet
  facet normal 0 0 1
    outer loop
      vertex 2.9647238180041313 80.86370330303907 2.4000000000000004
      vertex 42 81 2.4000000000000004
      vertex 4 81 2.4000000000000004
    endloop
  endfacet
  facet normal 0 0 -1
    outer loop
      vertex 0.3044818714261055 78.5307337269187 0
      vertex 44.828427121043205 79.8284271210432 0
      vertex 23 79.10000000000001 0
    endloop
  endfacet
  facet normal 0 0 1
    outer loop
      vertex 1.1715728789567947 79.8284271210432 2.4000000000000004
      vertex 23 80 2.4000000000000004
      vertex 44 80.4641016125679 2.4000000000000004
    endloop
  endfacet
  facet normal 0 0 -1
    outer loop
      vertex 0.13629669696092606 2.9647238180041313 0
      vertex 35 4 0
      vertex 39.5 4 0
    endloop
  endfacet
  facet normal 0 0 1
    outer loop
      vertex 0.13629669696092606 2.9647238180041313 2.4000000000000004
      vertex 39.5 4 2.4000000000000004
      vertex 35 4 2.4000000000000004
    endloop
  endfacet
  facet normal 0 0 -1
    outer loop
      vertex 15.608655439013544 7.140779881161892 0
      vertex 30.391344560986457 7.140779881161892 0
      vertex 30.460769515458672 7 0
    endloop
  endfacet
  facet normal 0 0 -1
    outer loop
      vertex 15.659110991546882 7.289417145876975 0
      vertex 30.340889008453118 7.289417145876975 0
      vertex 30.391344560986457 7.140779881161892 0
    endloop
  endfacet
  facet normal 0 0 -1
    outer loop
      vertex 15.689733833648573 7.443368569335938 0
      vertex 30.31026616635143 7.443368569335938 0
      vertex 30.340889008453118 7.289417145876975 0
    endloop
  endfacet
  facet normal 0 0 -1
    outer loop
      vertex 15.7 7.6 0
      vertex 30.3 7.6 0
      vertex 30.31026616635143 7.443368569335938 0
    endloop
  endfacet
  facet normal 0 0 -1
    outer loop
      vertex 15.348528137423857 6.7514718625761425 0
      vertex 30.651471862576145 6.7514718625761425 0
      vertex 30.769486285189537 6.647975991650517 0
    endloop
  endfacet
  facet normal 0 0 -1
    outer loop
      vertex 15.452024008349483 6.869486285189534 0
      vertex 30.547975991650517 6.869486285189534 0
      vertex 30.651471862576145 6.7514718625761425 0
    endloop
  endfacet
  facet normal 0 0 -1
    outer loop
      vertex 15.539230484541326 7 0
      vertex 30.460769515458672 7 0
      vertex 30.547975991650517 6.869486285189534 0
    endloop
  endfacet
  facet normal 0 0 -1
    outer loop
      vertex 15.348528137423857 6.7514718625761425 0
      vertex 30.769486285189537 6.647975991650517 0
      vertex 30.9 6.560769515458674 0
    endloop
  endfacet
  facet normal 0 0 -1
    outer loop
      vertex 15.689733833648573 7.756631430664061 0
      vertex 30.31026616635143 7.756631430664061 0
      vertex 30.3 7.6 0
    endloop
  endfacet
  facet normal 0 0 -1
    outer loop
      vertex 15.659110991546882 7.9105828541230245 0
      vertex 30.340889008453118 7.9105828541230245 0
      vertex 30.31026616635143 7.756631430664061 0
    endloop
  endfacet
  facet normal 0 0 -1
    outer loop
      vertex 15.608655439013544 8.059220118838107 0
      vertex 30.391344560986457 8.059220118838107 0
      vertex 30.340889008453118 7.9105828541230245 0
    endloop
  endfacet
  facet normal 0 0 -1
    outer loop
      vertex 15.539230484541326 8.2 0
      vertex 30.460769515458672 8.2 0
      vertex 30.391344560986457 8.059220118838107 0
    endloop
  endfacet
  facet normal 0 0 1
    outer loop
      vertex 15.452024008349483 6.869486285189534 2.4000000000000004
      vertex 30.547975991650517 6.869486285189534 2.4000000000000004
      vertex 30.460769515458672 7 2.4000000000000004
    endloop
  endfacet
  facet normal 0 0 1
    outer loop
      vertex 15.539230484541326 7 2.4000000000000004
      vertex 30.460769515458672 7 2.4000000000000004
      vertex 30.391344560986457 7.140779881161892 2.4000000000000004
    endloop
  endfacet
  facet normal 0 0 1
    outer loop
      vertex 15.608655439013544 7.140779881161892 2.4000000000000004
      vertex 30.391344560986457 7.140779881161892 2.4000000000000004
      vertex 30.340889008453118 7.289417145876975 2.4000000000000004
    endloop
  endfacet
  facet normal 0 0 1
    outer loop
      vertex 15.659110991546882 7.289417145876975 2.4000000000000004
      vertex 30.340889008453118 7.289417145876975 2.4000000000000004
      vertex 30.31026616635143 7.443368569335938 2.4000000000000004
    endloop
  endfacet
  facet normal 0 0 1
    outer loop
      vertex 15.689733833648573 7.443368569335938 2.4000000000000004
      vertex 30.31026616635143 7.443368569335938 2.4000000000000004
      vertex 30.3 7.6 2.4000000000000004
    endloop
  endfacet
  facet normal 0 0 1
    outer loop
      vertex 15.1 6.560769515458674 2.4000000000000004
      vertex 30.9 6.560769515458674 2.4000000000000004
      vertex 30.769486285189537 6.647975991650517 2.4000000000000004
    endloop
  endfacet
  facet normal 0 0 1
    outer loop
      vertex 14.810582854123025 6.440889008453118 2.4000000000000004
      vertex 31.189417145876973 6.440889008453118 2.4000000000000004
      vertex 31.040779881161892 6.491344560986455 2.4000000000000004
    endloop
  endfacet
  facet normal 0 0 1
    outer loop
      vertex 14.959220118838108 6.491344560986455 2.4000000000000004
      vertex 31.040779881161892 6.491344560986455 2.4000000000000004
      vertex 30.9 6.560769515458674 2.4000000000000004
    endloop
  endfacet
  facet normal 0 0 1
    outer loop
      vertex 15.230513714810465 6.647975991650517 2.4000000000000004
      vertex 30.769486285189537 6.647975991650517 2.4000000000000004
      vertex 30.651471862576145 6.7514718625761425 2.4000000000000004
    endloop
  endfacet
  facet normal 0 0 1
    outer loop
      vertex 15.348528137423857 6.7514718625761425 2.4000000000000004
      vertex 30.651471862576145 6.7514718625761425 2.4000000000000004
      vertex 30.547975991650517 6.869486285189534 2.4000000000000004
    endloop
  endfacet
  facet normal 0 0 1
    outer loop
      vertex 15.7 7.6 2.4000000000000004
      vertex 30.3 7.6 2.4000000000000004
      vertex 30.31026616635143 7.756631430664061 2.4000000000000004
    endloop
  endfacet
  facet normal 0 0 1
    outer loop
      vertex 15.7 7.6 2.4000000000000004
      vertex 30.31026616635143 7.756631430664061 2.4000000000000004
      vertex 30.340889008453118 7.9105828541230245 2.4000000000000004
    endloop
  endfacet
  facet normal 0 0 1
    outer loop
      vertex 15.689733833648573 7.756631430664061 2.4000000000000004
      vertex 30.340889008453118 7.9105828541230245 2.4000000000000004
      vertex 30.391344560986457 8.059220118838107 2.4000000000000004
    endloop
  endfacet
  facet normal 0 0 1
    outer loop
      vertex 15.659110991546882 7.9105828541230245 2.4000000000000004
      vertex 30.391344560986457 8.059220118838107 2.4000000000000004
      vertex 30.460769515458672 8.2 2.4000000000000004
    endloop
  endfacet
  facet normal 0 0 1
    outer loop
      vertex 15.539230484541326 8.2 2.4000000000000004
      vertex 30.460769515458672 8.2 2.4000000000000004
      vertex 30.547975991650517 8.330513714810465 2.4000000000000004
    endloop
  endfacet
  facet normal 0 0 1
    outer loop
      vertex 15.452024008349483 8.330513714810465 2.4000000000000004
      vertex 30.547975991650517 8.330513714810465 2.4000000000000004
      vertex 30.651471862576145 8.448528137423857 2.4000000000000004
    endloop
  endfacet
  facet normal 0 0 1
    outer loop
      vertex 15.348528137423857 8.448528137423857 2.4000000000000004
      vertex 30.651471862576145 8.448528137423857 2.4000000000000004
      vertex 30.769486285189537 8.552024008349482 2.4000000000000004
    endloop
  endfacet
  facet normal 0 0 1
    outer loop
      vertex 15.230513714810465 8.552024008349482 2.4000000000000004
      vertex 30.769486285189537 8.552024008349482 2.4000000000000004
      vertex 30.9 8.639230484541326 2.4000000000000004
    endloop
  endfacet
  facet normal 0 0 1
    outer loop
      vertex 15.1 8.639230484541326 2.4000000000000004
      vertex 30.9 8.639230484541326 2.4000000000000004
      vertex 31.040779881161892 8.708655439013544 2.4000000000000004
    endloop
  endfacet
  facet normal 0 0 1
    outer loop
      vertex 14.959220118838108 8.708655439013544 2.4000000000000004
      vertex 31.040779881161892 8.708655439013544 2.4000000000000004
      vertex 31.189417145876973 8.759110991546882 2.4000000000000004
    endloop
  endfacet
  facet normal 0 0 1
    outer loop
      vertex 14.810582854123025 8.759110991546882 2.4000000000000004
      vertex 31.189417145876973 8.759110991546882 2.4000000000000004
      vertex 31.343368569335937 8.789733833648572 2.4000000000000004
    endloop
  endfacet
  facet normal 0 0 -1
    outer loop
      vertex 0.13629669696092606 2.9647238180041313 0
      vertex 39.5 4 0
      vertex 46 4 0
    endloop
  endfacet
  facet normal 0 0 1
    outer loop
      vertex 0.13629669696092606 2.9647238180041313 2.4000000000000004
      vertex 46 4 2.4000000000000004
      vertex 39.5 4 2.4000000000000004
    endloop
  endfacet
  facet normal 0 0 -1
    outer loop
      vertex 15.348528137423857 6.7514718625761425 0
      vertex 30.9 6.560769515458674 0
      vertex 35 4 0
    endloop
  endfacet
  facet normal 0 0 1
    outer loop
      vertex 14.810582854123025 6.440889008453118 2.4000000000000004
      vertex 35 4 2.4000000000000004
      vertex 31.189417145876973 6.440889008453118 2.4000000000000004
    endloop
  endfacet
  facet normal 0 0 1
    outer loop
      vertex 20.5 12.880041708525303 2.4000000000000004
      vertex 31.810582854123027 8.759110991546882 2.4000000000000004
      vertex 31.959220118838108 8.708655439013544 2.4000000000000004
    endloop
  endfacet
  facet normal 0 0 1
    outer loop
      vertex 20.5 12.880041708525303 2.4000000000000004
      vertex 35 9.5 2.4000000000000004
      vertex 25.5 12.880041708525303 2.4000000000000004
    endloop
  endfacet
  facet normal 0 0 1
    outer loop
      vertex 20.5 12.880041708525303 2.4000000000000004
      vertex 31.343368569335937 8.789733833648572 2.4000000000000004
      vertex 31.5 8.799999999999999 2.4000000000000004
    endloop
  endfacet
  facet normal 0 0 1
    outer loop
      vertex 20.5 12.880041708525303 2.4000000000000004
      vertex 31.5 8.799999999999999 2.4000000000000004
      vertex 31.656631430664063 8.789733833648572 2.4000000000000004
    endloop
  endfacet
  facet normal 0 0 1
    outer loop
      vertex 20.5 12.880041708525303 2.4000000000000004
      vertex 31.656631430664063 8.789733833648572 2.4000000000000004
      vertex 31.810582854123027 8.759110991546882 2.4000000000000004
    endloop
  endfacet
  facet normal 0 0 -1
    outer loop
      vertex 4 0 0
      vertex 43.03527618199587 0.13629669696092606 0
      vertex 42 0 0
    endloop
  endfacet
  facet normal 0 -1 0
    outer loop
      vertex 4 0 2.4000000000000004
      vertex 42 0 0
      vertex 42 0 2.4000000000000004
    endloop
  endfacet
  facet normal 0 0 -1
    outer loop
      vertex 4 0 0
      vertex 43.5307337269187 0.3044818714261055 0
      vertex 43.03527618199587 0.13629669696092606 0
    endloop
  endfacet
  facet normal 0 0 -1
    outer loop
      vertex 3.4778952300548553 0.03422055393457413 0
      vertex 44 0.5358983874320984 0
      vertex 43.5307337269187 0.3044818714261055 0
    endloop
  endfacet
  facet normal 0 0 -1
    outer loop
      vertex 2.9647238180041313 0.13629669696092606 0
      vertex 44.43504571914673 0.8265866413712502 0
      vertex 44 0.5358983874320984 0
    endloop
  endfacet
  facet normal 0 0 -1
    outer loop
      vertex 2.4692662730813026 0.3044818714261055 0
      vertex 44.828427121043205 1.1715728789567947 0
      vertex 44.43504571914673 0.8265866413712502 0
    endloop
  endfacet
  facet normal 0 0 -1
    outer loop
      vertex 2 0.5358983874320984 0
      vertex 45.17341335862875 1.5649542808532715 0
      vertex 44.828427121043205 1.1715728789567947 0
    endloop
  endfacet
  facet normal 0 0 -1
    outer loop
      vertex 1.5649542808532715 0.8265866413712502 0
      vertex 45.4641016125679 2 0
      vertex 45.17341335862875 1.5649542808532715 0
    endloop
  endfacet
  facet normal 0 0 -1
    outer loop
      vertex 1.1715728789567947 1.1715728789567947 0
      vertex 45.695518128573895 2.4692662730813026 0
      vertex 45.4641016125679 2 0
    endloop
  endfacet
  facet normal 0 0 -1
    outer loop
      vertex 0.8265866413712502 1.5649542808532715 0
      vertex 45.863703303039074 2.9647238180041313 0
      vertex 45.695518128573895 2.4692662730813026 0
    endloop
  endfacet
  facet normal 0 0 -1
    outer loop
      vertex 0.5358983874320984 2 0
      vertex 45.965779446065426 3.4778952300548553 0
      vertex 45.863703303039074 2.9647238180041313 0
    endloop
  endfacet
  facet normal 0 0 -1
    outer loop
      vertex 0.3044818714261055 2.4692662730813026 0
      vertex 46 4 0
      vertex 45.965779446065426 3.4778952300548553 0
    endloop
  endfacet
  facet normal 0 0 1
    outer loop
      vertex 4 0 2.4000000000000004
      vertex 42 0 2.4000000000000004
      vertex 43.03527618199587 0.13629669696092606 2.4000000000000004
    endloop
  endfacet
  facet normal 0 0 1
    outer loop
      vertex 4 0 2.4000000000000004
      vertex 43.03527618199587 0.13629669696092606 2.4000000000000004
      vertex 43.5307337269187 0.3044818714261055 2.4000000000000004
    endloop
  endfacet
  facet normal 0 0 1
    outer loop
      vertex 3.4778952300548553 0.03422055393457413 2.4000000000000004
      vertex 43.5307337269187 0.3044818714261055 2.4000000000000004
      vertex 44 0.5358983874320984 2.4000000000000004
    endloop
  endfacet
  facet normal 0 0 1
    outer loop
      vertex 2.9647238180041313 0.13629669696092606 2.4000000000000004
      vertex 44 0.5358983874320984 2.4000000000000004
      vertex 44.43504571914673 0.8265866413712502 2.4000000000000004
    endloop
  endfacet
  facet normal 0 0 1
    outer loop
      vertex 2.4692662730813026 0.3044818714261055 2.4000000000000004
      vertex 44.43504571914673 0.8265866413712502 2.4000000000000004
      vertex 44.828427121043205 1.1715728789567947 2.4000000000000004
    endloop
  endfacet
  facet normal 0 0 1
    outer loop
      vertex 2 0.5358983874320984 2.4000000000000004
      vertex 44.828427121043205 1.1715728789567947 2.4000000000000004
      vertex 45.17341335862875 1.5649542808532715 2.4000000000000004
    endloop
  endfacet
  facet normal 0 0 1
    outer loop
      vertex 1.5649542808532715 0.8265866413712502 2.4000000000000004
      vertex 45.17341335862875 1.5649542808532715 2.4000000000000004
      vertex 45.4641016125679 2 2.4000000000000004
    endloop
  endfacet
  facet normal 0 0 1
    outer loop
      vertex 1.1715728789567947 1.1715728789567947 2.4000000000000004
      vertex 45.4641016125679 2 2.4000000000000004
      vertex 45.695518128573895 2.4692662730813026 2.4000000000000004
    endloop
  endfacet
  facet normal 0 0 1
    outer loop
      vertex 0.8265866413712502 1.5649542808532715 2.4000000000000004
      vertex 45.695518128573895 2.4692662730813026 2.4000000000000004
      vertex 45.863703303039074 2.9647238180041313 2.4000000000000004
    endloop
  endfacet
  facet normal 0 0 1
    outer loop
      vertex 0.5358983874320984 2 2.4000000000000004
      vertex 45.863703303039074 2.9647238180041313 2.4000000000000004
      vertex 45.965779446065426 3.4778952300548553 2.4000000000000004
    endloop
  endfacet
  facet normal 0 0 1
    outer loop
      vertex 0.3044818714261055 2.4692662730813026 2.4000000000000004
      vertex 45.965779446065426 3.4778952300548553 2.4000000000000004
      vertex 46 4 2.4000000000000004
    endloop
  endfacet
  facet normal 0 0 -1
    outer loop
      vertex 30.9 6.560769515458674 0
      vertex 31.040779881161892 6.491344560986455 0
      vertex 35 4 0
    endloop
  endfacet
  facet normal 0 0 -1
    outer loop
      vertex 31.040779881161892 6.491344560986455 0
      vertex 31.189417145876973 6.440889008453118 0
      vertex 35 4 0
    endloop
  endfacet
  facet normal 0 0 -1
    outer loop
      vertex 31.189417145876973 6.440889008453118 0
      vertex 31.343368569335937 6.410266166351427 0
      vertex 35 4 0
    endloop
  endfacet
  facet normal 0 0 -1
    outer loop
      vertex 31.343368569335937 6.410266166351427 0
      vertex 31.5 6.3999999999999995 0
      vertex 35 4 0
    endloop
  endfacet
  facet normal 0 0 -1
    outer loop
      vertex 31.5 6.3999999999999995 0
      vertex 31.656631430664063 6.410266166351427 0
      vertex 35 4 0
    endloop
  endfacet
  facet normal 0 0 -1
    outer loop
      vertex 31.656631430664063 6.410266166351427 0
      vertex 31.810582854123027 6.440889008453118 0
      vertex 35 4 0
    endloop
  endfacet
  facet normal 0 0 -1
    outer loop
      vertex 31.810582854123027 6.440889008453118 0
      vertex 31.959220118838108 6.491344560986455 0
      vertex 35 4 0
    endloop
  endfacet
  facet normal 0 0 -1
    outer loop
      vertex 31.959220118838108 6.491344560986455 0
      vertex 32.1 6.560769515458674 0
      vertex 35 4 0
    endloop
  endfacet
  facet normal 0 0 -1
    outer loop
      vertex 32.1 6.560769515458674 0
      vertex 32.23051371481046 6.647975991650517 0
      vertex 35 4 0
    endloop
  endfacet
  facet normal 0 0 -1
    outer loop
      vertex 32.23051371481046 6.647975991650517 0
      vertex 32.348528137423855 6.7514718625761425 0
      vertex 35 4 0
    endloop
  endfacet
  facet normal 0 0 -1
    outer loop
      vertex 32.348528137423855 6.7514718625761425 0
      vertex 32.45202400834948 6.869486285189534 0
      vertex 35 4 0
    endloop
  endfacet
  facet normal 0 0 -1
    outer loop
      vertex 32.53923048454133 7 0
      vertex 35 4 0
      vertex 32.45202400834948 6.869486285189534 0
    endloop
  endfacet
  facet normal 0 0 -1
    outer loop
      vertex 32.608655439013546 7.140779881161892 0
      vertex 35 4 0
      vertex 32.53923048454133 7 0
    endloop
  endfacet
  facet normal 0 0 -1
    outer loop
      vertex 35 4 0
      vertex 32.608655439013546 7.140779881161892 0
      vertex 35 9.5 0
    endloop
  endfacet
  facet normal 0 0 -1
    outer loop
      vertex 32.65911099154688 7.289417145876975 0
      vertex 35 9.5 0
      vertex 32.608655439013546 7.140779881161892 0
    endloop
  endfacet
  facet normal 0 0 -1
    outer loop
      vertex 32.689733833648575 7.443368569335938 0
      vertex 35 9.5 0
      vertex 32.65911099154688 7.289417145876975 0
    endloop
  endfacet
  facet normal 0 0 -1
    outer loop
      vertex 32.7 7.6 0
      vertex 35 9.5 0
      vertex 32.689733833648575 7.443368569335938 0
    endloop
  endfacet
  facet normal 0 0 -1
    outer loop
      vertex 32.689733833648575 7.756631430664061 0
      vertex 35 9.5 0
      vertex 32.7 7.6 0
    endloop
  endfacet
  facet normal 0 0 -1
    outer loop
      vertex 32.65911099154688 7.9105828541230245 0
      vertex 35 9.5 0
      vertex 32.689733833648575 7.756631430664061 0
    endloop
  endfacet
  facet normal 0 0 -1
    outer loop
      vertex 32.608655439013546 8.059220118838107 0
      vertex 35 9.5 0
      vertex 32.65911099154688 7.9105828541230245 0
    endloop
  endfacet
  facet normal 0 0 1
    outer loop
      vertex 31.343368569335937 6.410266166351427 2.4000000000000004
      vertex 31.189417145876973 6.440889008453118 2.4000000000000004
      vertex 35 4 2.4000000000000004
    endloop
  endfacet
  facet normal 0 0 1
    outer loop
      vertex 31.5 6.3999999999999995 2.4000000000000004
      vertex 31.343368569335937 6.410266166351427 2.4000000000000004
      vertex 35 4 2.4000000000000004
    endloop
  endfacet
  facet normal 0 0 1
    outer loop
      vertex 31.656631430664063 6.410266166351427 2.4000000000000004
      vertex 31.5 6.3999999999999995 2.4000000000000004
      vertex 35 4 2.4000000000000004
    endloop
  endfacet
  facet normal 0 0 1
    outer loop
      vertex 31.810582854123027 6.440889008453118 2.4000000000000004
      vertex 31.656631430664063 6.410266166351427 2.4000000000000004
      vertex 35 4 2.4000000000000004
    endloop
  endfacet
  facet normal 0 0 1
    outer loop
      vertex 31.959220118838108 6.491344560986455 2.4000000000000004
      vertex 31.810582854123027 6.440889008453118 2.4000000000000004
      vertex 35 4 2.4000000000000004
    endloop
  endfacet
  facet normal 0 0 1
    outer loop
      vertex 32.1 6.560769515458674 2.4000000000000004
      vertex 31.959220118838108 6.491344560986455 2.4000000000000004
      vertex 35 4 2.4000000000000004
    endloop
  endfacet
  facet normal 0 0 1
    outer loop
      vertex 35 9.5 2.4000000000000004
      vertex 31.959220118838108 8.708655439013544 2.4000000000000004
      vertex 32.1 8.639230484541326 2.4000000000000004
    endloop
  endfacet
  facet normal 0 0 1
    outer loop
      vertex 32.23051371481046 6.647975991650517 2.4000000000000004
      vertex 32.1 6.560769515458674 2.4000000000000004
      vertex 35 4 2.4000000000000004
    endloop
  endfacet
  facet normal 0 0 1
    outer loop
      vertex 32.348528137423855 6.7514718625761425 2.4000000000000004
      vertex 32.23051371481046 6.647975991650517 2.4000000000000004
      vertex 35 4 2.4000000000000004
    endloop
  endfacet
  facet normal 0 0 1
    outer loop
      vertex 32.348528137423855 6.7514718625761425 2.4000000000000004
      vertex 35 4 2.4000000000000004
      vertex 32.45202400834948 6.869486285189534 2.4000000000000004
    endloop
  endfacet
  facet normal 0 0 1
    outer loop
      vertex 32.45202400834948 6.869486285189534 2.4000000000000004
      vertex 35 4 2.4000000000000004
      vertex 32.53923048454133 7 2.4000000000000004
    endloop
  endfacet
  facet normal 0 0 1
    outer loop
      vertex 32.53923048454133 7 2.4000000000000004
      vertex 35 4 2.4000000000000004
      vertex 32.608655439013546 7.140779881161892 2.4000000000000004
    endloop
  endfacet
  facet normal 0 0 1
    outer loop
      vertex 32.608655439013546 7.140779881161892 2.4000000000000004
      vertex 35 4 2.4000000000000004
      vertex 32.65911099154688 7.289417145876975 2.4000000000000004
    endloop
  endfacet
  facet normal 0 0 1
    outer loop
      vertex 32.65911099154688 7.289417145876975 2.4000000000000004
      vertex 35 4 2.4000000000000004
      vertex 32.689733833648575 7.443368569335938 2.4000000000000004
    endloop
  endfacet
  facet normal 0 0 1
    outer loop
      vertex 35 9.5 2.4000000000000004
      vertex 32.689733833648575 7.443368569335938 2.4000000000000004
      vertex 35 4 2.4000000000000004
    endloop
  endfacet
  facet normal 0 0 1
    outer loop
      vertex 35 9.5 2.4000000000000004
      vertex 32.23051371481046 8.552024008349482 2.4000000000000004
      vertex 32.348528137423855 8.448528137423857 2.4000000000000004
    endloop
  endfacet
  facet normal 0 0 1
    outer loop
      vertex 35 9.5 2.4000000000000004
      vertex 32.45202400834948 8.330513714810465 2.4000000000000004
      vertex 32.53923048454133 8.2 2.4000000000000004
    endloop
  endfacet
  facet normal 0 0 1
    outer loop
      vertex 35 9.5 2.4000000000000004
      vertex 32.348528137423855 8.448528137423857 2.4000000000000004
      vertex 32.45202400834948 8.330513714810465 2.4000000000000004
    endloop
  endfacet
  facet normal 0 0 1
    outer loop
      vertex 35 9.5 2.4000000000000004
      vertex 32.53923048454133 8.2 2.4000000000000004
      vertex 32.608655439013546 8.059220118838107 2.4000000000000004
    endloop
  endfacet
  facet normal 0 0 1
    outer loop
      vertex 35 9.5 2.4000000000000004
      vertex 32.7 7.6 2.4000000000000004
      vertex 32.689733833648575 7.443368569335938 2.4000000000000004
    endloop
  endfacet
  facet normal 0 0 1
    outer loop
      vertex 35 9.5 2.4000000000000004
      vertex 32.689733833648575 7.756631430664061 2.4000000000000004
      vertex 32.7 7.6 2.4000000000000004
    endloop
  endfacet
  facet normal 0 0 1
    outer loop
      vertex 35 9.5 2.4000000000000004
      vertex 32.65911099154688 7.9105828541230245 2.4000000000000004
      vertex 32.689733833648575 7.756631430664061 2.4000000000000004
    endloop
  endfacet
  facet normal 0 0 1
    outer loop
      vertex 35 9.5 2.4000000000000004
      vertex 32.608655439013546 8.059220118838107 2.4000000000000004
      vertex 32.65911099154688 7.9105828541230245 2.4000000000000004
    endloop
  endfacet
  facet normal 0 0 1
    outer loop
      vertex 35 9.5 2.4000000000000004
      vertex 32.1 8.639230484541326 2.4000000000000004
      vertex 32.23051371481046 8.552024008349482 2.4000000000000004
    endloop
  endfacet
  facet normal 0 0 1
    outer loop
      vertex 20.5 12.880041708525303 2.4000000000000004
      vertex 31.959220118838108 8.708655439013544 2.4000000000000004
      vertex 35 9.5 2.4000000000000004
    endloop
  endfacet
  facet normal 0 0 -1
    outer loop
      vertex 46 77 0
      vertex 13.651471862576143 8.448528137423857 0
      vertex 11 9.5 0
    endloop
  endfacet
  facet normal 0 0 -1
    outer loop
      vertex 46 77 0
      vertex 13.769486285189535 8.552024008349482 0
      vertex 13.651471862576143 8.448528137423857 0
    endloop
  endfacet
  facet normal 0 0 -1
    outer loop
      vertex 46 77 0
      vertex 13.9 8.639230484541326 0
      vertex 13.769486285189535 8.552024008349482 0
    endloop
  endfacet
  facet normal 0 0 -1
    outer loop
      vertex 46 77 0
      vertex 14.040779881161892 8.708655439013544 0
      vertex 13.9 8.639230484541326 0
    endloop
  endfacet
  facet normal 0 0 -1
    outer loop
      vertex 46 77 0
      vertex 14.189417145876975 8.759110991546882 0
      vertex 14.040779881161892 8.708655439013544 0
    endloop
  endfacet
  facet normal 0 0 -1
    outer loop
      vertex 46 77 0
      vertex 14.343368569335938 8.789733833648572 0
      vertex 14.189417145876975 8.759110991546882 0
    endloop
  endfacet
  facet normal 0 0 -1
    outer loop
      vertex 46 77 0
      vertex 14.5 8.799999999999999 0
      vertex 14.343368569335938 8.789733833648572 0
    endloop
  endfacet
  facet normal 0 0 -1
    outer loop
      vertex 46 77 0
      vertex 14.656631430664062 8.789733833648572 0
      vertex 14.5 8.799999999999999 0
    endloop
  endfacet
  facet normal 0 0 -1
    outer loop
      vertex 46 77 0
      vertex 14.810582854123025 8.759110991546882 0
      vertex 14.656631430664062 8.789733833648572 0
    endloop
  endfacet
  facet normal 0 0 -1
    outer loop
      vertex 46 77 0
      vertex 14.959220118838108 8.708655439013544 0
      vertex 14.810582854123025 8.759110991546882 0
    endloop
  endfacet
  facet normal 0 0 -1
    outer loop
      vertex 46 77 0
      vertex 15.1 8.639230484541326 0
      vertex 14.959220118838108 8.708655439013544 0
    endloop
  endfacet
  facet normal 0 0 -1
    outer loop
      vertex 46 77 0
      vertex 15.230513714810465 8.552024008349482 0
      vertex 15.1 8.639230484541326 0
    endloop
  endfacet
  facet normal 0 0 -1
    outer loop
      vertex 46 77 0
      vertex 15.452024008349483 8.330513714810465 0
      vertex 15.348528137423857 8.448528137423857 0
    endloop
  endfacet
  facet normal 0 0 -1
    outer loop
      vertex 46 77 0
      vertex 15.539230484541326 8.2 0
      vertex 15.452024008349483 8.330513714810465 0
    endloop
  endfacet
  facet normal 0 0 -1
    outer loop
      vertex 46 77 0
      vertex 15.348528137423857 8.448528137423857 0
      vertex 15.230513714810465 8.552024008349482 0
    endloop
  endfacet
  facet normal 0 0 -1
    outer loop
      vertex 46 77 0
      vertex 30.460769515458672 8.2 0
      vertex 15.539230484541326 8.2 0
    endloop
  endfacet
  facet normal 0.06540312801222276 -0.9978589233184302 0
    outer loop
      vertex 42 0 0
      vertex 42.522104769945145 0.03422055393457413 0
      vertex 42 0 2.4000000000000004
    endloop
  endfacet
  facet normal 0 0 -1
    outer loop
      vertex 42 0 0
      vertex 43.03527618199587 0.13629669696092606 0
      vertex 42.522104769945145 0.03422055393457413 0
    endloop
  endfacet
  facet normal 0.19509032676636193 -0.9807852794583503 0
    outer loop
      vertex 42.522104769945145 0.03422055393457413 0
      vertex 43.03527618199587 0.13629669696092606 0
      vertex 42.522104769945145 0.03422055393457413 2.4000000000000004
    endloop
  endfacet
  facet normal 0.06540312801222276 -0.9978589233184302 0
    outer loop
      vertex 42.522104769945145 0.03422055393457413 0
      vertex 42.522104769945145 0.03422055393457413 2.4000000000000004
      vertex 42 0 2.4000000000000004
    endloop
  endfacet
  facet normal 0.19509032676636193 -0.9807852794583503 0
    outer loop
      vertex 43.03527618199587 0.13629669696092606 0
      vertex 43.03527618199587 0.13629669696092606 2.4000000000000004
      vertex 42.522104769945145 0.03422055393457413 2.4000000000000004
    endloop
  endfacet
  facet normal 0 0 1
    outer loop
      vertex 42 0 2.4000000000000004
      vertex 42.522104769945145 0.03422055393457413 2.4000000000000004
      vertex 43.03527618199587 0.13629669696092606 2.4000000000000004
    endloop
  endfacet
  facet normal 0 0 -1
    outer loop
      vertex 46 4 0
      vertex 39.5 4 0
      vertex 39.5 9.5 0
    endloop
  endfacet
  facet normal 0.32143946659727024 -0.946930129055815 0
    outer loop
      vertex 43.03527618199587 0.13629669696092606 0
      vertex 43.5307337269187 0.3044818714261055 0
      vertex 43.03527618199587 0.13629669696092606 2.4000000000000004
    endloop
  endfacet
  facet normal 0.44228868998100634 -0.8968727416500544 0
    outer loop
      vertex 43.5307337269187 0.3044818714261055 0
      vertex 44 0.5358983874320984 0
      vertex 43.5307337269187 0.3044818714261055 2.4000000000000004
    endloop
  endfacet
  facet normal 0.5555702302277682 -0.8314696141679891 0
    outer loop
      vertex 44 0.5358983874320984 0
      vertex 44.43504571914673 0.8265866413712502 0
      vertex 44 0.5358983874320984 2.4000000000000004
    endloop
  endfacet
  facet normal 0.32143946659727024 -0.946930129055815 0
    outer loop
      vertex 43.03527618199587 0.13629669696092606 2.4000000000000004
      vertex 43.5307337269187 0.3044818714261055 0
      vertex 43.5307337269187 0.3044818714261055 2.4000000000000004
    endloop
  endfacet
  facet normal 0.44228868998100634 -0.8968727416500544 0
    outer loop
      vertex 44 0.5358983874320984 0
      vertex 44 0.5358983874320984 2.4000000000000004
      vertex 43.5307337269187 0.3044818714261055 2.4000000000000004
    endloop
  endfacet
  facet normal 0.5555702302277682 -0.8314696141679891 0
    outer loop
      vertex 44.43504571914673 0.8265866413712502 0
      vertex 44.43504571914673 0.8265866413712502 2.4000000000000004
      vertex 44 0.5358983874320984 2.4000000000000004
    endloop
  endfacet
  facet normal 0.6593458228172266 -0.7518398007112116 0
    outer loop
      vertex 44.43504571914673 0.8265866413712502 0
      vertex 44.828427121043205 1.1715728789567947 0
      vertex 44.43504571914673 0.8265866413712502 2.4000000000000004
    endloop
  endfacet
  facet normal 0.7518398007112116 -0.6593458228172266 0
    outer loop
      vertex 44.828427121043205 1.1715728789567947 0
      vertex 45.17341335862875 1.5649542808532715 0
      vertex 44.828427121043205 1.1715728789567947 2.4000000000000004
    endloop
  endfacet
  facet normal 0.8314696141679891 -0.5555702302277682 0
    outer loop
      vertex 45.17341335862875 1.5649542808532715 0
      vertex 45.4641016125679 2 0
      vertex 45.17341335862875 1.5649542808532715 2.4000000000000004
    endloop
  endfacet
  facet normal 0.8968727416500544 -0.44228868998100634 0
    outer loop
      vertex 45.4641016125679 2 0
      vertex 45.695518128573895 2.4692662730813026 0
      vertex 45.4641016125679 2 2.4000000000000004
    endloop
  endfacet
  facet normal 0.6593458228172266 -0.7518398007112116 0
    outer loop
      vertex 44.828427121043205 1.1715728789567947 0
      vertex 44.828427121043205 1.1715728789567947 2.4000000000000004
      vertex 44.43504571914673 0.8265866413712502 2.4000000000000004
    endloop
  endfacet
  facet normal 0.7518398007112116 -0.6593458228172266 0
    outer loop
      vertex 45.17341335862875 1.5649542808532715 0
      vertex 45.17341335862875 1.5649542808532715 2.4000000000000004
      vertex 44.828427121043205 1.1715728789567947 2.4000000000000004
    endloop
  endfacet
  facet normal 0.8314696141679891 -0.5555702302277682 0
    outer loop
      vertex 45.4641016125679 2 0
      vertex 45.4641016125679 2 2.4000000000000004
      vertex 45.17341335862875 1.5649542808532715 2.4000000000000004
    endloop
  endfacet
  facet normal 0.8968727416500544 -0.44228868998100634 0
    outer loop
      vertex 45.695518128573895 2.4692662730813026 0
      vertex 45.695518128573895 2.4692662730813026 2.4000000000000004
      vertex 45.4641016125679 2 2.4000000000000004
    endloop
  endfacet
  facet normal 0.946930129055815 -0.32143946659727024 0
    outer loop
      vertex 45.695518128573895 2.4692662730813026 0
      vertex 45.863703303039074 2.9647238180041313 0
      vertex 45.695518128573895 2.4692662730813026 2.4000000000000004
    endloop
  endfacet
  facet normal 0.9807852794583503 -0.19509032676636193 0
    outer loop
      vertex 45.863703303039074 2.9647238180041313 0
      vertex 45.965779446065426 3.4778952300548553 0
      vertex 45.863703303039074 2.9647238180041313 2.4000000000000004
    endloop
  endfacet
  facet normal 0.9978589233184302 -0.06540312801222276 0
    outer loop
      vertex 45.965779446065426 3.4778952300548553 0
      vertex 46 4 0
      vertex 45.965779446065426 3.4778952300548553 2.4000000000000004
    endloop
  endfacet
  facet normal 0.946930129055815 -0.32143946659727024 0
    outer loop
      vertex 45.863703303039074 2.9647238180041313 0
      vertex 45.863703303039074 2.9647238180041313 2.4000000000000004
      vertex 45.695518128573895 2.4692662730813026 2.4000000000000004
    endloop
  endfacet
  facet normal 0.9807852794583503 -0.19509032676636193 0
    outer loop
      vertex 45.965779446065426 3.4778952300548553 0
      vertex 45.965779446065426 3.4778952300548553 2.4000000000000004
      vertex 45.863703303039074 2.9647238180041313 2.4000000000000004
    endloop
  endfacet
  facet normal 0.9978589233184302 -0.06540312801222276 0
    outer loop
      vertex 46 4 0
      vertex 46 4 2.4000000000000004
      vertex 45.965779446065426 3.4778952300548553 2.4000000000000004
    endloop
  endfacet
  facet normal 0 0 -1
    outer loop
      vertex 46 77 0
      vertex 30.547975991650517 8.330513714810465 0
      vertex 30.460769515458672 8.2 0
    endloop
  endfacet
  facet normal 0 0 -1
    outer loop
      vertex 46 77 0
      vertex 30.651471862576145 8.448528137423857 0
      vertex 30.547975991650517 8.330513714810465 0
    endloop
  endfacet
  facet normal 0 0 -1
    outer loop
      vertex 46 77 0
      vertex 30.769486285189537 8.552024008349482 0
      vertex 30.651471862576145 8.448528137423857 0
    endloop
  endfacet
  facet normal 0 0 -1
    outer loop
      vertex 46 77 0
      vertex 30.9 8.639230484541326 0
      vertex 30.769486285189537 8.552024008349482 0
    endloop
  endfacet
  facet normal 0 0 -1
    outer loop
      vertex 46 77 0
      vertex 31.040779881161892 8.708655439013544 0
      vertex 30.9 8.639230484541326 0
    endloop
  endfacet
  facet normal 0 0 -1
    outer loop
      vertex 46 77 0
      vertex 31.189417145876973 8.759110991546882 0
      vertex 31.040779881161892 8.708655439013544 0
    endloop
  endfacet
  facet normal 0 0 -1
    outer loop
      vertex 46 77 0
      vertex 31.343368569335937 8.789733833648572 0
      vertex 31.189417145876973 8.759110991546882 0
    endloop
  endfacet
  facet normal 0 0 -1
    outer loop
      vertex 46 77 0
      vertex 31.5 8.799999999999999 0
      vertex 31.343368569335937 8.789733833648572 0
    endloop
  endfacet
  facet normal 0 0 -1
    outer loop
      vertex 46 77 0
      vertex 31.656631430664063 8.789733833648572 0
      vertex 31.5 8.799999999999999 0
    endloop
  endfacet
  facet normal 0 0 -1
    outer loop
      vertex 46 77 0
      vertex 31.810582854123027 8.759110991546882 0
      vertex 31.656631430664063 8.789733833648572 0
    endloop
  endfacet
  facet normal 0 0 -1
    outer loop
      vertex 46 77 0
      vertex 31.959220118838108 8.708655439013544 0
      vertex 31.810582854123027 8.759110991546882 0
    endloop
  endfacet
  facet normal 0 0 -1
    outer loop
      vertex 46 77 0
      vertex 32.1 8.639230484541326 0
      vertex 31.959220118838108 8.708655439013544 0
    endloop
  endfacet
  facet normal 0 0 -1
    outer loop
      vertex 46 77 0
      vertex 32.23051371481046 8.552024008349482 0
      vertex 32.1 8.639230484541326 0
    endloop
  endfacet
  facet normal 0 0 -1
    outer loop
      vertex 46 77 0
      vertex 32.45202400834948 8.330513714810465 0
      vertex 32.348528137423855 8.448528137423857 0
    endloop
  endfacet
  facet normal 0 0 -1
    outer loop
      vertex 46 77 0
      vertex 32.53923048454133 8.2 0
      vertex 32.45202400834948 8.330513714810465 0
    endloop
  endfacet
  facet normal 0 0 -1
    outer loop
      vertex 46 77 0
      vertex 32.348528137423855 8.448528137423857 0
      vertex 32.23051371481046 8.552024008349482 0
    endloop
  endfacet
  facet normal 0 0 -1
    outer loop
      vertex 46 77 0
      vertex 32.608655439013546 8.059220118838107 0
      vertex 32.53923048454133 8.2 0
    endloop
  endfacet
  facet normal 0 0 1
    outer loop
      vertex 25.5 12.880041708525303 2.4000000000000004
      vertex 35 9.5 2.4000000000000004
      vertex 46 77 2.4000000000000004
    endloop
  endfacet
  facet normal 0 0 -1
    outer loop
      vertex 46 77 0
      vertex 35 9.5 0
      vertex 32.608655439013546 8.059220118838107 0
    endloop
  endfacet
  facet normal 0 0 -1
    outer loop
      vertex 46 77 0
      vertex 39.5 9.5 0
      vertex 35 9.5 0
    endloop
  endfacet
  facet normal 0 0 1
    outer loop
      vertex 46 77 2.4000000000000004
      vertex 35 9.5 2.4000000000000004
      vertex 39.5 9.5 2.4000000000000004
    endloop
  endfacet
  facet normal 0 0 1
    outer loop
      vertex 46 77 2.4000000000000004
      vertex 39.5 9.5 2.4000000000000004
      vertex 39.5 4 2.4000000000000004
    endloop
  endfacet
  facet normal 0 0 -1
    outer loop
      vertex 46 4 0
      vertex 39.5 9.5 0
      vertex 46 77 0
    endloop
  endfacet
  facet normal 1 0 0
    outer loop
      vertex 46 4 0
      vertex 46 77 0
      vertex 46 4 2.4000000000000004
    endloop
  endfacet
  facet normal 0 0 1
    outer loop
      vertex 46 4 2.4000000000000004
      vertex 46 77 2.4000000000000004
      vertex 39.5 4 2.4000000000000004
    endloop
  endfacet
  facet normal 0 0 -1
    outer loop
      vertex 0 4 0
      vertex 24.159110991546882 77.58941714587698 0
      vertex 45.863703303039074 78.03527618199587 0
    endloop
  endfacet
  facet normal 0 0 -1
    outer loop
      vertex 0.03422055393457413 3.4778952300548553 0
      vertex 45.965779446065426 77.52210476994514 0
      vertex 46 77 0
    endloop
  endfacet
  facet normal 0 0 -1
    outer loop
      vertex 0 4 0
      vertex 45.863703303039074 78.03527618199587 0
      vertex 45.965779446065426 77.52210476994514 0
    endloop
  endfacet
  facet normal 0 0 1
    outer loop
      vertex 25.5 12.880041708525303 2.4000000000000004
      vertex 45.965779446065426 77.52210476994514 2.4000000000000004
      vertex 25.5 64.36895804200307 2.4000000000000004
    endloop
  endfacet
  facet normal 0 0 1
    outer loop
      vertex 25.5 64.36895804200307 2.4000000000000004
      vertex 23 75.80000000000001 2.4000000000000004
      vertex 22.725894996337892 75.817965791115 2.4000000000000004
    endloop
  endfacet
  facet normal 0 0 1
    outer loop
      vertex 25.5 64.36895804200307 2.4000000000000004
      vertex 23.274105003662108 75.817965791115 2.4000000000000004
      vertex 23 75.80000000000001 2.4000000000000004
    endloop
  endfacet
  facet normal 0 0 1
    outer loop
      vertex 25.5 64.36895804200307 2.4000000000000004
      vertex 23.543519994715293 75.87155576479296 2.4000000000000004
      vertex 23.274105003662108 75.817965791115 2.4000000000000004
    endloop
  endfacet
  facet normal 0 0 1
    outer loop
      vertex 25.5 64.36895804200307 2.4000000000000004
      vertex 23.80363520796669 75.9598529817263 2.4000000000000004
      vertex 23.543519994715293 75.87155576479296 2.4000000000000004
    endloop
  endfacet
  facet normal 0 0 1
    outer loop
      vertex 25.5 64.36895804200307 2.4000000000000004
      vertex 24.05 76.08134665205269 2.4000000000000004
      vertex 23.80363520796669 75.9598529817263 2.4000000000000004
    endloop
  endfacet
  facet normal 0 0 1
    outer loop
      vertex 25.5 64.36895804200307 2.4000000000000004
      vertex 24.278399000918313 76.23395798538841 2.4000000000000004
      vertex 24.05 76.08134665205269 2.4000000000000004
    endloop
  endfacet
  facet normal 0 0 1
    outer loop
      vertex 25.5 64.36895804200307 2.4000000000000004
      vertex 24.48492424049175 76.41507575950826 2.4000000000000004
      vertex 24.278399000918313 76.23395798538841 2.4000000000000004
    endloop
  endfacet
  facet normal 0 0 1
    outer loop
      vertex 25.5 64.36895804200307 2.4000000000000004
      vertex 24.666042014611595 76.62160099908169 2.4000000000000004
      vertex 24.48492424049175 76.41507575950826 2.4000000000000004
    endloop
  endfacet
  facet normal 0 0 1
    outer loop
      vertex 25.5 64.36895804200307 2.4000000000000004
      vertex 24.818653347947322 76.85000000000001 2.4000000000000004
      vertex 24.666042014611595 76.62160099908169 2.4000000000000004
    endloop
  endfacet
  facet normal 0 0 1
    outer loop
      vertex 25.5 64.36895804200307 2.4000000000000004
      vertex 24.940147018273702 77.09636479203331 2.4000000000000004
      vertex 24.818653347947322 76.85000000000001 2.4000000000000004
    endloop
  endfacet
  facet normal 0 0 1
    outer loop
      vertex 25.5 64.36895804200307 2.4000000000000004
      vertex 25.028444235207044 77.35648000528471 2.4000000000000004
      vertex 24.940147018273702 77.09636479203331 2.4000000000000004
    endloop
  endfacet
  facet normal 0 0 -1
    outer loop
      vertex 2.4692662730813026 80.6955181285739 0
      vertex 42 81 0
      vertex 42.522104769945145 80.96577944606543 0
    endloop
  endfacet
  facet normal 0 0 -1
    outer loop
      vertex 2 80.4641016125679 0
      vertex 42.522104769945145 80.96577944606543 0
      vertex 43.03527618199587 80.86370330303907 0
    endloop
  endfacet
  facet normal 0 0 -1
    outer loop
      vertex 1.5649542808532715 80.17341335862875 0
      vertex 43.03527618199587 80.86370330303907 0
      vertex 43.5307337269187 80.6955181285739 0
    endloop
  endfacet
  facet normal 0 1 0
    outer loop
      vertex 4 81 0
      vertex 42 81 2.4000000000000004
      vertex 42 81 0
    endloop
  endfacet
  facet normal 0 0 -1
    outer loop
      vertex 0.5358983874320984 79 0
      vertex 44.43504571914673 80.17341335862875 0
      vertex 44.828427121043205 79.8284271210432 0
    endloop
  endfacet
  facet normal 0 0 -1
    outer loop
      vertex 1.1715728789567947 79.8284271210432 0
      vertex 43.5307337269187 80.6955181285739 0
      vertex 44 80.4641016125679 0
    endloop
  endfacet
  facet normal 0 0 -1
    outer loop
      vertex 0.8265866413712502 79.43504571914673 0
      vertex 44 80.4641016125679 0
      vertex 44.43504571914673 80.17341335862875 0
    endloop
  endfacet
  facet normal 0 0 -1
    outer loop
      vertex 45.695518128573895 78.5307337269187 0
      vertex 24.159110991546882 77.58941714587698 0
      vertex 24.18973383364857 77.74336856933594 0
    endloop
  endfacet
  facet normal 0 0 -1
    outer loop
      vertex 45.695518128573895 78.5307337269187 0
      vertex 24.18973383364857 77.74336856933594 0
      vertex 24.2 77.9 0
    endloop
  endfacet
  facet normal 0 0 -1
    outer loop
      vertex 45.4641016125679 79 0
      vertex 24.18973383364857 78.05663143066407 0
      vertex 24.159110991546882 78.21058285412303 0
    endloop
  endfacet
  facet normal 0 0 -1
    outer loop
      vertex 45.695518128573895 78.5307337269187 0
      vertex 24.2 77.9 0
      vertex 24.18973383364857 78.05663143066407 0
    endloop
  endfacet
  facet normal 0 0 -1
    outer loop
      vertex 44.828427121043205 79.8284271210432 0
      vertex 23.156631430664063 79.08973383364858 0
      vertex 23 79.10000000000001 0
    endloop
  endfacet
  facet normal 0 0 -1
    outer loop
      vertex 44.828427121043205 79.8284271210432 0
      vertex 23.310582854123027 79.05911099154689 0
      vertex 23.156631430664063 79.08973383364858 0
    endloop
  endfacet
  facet normal 0 0 -1
    outer loop
      vertex 44.828427121043205 79.8284271210432 0
      vertex 23.459220118838108 79.00865543901355 0
      vertex 23.310582854123027 79.05911099154689 0
    endloop
  endfacet
  facet normal 0 0 -1
    outer loop
      vertex 45.17341335862875 79.43504571914673 0
      vertex 23.730513714810463 78.85202400834949 0
      vertex 23.6 78.93923048454133 0
    endloop
  endfacet
  facet normal 0 0 -1
    outer loop
      vertex 45.17341335862875 79.43504571914673 0
      vertex 23.6 78.93923048454133 0
      vertex 23.459220118838108 79.00865543901355 0
    endloop
  endfacet
  facet normal 0 0 -1
    outer loop
      vertex 45.17341335862875 79.43504571914673 0
      vertex 23.952024008349483 78.63051371481048 0
      vertex 23.848528137423855 78.74852813742386 0
    endloop
  endfacet
  facet normal 0 0 -1
    outer loop
      vertex 45.17341335862875 79.43504571914673 0
      vertex 23.848528137423855 78.74852813742386 0
      vertex 23.730513714810463 78.85202400834949 0
    endloop
  endfacet
  facet normal 0 0 -1
    outer loop
      vertex 45.4641016125679 79 0
      vertex 24.039230484541328 78.5 0
      vertex 23.952024008349483 78.63051371481048 0
    endloop
  endfacet
  facet normal 0 0 -1
    outer loop
      vertex 45.4641016125679 79 0
      vertex 24.108655439013543 78.35922011883811 0
      vertex 24.039230484541328 78.5 0
    endloop
  endfacet
  facet normal 0 0 -1
    outer loop
      vertex 45.4641016125679 79 0
      vertex 24.159110991546882 78.21058285412303 0
      vertex 24.108655439013543 78.35922011883811 0
    endloop
  endfacet
  facet normal 0 0 1
    outer loop
      vertex 2.4692662730813026 80.6955181285739 2.4000000000000004
      vertex 42.522104769945145 80.96577944606543 2.4000000000000004
      vertex 42 81 2.4000000000000004
    endloop
  endfacet
  facet normal 0 0 1
    outer loop
      vertex 2 80.4641016125679 2.4000000000000004
      vertex 43.03527618199587 80.86370330303907 2.4000000000000004
      vertex 42.522104769945145 80.96577944606543 2.4000000000000004
    endloop
  endfacet
  facet normal 0 0 1
    outer loop
      vertex 1.5649542808532715 80.17341335862875 2.4000000000000004
      vertex 43.5307337269187 80.6955181285739 2.4000000000000004
      vertex 43.03527618199587 80.86370330303907 2.4000000000000004
    endloop
  endfacet
  facet normal 0 0 1
    outer loop
      vertex 1.1715728789567947 79.8284271210432 2.4000000000000004
      vertex 44 80.4641016125679 2.4000000000000004
      vertex 43.5307337269187 80.6955181285739 2.4000000000000004
    endloop
  endfacet
  facet normal 0 0 1
    outer loop
      vertex 44 80.4641016125679 2.4000000000000004
      vertex 23 80 2.4000000000000004
      vertex 23.274105003662108 79.98203420888501 2.4000000000000004
    endloop
  endfacet
  facet normal 0 0 1
    outer loop
      vertex 44 80.4641016125679 2.4000000000000004
      vertex 23.274105003662108 79.98203420888501 2.4000000000000004
      vertex 23.543519994715293 79.92844423520705 2.4000000000000004
    endloop
  endfacet
  facet normal 0 0 1
    outer loop
      vertex 44 80.4641016125679 2.4000000000000004
      vertex 23.543519994715293 79.92844423520705 2.4000000000000004
      vertex 23.80363520796669 79.84014701827371 2.4000000000000004
    endloop
  endfacet
  facet normal 0 0 1
    outer loop
      vertex 44 80.4641016125679 2.4000000000000004
      vertex 23.80363520796669 79.84014701827371 2.4000000000000004
      vertex 24.05 79.71865334794732 2.4000000000000004
    endloop
  endfacet
  facet normal 0 0 1
    outer loop
      vertex 44.43504571914673 80.17341335862875 2.4000000000000004
      vertex 24.278399000918313 79.5660420146116 2.4000000000000004
      vertex 24.48492424049175 79.38492424049176 2.4000000000000004
    endloop
  endfacet
  facet normal 0 0 1
    outer loop
      vertex 44.828427121043205 79.8284271210432 2.4000000000000004
      vertex 24.666042014611595 79.17839900091832 2.4000000000000004
      vertex 24.818653347947322 78.95 2.4000000000000004
    endloop
  endfacet
  facet normal 0 0 1
    outer loop
      vertex 44.828427121043205 79.8284271210432 2.4000000000000004
      vertex 24.48492424049175 79.38492424049176 2.4000000000000004
      vertex 24.666042014611595 79.17839900091832 2.4000000000000004
    endloop
  endfacet
  facet normal 0 0 1
    outer loop
      vertex 44.43504571914673 80.17341335862875 2.4000000000000004
      vertex 24.05 79.71865334794732 2.4000000000000004
      vertex 24.278399000918313 79.5660420146116 2.4000000000000004
    endloop
  endfacet
  facet normal 0 0 1
    outer loop
      vertex 25.5 64.36895804200307 2.4000000000000004
      vertex 45.863703303039074 78.03527618199587 2.4000000000000004
      vertex 25.028444235207044 77.35648000528471 2.4000000000000004
    endloop
  endfacet
  facet normal 0 0 1
    outer loop
      vertex 45.695518128573895 78.5307337269187 2.4000000000000004
      vertex 25.082034208885002 77.62589499633789 2.4000000000000004
      vertex 25.028444235207044 77.35648000528471 2.4000000000000004
    endloop
  endfacet
  facet normal 0 0 1
    outer loop
      vertex 45.695518128573895 78.5307337269187 2.4000000000000004
      vertex 25.1 77.9 2.4000000000000004
      vertex 25.082034208885002 77.62589499633789 2.4000000000000004
    endloop
  endfacet
  facet normal 0 0 1
    outer loop
      vertex 45.4641016125679 79 2.4000000000000004
      vertex 25.082034208885002 78.17410500366212 2.4000000000000004
      vertex 25.1 77.9 2.4000000000000004
    endloop
  endfacet
  facet normal 0 0 1
    outer loop
      vertex 45.17341335862875 79.43504571914673 2.4000000000000004
      vertex 24.940147018273702 78.7036352079667 2.4000000000000004
      vertex 25.028444235207044 78.4435199947153 2.4000000000000004
    endloop
  endfacet
  facet normal 0 0 1
    outer loop
      vertex 45.17341335862875 79.43504571914673 2.4000000000000004
      vertex 24.818653347947322 78.95 2.4000000000000004
      vertex 24.940147018273702 78.7036352079667 2.4000000000000004
    endloop
  endfacet
  facet normal 0 0 1
    outer loop
      vertex 45.4641016125679 79 2.4000000000000004
      vertex 25.028444235207044 78.4435199947153 2.4000000000000004
      vertex 25.082034208885002 78.17410500366212 2.4000000000000004
    endloop
  endfacet
  facet normal 0 0 1
    outer loop
      vertex 25.5 12.880041708525303 2.4000000000000004
      vertex 46 77 2.4000000000000004
      vertex 45.965779446065426 77.52210476994514 2.4000000000000004
    endloop
  endfacet
  facet normal 1 0 0
    outer loop
      vertex 46 4 2.4000000000000004
      vertex 46 77 0
      vertex 46 77 2.4000000000000004
    endloop
  endfacet
  facet normal 0 0 1
    outer loop
      vertex 25.5 64.36895804200307 2.4000000000000004
      vertex 45.965779446065426 77.52210476994514 2.4000000000000004
      vertex 45.863703303039074 78.03527618199587 2.4000000000000004
    endloop
  endfacet
  facet normal 0 0 -1
    outer loop
      vertex 45.863703303039074 78.03527618199587 0
      vertex 24.159110991546882 77.58941714587698 0
      vertex 45.695518128573895 78.5307337269187 0
    endloop
  endfacet
  facet normal 0 0 -1
    outer loop
      vertex 45.17341335862875 79.43504571914673 0
      vertex 23.459220118838108 79.00865543901355 0
      vertex 44.828427121043205 79.8284271210432 0
    endloop
  endfacet
  facet normal 0 0 -1
    outer loop
      vertex 45.17341335862875 79.43504571914673 0
      vertex 45.4641016125679 79 0
      vertex 23.952024008349483 78.63051371481048 0
    endloop
  endfacet
  facet normal 0 0 -1
    outer loop
      vertex 45.4641016125679 79 0
      vertex 45.695518128573895 78.5307337269187 0
      vertex 24.18973383364857 78.05663143066407 0
    endloop
  endfacet
  facet normal 0 0 1
    outer loop
      vertex 44 80.4641016125679 2.4000000000000004
      vertex 24.05 79.71865334794732 2.4000000000000004
      vertex 44.43504571914673 80.17341335862875 2.4000000000000004
    endloop
  endfacet
  facet normal 0 0 1
    outer loop
      vertex 44.43504571914673 80.17341335862875 2.4000000000000004
      vertex 24.48492424049175 79.38492424049176 2.4000000000000004
      vertex 44.828427121043205 79.8284271210432 2.4000000000000004
    endloop
  endfacet
  facet normal 0 0 1
    outer loop
      vertex 45.17341335862875 79.43504571914673 2.4000000000000004
      vertex 44.828427121043205 79.8284271210432 2.4000000000000004
      vertex 24.818653347947322 78.95 2.4000000000000004
    endloop
  endfacet
  facet normal 0 0 1
    outer loop
      vertex 45.17341335862875 79.43504571914673 2.4000000000000004
      vertex 25.028444235207044 78.4435199947153 2.4000000000000004
      vertex 45.4641016125679 79 2.4000000000000004
    endloop
  endfacet
  facet normal 0 0 1
    outer loop
      vertex 45.4641016125679 79 2.4000000000000004
      vertex 25.1 77.9 2.4000000000000004
      vertex 45.695518128573895 78.5307337269187 2.4000000000000004
    endloop
  endfacet
  facet normal 0 0 1
    outer loop
      vertex 45.863703303039074 78.03527618199587 2.4000000000000004
      vertex 45.695518128573895 78.5307337269187 2.4000000000000004
      vertex 25.028444235207044 77.35648000528471 2.4000000000000004
    endloop
  endfacet
  facet normal 0.06540312801222276 0.9978589233184302 0
    outer loop
      vertex 42 81 0
      vertex 42.522104769945145 80.96577944606543 2.4000000000000004
      vertex 42.522104769945145 80.96577944606543 0
    endloop
  endfacet
  facet normal 0.19509032676636193 0.9807852794583503 0
    outer loop
      vertex 42.522104769945145 80.96577944606543 0
      vertex 43.03527618199587 80.86370330303907 2.4000000000000004
      vertex 43.03527618199587 80.86370330303907 0
    endloop
  endfacet
  facet normal 0.06540312801222276 0.9978589233184302 0
    outer loop
      vertex 42 81 0
      vertex 42 81 2.4000000000000004
      vertex 42.522104769945145 80.96577944606543 2.4000000000000004
    endloop
  endfacet
  facet normal 0.19509032676636193 0.9807852794583503 0
    outer loop
      vertex 42.522104769945145 80.96577944606543 0
      vertex 42.522104769945145 80.96577944606543 2.4000000000000004
      vertex 43.03527618199587 80.86370330303907 2.4000000000000004
    endloop
  endfacet
  facet normal 0.32143946659727024 0.946930129055815 0
    outer loop
      vertex 43.03527618199587 80.86370330303907 0
      vertex 43.5307337269187 80.6955181285739 2.4000000000000004
      vertex 43.5307337269187 80.6955181285739 0
    endloop
  endfacet
  facet normal 0.44228868998100634 0.8968727416500544 0
    outer loop
      vertex 43.5307337269187 80.6955181285739 0
      vertex 44 80.4641016125679 2.4000000000000004
      vertex 44 80.4641016125679 0
    endloop
  endfacet
  facet normal 0.5555702302277682 0.8314696141679891 0
    outer loop
      vertex 44 80.4641016125679 0
      vertex 44.43504571914673 80.17341335862875 2.4000000000000004
      vertex 44.43504571914673 80.17341335862875 0
    endloop
  endfacet
  facet normal 0.32143946659727024 0.946930129055815 0
    outer loop
      vertex 43.03527618199587 80.86370330303907 0
      vertex 43.03527618199587 80.86370330303907 2.4000000000000004
      vertex 43.5307337269187 80.6955181285739 2.4000000000000004
    endloop
  endfacet
  facet normal 0.44228868998100634 0.8968727416500544 0
    outer loop
      vertex 43.5307337269187 80.6955181285739 0
      vertex 43.5307337269187 80.6955181285739 2.4000000000000004
      vertex 44 80.4641016125679 2.4000000000000004
    endloop
  endfacet
  facet normal 0.5555702302277682 0.8314696141679891 0
    outer loop
      vertex 44 80.4641016125679 0
      vertex 44 80.4641016125679 2.4000000000000004
      vertex 44.43504571914673 80.17341335862875 2.4000000000000004
    endloop
  endfacet
  facet normal 0.9978589233184302 0.06540312801222276 0
    outer loop
      vertex 46 77 0
      vertex 45.965779446065426 77.52210476994514 0
      vertex 46 77 2.4000000000000004
    endloop
  endfacet
  facet normal 0.9807852794583503 0.19509032676636193 0
    outer loop
      vertex 45.965779446065426 77.52210476994514 0
      vertex 45.863703303039074 78.03527618199587 0
      vertex 45.965779446065426 77.52210476994514 2.4000000000000004
    endloop
  endfacet
  facet normal 0.946930129055815 0.32143946659727024 0
    outer loop
      vertex 45.863703303039074 78.03527618199587 0
      vertex 45.695518128573895 78.5307337269187 0
      vertex 45.863703303039074 78.03527618199587 2.4000000000000004
    endloop
  endfacet
  facet normal 0.9978589233184302 0.06540312801222276 0
    outer loop
      vertex 45.965779446065426 77.52210476994514 0
      vertex 45.965779446065426 77.52210476994514 2.4000000000000004
      vertex 46 77 2.4000000000000004
    endloop
  endfacet
  facet normal 0.946930129055815 0.32143946659727024 0
    outer loop
      vertex 45.695518128573895 78.5307337269187 0
      vertex 45.695518128573895 78.5307337269187 2.4000000000000004
      vertex 45.863703303039074 78.03527618199587 2.4000000000000004
    endloop
  endfacet
  facet normal 0.9807852794583503 0.19509032676636193 0
    outer loop
      vertex 45.863703303039074 78.03527618199587 0
      vertex 45.863703303039074 78.03527618199587 2.4000000000000004
      vertex 45.965779446065426 77.52210476994514 2.4000000000000004
    endloop
  endfacet
  facet normal 0.7518398007112116 0.6593458228172266 0
    outer loop
      vertex 45.17341335862875 79.43504571914673 0
      vertex 44.828427121043205 79.8284271210432 0
      vertex 45.17341335862875 79.43504571914673 2.4000000000000004
    endloop
  endfacet
  facet normal 0.6593458228172266 0.7518398007112116 0
    outer loop
      vertex 44.43504571914673 80.17341335862875 0
      vertex 44.828427121043205 79.8284271210432 2.4000000000000004
      vertex 44.828427121043205 79.8284271210432 0
    endloop
  endfacet
  facet normal 0.8968727416500544 0.44228868998100634 0
    outer loop
      vertex 45.4641016125679 79 0
      vertex 45.695518128573895 78.5307337269187 2.4000000000000004
      vertex 45.695518128573895 78.5307337269187 0
    endloop
  endfacet
  facet normal 0.8314696141679891 0.5555702302277682 0
    outer loop
      vertex 45.17341335862875 79.43504571914673 0
      vertex 45.4641016125679 79 2.4000000000000004
      vertex 45.4641016125679 79 0
    endloop
  endfacet
  facet normal 0.7518398007112116 0.6593458228172266 0
    outer loop
      vertex 44.828427121043205 79.8284271210432 0
      vertex 44.828427121043205 79.8284271210432 2.4000000000000004
      vertex 45.17341335862875 79.43504571914673 2.4000000000000004
    endloop
  endfacet
  facet normal 0.8314696141679891 0.5555702302277682 0
    outer loop
      vertex 45.17341335862875 79.43504571914673 0
      vertex 45.17341335862875 79.43504571914673 2.4000000000000004
      vertex 45.4641016125679 79 2.4000000000000004
    endloop
  endfacet
  facet normal 0.6593458228172266 0.7518398007112116 0
    outer loop
      vertex 44.43504571914673 80.17341335862875 0
      vertex 44.43504571914673 80.17341335862875 2.4000000000000004
      vertex 44.828427121043205 79.8284271210432 2.4000000000000004
    endloop
  endfacet
  facet normal 0.8968727416500544 0.44228868998100634 0
    outer loop
      vertex 45.4641016125679 79 0
      vertex 45.4641016125679 79 2.4000000000000004
      vertex 45.695518128573895 78.5307337269187 2.4000000000000004
    endloop
  endfacet
  facet normal 0.8314696123025492 0.5555702330195965 0
    outer loop
      vertex 13.460769515458674 7 2.4000000000000004
      vertex 13.547975991650517 6.869486285189534 0
      vertex 13.460769515458674 7 0
    endloop
  endfacet
  facet normal 0.7518398074789753 0.6593458151000713 0
    outer loop
      vertex 13.547975991650517 6.869486285189534 2.4000000000000004
      vertex 13.651471862576143 6.7514718625761425 0
      vertex 13.547975991650517 6.869486285189534 0
    endloop
  endfacet
  facet normal 0.9469301294951058 0.32143946530316087 0
    outer loop
      vertex 13.340889008453118 7.289417145876975 2.4000000000000004
      vertex 13.391344560986456 7.140779881161892 0
      vertex 13.340889008453118 7.289417145876975 0
    endloop
  endfacet
  facet normal 0.8968727415326867 0.44228869021900463 0
    outer loop
      vertex 13.391344560986456 7.140779881161892 2.4000000000000004
      vertex 13.460769515458674 7 0
      vertex 13.391344560986456 7.140779881161892 0
    endloop
  endfacet
  facet normal 0.9807852804032303 0.19509032201612933 0
    outer loop
      vertex 13.310266166351427 7.443368569335938 2.4000000000000004
      vertex 13.340889008453118 7.289417145876975 0
      vertex 13.310266166351427 7.443368569335938 0
    endloop
  endfacet
  facet normal 0.9978589232386039 0.06540312923013689 0
    outer loop
      vertex 13.3 7.6 2.4000000000000004
      vertex 13.310266166351427 7.443368569335938 0
      vertex 13.3 7.6 0
    endloop
  endfacet
  facet normal 0.5555702330195965 0.8314696123025492 0
    outer loop
      vertex 13.769486285189535 6.647975991650517 2.4000000000000004
      vertex 13.9 6.560769515458674 0
      vertex 13.769486285189535 6.647975991650517 0
    endloop
  endfacet
  facet normal 0.6593458151000713 0.7518398074789753 0
    outer loop
      vertex 13.651471862576143 6.7514718625761425 2.4000000000000004
      vertex 13.769486285189535 6.647975991650517 0
      vertex 13.651471862576143 6.7514718625761425 0
    endloop
  endfacet
  facet normal 0.44228869021900463 0.8968727415326867 0
    outer loop
      vertex 13.9 6.560769515458674 2.4000000000000004
      vertex 14.040779881161892 6.491344560986455 0
      vertex 13.9 6.560769515458674 0
    endloop
  endfacet
  facet normal 0.32143946530316087 0.9469301294951058 0
    outer loop
      vertex 14.040779881161892 6.491344560986455 2.4000000000000004
      vertex 14.189417145876975 6.440889008453118 0
      vertex 14.040779881161892 6.491344560986455 0
    endloop
  endfacet
  facet normal 0.19509032201612933 0.9807852804032303 0
    outer loop
      vertex 14.189417145876975 6.440889008453118 2.4000000000000004
      vertex 14.343368569335938 6.410266166351427 0
      vertex 14.189417145876975 6.440889008453118 0
    endloop
  endfacet
  facet normal 0.8314696123025492 0.5555702330195965 0
    outer loop
      vertex 13.460769515458674 7 2.4000000000000004
      vertex 13.547975991650517 6.869486285189534 2.4000000000000004
      vertex 13.547975991650517 6.869486285189534 0
    endloop
  endfacet
  facet normal 0.7518398074789753 0.6593458151000713 0
    outer loop
      vertex 13.547975991650517 6.869486285189534 2.4000000000000004
      vertex 13.651471862576143 6.7514718625761425 2.4000000000000004
      vertex 13.651471862576143 6.7514718625761425 0
    endloop
  endfacet
  facet normal 0.9469301294951058 0.32143946530316087 0
    outer loop
      vertex 13.340889008453118 7.289417145876975 2.4000000000000004
      vertex 13.391344560986456 7.140779881161892 2.4000000000000004
      vertex 13.391344560986456 7.140779881161892 0
    endloop
  endfacet
  facet normal 0.8968727415326867 0.44228869021900463 0
    outer loop
      vertex 13.391344560986456 7.140779881161892 2.4000000000000004
      vertex 13.460769515458674 7 2.4000000000000004
      vertex 13.460769515458674 7 0
    endloop
  endfacet
  facet normal 0.9807852804032303 0.19509032201612933 0
    outer loop
      vertex 13.310266166351427 7.443368569335938 2.4000000000000004
      vertex 13.340889008453118 7.289417145876975 2.4000000000000004
      vertex 13.340889008453118 7.289417145876975 0
    endloop
  endfacet
  facet normal 0.9978589232386039 0.06540312923013689 0
    outer loop
      vertex 13.3 7.6 2.4000000000000004
      vertex 13.310266166351427 7.443368569335938 2.4000000000000004
      vertex 13.310266166351427 7.443368569335938 0
    endloop
  endfacet
  facet normal 0.6593458151000713 0.7518398074789753 0
    outer loop
      vertex 13.769486285189535 6.647975991650517 2.4000000000000004
      vertex 13.769486285189535 6.647975991650517 0
      vertex 13.651471862576143 6.7514718625761425 2.4000000000000004
    endloop
  endfacet
  facet normal 0.5555702330195965 0.8314696123025492 0
    outer loop
      vertex 13.9 6.560769515458674 2.4000000000000004
      vertex 13.9 6.560769515458674 0
      vertex 13.769486285189535 6.647975991650517 2.4000000000000004
    endloop
  endfacet
  facet normal 0.44228869021900463 0.8968727415326867 0
    outer loop
      vertex 14.040779881161892 6.491344560986455 2.4000000000000004
      vertex 14.040779881161892 6.491344560986455 0
      vertex 13.9 6.560769515458674 2.4000000000000004
    endloop
  endfacet
  facet normal 0.32143946530316087 0.9469301294951058 0
    outer loop
      vertex 14.189417145876975 6.440889008453118 2.4000000000000004
      vertex 14.189417145876975 6.440889008453118 0
      vertex 14.040779881161892 6.491344560986455 2.4000000000000004
    endloop
  endfacet
  facet normal 0.19509032201612933 0.9807852804032303 0
    outer loop
      vertex 14.343368569335938 6.410266166351427 2.4000000000000004
      vertex 14.343368569335938 6.410266166351427 0
      vertex 14.189417145876975 6.440889008453118 2.4000000000000004
    endloop
  endfacet
  facet normal 0.9978589232386039 -0.06540312923013689 0
    outer loop
      vertex 13.310266166351427 7.756631430664061 2.4000000000000004
      vertex 13.3 7.6 0
      vertex 13.310266166351427 7.756631430664061 0
    endloop
  endfacet
  facet normal 0.9807852804032303 -0.19509032201612933 0
    outer loop
      vertex 13.340889008453118 7.9105828541230245 2.4000000000000004
      vertex 13.310266166351427 7.756631430664061 0
      vertex 13.340889008453118 7.9105828541230245 0
    endloop
  endfacet
  facet normal 0.9469301294951058 -0.32143946530316087 0
    outer loop
      vertex 13.391344560986456 8.059220118838107 2.4000000000000004
      vertex 13.340889008453118 7.9105828541230245 0
      vertex 13.391344560986456 8.059220118838107 0
    endloop
  endfacet
  facet normal 0.8968727415326867 -0.44228869021900463 0
    outer loop
      vertex 13.460769515458674 8.2 2.4000000000000004
      vertex 13.391344560986456 8.059220118838107 0
      vertex 13.460769515458674 8.2 0
    endloop
  endfacet
  facet normal 0.8314696123025492 -0.5555702330195965 0
    outer loop
      vertex 13.547975991650517 8.330513714810465 2.4000000000000004
      vertex 13.460769515458674 8.2 0
      vertex 13.547975991650517 8.330513714810465 0
    endloop
  endfacet
  facet normal 0.7518398074789753 -0.6593458151000713 0
    outer loop
      vertex 13.651471862576143 8.448528137423857 2.4000000000000004
      vertex 13.547975991650517 8.330513714810465 0
      vertex 13.651471862576143 8.448528137423857 0
    endloop
  endfacet
  facet normal 0.6593458151000713 -0.7518398074789753 0
    outer loop
      vertex 13.769486285189535 8.552024008349482 2.4000000000000004
      vertex 13.651471862576143 8.448528137423857 0
      vertex 13.769486285189535 8.552024008349482 0
    endloop
  endfacet
  facet normal 0.5555702330195965 -0.8314696123025492 0
    outer loop
      vertex 13.9 8.639230484541326 2.4000000000000004
      vertex 13.769486285189535 8.552024008349482 0
      vertex 13.9 8.639230484541326 0
    endloop
  endfacet
  facet normal 0.44228869021900463 -0.8968727415326867 0
    outer loop
      vertex 14.040779881161892 8.708655439013544 2.4000000000000004
      vertex 13.9 8.639230484541326 0
      vertex 14.040779881161892 8.708655439013544 0
    endloop
  endfacet
  facet normal 0.32143946530316087 -0.9469301294951058 0
    outer loop
      vertex 14.189417145876975 8.759110991546882 2.4000000000000004
      vertex 14.040779881161892 8.708655439013544 0
      vertex 14.189417145876975 8.759110991546882 0
    endloop
  endfacet
  facet normal 0.19509032201612933 -0.9807852804032303 0
    outer loop
      vertex 14.343368569335938 8.789733833648572 2.4000000000000004
      vertex 14.189417145876975 8.759110991546882 0
      vertex 14.343368569335938 8.789733833648572 0
    endloop
  endfacet
  facet normal 0.9978589232386039 -0.06540312923013689 0
    outer loop
      vertex 13.310266166351427 7.756631430664061 2.4000000000000004
      vertex 13.3 7.6 2.4000000000000004
      vertex 13.3 7.6 0
    endloop
  endfacet
  facet normal 0.9807852804032303 -0.19509032201612933 0
    outer loop
      vertex 13.340889008453118 7.9105828541230245 2.4000000000000004
      vertex 13.310266166351427 7.756631430664061 2.4000000000000004
      vertex 13.310266166351427 7.756631430664061 0
    endloop
  endfacet
  facet normal 0.9469301294951058 -0.32143946530316087 0
    outer loop
      vertex 13.391344560986456 8.059220118838107 2.4000000000000004
      vertex 13.340889008453118 7.9105828541230245 2.4000000000000004
      vertex 13.340889008453118 7.9105828541230245 0
    endloop
  endfacet
  facet normal 0.8968727415326867 -0.44228869021900463 0
    outer loop
      vertex 13.460769515458674 8.2 2.4000000000000004
      vertex 13.391344560986456 8.059220118838107 2.4000000000000004
      vertex 13.391344560986456 8.059220118838107 0
    endloop
  endfacet
  facet normal 0.8314696123025492 -0.5555702330195965 0
    outer loop
      vertex 13.547975991650517 8.330513714810465 2.4000000000000004
      vertex 13.460769515458674 8.2 2.4000000000000004
      vertex 13.460769515458674 8.2 0
    endloop
  endfacet
  facet normal 0.7518398074789753 -0.6593458151000713 0
    outer loop
      vertex 13.651471862576143 8.448528137423857 2.4000000000000004
      vertex 13.547975991650517 8.330513714810465 2.4000000000000004
      vertex 13.547975991650517 8.330513714810465 0
    endloop
  endfacet
  facet normal 0.6593458151000713 -0.7518398074789753 0
    outer loop
      vertex 13.651471862576143 8.448528137423857 2.4000000000000004
      vertex 13.651471862576143 8.448528137423857 0
      vertex 13.769486285189535 8.552024008349482 2.4000000000000004
    endloop
  endfacet
  facet normal 0.5555702330195965 -0.8314696123025492 0
    outer loop
      vertex 13.769486285189535 8.552024008349482 2.4000000000000004
      vertex 13.769486285189535 8.552024008349482 0
      vertex 13.9 8.639230484541326 2.4000000000000004
    endloop
  endfacet
  facet normal 0.44228869021900463 -0.8968727415326867 0
    outer loop
      vertex 13.9 8.639230484541326 2.4000000000000004
      vertex 13.9 8.639230484541326 0
      vertex 14.040779881161892 8.708655439013544 2.4000000000000004
    endloop
  endfacet
  facet normal 0.32143946530316087 -0.9469301294951058 0
    outer loop
      vertex 14.040779881161892 8.708655439013544 2.4000000000000004
      vertex 14.040779881161892 8.708655439013544 0
      vertex 14.189417145876975 8.759110991546882 2.4000000000000004
    endloop
  endfacet
  facet normal 0.19509032201612933 -0.9807852804032303 0
    outer loop
      vertex 14.189417145876975 8.759110991546882 2.4000000000000004
      vertex 14.189417145876975 8.759110991546882 0
      vertex 14.343368569335938 8.789733833648572 2.4000000000000004
    endloop
  endfacet
  facet normal 0.06540312923014252 0.9978589232386036 0
    outer loop
      vertex 14.343368569335938 6.410266166351427 2.4000000000000004
      vertex 14.5 6.3999999999999995 0
      vertex 14.343368569335938 6.410266166351427 0
    endloop
  endfacet
  facet normal -0.06540312923014252 0.9978589232386036 0
    outer loop
      vertex 14.5 6.3999999999999995 2.4000000000000004
      vertex 14.656631430664062 6.410266166351427 0
      vertex 14.5 6.3999999999999995 0
    endloop
  endfacet
  facet normal -0.19509032201612933 0.9807852804032303 0
    outer loop
      vertex 14.656631430664062 6.410266166351427 2.4000000000000004
      vertex 14.810582854123025 6.440889008453118 0
      vertex 14.656631430664062 6.410266166351427 0
    endloop
  endfacet
  facet normal -0.32143946530316087 0.9469301294951058 0
    outer loop
      vertex 14.810582854123025 6.440889008453118 2.4000000000000004
      vertex 14.959220118838108 6.491344560986455 0
      vertex 14.810582854123025 6.440889008453118 0
    endloop
  endfacet
  facet normal -0.44228869021900463 0.8968727415326867 0
    outer loop
      vertex 14.959220118838108 6.491344560986455 2.4000000000000004
      vertex 15.1 6.560769515458674 0
      vertex 14.959220118838108 6.491344560986455 0
    endloop
  endfacet
  facet normal -0.5555702330195965 0.8314696123025492 0
    outer loop
      vertex 15.1 6.560769515458674 2.4000000000000004
      vertex 15.230513714810465 6.647975991650517 0
      vertex 15.1 6.560769515458674 0
    endloop
  endfacet
  facet normal -0.6593458151000713 0.7518398074789753 0
    outer loop
      vertex 15.230513714810465 6.647975991650517 2.4000000000000004
      vertex 15.348528137423857 6.7514718625761425 0
      vertex 15.230513714810465 6.647975991650517 0
    endloop
  endfacet
  facet normal -0.7518398074789753 0.6593458151000713 0
    outer loop
      vertex 15.348528137423857 6.7514718625761425 0
      vertex 15.348528137423857 6.7514718625761425 2.4000000000000004
      vertex 15.452024008349483 6.869486285189534 0
    endloop
  endfacet
  facet normal -0.8314696123025492 0.5555702330195965 0
    outer loop
      vertex 15.452024008349483 6.869486285189534 2.4000000000000004
      vertex 15.539230484541326 7 0
      vertex 15.452024008349483 6.869486285189534 0
    endloop
  endfacet
  facet normal -0.8968727415326867 0.44228869021900463 0
    outer loop
      vertex 15.539230484541326 7 2.4000000000000004
      vertex 15.608655439013544 7.140779881161892 0
      vertex 15.539230484541326 7 0
    endloop
  endfacet
  facet normal -0.9469301294951058 0.32143946530316087 0
    outer loop
      vertex 15.608655439013544 7.140779881161892 2.4000000000000004
      vertex 15.659110991546882 7.289417145876975 0
      vertex 15.608655439013544 7.140779881161892 0
    endloop
  endfacet
  facet normal -0.9807852804032303 0.19509032201612933 0
    outer loop
      vertex 15.659110991546882 7.289417145876975 2.4000000000000004
      vertex 15.689733833648573 7.443368569335938 0
      vertex 15.659110991546882 7.289417145876975 0
    endloop
  endfacet
  facet normal -0.9978589232386039 0.06540312923013689 0
    outer loop
      vertex 15.689733833648573 7.443368569335938 2.4000000000000004
      vertex 15.7 7.6 0
      vertex 15.689733833648573 7.443368569335938 0
    endloop
  endfacet
  facet normal 0.06540312923014252 0.9978589232386036 0
    outer loop
      vertex 14.5 6.3999999999999995 2.4000000000000004
      vertex 14.5 6.3999999999999995 0
      vertex 14.343368569335938 6.410266166351427 2.4000000000000004
    endloop
  endfacet
  facet normal -0.06540312923014252 0.9978589232386036 0
    outer loop
      vertex 14.656631430664062 6.410266166351427 2.4000000000000004
      vertex 14.656631430664062 6.410266166351427 0
      vertex 14.5 6.3999999999999995 2.4000000000000004
    endloop
  endfacet
  facet normal -0.19509032201612933 0.9807852804032303 0
    outer loop
      vertex 14.810582854123025 6.440889008453118 2.4000000000000004
      vertex 14.810582854123025 6.440889008453118 0
      vertex 14.656631430664062 6.410266166351427 2.4000000000000004
    endloop
  endfacet
  facet normal -0.32143946530316087 0.9469301294951058 0
    outer loop
      vertex 14.959220118838108 6.491344560986455 2.4000000000000004
      vertex 14.959220118838108 6.491344560986455 0
      vertex 14.810582854123025 6.440889008453118 2.4000000000000004
    endloop
  endfacet
  facet normal -0.44228869021900463 0.8968727415326867 0
    outer loop
      vertex 15.1 6.560769515458674 2.4000000000000004
      vertex 15.1 6.560769515458674 0
      vertex 14.959220118838108 6.491344560986455 2.4000000000000004
    endloop
  endfacet
  facet normal -0.5555702330195965 0.8314696123025492 0
    outer loop
      vertex 15.230513714810465 6.647975991650517 2.4000000000000004
      vertex 15.230513714810465 6.647975991650517 0
      vertex 15.1 6.560769515458674 2.4000000000000004
    endloop
  endfacet
  facet normal -0.6593458151000713 0.7518398074789753 0
    outer loop
      vertex 15.348528137423857 6.7514718625761425 2.4000000000000004
      vertex 15.348528137423857 6.7514718625761425 0
      vertex 15.230513714810465 6.647975991650517 2.4000000000000004
    endloop
  endfacet
  facet normal -0.7518398074789753 0.6593458151000713 0
    outer loop
      vertex 15.348528137423857 6.7514718625761425 2.4000000000000004
      vertex 15.452024008349483 6.869486285189534 2.4000000000000004
      vertex 15.452024008349483 6.869486285189534 0
    endloop
  endfacet
  facet normal -0.8314696123025492 0.5555702330195965 0
    outer loop
      vertex 15.452024008349483 6.869486285189534 2.4000000000000004
      vertex 15.539230484541326 7 2.4000000000000004
      vertex 15.539230484541326 7 0
    endloop
  endfacet
  facet normal -0.8968727415326867 0.44228869021900463 0
    outer loop
      vertex 15.539230484541326 7 2.4000000000000004
      vertex 15.608655439013544 7.140779881161892 2.4000000000000004
      vertex 15.608655439013544 7.140779881161892 0
    endloop
  endfacet
  facet normal -0.9469301294951058 0.32143946530316087 0
    outer loop
      vertex 15.608655439013544 7.140779881161892 2.4000000000000004
      vertex 15.659110991546882 7.289417145876975 2.4000000000000004
      vertex 15.659110991546882 7.289417145876975 0
    endloop
  endfacet
  facet normal -0.9807852804032303 0.19509032201612933 0
    outer loop
      vertex 15.659110991546882 7.289417145876975 2.4000000000000004
      vertex 15.689733833648573 7.443368569335938 2.4000000000000004
      vertex 15.689733833648573 7.443368569335938 0
    endloop
  endfacet
  facet normal -0.9978589232386039 0.06540312923013689 0
    outer loop
      vertex 15.689733833648573 7.443368569335938 2.4000000000000004
      vertex 15.7 7.6 2.4000000000000004
      vertex 15.7 7.6 0
    endloop
  endfacet
  facet normal 0.06540312923013689 -0.9978589232386039 0
    outer loop
      vertex 14.5 8.799999999999999 2.4000000000000004
      vertex 14.343368569335938 8.789733833648572 0
      vertex 14.5 8.799999999999999 0
    endloop
  endfacet
  facet normal -0.06540312923013689 -0.9978589232386039 0
    outer loop
      vertex 14.656631430664062 8.789733833648572 2.4000000000000004
      vertex 14.5 8.799999999999999 0
      vertex 14.656631430664062 8.789733833648572 0
    endloop
  endfacet
  facet normal -0.19509032201612933 -0.9807852804032303 0
    outer loop
      vertex 14.810582854123025 8.759110991546882 2.4000000000000004
      vertex 14.656631430664062 8.789733833648572 0
      vertex 14.810582854123025 8.759110991546882 0
    endloop
  endfacet
  facet normal -0.32143946530316087 -0.9469301294951058 0
    outer loop
      vertex 14.959220118838108 8.708655439013544 2.4000000000000004
      vertex 14.810582854123025 8.759110991546882 0
      vertex 14.959220118838108 8.708655439013544 0
    endloop
  endfacet
  facet normal -0.44228869021900463 -0.8968727415326867 0
    outer loop
      vertex 15.1 8.639230484541326 2.4000000000000004
      vertex 14.959220118838108 8.708655439013544 0
      vertex 15.1 8.639230484541326 0
    endloop
  endfacet
  facet normal -0.5555702330195965 -0.8314696123025492 0
    outer loop
      vertex 15.230513714810465 8.552024008349482 2.4000000000000004
      vertex 15.1 8.639230484541326 0
      vertex 15.230513714810465 8.552024008349482 0
    endloop
  endfacet
  facet normal -0.6593458151000713 -0.7518398074789753 0
    outer loop
      vertex 15.348528137423857 8.448528137423857 2.4000000000000004
      vertex 15.230513714810465 8.552024008349482 0
      vertex 15.348528137423857 8.448528137423857 0
    endloop
  endfacet
  facet normal -0.7518398074789753 -0.6593458151000713 0
    outer loop
      vertex 15.452024008349483 8.330513714810465 2.4000000000000004
      vertex 15.348528137423857 8.448528137423857 0
      vertex 15.452024008349483 8.330513714810465 0
    endloop
  endfacet
  facet normal -0.8968727415326867 -0.44228869021900463 0
    outer loop
      vertex 15.608655439013544 8.059220118838107 2.4000000000000004
      vertex 15.539230484541326 8.2 0
      vertex 15.608655439013544 8.059220118838107 0
    endloop
  endfacet
  facet normal -0.9978589232386039 -0.06540312923013689 0
    outer loop
      vertex 15.7 7.6 2.4000000000000004
      vertex 15.689733833648573 7.756631430664061 0
      vertex 15.7 7.6 0
    endloop
  endfacet
  facet normal -0.9807852804032303 -0.19509032201612933 0
    outer loop
      vertex 15.689733833648573 7.756631430664061 2.4000000000000004
      vertex 15.659110991546882 7.9105828541230245 0
      vertex 15.689733833648573 7.756631430664061 0
    endloop
  endfacet
  facet normal -0.9469301294951058 -0.32143946530316087 0
    outer loop
      vertex 15.659110991546882 7.9105828541230245 2.4000000000000004
      vertex 15.608655439013544 8.059220118838107 0
      vertex 15.659110991546882 7.9105828541230245 0
    endloop
  endfacet
  facet normal -0.8314696123025492 -0.5555702330195965 0
    outer loop
      vertex 15.539230484541326 8.2 2.4000000000000004
      vertex 15.452024008349483 8.330513714810465 0
      vertex 15.539230484541326 8.2 0
    endloop
  endfacet
  facet normal 0.06540312923013689 -0.9978589232386039 0
    outer loop
      vertex 14.343368569335938 8.789733833648572 2.4000000000000004
      vertex 14.343368569335938 8.789733833648572 0
      vertex 14.5 8.799999999999999 2.4000000000000004
    endloop
  endfacet
  facet normal -0.06540312923013689 -0.9978589232386039 0
    outer loop
      vertex 14.5 8.799999999999999 2.4000000000000004
      vertex 14.5 8.799999999999999 0
      vertex 14.656631430664062 8.789733833648572 2.4000000000000004
    endloop
  endfacet
  facet normal -0.19509032201612933 -0.9807852804032303 0
    outer loop
      vertex 14.656631430664062 8.789733833648572 2.4000000000000004
      vertex 14.656631430664062 8.789733833648572 0
      vertex 14.810582854123025 8.759110991546882 2.4000000000000004
    endloop
  endfacet
  facet normal -0.32143946530316087 -0.9469301294951058 0
    outer loop
      vertex 14.810582854123025 8.759110991546882 2.4000000000000004
      vertex 14.810582854123025 8.759110991546882 0
      vertex 14.959220118838108 8.708655439013544 2.4000000000000004
    endloop
  endfacet
  facet normal -0.44228869021900463 -0.8968727415326867 0
    outer loop
      vertex 14.959220118838108 8.708655439013544 2.4000000000000004
      vertex 14.959220118838108 8.708655439013544 0
      vertex 15.1 8.639230484541326 2.4000000000000004
    endloop
  endfacet
  facet normal -0.6593458151000713 -0.7518398074789753 0
    outer loop
      vertex 15.230513714810465 8.552024008349482 2.4000000000000004
      vertex 15.230513714810465 8.552024008349482 0
      vertex 15.348528137423857 8.448528137423857 2.4000000000000004
    endloop
  endfacet
  facet normal -0.5555702330195965 -0.8314696123025492 0
    outer loop
      vertex 15.1 8.639230484541326 2.4000000000000004
      vertex 15.1 8.639230484541326 0
      vertex 15.230513714810465 8.552024008349482 2.4000000000000004
    endloop
  endfacet
  facet normal -0.7518398074789753 -0.6593458151000713 0
    outer loop
      vertex 15.452024008349483 8.330513714810465 2.4000000000000004
      vertex 15.348528137423857 8.448528137423857 2.4000000000000004
      vertex 15.348528137423857 8.448528137423857 0
    endloop
  endfacet
  facet normal -0.9469301294951058 -0.32143946530316087 0
    outer loop
      vertex 15.659110991546882 7.9105828541230245 2.4000000000000004
      vertex 15.608655439013544 8.059220118838107 2.4000000000000004
      vertex 15.608655439013544 8.059220118838107 0
    endloop
  endfacet
  facet normal -0.8968727415326867 -0.44228869021900463 0
    outer loop
      vertex 15.608655439013544 8.059220118838107 2.4000000000000004
      vertex 15.539230484541326 8.2 2.4000000000000004
      vertex 15.539230484541326 8.2 0
    endloop
  endfacet
  facet normal -0.9978589232386039 -0.06540312923013689 0
    outer loop
      vertex 15.7 7.6 2.4000000000000004
      vertex 15.689733833648573 7.756631430664061 2.4000000000000004
      vertex 15.689733833648573 7.756631430664061 0
    endloop
  endfacet
  facet normal -0.9807852804032303 -0.19509032201612933 0
    outer loop
      vertex 15.689733833648573 7.756631430664061 2.4000000000000004
      vertex 15.659110991546882 7.9105828541230245 2.4000000000000004
      vertex 15.659110991546882 7.9105828541230245 0
    endloop
  endfacet
  facet normal -0.8314696123025492 -0.5555702330195965 0
    outer loop
      vertex 15.539230484541326 8.2 2.4000000000000004
      vertex 15.452024008349483 8.330513714810465 2.4000000000000004
      vertex 15.452024008349483 8.330513714810465 0
    endloop
  endfacet
  facet normal 0.8314696123025439 0.5555702330196043 0
    outer loop
      vertex 30.460769515458672 7 2.4000000000000004
      vertex 30.547975991650517 6.869486285189534 0
      vertex 30.460769515458672 7 0
    endloop
  endfacet
  facet normal 0.9469301294951025 0.321439465303171 0
    outer loop
      vertex 30.340889008453118 7.289417145876975 2.4000000000000004
      vertex 30.391344560986457 7.140779881161892 0
      vertex 30.340889008453118 7.289417145876975 0
    endloop
  endfacet
  facet normal 0.9807852804032323 0.19509032201611842 0
    outer loop
      vertex 30.31026616635143 7.443368569335938 2.4000000000000004
      vertex 30.340889008453118 7.289417145876975 0
      vertex 30.31026616635143 7.443368569335938 0
    endloop
  endfacet
  facet normal 0.9978589232386031 0.06540312923014815 0
    outer loop
      vertex 30.3 7.6 2.4000000000000004
      vertex 30.31026616635143 7.443368569335938 0
      vertex 30.3 7.6 0
    endloop
  endfacet
  facet normal 0.8968727415326956 0.44228869021898637 0
    outer loop
      vertex 30.391344560986457 7.140779881161892 2.4000000000000004
      vertex 30.460769515458672 7 0
      vertex 30.391344560986457 7.140779881161892 0
    endloop
  endfacet
  facet normal 0.7518398074789697 0.6593458151000776 0
    outer loop
      vertex 30.547975991650517 6.869486285189534 2.4000000000000004
      vertex 30.651471862576145 6.7514718625761425 0
      vertex 30.547975991650517 6.869486285189534 0
    endloop
  endfacet
  facet normal 0.6593458151000713 0.7518398074789753 0
    outer loop
      vertex 30.651471862576145 6.7514718625761425 2.4000000000000004
      vertex 30.769486285189537 6.647975991650517 0
      vertex 30.651471862576145 6.7514718625761425 0
    endloop
  endfacet
  facet normal 0.5555702330196068 0.831469612302542 0
    outer loop
      vertex 30.769486285189537 6.647975991650517 2.4000000000000004
      vertex 30.9 6.560769515458674 0
      vertex 30.769486285189537 6.647975991650517 0
    endloop
  endfacet
  facet normal 0.44228869021900014 0.8968727415326889 0
    outer loop
      vertex 30.9 6.560769515458674 2.4000000000000004
      vertex 31.040779881161892 6.491344560986455 0
      vertex 30.9 6.560769515458674 0
    endloop
  endfacet
  facet normal 0.3214394653031643 0.9469301294951047 0
    outer loop
      vertex 31.040779881161892 6.491344560986455 2.4000000000000004
      vertex 31.189417145876973 6.440889008453118 0
      vertex 31.040779881161892 6.491344560986455 0
    endloop
  endfacet
  facet normal 0.19509032201612933 0.9807852804032303 0
    outer loop
      vertex 31.189417145876973 6.440889008453118 2.4000000000000004
      vertex 31.343368569335937 6.410266166351427 0
      vertex 31.189417145876973 6.440889008453118 0
    endloop
  endfacet
  facet normal 0.06540312923014178 0.9978589232386036 0
    outer loop
      vertex 31.343368569335937 6.410266166351427 2.4000000000000004
      vertex 31.5 6.3999999999999995 0
      vertex 31.343368569335937 6.410266166351427 0
    endloop
  endfacet
  facet normal -0.06540312923014178 0.9978589232386036 0
    outer loop
      vertex 31.5 6.3999999999999995 2.4000000000000004
      vertex 31.656631430664063 6.410266166351427 0
      vertex 31.5 6.3999999999999995 0
    endloop
  endfacet
  facet normal 0.8314696123025439 0.5555702330196043 0
    outer loop
      vertex 30.460769515458672 7 2.4000000000000004
      vertex 30.547975991650517 6.869486285189534 2.4000000000000004
      vertex 30.547975991650517 6.869486285189534 0
    endloop
  endfacet
  facet normal 0.9807852804032323 0.19509032201611842 0
    outer loop
      vertex 30.31026616635143 7.443368569335938 2.4000000000000004
      vertex 30.340889008453118 7.289417145876975 2.4000000000000004
      vertex 30.340889008453118 7.289417145876975 0
    endloop
  endfacet
  facet normal 0.9978589232386031 0.06540312923014815 0
    outer loop
      vertex 30.3 7.6 2.4000000000000004
      vertex 30.31026616635143 7.443368569335938 2.4000000000000004
      vertex 30.31026616635143 7.443368569335938 0
    endloop
  endfacet
  facet normal 0.8968727415326956 0.44228869021898637 0
    outer loop
      vertex 30.391344560986457 7.140779881161892 2.4000000000000004
      vertex 30.460769515458672 7 2.4000000000000004
      vertex 30.460769515458672 7 0
    endloop
  endfacet
  facet normal 0.9469301294951025 0.321439465303171 0
    outer loop
      vertex 30.340889008453118 7.289417145876975 2.4000000000000004
      vertex 30.391344560986457 7.140779881161892 2.4000000000000004
      vertex 30.391344560986457 7.140779881161892 0
    endloop
  endfacet
  facet normal 0.7518398074789697 0.6593458151000776 0
    outer loop
      vertex 30.547975991650517 6.869486285189534 2.4000000000000004
      vertex 30.651471862576145 6.7514718625761425 2.4000000000000004
      vertex 30.651471862576145 6.7514718625761425 0
    endloop
  endfacet
  facet normal 0.5555702330196068 0.831469612302542 0
    outer loop
      vertex 30.9 6.560769515458674 2.4000000000000004
      vertex 30.9 6.560769515458674 0
      vertex 30.769486285189537 6.647975991650517 2.4000000000000004
    endloop
  endfacet
  facet normal 0.6593458151000713 0.7518398074789753 0
    outer loop
      vertex 30.769486285189537 6.647975991650517 2.4000000000000004
      vertex 30.769486285189537 6.647975991650517 0
      vertex 30.651471862576145 6.7514718625761425 2.4000000000000004
    endloop
  endfacet
  facet normal 0.44228869021900014 0.8968727415326889 0
    outer loop
      vertex 31.040779881161892 6.491344560986455 2.4000000000000004
      vertex 31.040779881161892 6.491344560986455 0
      vertex 30.9 6.560769515458674 2.4000000000000004
    endloop
  endfacet
  facet normal 0.3214394653031643 0.9469301294951047 0
    outer loop
      vertex 31.189417145876973 6.440889008453118 2.4000000000000004
      vertex 31.189417145876973 6.440889008453118 0
      vertex 31.040779881161892 6.491344560986455 2.4000000000000004
    endloop
  endfacet
  facet normal 0.19509032201612933 0.9807852804032303 0
    outer loop
      vertex 31.343368569335937 6.410266166351427 2.4000000000000004
      vertex 31.343368569335937 6.410266166351427 0
      vertex 31.189417145876973 6.440889008453118 2.4000000000000004
    endloop
  endfacet
  facet normal 0.06540312923014178 0.9978589232386036 0
    outer loop
      vertex 31.5 6.3999999999999995 2.4000000000000004
      vertex 31.5 6.3999999999999995 0
      vertex 31.343368569335937 6.410266166351427 2.4000000000000004
    endloop
  endfacet
  facet normal -0.06540312923014178 0.9978589232386036 0
    outer loop
      vertex 31.656631430664063 6.410266166351427 2.4000000000000004
      vertex 31.656631430664063 6.410266166351427 0
      vertex 31.5 6.3999999999999995 2.4000000000000004
    endloop
  endfacet
  facet normal 0.9978589232386031 -0.06540312923014815 0
    outer loop
      vertex 30.31026616635143 7.756631430664061 2.4000000000000004
      vertex 30.3 7.6 0
      vertex 30.31026616635143 7.756631430664061 0
    endloop
  endfacet
  facet normal 0.9807852804032323 -0.19509032201611842 0
    outer loop
      vertex 30.340889008453118 7.9105828541230245 2.4000000000000004
      vertex 30.31026616635143 7.756631430664061 0
      vertex 30.340889008453118 7.9105828541230245 0
    endloop
  endfacet
  facet normal 0.9469301294951025 -0.321439465303171 0
    outer loop
      vertex 30.391344560986457 8.059220118838107 2.4000000000000004
      vertex 30.340889008453118 7.9105828541230245 0
      vertex 30.391344560986457 8.059220118838107 0
    endloop
  endfacet
  facet normal 0.8968727415326956 -0.44228869021898637 0
    outer loop
      vertex 30.460769515458672 8.2 2.4000000000000004
      vertex 30.391344560986457 8.059220118838107 0
      vertex 30.460769515458672 8.2 0
    endloop
  endfacet
  facet normal 0.8314696123025439 -0.5555702330196043 0
    outer loop
      vertex 30.547975991650517 8.330513714810465 2.4000000000000004
      vertex 30.460769515458672 8.2 0
      vertex 30.547975991650517 8.330513714810465 0
    endloop
  endfacet
  facet normal 0.7518398074789697 -0.6593458151000776 0
    outer loop
      vertex 30.651471862576145 8.448528137423857 2.4000000000000004
      vertex 30.547975991650517 8.330513714810465 0
      vertex 30.651471862576145 8.448528137423857 0
    endloop
  endfacet
  facet normal 0.6593458151000713 -0.7518398074789753 0
    outer loop
      vertex 30.769486285189537 8.552024008349482 2.4000000000000004
      vertex 30.651471862576145 8.448528137423857 0
      vertex 30.769486285189537 8.552024008349482 0
    endloop
  endfacet
  facet normal 0.5555702330196068 -0.831469612302542 0
    outer loop
      vertex 30.9 8.639230484541326 2.4000000000000004
      vertex 30.769486285189537 8.552024008349482 0
      vertex 30.9 8.639230484541326 0
    endloop
  endfacet
  facet normal 0.44228869021900014 -0.8968727415326889 0
    outer loop
      vertex 31.040779881161892 8.708655439013544 2.4000000000000004
      vertex 30.9 8.639230484541326 0
      vertex 31.040779881161892 8.708655439013544 0
    endloop
  endfacet
  facet normal 0.3214394653031643 -0.9469301294951047 0
    outer loop
      vertex 31.189417145876973 8.759110991546882 2.4000000000000004
      vertex 31.040779881161892 8.708655439013544 0
      vertex 31.189417145876973 8.759110991546882 0
    endloop
  endfacet
  facet normal 0.19509032201612933 -0.9807852804032303 0
    outer loop
      vertex 31.343368569335937 8.789733833648572 2.4000000000000004
      vertex 31.189417145876973 8.759110991546882 0
      vertex 31.343368569335937 8.789733833648572 0
    endloop
  endfacet
  facet normal 0.06540312923013615 -0.9978589232386039 0
    outer loop
      vertex 31.5 8.799999999999999 2.4000000000000004
      vertex 31.343368569335937 8.789733833648572 0
      vertex 31.5 8.799999999999999 0
    endloop
  endfacet
  facet normal -0.06540312923013615 -0.9978589232386039 0
    outer loop
      vertex 31.656631430664063 8.789733833648572 2.4000000000000004
      vertex 31.5 8.799999999999999 0
      vertex 31.656631430664063 8.789733833648572 0
    endloop
  endfacet
  facet normal 0.9978589232386031 -0.06540312923014815 0
    outer loop
      vertex 30.31026616635143 7.756631430664061 2.4000000000000004
      vertex 30.3 7.6 2.4000000000000004
      vertex 30.3 7.6 0
    endloop
  endfacet
  facet normal 0.9807852804032323 -0.19509032201611842 0
    outer loop
      vertex 30.340889008453118 7.9105828541230245 2.4000000000000004
      vertex 30.31026616635143 7.756631430664061 2.4000000000000004
      vertex 30.31026616635143 7.756631430664061 0
    endloop
  endfacet
  facet normal 0.9469301294951025 -0.321439465303171 0
    outer loop
      vertex 30.391344560986457 8.059220118838107 2.4000000000000004
      vertex 30.340889008453118 7.9105828541230245 2.4000000000000004
      vertex 30.340889008453118 7.9105828541230245 0
    endloop
  endfacet
  facet normal 0.8968727415326956 -0.44228869021898637 0
    outer loop
      vertex 30.460769515458672 8.2 2.4000000000000004
      vertex 30.391344560986457 8.059220118838107 2.4000000000000004
      vertex 30.391344560986457 8.059220118838107 0
    endloop
  endfacet
  facet normal 0.8314696123025439 -0.5555702330196043 0
    outer loop
      vertex 30.547975991650517 8.330513714810465 2.4000000000000004
      vertex 30.460769515458672 8.2 2.4000000000000004
      vertex 30.460769515458672 8.2 0
    endloop
  endfacet
  facet normal 0.7518398074789697 -0.6593458151000776 0
    outer loop
      vertex 30.651471862576145 8.448528137423857 2.4000000000000004
      vertex 30.547975991650517 8.330513714810465 2.4000000000000004
      vertex 30.547975991650517 8.330513714810465 0
    endloop
  endfacet
  facet normal 0.6593458151000713 -0.7518398074789753 0
    outer loop
      vertex 30.651471862576145 8.448528137423857 2.4000000000000004
      vertex 30.651471862576145 8.448528137423857 0
      vertex 30.769486285189537 8.552024008349482 2.4000000000000004
    endloop
  endfacet
  facet normal 0.5555702330196068 -0.831469612302542 0
    outer loop
      vertex 30.769486285189537 8.552024008349482 2.4000000000000004
      vertex 30.769486285189537 8.552024008349482 0
      vertex 30.9 8.639230484541326 2.4000000000000004
    endloop
  endfacet
  facet normal 0.44228869021900014 -0.8968727415326889 0
    outer loop
      vertex 30.9 8.639230484541326 2.4000000000000004
      vertex 30.9 8.639230484541326 0
      vertex 31.040779881161892 8.708655439013544 2.4000000000000004
    endloop
  endfacet
  facet normal 0.3214394653031643 -0.9469301294951047 0
    outer loop
      vertex 31.040779881161892 8.708655439013544 2.4000000000000004
      vertex 31.040779881161892 8.708655439013544 0
      vertex 31.189417145876973 8.759110991546882 2.4000000000000004
    endloop
  endfacet
  facet normal 0.19509032201612933 -0.9807852804032303 0
    outer loop
      vertex 31.189417145876973 8.759110991546882 2.4000000000000004
      vertex 31.189417145876973 8.759110991546882 0
      vertex 31.343368569335937 8.789733833648572 2.4000000000000004
    endloop
  endfacet
  facet normal 0.06540312923013615 -0.9978589232386039 0
    outer loop
      vertex 31.343368569335937 8.789733833648572 2.4000000000000004
      vertex 31.343368569335937 8.789733833648572 0
      vertex 31.5 8.799999999999999 2.4000000000000004
    endloop
  endfacet
  facet normal -0.06540312923013615 -0.9978589232386039 0
    outer loop
      vertex 31.5 8.799999999999999 2.4000000000000004
      vertex 31.5 8.799999999999999 0
      vertex 31.656631430664063 8.789733833648572 2.4000000000000004
    endloop
  endfacet
  facet normal -0.19509032201612933 0.9807852804032303 0
    outer loop
      vertex 31.656631430664063 6.410266166351427 2.4000000000000004
      vertex 31.810582854123027 6.440889008453118 0
      vertex 31.656631430664063 6.410266166351427 0
    endloop
  endfacet
  facet normal -0.3214394653031643 0.9469301294951047 0
    outer loop
      vertex 31.810582854123027 6.440889008453118 2.4000000000000004
      vertex 31.959220118838108 6.491344560986455 0
      vertex 31.810582854123027 6.440889008453118 0
    endloop
  endfacet
  facet normal -0.44228869021900014 0.8968727415326889 0
    outer loop
      vertex 31.959220118838108 6.491344560986455 2.4000000000000004
      vertex 32.1 6.560769515458674 0
      vertex 31.959220118838108 6.491344560986455 0
    endloop
  endfacet
  facet normal -0.5555702330196068 0.831469612302542 0
    outer loop
      vertex 32.1 6.560769515458674 2.4000000000000004
      vertex 32.23051371481046 6.647975991650517 0
      vertex 32.1 6.560769515458674 0
    endloop
  endfacet
  facet normal -0.6593458151000713 0.7518398074789753 0
    outer loop
      vertex 32.23051371481046 6.647975991650517 2.4000000000000004
      vertex 32.348528137423855 6.7514718625761425 0
      vertex 32.23051371481046 6.647975991650517 0
    endloop
  endfacet
  facet normal -0.7518398074789697 0.6593458151000776 0
    outer loop
      vertex 32.348528137423855 6.7514718625761425 0
      vertex 32.348528137423855 6.7514718625761425 2.4000000000000004
      vertex 32.45202400834948 6.869486285189534 0
    endloop
  endfacet
  facet normal -0.8314696123025439 0.5555702330196043 0
    outer loop
      vertex 32.45202400834948 6.869486285189534 2.4000000000000004
      vertex 32.53923048454133 7 0
      vertex 32.45202400834948 6.869486285189534 0
    endloop
  endfacet
  facet normal -0.8968727415326867 0.44228869021900463 0
    outer loop
      vertex 32.53923048454133 7 2.4000000000000004
      vertex 32.608655439013546 7.140779881161892 0
      vertex 32.53923048454133 7 0
    endloop
  endfacet
  facet normal -0.9469301294951095 0.32143946530315076 0
    outer loop
      vertex 32.608655439013546 7.140779881161892 2.4000000000000004
      vertex 32.65911099154688 7.289417145876975 0
      vertex 32.608655439013546 7.140779881161892 0
    endloop
  endfacet
  facet normal -0.980785280403228 0.19509032201614018 0
    outer loop
      vertex 32.65911099154688 7.289417145876975 2.4000000000000004
      vertex 32.689733833648575 7.443368569335938 0
      vertex 32.65911099154688 7.289417145876975 0
    endloop
  endfacet
  facet normal -0.9978589232386031 0.06540312923014815 0
    outer loop
      vertex 32.689733833648575 7.443368569335938 2.4000000000000004
      vertex 32.7 7.6 0
      vertex 32.689733833648575 7.443368569335938 0
    endloop
  endfacet
  facet normal -0.19509032201612933 0.9807852804032303 0
    outer loop
      vertex 31.810582854123027 6.440889008453118 2.4000000000000004
      vertex 31.810582854123027 6.440889008453118 0
      vertex 31.656631430664063 6.410266166351427 2.4000000000000004
    endloop
  endfacet
  facet normal -0.3214394653031643 0.9469301294951047 0
    outer loop
      vertex 31.959220118838108 6.491344560986455 2.4000000000000004
      vertex 31.959220118838108 6.491344560986455 0
      vertex 31.810582854123027 6.440889008453118 2.4000000000000004
    endloop
  endfacet
  facet normal -0.44228869021900014 0.8968727415326889 0
    outer loop
      vertex 32.1 6.560769515458674 2.4000000000000004
      vertex 32.1 6.560769515458674 0
      vertex 31.959220118838108 6.491344560986455 2.4000000000000004
    endloop
  endfacet
  facet normal -0.5555702330196068 0.831469612302542 0
    outer loop
      vertex 32.23051371481046 6.647975991650517 2.4000000000000004
      vertex 32.23051371481046 6.647975991650517 0
      vertex 32.1 6.560769515458674 2.4000000000000004
    endloop
  endfacet
  facet normal -0.6593458151000713 0.7518398074789753 0
    outer loop
      vertex 32.348528137423855 6.7514718625761425 2.4000000000000004
      vertex 32.348528137423855 6.7514718625761425 0
      vertex 32.23051371481046 6.647975991650517 2.4000000000000004
    endloop
  endfacet
  facet normal -0.7518398074789697 0.6593458151000776 0
    outer loop
      vertex 32.348528137423855 6.7514718625761425 2.4000000000000004
      vertex 32.45202400834948 6.869486285189534 2.4000000000000004
      vertex 32.45202400834948 6.869486285189534 0
    endloop
  endfacet
  facet normal -0.8314696123025439 0.5555702330196043 0
    outer loop
      vertex 32.45202400834948 6.869486285189534 2.4000000000000004
      vertex 32.53923048454133 7 2.4000000000000004
      vertex 32.53923048454133 7 0
    endloop
  endfacet
  facet normal -0.8968727415326867 0.44228869021900463 0
    outer loop
      vertex 32.53923048454133 7 2.4000000000000004
      vertex 32.608655439013546 7.140779881161892 2.4000000000000004
      vertex 32.608655439013546 7.140779881161892 0
    endloop
  endfacet
  facet normal -0.9469301294951095 0.32143946530315076 0
    outer loop
      vertex 32.608655439013546 7.140779881161892 2.4000000000000004
      vertex 32.65911099154688 7.289417145876975 2.4000000000000004
      vertex 32.65911099154688 7.289417145876975 0
    endloop
  endfacet
  facet normal -0.980785280403228 0.19509032201614018 0
    outer loop
      vertex 32.65911099154688 7.289417145876975 2.4000000000000004
      vertex 32.689733833648575 7.443368569335938 2.4000000000000004
      vertex 32.689733833648575 7.443368569335938 0
    endloop
  endfacet
  facet normal -0.9978589232386031 0.06540312923014815 0
    outer loop
      vertex 32.689733833648575 7.443368569335938 2.4000000000000004
      vertex 32.7 7.6 2.4000000000000004
      vertex 32.7 7.6 0
    endloop
  endfacet
  facet normal -0.19509032201612933 -0.9807852804032303 0
    outer loop
      vertex 31.810582854123027 8.759110991546882 2.4000000000000004
      vertex 31.656631430664063 8.789733833648572 0
      vertex 31.810582854123027 8.759110991546882 0
    endloop
  endfacet
  facet normal -0.3214394653031643 -0.9469301294951047 0
    outer loop
      vertex 31.959220118838108 8.708655439013544 2.4000000000000004
      vertex 31.810582854123027 8.759110991546882 0
      vertex 31.959220118838108 8.708655439013544 0
    endloop
  endfacet
  facet normal -0.44228869021900014 -0.8968727415326889 0
    outer loop
      vertex 32.1 8.639230484541326 2.4000000000000004
      vertex 31.959220118838108 8.708655439013544 0
      vertex 32.1 8.639230484541326 0
    endloop
  endfacet
  facet normal -0.6593458151000713 -0.7518398074789753 0
    outer loop
      vertex 32.348528137423855 8.448528137423857 2.4000000000000004
      vertex 32.23051371481046 8.552024008349482 0
      vertex 32.348528137423855 8.448528137423857 0
    endloop
  endfacet
  facet normal -0.5555702330196068 -0.831469612302542 0
    outer loop
      vertex 32.23051371481046 8.552024008349482 2.4000000000000004
      vertex 32.1 8.639230484541326 0
      vertex 32.23051371481046 8.552024008349482 0
    endloop
  endfacet
  facet normal -0.9978589232386031 -0.06540312923014815 0
    outer loop
      vertex 32.7 7.6 2.4000000000000004
      vertex 32.689733833648575 7.756631430664061 0
      vertex 32.7 7.6 0
    endloop
  endfacet
  facet normal -0.980785280403228 -0.19509032201614018 0
    outer loop
      vertex 32.689733833648575 7.756631430664061 2.4000000000000004
      vertex 32.65911099154688 7.9105828541230245 0
      vertex 32.689733833648575 7.756631430664061 0
    endloop
  endfacet
  facet normal -0.8968727415326867 -0.44228869021900463 0
    outer loop
      vertex 32.608655439013546 8.059220118838107 2.4000000000000004
      vertex 32.53923048454133 8.2 0
      vertex 32.608655439013546 8.059220118838107 0
    endloop
  endfacet
  facet normal -0.9469301294951095 -0.32143946530315076 0
    outer loop
      vertex 32.65911099154688 7.9105828541230245 2.4000000000000004
      vertex 32.608655439013546 8.059220118838107 0
      vertex 32.65911099154688 7.9105828541230245 0
    endloop
  endfacet
  facet normal -0.7518398074789697 -0.6593458151000776 0
    outer loop
      vertex 32.45202400834948 8.330513714810465 2.4000000000000004
      vertex 32.348528137423855 8.448528137423857 0
      vertex 32.45202400834948 8.330513714810465 0
    endloop
  endfacet
  facet normal -0.8314696123025439 -0.5555702330196043 0
    outer loop
      vertex 32.53923048454133 8.2 2.4000000000000004
      vertex 32.45202400834948 8.330513714810465 0
      vertex 32.53923048454133 8.2 0
    endloop
  endfacet
  facet normal -0.19509032201612933 -0.9807852804032303 0
    outer loop
      vertex 31.656631430664063 8.789733833648572 2.4000000000000004
      vertex 31.656631430664063 8.789733833648572 0
      vertex 31.810582854123027 8.759110991546882 2.4000000000000004
    endloop
  endfacet
  facet normal -0.3214394653031643 -0.9469301294951047 0
    outer loop
      vertex 31.810582854123027 8.759110991546882 2.4000000000000004
      vertex 31.810582854123027 8.759110991546882 0
      vertex 31.959220118838108 8.708655439013544 2.4000000000000004
    endloop
  endfacet
  facet normal -0.44228869021900014 -0.8968727415326889 0
    outer loop
      vertex 31.959220118838108 8.708655439013544 2.4000000000000004
      vertex 31.959220118838108 8.708655439013544 0
      vertex 32.1 8.639230484541326 2.4000000000000004
    endloop
  endfacet
  facet normal -0.5555702330196068 -0.831469612302542 0
    outer loop
      vertex 32.1 8.639230484541326 2.4000000000000004
      vertex 32.1 8.639230484541326 0
      vertex 32.23051371481046 8.552024008349482 2.4000000000000004
    endloop
  endfacet
  facet normal -0.6593458151000713 -0.7518398074789753 0
    outer loop
      vertex 32.23051371481046 8.552024008349482 2.4000000000000004
      vertex 32.23051371481046 8.552024008349482 0
      vertex 32.348528137423855 8.448528137423857 2.4000000000000004
    endloop
  endfacet
  facet normal -0.9978589232386031 -0.06540312923014815 0
    outer loop
      vertex 32.7 7.6 2.4000000000000004
      vertex 32.689733833648575 7.756631430664061 2.4000000000000004
      vertex 32.689733833648575 7.756631430664061 0
    endloop
  endfacet
  facet normal -0.980785280403228 -0.19509032201614018 0
    outer loop
      vertex 32.689733833648575 7.756631430664061 2.4000000000000004
      vertex 32.65911099154688 7.9105828541230245 2.4000000000000004
      vertex 32.65911099154688 7.9105828541230245 0
    endloop
  endfacet
  facet normal -0.8968727415326867 -0.44228869021900463 0
    outer loop
      vertex 32.608655439013546 8.059220118838107 2.4000000000000004
      vertex 32.53923048454133 8.2 2.4000000000000004
      vertex 32.53923048454133 8.2 0
    endloop
  endfacet
  facet normal -0.9469301294951095 -0.32143946530315076 0
    outer loop
      vertex 32.65911099154688 7.9105828541230245 2.4000000000000004
      vertex 32.608655439013546 8.059220118838107 2.4000000000000004
      vertex 32.608655439013546 8.059220118838107 0
    endloop
  endfacet
  facet normal -0.7518398074789697 -0.6593458151000776 0
    outer loop
      vertex 32.45202400834948 8.330513714810465 2.4000000000000004
      vertex 32.348528137423855 8.448528137423857 2.4000000000000004
      vertex 32.348528137423855 8.448528137423857 0
    endloop
  endfacet
  facet normal -0.8314696123025439 -0.5555702330196043 0
    outer loop
      vertex 32.53923048454133 8.2 2.4000000000000004
      vertex 32.45202400834948 8.330513714810465 2.4000000000000004
      vertex 32.45202400834948 8.330513714810465 0
    endloop
  endfacet
  facet normal 0 1 0
    outer loop
      vertex 6.5 4 2.4000000000000004
      vertex 11 4 0
      vertex 6.5 4 0
    endloop
  endfacet
  facet normal 1 0 0
    outer loop
      vertex 6.5 9.5 2.4000000000000004
      vertex 6.5 4 2.4000000000000004
      vertex 6.5 4 0
    endloop
  endfacet
  facet normal 1 0 0
    outer loop
      vertex 6.5 9.5 2.4000000000000004
      vertex 6.5 4 0
      vertex 6.5 9.5 0
    endloop
  endfacet
  facet normal 0 -1 0
    outer loop
      vertex 11 9.5 2.4000000000000004
      vertex 6.5 9.5 2.4000000000000004
      vertex 6.5 9.5 0
    endloop
  endfacet
  facet normal 0 1 0
    outer loop
      vertex 6.5 4 2.4000000000000004
      vertex 11 4 2.4000000000000004
      vertex 11 4 0
    endloop
  endfacet
  facet normal 0 -1 0
    outer loop
      vertex 11 9.5 2.4000000000000004
      vertex 6.5 9.5 0
      vertex 11 9.5 0
    endloop
  endfacet
  facet normal -1 0 0
    outer loop
      vertex 11 4 2.4000000000000004
      vertex 11 9.5 0
      vertex 11 4 0
    endloop
  endfacet
  facet normal -1 0 0
    outer loop
      vertex 11 9.5 2.4000000000000004
      vertex 11 9.5 0
      vertex 11 4 2.4000000000000004
    endloop
  endfacet
  facet normal 0 1 0
    outer loop
      vertex 35 4 2.4000000000000004
      vertex 39.5 4 0
      vertex 35 4 0
    endloop
  endfacet
  facet normal 1 0 0
    outer loop
      vertex 35 9.5 2.4000000000000004
      vertex 35 4 2.4000000000000004
      vertex 35 4 0
    endloop
  endfacet
  facet normal 1 0 0
    outer loop
      vertex 35 4 0
      vertex 35 9.5 0
      vertex 35 9.5 2.4000000000000004
    endloop
  endfacet
  facet normal 0 -1 0
    outer loop
      vertex 35 9.5 0
      vertex 39.5 9.5 2.4000000000000004
      vertex 35 9.5 2.4000000000000004
    endloop
  endfacet
  facet normal 0 1 0
    outer loop
      vertex 35 4 2.4000000000000004
      vertex 39.5 4 2.4000000000000004
      vertex 39.5 4 0
    endloop
  endfacet
  facet normal 0 -1 0
    outer loop
      vertex 35 9.5 0
      vertex 39.5 9.5 0
      vertex 39.5 9.5 2.4000000000000004
    endloop
  endfacet
  facet normal -1 0 0
    outer loop
      vertex 39.5 4 2.4000000000000004
      vertex 39.5 9.5 0
      vertex 39.5 4 0
    endloop
  endfacet
  facet normal -1 0 0
    outer loop
      vertex 39.5 4 2.4000000000000004
      vertex 39.5 9.5 2.4000000000000004
      vertex 39.5 9.5 0
    endloop
  endfacet
  facet normal 0.7518398074789501 0.6593458151001002 0
    outer loop
      vertex 22.047975991650517 77.16948628518954 0.7999999999999989
      vertex 22.151471862576145 77.05147186257615 0
      vertex 22.047975991650517 77.16948628518954 0
    endloop
  endfacet
  facet normal 0.6593458151000775 0.7518398074789696 0
    outer loop
      vertex 22.151471862576145 77.05147186257615 0.7999999999999989
      vertex 22.269486285189537 76.94797599165052 0
      vertex 22.151471862576145 77.05147186257615 0
    endloop
  endfacet
  facet normal 0.7518398074789501 0.6593458151001002 0
    outer loop
      vertex 22.047975991650517 77.16948628518954 0.7999999999999989
      vertex 22.151471862576145 77.05147186257615 0.7999999999999989
      vertex 22.151471862576145 77.05147186257615 0
    endloop
  endfacet
  facet normal 0.6593458151000775 0.7518398074789696 0
    outer loop
      vertex 22.151471862576145 77.05147186257615 0.7999999999999989
      vertex 22.269486285189537 76.94797599165052 0.7999999999999989
      vertex 22.269486285189537 76.94797599165052 0
    endloop
  endfacet
  facet normal 0.8968727415326934 0.44228869021899087 0
    outer loop
      vertex 21.891344560986457 77.4407798811619 0.7999999999999989
      vertex 21.960769515458672 77.30000000000001 0
      vertex 21.891344560986457 77.4407798811619 0
    endloop
  endfacet
  facet normal 0.9807852804032323 0.1950903220161184 0
    outer loop
      vertex 21.81026616635143 77.74336856933594 0.7999999999999989
      vertex 21.840889008453118 77.58941714587698 0
      vertex 21.81026616635143 77.74336856933594 0
    endloop
  endfacet
  facet normal 0.9469301294950989 0.3214394653031814 0
    outer loop
      vertex 21.840889008453118 77.58941714587698 0.7999999999999989
      vertex 21.891344560986457 77.4407798811619 0
      vertex 21.840889008453118 77.58941714587698 0
    endloop
  endfacet
  facet normal 0.9469301294950989 0.3214394653031814 0
    outer loop
      vertex 21.891344560986457 77.4407798811619 0.7999999999999989
      vertex 21.891344560986457 77.4407798811619 0
      vertex 21.840889008453118 77.58941714587698 0.7999999999999989
    endloop
  endfacet
  facet normal 0.9807852804032323 0.1950903220161184 0
    outer loop
      vertex 21.840889008453118 77.58941714587698 0.7999999999999989
      vertex 21.840889008453118 77.58941714587698 0
      vertex 21.81026616635143 77.74336856933594 0.7999999999999989
    endloop
  endfacet
  facet normal 0.9978589232386033 0.06540312923014742 0
    outer loop
      vertex 21.81026616635143 77.74336856933594 0.7999999999999989
      vertex 21.81026616635143 77.74336856933594 0
      vertex 21.8 77.9 0.7999999999999989
    endloop
  endfacet
  facet normal 0.9978589232386033 0.06540312923014742 0
    outer loop
      vertex 21.8 77.9 0.7999999999999989
      vertex 21.81026616635143 77.74336856933594 0
      vertex 21.8 77.9 0
    endloop
  endfacet
  facet normal 0.9978589232386033 -0.06540312923014742 0
    outer loop
      vertex 21.81026616635143 78.05663143066407 0.7999999999999989
      vertex 21.8 77.9 0
      vertex 21.81026616635143 78.05663143066407 0
    endloop
  endfacet
  facet normal 0.9807852804032323 -0.1950903220161184 0
    outer loop
      vertex 21.840889008453118 78.21058285412303 0.7999999999999989
      vertex 21.81026616635143 78.05663143066407 0
      vertex 21.840889008453118 78.21058285412303 0
    endloop
  endfacet
  facet normal 0.9469301294950989 -0.3214394653031814 0
    outer loop
      vertex 21.891344560986457 78.35922011883811 0.7999999999999989
      vertex 21.840889008453118 78.21058285412303 0
      vertex 21.891344560986457 78.35922011883811 0
    endloop
  endfacet
  facet normal 0.9978589232386033 -0.06540312923014742 0
    outer loop
      vertex 21.8 77.9 0.7999999999999989
      vertex 21.8 77.9 0
      vertex 21.81026616635143 78.05663143066407 0.7999999999999989
    endloop
  endfacet
  facet normal 0.9807852804032323 -0.1950903220161184 0
    outer loop
      vertex 21.81026616635143 78.05663143066407 0.7999999999999989
      vertex 21.81026616635143 78.05663143066407 0
      vertex 21.840889008453118 78.21058285412303 0.7999999999999989
    endloop
  endfacet
  facet normal 0.9469301294950989 -0.3214394653031814 0
    outer loop
      vertex 21.840889008453118 78.21058285412303 0.7999999999999989
      vertex 21.840889008453118 78.21058285412303 0
      vertex 21.891344560986457 78.35922011883811 0.7999999999999989
    endloop
  endfacet
  facet normal 0.8968727415326934 -0.44228869021899087 0
    outer loop
      vertex 21.891344560986457 78.35922011883811 0.7999999999999989
      vertex 21.891344560986457 78.35922011883811 0
      vertex 21.960769515458672 78.5 0.7999999999999989
    endloop
  endfacet
  facet normal 0.8314696123025649 0.5555702330195729 0
    outer loop
      vertex 21.960769515458672 77.30000000000001 0.7999999999999989
      vertex 22.047975991650517 77.16948628518954 0
      vertex 21.960769515458672 77.30000000000001 0
    endloop
  endfacet
  facet normal 0.8968727415326934 0.44228869021899087 0
    outer loop
      vertex 21.960769515458672 77.30000000000001 0.7999999999999989
      vertex 21.960769515458672 77.30000000000001 0
      vertex 21.891344560986457 77.4407798811619 0.7999999999999989
    endloop
  endfacet
  facet normal 0.8314696123025649 0.5555702330195729 0
    outer loop
      vertex 21.960769515458672 77.30000000000001 0.7999999999999989
      vertex 22.047975991650517 77.16948628518954 0.7999999999999989
      vertex 22.047975991650517 77.16948628518954 0
    endloop
  endfacet
  facet normal 0.8968727415326934 -0.44228869021899087 0
    outer loop
      vertex 21.960769515458672 78.5 0.7999999999999989
      vertex 21.891344560986457 78.35922011883811 0
      vertex 21.960769515458672 78.5 0
    endloop
  endfacet
  facet normal 0.4422886902190365 0.8968727415326708 0
    outer loop
      vertex 22.4 76.86076951545868 0.7999999999999989
      vertex 22.540779881161892 76.79134456098646 0
      vertex 22.4 76.86076951545868 0
    endloop
  endfacet
  facet normal 0.5555702330195834 0.831469612302558 0
    outer loop
      vertex 22.269486285189537 76.94797599165052 0.7999999999999989
      vertex 22.4 76.86076951545868 0
      vertex 22.269486285189537 76.94797599165052 0
    endloop
  endfacet
  facet normal 0.32143946530315426 0.9469301294951081 0
    outer loop
      vertex 22.540779881161892 76.79134456098646 0.7999999999999989
      vertex 22.689417145876973 76.74088900845312 0
      vertex 22.540779881161892 76.79134456098646 0
    endloop
  endfacet
  facet normal 0.5555702330195834 0.831469612302558 0
    outer loop
      vertex 22.269486285189537 76.94797599165052 0.7999999999999989
      vertex 22.4 76.86076951545868 0.7999999999999989
      vertex 22.4 76.86076951545868 0
    endloop
  endfacet
  facet normal 0.4422886902190365 0.8968727415326708 0
    outer loop
      vertex 22.4 76.86076951545868 0.7999999999999989
      vertex 22.540779881161892 76.79134456098646 0.7999999999999989
      vertex 22.540779881161892 76.79134456098646 0
    endloop
  endfacet
  facet normal 0.32143946530315426 0.9469301294951081 0
    outer loop
      vertex 22.540779881161892 76.79134456098646 0.7999999999999989
      vertex 22.689417145876973 76.74088900845312 0.7999999999999989
      vertex 22.689417145876973 76.74088900845312 0
    endloop
  endfacet
  facet normal 0.19509032201614016 0.980785280403228 0
    outer loop
      vertex 22.689417145876973 76.74088900845312 0.7999999999999989
      vertex 22.843368569335937 76.71026616635143 0
      vertex 22.689417145876973 76.74088900845312 0
    endloop
  endfacet
  facet normal 0.06540312923014742 0.9978589232386033 0
    outer loop
      vertex 22.843368569335937 76.71026616635143 0.7999999999999989
      vertex 23 76.7 0
      vertex 22.843368569335937 76.71026616635143 0
    endloop
  endfacet
  facet normal 0.19509032201614016 0.980785280403228 0
    outer loop
      vertex 22.689417145876973 76.74088900845312 0.7999999999999989
      vertex 22.843368569335937 76.71026616635143 0.7999999999999989
      vertex 22.843368569335937 76.71026616635143 0
    endloop
  endfacet
  facet normal 0.06540312923014742 0.9978589232386033 0
    outer loop
      vertex 22.843368569335937 76.71026616635143 0.7999999999999989
      vertex 23 76.7 0.7999999999999989
      vertex 23 76.7 0
    endloop
  endfacet
  facet normal 0.8314696123025649 -0.5555702330195729 0
    outer loop
      vertex 22.047975991650517 78.63051371481048 0.7999999999999989
      vertex 21.960769515458672 78.5 0
      vertex 22.047975991650517 78.63051371481048 0
    endloop
  endfacet
  facet normal 0.7518398074789501 -0.6593458151001002 0
    outer loop
      vertex 22.151471862576145 78.74852813742386 0.7999999999999989
      vertex 22.047975991650517 78.63051371481048 0
      vertex 22.151471862576145 78.74852813742386 0
    endloop
  endfacet
  facet normal 0.6593458151000775 -0.7518398074789696 0
    outer loop
      vertex 22.269486285189537 78.85202400834949 0.7999999999999989
      vertex 22.151471862576145 78.74852813742386 0
      vertex 22.269486285189537 78.85202400834949 0
    endloop
  endfacet
  facet normal 0.8314696123025649 -0.5555702330195729 0
    outer loop
      vertex 21.960769515458672 78.5 0.7999999999999989
      vertex 21.960769515458672 78.5 0
      vertex 22.047975991650517 78.63051371481048 0.7999999999999989
    endloop
  endfacet
  facet normal 0.7518398074789501 -0.6593458151001002 0
    outer loop
      vertex 22.047975991650517 78.63051371481048 0.7999999999999989
      vertex 22.047975991650517 78.63051371481048 0
      vertex 22.151471862576145 78.74852813742386 0.7999999999999989
    endloop
  endfacet
  facet normal 0.6593458151000775 -0.7518398074789696 0
    outer loop
      vertex 22.151471862576145 78.74852813742386 0.7999999999999989
      vertex 22.151471862576145 78.74852813742386 0
      vertex 22.269486285189537 78.85202400834949 0.7999999999999989
    endloop
  endfacet
  facet normal 0.5555702330195834 -0.831469612302558 0
    outer loop
      vertex 22.4 78.93923048454133 0.7999999999999989
      vertex 22.269486285189537 78.85202400834949 0
      vertex 22.4 78.93923048454133 0
    endloop
  endfacet
  facet normal 0.4422886902190365 -0.8968727415326708 0
    outer loop
      vertex 22.540779881161892 79.00865543901355 0.7999999999999989
      vertex 22.4 78.93923048454133 0
      vertex 22.540779881161892 79.00865543901355 0
    endloop
  endfacet
  facet normal 0.32143946530315426 -0.9469301294951081 0
    outer loop
      vertex 22.689417145876973 79.05911099154689 0.7999999999999989
      vertex 22.540779881161892 79.00865543901355 0
      vertex 22.689417145876973 79.05911099154689 0
    endloop
  endfacet
  facet normal 0.5555702330195834 -0.831469612302558 0
    outer loop
      vertex 22.269486285189537 78.85202400834949 0.7999999999999989
      vertex 22.269486285189537 78.85202400834949 0
      vertex 22.4 78.93923048454133 0.7999999999999989
    endloop
  endfacet
  facet normal 0.4422886902190365 -0.8968727415326708 0
    outer loop
      vertex 22.4 78.93923048454133 0.7999999999999989
      vertex 22.4 78.93923048454133 0
      vertex 22.540779881161892 79.00865543901355 0.7999999999999989
    endloop
  endfacet
  facet normal 0.32143946530315426 -0.9469301294951081 0
    outer loop
      vertex 22.540779881161892 79.00865543901355 0.7999999999999989
      vertex 22.540779881161892 79.00865543901355 0
      vertex 22.689417145876973 79.05911099154689 0.7999999999999989
    endloop
  endfacet
  facet normal 0.19509032201614016 -0.980785280403228 0
    outer loop
      vertex 22.843368569335937 79.08973383364858 0.7999999999999989
      vertex 22.689417145876973 79.05911099154689 0
      vertex 22.843368569335937 79.08973383364858 0
    endloop
  endfacet
  facet normal 0.06540312923014742 -0.9978589232386033 0
    outer loop
      vertex 23 79.10000000000001 0.7999999999999989
      vertex 22.843368569335937 79.08973383364858 0
      vertex 23 79.10000000000001 0
    endloop
  endfacet
  facet normal 0.19509032201614016 -0.980785280403228 0
    outer loop
      vertex 22.689417145876973 79.05911099154689 0.7999999999999989
      vertex 22.689417145876973 79.05911099154689 0
      vertex 22.843368569335937 79.08973383364858 0.7999999999999989
    endloop
  endfacet
  facet normal 0.06540312923014742 -0.9978589232386033 0
    outer loop
      vertex 22.843368569335937 79.08973383364858 0.7999999999999989
      vertex 22.843368569335937 79.08973383364858 0
      vertex 23 79.10000000000001 0.7999999999999989
    endloop
  endfacet
  facet normal -0.06540312923014742 0.9978589232386033 0
    outer loop
      vertex 23 76.7 0.7999999999999989
      vertex 23.156631430664063 76.71026616635143 0
      vertex 23 76.7 0
    endloop
  endfacet
  facet normal -0.19509032201614016 0.980785280403228 0
    outer loop
      vertex 23.156631430664063 76.71026616635143 0.7999999999999989
      vertex 23.310582854123027 76.74088900845312 0
      vertex 23.156631430664063 76.71026616635143 0
    endloop
  endfacet
  facet normal -0.06540312923014742 0.9978589232386033 0
    outer loop
      vertex 23 76.7 0.7999999999999989
      vertex 23.156631430664063 76.71026616635143 0.7999999999999989
      vertex 23.156631430664063 76.71026616635143 0
    endloop
  endfacet
  facet normal -0.19509032201614016 0.980785280403228 0
    outer loop
      vertex 23.156631430664063 76.71026616635143 0.7999999999999989
      vertex 23.310582854123027 76.74088900845312 0.7999999999999989
      vertex 23.310582854123027 76.74088900845312 0
    endloop
  endfacet
  facet normal -0.32143946530315426 0.9469301294951081 0
    outer loop
      vertex 23.310582854123027 76.74088900845312 0.7999999999999989
      vertex 23.459220118838108 76.79134456098646 0
      vertex 23.310582854123027 76.74088900845312 0
    endloop
  endfacet
  facet normal -0.4422886902190365 0.8968727415326708 0
    outer loop
      vertex 23.459220118838108 76.79134456098646 0.7999999999999989
      vertex 23.6 76.86076951545868 0
      vertex 23.459220118838108 76.79134456098646 0
    endloop
  endfacet
  facet normal -0.5555702330195834 0.831469612302558 0
    outer loop
      vertex 23.6 76.86076951545868 0.7999999999999989
      vertex 23.730513714810463 76.94797599165052 0
      vertex 23.6 76.86076951545868 0
    endloop
  endfacet
  facet normal -0.32143946530315426 0.9469301294951081 0
    outer loop
      vertex 23.310582854123027 76.74088900845312 0.7999999999999989
      vertex 23.459220118838108 76.79134456098646 0.7999999999999989
      vertex 23.459220118838108 76.79134456098646 0
    endloop
  endfacet
  facet normal -0.4422886902190365 0.8968727415326708 0
    outer loop
      vertex 23.459220118838108 76.79134456098646 0.7999999999999989
      vertex 23.6 76.86076951545868 0.7999999999999989
      vertex 23.6 76.86076951545868 0
    endloop
  endfacet
  facet normal -0.5555702330195834 0.831469612302558 0
    outer loop
      vertex 23.6 76.86076951545868 0.7999999999999989
      vertex 23.730513714810463 76.94797599165052 0.7999999999999989
      vertex 23.730513714810463 76.94797599165052 0
    endloop
  endfacet
  facet normal -0.6593458151000775 0.7518398074789696 0
    outer loop
      vertex 23.730513714810463 76.94797599165052 0.7999999999999989
      vertex 23.848528137423855 77.05147186257615 0
      vertex 23.730513714810463 76.94797599165052 0
    endloop
  endfacet
  facet normal -0.7518398074789501 0.6593458151001002 0
    outer loop
      vertex 23.848528137423855 77.05147186257615 0.7999999999999989
      vertex 23.952024008349483 77.16948628518954 0
      vertex 23.848528137423855 77.05147186257615 0
    endloop
  endfacet
  facet normal -0.6593458151000775 0.7518398074789696 0
    outer loop
      vertex 23.730513714810463 76.94797599165052 0.7999999999999989
      vertex 23.848528137423855 77.05147186257615 0.7999999999999989
      vertex 23.848528137423855 77.05147186257615 0
    endloop
  endfacet
  facet normal -0.7518398074789501 0.6593458151001002 0
    outer loop
      vertex 23.848528137423855 77.05147186257615 0.7999999999999989
      vertex 23.952024008349483 77.16948628518954 0.7999999999999989
      vertex 23.952024008349483 77.16948628518954 0
    endloop
  endfacet
  facet normal -0.8314696123025649 0.5555702330195729 0
    outer loop
      vertex 23.952024008349483 77.16948628518954 0.7999999999999989
      vertex 24.039230484541328 77.30000000000001 0
      vertex 23.952024008349483 77.16948628518954 0
    endloop
  endfacet
  facet normal -0.8968727415326934 0.44228869021899087 0
    outer loop
      vertex 24.039230484541328 77.30000000000001 0.7999999999999989
      vertex 24.108655439013543 77.4407798811619 0
      vertex 24.039230484541328 77.30000000000001 0
    endloop
  endfacet
  facet normal -0.8314696123025649 0.5555702330195729 0
    outer loop
      vertex 23.952024008349483 77.16948628518954 0.7999999999999989
      vertex 24.039230484541328 77.30000000000001 0.7999999999999989
      vertex 24.039230484541328 77.30000000000001 0
    endloop
  endfacet
  facet normal -0.8968727415326934 -0.44228869021899087 0
    outer loop
      vertex 24.039230484541328 78.5 0.7999999999999989
      vertex 24.039230484541328 78.5 0
      vertex 24.108655439013543 78.35922011883811 0.7999999999999989
    endloop
  endfacet
  facet normal -0.9469301294950989 0.3214394653031814 0
    outer loop
      vertex 24.108655439013543 77.4407798811619 0.7999999999999989
      vertex 24.159110991546882 77.58941714587698 0
      vertex 24.108655439013543 77.4407798811619 0
    endloop
  endfacet
  facet normal -0.9807852804032323 0.1950903220161184 0
    outer loop
      vertex 24.159110991546882 77.58941714587698 0.7999999999999989
      vertex 24.18973383364857 77.74336856933594 0
      vertex 24.159110991546882 77.58941714587698 0
    endloop
  endfacet
  facet normal -0.9978589232386033 0.06540312923014742 0
    outer loop
      vertex 24.18973383364857 77.74336856933594 0.7999999999999989
      vertex 24.2 77.9 0
      vertex 24.18973383364857 77.74336856933594 0
    endloop
  endfacet
  facet normal -0.8968727415326934 0.44228869021899087 0
    outer loop
      vertex 24.039230484541328 77.30000000000001 0.7999999999999989
      vertex 24.108655439013543 77.4407798811619 0.7999999999999989
      vertex 24.108655439013543 77.4407798811619 0
    endloop
  endfacet
  facet normal -0.9469301294950989 0.3214394653031814 0
    outer loop
      vertex 24.108655439013543 77.4407798811619 0.7999999999999989
      vertex 24.159110991546882 77.58941714587698 0.7999999999999989
      vertex 24.159110991546882 77.58941714587698 0
    endloop
  endfacet
  facet normal -0.9807852804032323 0.1950903220161184 0
    outer loop
      vertex 24.159110991546882 77.58941714587698 0.7999999999999989
      vertex 24.18973383364857 77.74336856933594 0.7999999999999989
      vertex 24.18973383364857 77.74336856933594 0
    endloop
  endfacet
  facet normal -0.9978589232386033 -0.06540312923014742 0
    outer loop
      vertex 24.2 77.9 0.7999999999999989
      vertex 24.18973383364857 78.05663143066407 0
      vertex 24.2 77.9 0
    endloop
  endfacet
  facet normal -0.9807852804032323 -0.1950903220161184 0
    outer loop
      vertex 24.18973383364857 78.05663143066407 0.7999999999999989
      vertex 24.159110991546882 78.21058285412303 0
      vertex 24.18973383364857 78.05663143066407 0
    endloop
  endfacet
  facet normal -0.9469301294950989 -0.3214394653031814 0
    outer loop
      vertex 24.159110991546882 78.21058285412303 0.7999999999999989
      vertex 24.108655439013543 78.35922011883811 0
      vertex 24.159110991546882 78.21058285412303 0
    endloop
  endfacet
  facet normal -0.8968727415326934 -0.44228869021899087 0
    outer loop
      vertex 24.108655439013543 78.35922011883811 0.7999999999999989
      vertex 24.039230484541328 78.5 0
      vertex 24.108655439013543 78.35922011883811 0
    endloop
  endfacet
  facet normal -0.9978589232386033 0.06540312923014742 0
    outer loop
      vertex 24.18973383364857 77.74336856933594 0.7999999999999989
      vertex 24.2 77.9 0.7999999999999989
      vertex 24.2 77.9 0
    endloop
  endfacet
  facet normal -0.9978589232386033 -0.06540312923014742 0
    outer loop
      vertex 24.2 77.9 0.7999999999999989
      vertex 24.18973383364857 78.05663143066407 0.7999999999999989
      vertex 24.18973383364857 78.05663143066407 0
    endloop
  endfacet
  facet normal -0.9469301294950989 -0.3214394653031814 0
    outer loop
      vertex 24.159110991546882 78.21058285412303 0.7999999999999989
      vertex 24.108655439013543 78.35922011883811 0.7999999999999989
      vertex 24.108655439013543 78.35922011883811 0
    endloop
  endfacet
  facet normal -0.9807852804032323 -0.1950903220161184 0
    outer loop
      vertex 24.159110991546882 78.21058285412303 0.7999999999999989
      vertex 24.159110991546882 78.21058285412303 0
      vertex 24.18973383364857 78.05663143066407 0.7999999999999989
    endloop
  endfacet
  facet normal -0.06540312923014742 -0.9978589232386033 0
    outer loop
      vertex 23.156631430664063 79.08973383364858 0.7999999999999989
      vertex 23 79.10000000000001 0
      vertex 23.156631430664063 79.08973383364858 0
    endloop
  endfacet
  facet normal -0.19509032201614016 -0.980785280403228 0
    outer loop
      vertex 23.310582854123027 79.05911099154689 0.7999999999999989
      vertex 23.156631430664063 79.08973383364858 0
      vertex 23.310582854123027 79.05911099154689 0
    endloop
  endfacet
  facet normal -0.06540312923014742 -0.9978589232386033 0
    outer loop
      vertex 23 79.10000000000001 0.7999999999999989
      vertex 23 79.10000000000001 0
      vertex 23.156631430664063 79.08973383364858 0.7999999999999989
    endloop
  endfacet
  facet normal -0.19509032201614016 -0.980785280403228 0
    outer loop
      vertex 23.156631430664063 79.08973383364858 0.7999999999999989
      vertex 23.156631430664063 79.08973383364858 0
      vertex 23.310582854123027 79.05911099154689 0.7999999999999989
    endloop
  endfacet
  facet normal -0.32143946530315426 -0.9469301294951081 0
    outer loop
      vertex 23.459220118838108 79.00865543901355 0.7999999999999989
      vertex 23.310582854123027 79.05911099154689 0
      vertex 23.459220118838108 79.00865543901355 0
    endloop
  endfacet
  facet normal -0.4422886902190365 -0.8968727415326708 0
    outer loop
      vertex 23.6 78.93923048454133 0.7999999999999989
      vertex 23.459220118838108 79.00865543901355 0
      vertex 23.6 78.93923048454133 0
    endloop
  endfacet
  facet normal -0.5555702330195834 -0.831469612302558 0
    outer loop
      vertex 23.730513714810463 78.85202400834949 0.7999999999999989
      vertex 23.6 78.93923048454133 0
      vertex 23.730513714810463 78.85202400834949 0
    endloop
  endfacet
  facet normal -0.32143946530315426 -0.9469301294951081 0
    outer loop
      vertex 23.310582854123027 79.05911099154689 0.7999999999999989
      vertex 23.310582854123027 79.05911099154689 0
      vertex 23.459220118838108 79.00865543901355 0.7999999999999989
    endloop
  endfacet
  facet normal -0.4422886902190365 -0.8968727415326708 0
    outer loop
      vertex 23.459220118838108 79.00865543901355 0.7999999999999989
      vertex 23.459220118838108 79.00865543901355 0
      vertex 23.6 78.93923048454133 0.7999999999999989
    endloop
  endfacet
  facet normal -0.5555702330195834 -0.831469612302558 0
    outer loop
      vertex 23.6 78.93923048454133 0.7999999999999989
      vertex 23.6 78.93923048454133 0
      vertex 23.730513714810463 78.85202400834949 0.7999999999999989
    endloop
  endfacet
  facet normal -0.6593458151000775 -0.7518398074789696 0
    outer loop
      vertex 23.848528137423855 78.74852813742386 0.7999999999999989
      vertex 23.730513714810463 78.85202400834949 0
      vertex 23.848528137423855 78.74852813742386 0
    endloop
  endfacet
  facet normal -0.7518398074789501 -0.6593458151001002 0
    outer loop
      vertex 23.952024008349483 78.63051371481048 0.7999999999999989
      vertex 23.848528137423855 78.74852813742386 0
      vertex 23.952024008349483 78.63051371481048 0
    endloop
  endfacet
  facet normal -0.8314696123025649 -0.5555702330195729 0
    outer loop
      vertex 24.039230484541328 78.5 0.7999999999999989
      vertex 23.952024008349483 78.63051371481048 0
      vertex 24.039230484541328 78.5 0
    endloop
  endfacet
  facet normal -0.7518398074789501 -0.6593458151001002 0
    outer loop
      vertex 23.848528137423855 78.74852813742386 0.7999999999999989
      vertex 23.848528137423855 78.74852813742386 0
      vertex 23.952024008349483 78.63051371481048 0.7999999999999989
    endloop
  endfacet
  facet normal -0.6593458151000775 -0.7518398074789696 0
    outer loop
      vertex 23.848528137423855 78.74852813742386 0.7999999999999989
      vertex 23.730513714810463 78.85202400834949 0.7999999999999989
      vertex 23.730513714810463 78.85202400834949 0
    endloop
  endfacet
  facet normal -0.8314696123025649 -0.5555702330195729 0
    outer loop
      vertex 23.952024008349483 78.63051371481048 0.7999999999999989
      vertex 23.952024008349483 78.63051371481048 0
      vertex 24.039230484541328 78.5 0.7999999999999989
    endloop
  endfacet
  facet normal 0.3214394653031609 0.946930129495106 0
    outer loop
      vertex 22.19636479203331 75.9598529817263 0.7999999999999989
      vertex 22.19636479203331 75.9598529817263 2.4000000000000004
      vertex 22.456480005284707 75.87155576479296 0.7999999999999989
    endloop
  endfacet
  facet normal 0.19509032201612772 0.9807852804032305 0
    outer loop
      vertex 22.456480005284707 75.87155576479296 0.7999999999999989
      vertex 22.456480005284707 75.87155576479296 2.4000000000000004
      vertex 22.725894996337892 75.817965791115 0.7999999999999989
    endloop
  endfacet
  facet normal 0.06540312923010963 0.9978589232386056 0
    outer loop
      vertex 22.725894996337892 75.817965791115 0.7999999999999989
      vertex 22.725894996337892 75.817965791115 2.4000000000000004
      vertex 23 75.80000000000001 0.7999999999999989
    endloop
  endfacet
  facet normal 0.3214394653031609 0.946930129495106 0
    outer loop
      vertex 22.456480005284707 75.87155576479296 0.7999999999999989
      vertex 22.19636479203331 75.9598529817263 2.4000000000000004
      vertex 22.456480005284707 75.87155576479296 2.4000000000000004
    endloop
  endfacet
  facet normal 0.19509032201612772 0.9807852804032305 0
    outer loop
      vertex 22.725894996337892 75.817965791115 0.7999999999999989
      vertex 22.456480005284707 75.87155576479296 2.4000000000000004
      vertex 22.725894996337892 75.817965791115 2.4000000000000004
    endloop
  endfacet
  facet normal 0.06540312923010963 0.9978589232386056 0
    outer loop
      vertex 23 75.80000000000001 0.7999999999999989
      vertex 22.725894996337892 75.817965791115 2.4000000000000004
      vertex 23 75.80000000000001 2.4000000000000004
    endloop
  endfacet
  facet normal 0 0 1
    outer loop
      vertex 20.917965791114998 77.62589499633789 0.7999999999999989
      vertex 20.971555764792956 77.35648000528471 0.7999999999999989
      vertex 20.971555764792956 78.4435199947153 0.7999999999999989
    endloop
  endfacet
  facet normal 0 0 1
    outer loop
      vertex 21.059852981726298 77.09636479203331 0.7999999999999989
      vertex 21.059852981726298 78.7036352079667 0.7999999999999989
      vertex 20.971555764792956 77.35648000528471 0.7999999999999989
    endloop
  endfacet
  facet normal 0 0 1
    outer loop
      vertex 21.181346652052678 76.85000000000001 0.7999999999999989
      vertex 21.181346652052678 78.95 0.7999999999999989
      vertex 21.059852981726298 77.09636479203331 0.7999999999999989
    endloop
  endfacet
  facet normal 0 0 1
    outer loop
      vertex 20.917965791114998 77.62589499633789 0.7999999999999989
      vertex 20.917965791114998 78.17410500366212 0.7999999999999989
      vertex 20.9 77.9 0.7999999999999989
    endloop
  endfacet
  facet normal 0 0 1
    outer loop
      vertex 20.917965791114998 77.62589499633789 0.7999999999999989
      vertex 20.971555764792956 78.4435199947153 0.7999999999999989
      vertex 20.917965791114998 78.17410500366212 0.7999999999999989
    endloop
  endfacet
  facet normal 0 0 1
    outer loop
      vertex 20.971555764792956 77.35648000528471 0.7999999999999989
      vertex 21.059852981726298 78.7036352079667 0.7999999999999989
      vertex 20.971555764792956 78.4435199947153 0.7999999999999989
    endloop
  endfacet
  facet normal 0 0 1
    outer loop
      vertex 21.059852981726298 77.09636479203331 0.7999999999999989
      vertex 21.181346652052678 78.95 0.7999999999999989
      vertex 21.059852981726298 78.7036352079667 0.7999999999999989
    endloop
  endfacet
  facet normal 0 0 1
    outer loop
      vertex 21.181346652052678 76.85000000000001 0.7999999999999989
      vertex 21.333957985388405 76.62160099908169 0.7999999999999989
      vertex 21.333957985388405 79.17839900091832 0.7999999999999989
    endloop
  endfacet
  facet normal 0 0 1
    outer loop
      vertex 21.333957985388405 76.62160099908169 0.7999999999999989
      vertex 21.51507575950825 76.41507575950826 0.7999999999999989
      vertex 21.51507575950825 79.38492424049176 0.7999999999999989
    endloop
  endfacet
  facet normal 0 0 1
    outer loop
      vertex 21.181346652052678 76.85000000000001 0.7999999999999989
      vertex 21.333957985388405 79.17839900091832 0.7999999999999989
      vertex 21.181346652052678 78.95 0.7999999999999989
    endloop
  endfacet
  facet normal 0 0 1
    outer loop
      vertex 21.333957985388405 76.62160099908169 0.7999999999999989
      vertex 21.51507575950825 79.38492424049176 0.7999999999999989
      vertex 21.333957985388405 79.17839900091832 0.7999999999999989
    endloop
  endfacet
  facet normal 0.8968727415326845 0.4422886902190091 0
    outer loop
      vertex 21.181346652052678 76.85000000000001 0.7999999999999989
      vertex 21.059852981726298 77.09636479203331 0.7999999999999989
      vertex 21.059852981726298 77.09636479203331 2.4000000000000004
    endloop
  endfacet
  facet normal 0.7518398074789789 0.6593458151000671 0
    outer loop
      vertex 21.333957985388405 76.62160099908169 0.7999999999999989
      vertex 21.333957985388405 76.62160099908169 2.4000000000000004
      vertex 21.51507575950825 76.41507575950826 0.7999999999999989
    endloop
  endfacet
  facet normal 0.8314696123025478 0.5555702330195983 0
    outer loop
      vertex 21.181346652052678 76.85000000000001 0.7999999999999989
      vertex 21.181346652052678 76.85000000000001 2.4000000000000004
      vertex 21.333957985388405 76.62160099908169 0.7999999999999989
    endloop
  endfacet
  facet normal 0.946930129495106 0.3214394653031609 0
    outer loop
      vertex 21.059852981726298 77.09636479203331 0.7999999999999989
      vertex 20.971555764792956 77.35648000528471 2.4000000000000004
      vertex 21.059852981726298 77.09636479203331 2.4000000000000004
    endloop
  endfacet
  facet normal 0.8968727415326845 0.4422886902190091 0
    outer loop
      vertex 21.181346652052678 76.85000000000001 0.7999999999999989
      vertex 21.059852981726298 77.09636479203331 2.4000000000000004
      vertex 21.181346652052678 76.85000000000001 2.4000000000000004
    endloop
  endfacet
  facet normal 0.7518398074789789 0.6593458151000671 0
    outer loop
      vertex 21.51507575950825 76.41507575950826 0.7999999999999989
      vertex 21.333957985388405 76.62160099908169 2.4000000000000004
      vertex 21.51507575950825 76.41507575950826 2.4000000000000004
    endloop
  endfacet
  facet normal 0.8314696123025478 0.5555702330195983 0
    outer loop
      vertex 21.333957985388405 76.62160099908169 0.7999999999999989
      vertex 21.181346652052678 76.85000000000001 2.4000000000000004
      vertex 21.333957985388405 76.62160099908169 2.4000000000000004
    endloop
  endfacet
  facet normal 0.946930129495106 0.3214394653031609 0
    outer loop
      vertex 21.059852981726298 77.09636479203331 0.7999999999999989
      vertex 20.971555764792956 77.35648000528471 0.7999999999999989
      vertex 20.971555764792956 77.35648000528471 2.4000000000000004
    endloop
  endfacet
  facet normal 0.9978589232386033 0.06540312923014659 0
    outer loop
      vertex 20.917965791114998 77.62589499633789 0.7999999999999989
      vertex 20.9 77.9 0.7999999999999989
      vertex 20.9 77.9 2.4000000000000004
    endloop
  endfacet
  facet normal 0.9807852804032301 0.19509032201613022 0
    outer loop
      vertex 20.917965791114998 77.62589499633789 0.7999999999999989
      vertex 20.917965791114998 77.62589499633789 2.4000000000000004
      vertex 20.971555764792956 77.35648000528471 0.7999999999999989
    endloop
  endfacet
  facet normal 0.9978589232386033 -0.06540312923014659 0
    outer loop
      vertex 20.9 77.9 0.7999999999999989
      vertex 20.917965791114998 78.17410500366212 0.7999999999999989
      vertex 20.917965791114998 78.17410500366212 2.4000000000000004
    endloop
  endfacet
  facet normal 0.9807852804032301 -0.19509032201613022 0
    outer loop
      vertex 20.917965791114998 78.17410500366212 0.7999999999999989
      vertex 20.971555764792956 78.4435199947153 0.7999999999999989
      vertex 20.971555764792956 78.4435199947153 2.4000000000000004
    endloop
  endfacet
  facet normal 0.9807852804032301 0.19509032201613022 0
    outer loop
      vertex 20.971555764792956 77.35648000528471 0.7999999999999989
      vertex 20.917965791114998 77.62589499633789 2.4000000000000004
      vertex 20.971555764792956 77.35648000528471 2.4000000000000004
    endloop
  endfacet
  facet normal 0.9978589232386033 0.06540312923014659 0
    outer loop
      vertex 20.917965791114998 77.62589499633789 0.7999999999999989
      vertex 20.9 77.9 2.4000000000000004
      vertex 20.917965791114998 77.62589499633789 2.4000000000000004
    endloop
  endfacet
  facet normal 0.9978589232386033 -0.06540312923014659 0
    outer loop
      vertex 20.9 77.9 0.7999999999999989
      vertex 20.917965791114998 78.17410500366212 2.4000000000000004
      vertex 20.9 77.9 2.4000000000000004
    endloop
  endfacet
  facet normal 0.9807852804032301 -0.19509032201613022 0
    outer loop
      vertex 20.917965791114998 78.17410500366212 0.7999999999999989
      vertex 20.971555764792956 78.4435199947153 2.4000000000000004
      vertex 20.917965791114998 78.17410500366212 2.4000000000000004
    endloop
  endfacet
  facet normal 0.946930129495106 -0.3214394653031609 0
    outer loop
      vertex 20.971555764792956 78.4435199947153 0.7999999999999989
      vertex 21.059852981726298 78.7036352079667 0.7999999999999989
      vertex 21.059852981726298 78.7036352079667 2.4000000000000004
    endloop
  endfacet
  facet normal 0.8968727415326845 -0.4422886902190091 0
    outer loop
      vertex 21.059852981726298 78.7036352079667 0.7999999999999989
      vertex 21.181346652052678 78.95 0.7999999999999989
      vertex 21.181346652052678 78.95 2.4000000000000004
    endloop
  endfacet
  facet normal 0.8314696123025478 -0.5555702330195983 0
    outer loop
      vertex 21.181346652052678 78.95 0.7999999999999989
      vertex 21.333957985388405 79.17839900091832 0.7999999999999989
      vertex 21.333957985388405 79.17839900091832 2.4000000000000004
    endloop
  endfacet
  facet normal 0.7518398074789789 -0.6593458151000671 0
    outer loop
      vertex 21.333957985388405 79.17839900091832 0.7999999999999989
      vertex 21.51507575950825 79.38492424049176 0.7999999999999989
      vertex 21.51507575950825 79.38492424049176 2.4000000000000004
    endloop
  endfacet
  facet normal 0.946930129495106 -0.3214394653031609 0
    outer loop
      vertex 20.971555764792956 78.4435199947153 0.7999999999999989
      vertex 21.059852981726298 78.7036352079667 2.4000000000000004
      vertex 20.971555764792956 78.4435199947153 2.4000000000000004
    endloop
  endfacet
  facet normal 0.8968727415326845 -0.4422886902190091 0
    outer loop
      vertex 21.059852981726298 78.7036352079667 0.7999999999999989
      vertex 21.181346652052678 78.95 2.4000000000000004
      vertex 21.059852981726298 78.7036352079667 2.4000000000000004
    endloop
  endfacet
  facet normal 0.8314696123025478 -0.5555702330195983 0
    outer loop
      vertex 21.181346652052678 78.95 0.7999999999999989
      vertex 21.333957985388405 79.17839900091832 2.4000000000000004
      vertex 21.181346652052678 78.95 2.4000000000000004
    endloop
  endfacet
  facet normal 0.7518398074789789 -0.6593458151000671 0
    outer loop
      vertex 21.333957985388405 79.17839900091832 0.7999999999999989
      vertex 21.51507575950825 79.38492424049176 2.4000000000000004
      vertex 21.333957985388405 79.17839900091832 2.4000000000000004
    endloop
  endfacet
  facet normal 0 0 1
    outer loop
      vertex 21.721600999081687 76.23395798538841 0.7999999999999989
      vertex 21.95 76.08134665205269 0.7999999999999989
      vertex 21.960769515458672 77.30000000000001 0.7999999999999989
    endloop
  endfacet
  facet normal 0 0 1
    outer loop
      vertex 21.721600999081687 76.23395798538841 0.7999999999999989
      vertex 21.891344560986457 77.4407798811619 0.7999999999999989
      vertex 21.840889008453118 77.58941714587698 0.7999999999999989
    endloop
  endfacet
  facet normal 0 0 1
    outer loop
      vertex 21.721600999081687 76.23395798538841 0.7999999999999989
      vertex 21.840889008453118 77.58941714587698 0.7999999999999989
      vertex 21.81026616635143 77.74336856933594 0.7999999999999989
    endloop
  endfacet
  facet normal 0 0 1
    outer loop
      vertex 21.721600999081687 76.23395798538841 0.7999999999999989
      vertex 21.960769515458672 77.30000000000001 0.7999999999999989
      vertex 21.891344560986457 77.4407798811619 0.7999999999999989
    endloop
  endfacet
  facet normal 0 0 1
    outer loop
      vertex 21.95 76.08134665205269 0.7999999999999989
      vertex 22.19636479203331 75.9598529817263 0.7999999999999989
      vertex 22.269486285189537 76.94797599165052 0.7999999999999989
    endloop
  endfacet
  facet normal 0 0 1
    outer loop
      vertex 21.95 76.08134665205269 0.7999999999999989
      vertex 22.047975991650517 77.16948628518954 0.7999999999999989
      vertex 21.960769515458672 77.30000000000001 0.7999999999999989
    endloop
  endfacet
  facet normal 0 0 1
    outer loop
      vertex 21.95 76.08134665205269 0.7999999999999989
      vertex 22.151471862576145 77.05147186257615 0.7999999999999989
      vertex 22.047975991650517 77.16948628518954 0.7999999999999989
    endloop
  endfacet
  facet normal 0 0 1
    outer loop
      vertex 21.95 76.08134665205269 0.7999999999999989
      vertex 22.269486285189537 76.94797599165052 0.7999999999999989
      vertex 22.151471862576145 77.05147186257615 0.7999999999999989
    endloop
  endfacet
  facet normal 0 0 1
    outer loop
      vertex 21.51507575950825 76.41507575950826 0.7999999999999989
      vertex 21.721600999081687 76.23395798538841 0.7999999999999989
      vertex 21.721600999081687 79.5660420146116 0.7999999999999989
    endloop
  endfacet
  facet normal 0 0 1
    outer loop
      vertex 21.721600999081687 76.23395798538841 0.7999999999999989
      vertex 21.81026616635143 77.74336856933594 0.7999999999999989
      vertex 21.8 77.9 0.7999999999999989
    endloop
  endfacet
  facet normal 0 0 1
    outer loop
      vertex 21.51507575950825 76.41507575950826 0.7999999999999989
      vertex 21.721600999081687 79.5660420146116 0.7999999999999989
      vertex 21.51507575950825 79.38492424049176 0.7999999999999989
    endloop
  endfacet
  facet normal 0 0 1
    outer loop
      vertex 21.721600999081687 76.23395798538841 0.7999999999999989
      vertex 21.8 77.9 0.7999999999999989
      vertex 21.721600999081687 79.5660420146116 0.7999999999999989
    endloop
  endfacet
  facet normal 0 0 1
    outer loop
      vertex 22.19636479203331 75.9598529817263 0.7999999999999989
      vertex 22.456480005284707 75.87155576479296 0.7999999999999989
      vertex 22.540779881161892 76.79134456098646 0.7999999999999989
    endloop
  endfacet
  facet normal 0 0 1
    outer loop
      vertex 22.19636479203331 75.9598529817263 0.7999999999999989
      vertex 22.540779881161892 76.79134456098646 0.7999999999999989
      vertex 22.4 76.86076951545868 0.7999999999999989
    endloop
  endfacet
  facet normal 0 0 1
    outer loop
      vertex 22.456480005284707 75.87155576479296 0.7999999999999989
      vertex 22.689417145876973 76.74088900845312 0.7999999999999989
      vertex 22.540779881161892 76.79134456098646 0.7999999999999989
    endloop
  endfacet
  facet normal 0 0 1
    outer loop
      vertex 22.19636479203331 75.9598529817263 0.7999999999999989
      vertex 22.4 76.86076951545868 0.7999999999999989
      vertex 22.269486285189537 76.94797599165052 0.7999999999999989
    endloop
  endfacet
  facet normal 0 0 1
    outer loop
      vertex 22.456480005284707 75.87155576479296 0.7999999999999989
      vertex 22.725894996337892 75.817965791115 0.7999999999999989
      vertex 22.843368569335937 76.71026616635143 0.7999999999999989
    endloop
  endfacet
  facet normal 0 0 1
    outer loop
      vertex 22.456480005284707 75.87155576479296 0.7999999999999989
      vertex 22.843368569335937 76.71026616635143 0.7999999999999989
      vertex 22.689417145876973 76.74088900845312 0.7999999999999989
    endloop
  endfacet
  facet normal 0 0 1
    outer loop
      vertex 22.725894996337892 75.817965791115 0.7999999999999989
      vertex 23 75.80000000000001 0.7999999999999989
      vertex 22.843368569335937 76.71026616635143 0.7999999999999989
    endloop
  endfacet
  facet normal 0 0 1
    outer loop
      vertex 22.843368569335937 76.71026616635143 0.7999999999999989
      vertex 23 75.80000000000001 0.7999999999999989
      vertex 23 76.7 0.7999999999999989
    endloop
  endfacet
  facet normal 0.6593458151000599 0.7518398074789854 0
    outer loop
      vertex 21.51507575950825 76.41507575950826 0.7999999999999989
      vertex 21.51507575950825 76.41507575950826 2.4000000000000004
      vertex 21.721600999081687 76.23395798538841 0.7999999999999989
    endloop
  endfacet
  facet normal 0.5555702330196043 0.8314696123025438 0
    outer loop
      vertex 21.721600999081687 76.23395798538841 0.7999999999999989
      vertex 21.721600999081687 76.23395798538841 2.4000000000000004
      vertex 21.95 76.08134665205269 0.7999999999999989
    endloop
  endfacet
  facet normal 0.4422886902190196 0.8968727415326793 0
    outer loop
      vertex 21.95 76.08134665205269 0.7999999999999989
      vertex 21.95 76.08134665205269 2.4000000000000004
      vertex 22.19636479203331 75.9598529817263 0.7999999999999989
    endloop
  endfacet
  facet normal 0.6593458151000599 0.7518398074789854 0
    outer loop
      vertex 21.721600999081687 76.23395798538841 0.7999999999999989
      vertex 21.51507575950825 76.41507575950826 2.4000000000000004
      vertex 21.721600999081687 76.23395798538841 2.4000000000000004
    endloop
  endfacet
  facet normal 0.5555702330196043 0.8314696123025438 0
    outer loop
      vertex 21.95 76.08134665205269 0.7999999999999989
      vertex 21.721600999081687 76.23395798538841 2.4000000000000004
      vertex 21.95 76.08134665205269 2.4000000000000004
    endloop
  endfacet
  facet normal 0.4422886902190196 0.8968727415326793 0
    outer loop
      vertex 22.19636479203331 75.9598529817263 0.7999999999999989
      vertex 21.95 76.08134665205269 2.4000000000000004
      vertex 22.19636479203331 75.9598529817263 2.4000000000000004
    endloop
  endfacet
  facet normal 0 0 1
    outer loop
      vertex 21.8 77.9 0.7999999999999989
      vertex 21.81026616635143 78.05663143066407 0.7999999999999989
      vertex 21.721600999081687 79.5660420146116 0.7999999999999989
    endloop
  endfacet
  facet normal 0 0 1
    outer loop
      vertex 21.81026616635143 78.05663143066407 0.7999999999999989
      vertex 21.840889008453118 78.21058285412303 0.7999999999999989
      vertex 21.721600999081687 79.5660420146116 0.7999999999999989
    endloop
  endfacet
  facet normal 0 0 1
    outer loop
      vertex 21.840889008453118 78.21058285412303 0.7999999999999989
      vertex 21.891344560986457 78.35922011883811 0.7999999999999989
      vertex 21.95 79.71865334794732 0.7999999999999989
    endloop
  endfacet
  facet normal 0 0 1
    outer loop
      vertex 21.840889008453118 78.21058285412303 0.7999999999999989
      vertex 21.95 79.71865334794732 0.7999999999999989
      vertex 21.721600999081687 79.5660420146116 0.7999999999999989
    endloop
  endfacet
  facet normal 0 0 1
    outer loop
      vertex 21.891344560986457 78.35922011883811 0.7999999999999989
      vertex 21.960769515458672 78.5 0.7999999999999989
      vertex 21.95 79.71865334794732 0.7999999999999989
    endloop
  endfacet
  facet normal 0 0 1
    outer loop
      vertex 21.960769515458672 78.5 0.7999999999999989
      vertex 22.047975991650517 78.63051371481048 0.7999999999999989
      vertex 21.95 79.71865334794732 0.7999999999999989
    endloop
  endfacet
  facet normal 0 0 1
    outer loop
      vertex 22.047975991650517 78.63051371481048 0.7999999999999989
      vertex 22.151471862576145 78.74852813742386 0.7999999999999989
      vertex 22.19636479203331 79.84014701827371 0.7999999999999989
    endloop
  endfacet
  facet normal 0 0 1
    outer loop
      vertex 21.95 79.71865334794732 0.7999999999999989
      vertex 22.047975991650517 78.63051371481048 0.7999999999999989
      vertex 22.19636479203331 79.84014701827371 0.7999999999999989
    endloop
  endfacet
  facet normal 0 0 1
    outer loop
      vertex 22.151471862576145 78.74852813742386 0.7999999999999989
      vertex 22.269486285189537 78.85202400834949 0.7999999999999989
      vertex 22.19636479203331 79.84014701827371 0.7999999999999989
    endloop
  endfacet
  facet normal 0 0 1
    outer loop
      vertex 22.269486285189537 78.85202400834949 0.7999999999999989
      vertex 22.4 78.93923048454133 0.7999999999999989
      vertex 22.456480005284707 79.92844423520705 0.7999999999999989
    endloop
  endfacet
  facet normal 0 0 1
    outer loop
      vertex 22.19636479203331 79.84014701827371 0.7999999999999989
      vertex 22.269486285189537 78.85202400834949 0.7999999999999989
      vertex 22.456480005284707 79.92844423520705 0.7999999999999989
    endloop
  endfacet
  facet normal 0 0 1
    outer loop
      vertex 22.4 78.93923048454133 0.7999999999999989
      vertex 22.540779881161892 79.00865543901355 0.7999999999999989
      vertex 22.456480005284707 79.92844423520705 0.7999999999999989
    endloop
  endfacet
  facet normal 0 0 1
    outer loop
      vertex 22.456480005284707 79.92844423520705 0.7999999999999989
      vertex 22.540779881161892 79.00865543901355 0.7999999999999989
      vertex 22.725894996337892 79.98203420888501 0.7999999999999989
    endloop
  endfacet
  facet normal 0 0 1
    outer loop
      vertex 22.540779881161892 79.00865543901355 0.7999999999999989
      vertex 22.689417145876973 79.05911099154689 0.7999999999999989
      vertex 22.725894996337892 79.98203420888501 0.7999999999999989
    endloop
  endfacet
  facet normal 0 0 1
    outer loop
      vertex 22.689417145876973 79.05911099154689 0.7999999999999989
      vertex 22.843368569335937 79.08973383364858 0.7999999999999989
      vertex 22.725894996337892 79.98203420888501 0.7999999999999989
    endloop
  endfacet
  facet normal 0 0 1
    outer loop
      vertex 22.843368569335937 79.08973383364858 0.7999999999999989
      vertex 23 79.10000000000001 0.7999999999999989
      vertex 23 80 0.7999999999999989
    endloop
  endfacet
  facet normal 0 0 1
    outer loop
      vertex 22.725894996337892 79.98203420888501 0.7999999999999989
      vertex 22.843368569335937 79.08973383364858 0.7999999999999989
      vertex 23 80 0.7999999999999989
    endloop
  endfacet
  facet normal 0.6593458151000599 -0.7518398074789854 0
    outer loop
      vertex 21.51507575950825 79.38492424049176 0.7999999999999989
      vertex 21.721600999081687 79.5660420146116 0.7999999999999989
      vertex 21.721600999081687 79.5660420146116 2.4000000000000004
    endloop
  endfacet
  facet normal 0.5555702330196043 -0.8314696123025438 0
    outer loop
      vertex 21.721600999081687 79.5660420146116 0.7999999999999989
      vertex 21.95 79.71865334794732 0.7999999999999989
      vertex 21.95 79.71865334794732 2.4000000000000004
    endloop
  endfacet
  facet normal 0.6593458151000599 -0.7518398074789854 0
    outer loop
      vertex 21.51507575950825 79.38492424049176 0.7999999999999989
      vertex 21.721600999081687 79.5660420146116 2.4000000000000004
      vertex 21.51507575950825 79.38492424049176 2.4000000000000004
    endloop
  endfacet
  facet normal 0.5555702330196043 -0.8314696123025438 0
    outer loop
      vertex 21.721600999081687 79.5660420146116 0.7999999999999989
      vertex 21.95 79.71865334794732 2.4000000000000004
      vertex 21.721600999081687 79.5660420146116 2.4000000000000004
    endloop
  endfacet
  facet normal 0.4422886902190196 -0.8968727415326793 0
    outer loop
      vertex 21.95 79.71865334794732 0.7999999999999989
      vertex 22.19636479203331 79.84014701827371 0.7999999999999989
      vertex 22.19636479203331 79.84014701827371 2.4000000000000004
    endloop
  endfacet
  facet normal 0.4422886902190196 -0.8968727415326793 0
    outer loop
      vertex 21.95 79.71865334794732 0.7999999999999989
      vertex 22.19636479203331 79.84014701827371 2.4000000000000004
      vertex 21.95 79.71865334794732 2.4000000000000004
    endloop
  endfacet
  facet normal 0.3214394653031609 -0.946930129495106 0
    outer loop
      vertex 22.19636479203331 79.84014701827371 0.7999999999999989
      vertex 22.456480005284707 79.92844423520705 0.7999999999999989
      vertex 22.456480005284707 79.92844423520705 2.4000000000000004
    endloop
  endfacet
  facet normal 0.19509032201612772 -0.9807852804032305 0
    outer loop
      vertex 22.456480005284707 79.92844423520705 0.7999999999999989
      vertex 22.725894996337892 79.98203420888501 0.7999999999999989
      vertex 22.725894996337892 79.98203420888501 2.4000000000000004
    endloop
  endfacet
  facet normal 0.06540312923010963 -0.9978589232386056 0
    outer loop
      vertex 22.725894996337892 79.98203420888501 0.7999999999999989
      vertex 23 80 0.7999999999999989
      vertex 23 80 2.4000000000000004
    endloop
  endfacet
  facet normal 0.3214394653031609 -0.946930129495106 0
    outer loop
      vertex 22.19636479203331 79.84014701827371 0.7999999999999989
      vertex 22.456480005284707 79.92844423520705 2.4000000000000004
      vertex 22.19636479203331 79.84014701827371 2.4000000000000004
    endloop
  endfacet
  facet normal 0.19509032201612772 -0.9807852804032305 0
    outer loop
      vertex 22.456480005284707 79.92844423520705 0.7999999999999989
      vertex 22.725894996337892 79.98203420888501 2.4000000000000004
      vertex 22.456480005284707 79.92844423520705 2.4000000000000004
    endloop
  endfacet
  facet normal 0.06540312923010963 -0.9978589232386056 0
    outer loop
      vertex 22.725894996337892 79.98203420888501 0.7999999999999989
      vertex 23 80 2.4000000000000004
      vertex 22.725894996337892 79.98203420888501 2.4000000000000004
    endloop
  endfacet
  facet normal -0.06540312923010963 0.9978589232386056 0
    outer loop
      vertex 23 75.80000000000001 0.7999999999999989
      vertex 23 75.80000000000001 2.4000000000000004
      vertex 23.274105003662108 75.817965791115 0.7999999999999989
    endloop
  endfacet
  facet normal -0.19509032201612772 0.9807852804032305 0
    outer loop
      vertex 23.274105003662108 75.817965791115 0.7999999999999989
      vertex 23.274105003662108 75.817965791115 2.4000000000000004
      vertex 23.543519994715293 75.87155576479296 0.7999999999999989
    endloop
  endfacet
  facet normal -0.3214394653031609 0.946930129495106 0
    outer loop
      vertex 23.543519994715293 75.87155576479296 0.7999999999999989
      vertex 23.543519994715293 75.87155576479296 2.4000000000000004
      vertex 23.80363520796669 75.9598529817263 0.7999999999999989
    endloop
  endfacet
  facet normal -0.06540312923010963 0.9978589232386056 0
    outer loop
      vertex 23.274105003662108 75.817965791115 0.7999999999999989
      vertex 23 75.80000000000001 2.4000000000000004
      vertex 23.274105003662108 75.817965791115 2.4000000000000004
    endloop
  endfacet
  facet normal -0.19509032201612772 0.9807852804032305 0
    outer loop
      vertex 23.543519994715293 75.87155576479296 0.7999999999999989
      vertex 23.274105003662108 75.817965791115 2.4000000000000004
      vertex 23.543519994715293 75.87155576479296 2.4000000000000004
    endloop
  endfacet
  facet normal -0.3214394653031609 0.946930129495106 0
    outer loop
      vertex 23.80363520796669 75.9598529817263 0.7999999999999989
      vertex 23.543519994715293 75.87155576479296 2.4000000000000004
      vertex 23.80363520796669 75.9598529817263 2.4000000000000004
    endloop
  endfacet
  facet normal 0 0 1
    outer loop
      vertex 23 75.80000000000001 0.7999999999999989
      vertex 23.274105003662108 75.817965791115 0.7999999999999989
      vertex 23.156631430664063 76.71026616635143 0.7999999999999989
    endloop
  endfacet
  facet normal 0 0 1
    outer loop
      vertex 23 75.80000000000001 0.7999999999999989
      vertex 23.156631430664063 76.71026616635143 0.7999999999999989
      vertex 23 76.7 0.7999999999999989
    endloop
  endfacet
  facet normal 0 0 1
    outer loop
      vertex 23.274105003662108 75.817965791115 0.7999999999999989
      vertex 23.310582854123027 76.74088900845312 0.7999999999999989
      vertex 23.156631430664063 76.71026616635143 0.7999999999999989
    endloop
  endfacet
  facet normal 0 0 1
    outer loop
      vertex 23.274105003662108 75.817965791115 0.7999999999999989
      vertex 23.459220118838108 76.79134456098646 0.7999999999999989
      vertex 23.310582854123027 76.74088900845312 0.7999999999999989
    endloop
  endfacet
  facet normal 0 0 1
    outer loop
      vertex 23.274105003662108 75.817965791115 0.7999999999999989
      vertex 23.543519994715293 75.87155576479296 0.7999999999999989
      vertex 23.459220118838108 76.79134456098646 0.7999999999999989
    endloop
  endfacet
  facet normal 0 0 1
    outer loop
      vertex 23.459220118838108 76.79134456098646 0.7999999999999989
      vertex 23.543519994715293 75.87155576479296 0.7999999999999989
      vertex 23.6 76.86076951545868 0.7999999999999989
    endloop
  endfacet
  facet normal 0 0 1
    outer loop
      vertex 23.543519994715293 75.87155576479296 0.7999999999999989
      vertex 23.730513714810463 76.94797599165052 0.7999999999999989
      vertex 23.6 76.86076951545868 0.7999999999999989
    endloop
  endfacet
  facet normal 0 0 1
    outer loop
      vertex 23.543519994715293 75.87155576479296 0.7999999999999989
      vertex 23.80363520796669 75.9598529817263 0.7999999999999989
      vertex 23.730513714810463 76.94797599165052 0.7999999999999989
    endloop
  endfacet
  facet normal 0 0 1
    outer loop
      vertex 23.80363520796669 75.9598529817263 0.7999999999999989
      vertex 24.05 76.08134665205269 0.7999999999999989
      vertex 23.952024008349483 77.16948628518954 0.7999999999999989
    endloop
  endfacet
  facet normal 0 0 1
    outer loop
      vertex 23.80363520796669 75.9598529817263 0.7999999999999989
      vertex 23.848528137423855 77.05147186257615 0.7999999999999989
      vertex 23.730513714810463 76.94797599165052 0.7999999999999989
    endloop
  endfacet
  facet normal 0 0 1
    outer loop
      vertex 23.80363520796669 75.9598529817263 0.7999999999999989
      vertex 23.952024008349483 77.16948628518954 0.7999999999999989
      vertex 23.848528137423855 77.05147186257615 0.7999999999999989
    endloop
  endfacet
  facet normal 0 0 1
    outer loop
      vertex 23.952024008349483 77.16948628518954 0.7999999999999989
      vertex 24.05 76.08134665205269 0.7999999999999989
      vertex 24.039230484541328 77.30000000000001 0.7999999999999989
    endloop
  endfacet
  facet normal 0 0 1
    outer loop
      vertex 24.05 76.08134665205269 0.7999999999999989
      vertex 24.108655439013543 77.4407798811619 0.7999999999999989
      vertex 24.039230484541328 77.30000000000001 0.7999999999999989
    endloop
  endfacet
  facet normal 0 0 1
    outer loop
      vertex 24.05 76.08134665205269 0.7999999999999989
      vertex 24.278399000918313 76.23395798538841 0.7999999999999989
      vertex 24.159110991546882 77.58941714587698 0.7999999999999989
    endloop
  endfacet
  facet normal 0 0 1
    outer loop
      vertex 24.05 76.08134665205269 0.7999999999999989
      vertex 24.159110991546882 77.58941714587698 0.7999999999999989
      vertex 24.108655439013543 77.4407798811619 0.7999999999999989
    endloop
  endfacet
  facet normal 0 0 1
    outer loop
      vertex 24.278399000918313 76.23395798538841 0.7999999999999989
      vertex 24.18973383364857 77.74336856933594 0.7999999999999989
      vertex 24.159110991546882 77.58941714587698 0.7999999999999989
    endloop
  endfacet
  facet normal 0 0 1
    outer loop
      vertex 24.278399000918313 76.23395798538841 0.7999999999999989
      vertex 24.2 77.9 0.7999999999999989
      vertex 24.18973383364857 77.74336856933594 0.7999999999999989
    endloop
  endfacet
  facet normal 0 0 1
    outer loop
      vertex 24.278399000918313 76.23395798538841 0.7999999999999989
      vertex 24.48492424049175 76.41507575950826 0.7999999999999989
      vertex 24.48492424049175 79.38492424049176 0.7999999999999989
    endloop
  endfacet
  facet normal 0 0 1
    outer loop
      vertex 24.278399000918313 76.23395798538841 0.7999999999999989
      vertex 24.278399000918313 79.5660420146116 0.7999999999999989
      vertex 24.2 77.9 0.7999999999999989
    endloop
  endfacet
  facet normal 0 0 1
    outer loop
      vertex 24.278399000918313 76.23395798538841 0.7999999999999989
      vertex 24.48492424049175 79.38492424049176 0.7999999999999989
      vertex 24.278399000918313 79.5660420146116 0.7999999999999989
    endloop
  endfacet
  facet normal -0.4422886902190196 0.8968727415326793 0
    outer loop
      vertex 23.80363520796669 75.9598529817263 0.7999999999999989
      vertex 23.80363520796669 75.9598529817263 2.4000000000000004
      vertex 24.05 76.08134665205269 0.7999999999999989
    endloop
  endfacet
  facet normal -0.5555702330196043 0.8314696123025438 0
    outer loop
      vertex 24.05 76.08134665205269 0.7999999999999989
      vertex 24.05 76.08134665205269 2.4000000000000004
      vertex 24.278399000918313 76.23395798538841 0.7999999999999989
    endloop
  endfacet
  facet normal -0.6593458151000599 0.7518398074789854 0
    outer loop
      vertex 24.278399000918313 76.23395798538841 0.7999999999999989
      vertex 24.278399000918313 76.23395798538841 2.4000000000000004
      vertex 24.48492424049175 76.41507575950826 0.7999999999999989
    endloop
  endfacet
  facet normal -0.4422886902190196 0.8968727415326793 0
    outer loop
      vertex 24.05 76.08134665205269 0.7999999999999989
      vertex 23.80363520796669 75.9598529817263 2.4000000000000004
      vertex 24.05 76.08134665205269 2.4000000000000004
    endloop
  endfacet
  facet normal -0.5555702330196043 0.8314696123025438 0
    outer loop
      vertex 24.278399000918313 76.23395798538841 0.7999999999999989
      vertex 24.05 76.08134665205269 2.4000000000000004
      vertex 24.278399000918313 76.23395798538841 2.4000000000000004
    endloop
  endfacet
  facet normal -0.6593458151000599 0.7518398074789854 0
    outer loop
      vertex 24.48492424049175 76.41507575950826 0.7999999999999989
      vertex 24.278399000918313 76.23395798538841 2.4000000000000004
      vertex 24.48492424049175 76.41507575950826 2.4000000000000004
    endloop
  endfacet
  facet normal 0 0 1
    outer loop
      vertex 23 79.10000000000001 0.7999999999999989
      vertex 23.156631430664063 79.08973383364858 0.7999999999999989
      vertex 23 80 0.7999999999999989
    endloop
  endfacet
  facet normal 0 0 1
    outer loop
      vertex 23.156631430664063 79.08973383364858 0.7999999999999989
      vertex 23.274105003662108 79.98203420888501 0.7999999999999989
      vertex 23 80 0.7999999999999989
    endloop
  endfacet
  facet normal 0 0 1
    outer loop
      vertex 23.156631430664063 79.08973383364858 0.7999999999999989
      vertex 23.310582854123027 79.05911099154689 0.7999999999999989
      vertex 23.543519994715293 79.92844423520705 0.7999999999999989
    endloop
  endfacet
  facet normal 0 0 1
    outer loop
      vertex 23.156631430664063 79.08973383364858 0.7999999999999989
      vertex 23.543519994715293 79.92844423520705 0.7999999999999989
      vertex 23.274105003662108 79.98203420888501 0.7999999999999989
    endloop
  endfacet
  facet normal 0 0 1
    outer loop
      vertex 23.310582854123027 79.05911099154689 0.7999999999999989
      vertex 23.459220118838108 79.00865543901355 0.7999999999999989
      vertex 23.543519994715293 79.92844423520705 0.7999999999999989
    endloop
  endfacet
  facet normal 0 0 1
    outer loop
      vertex 23.459220118838108 79.00865543901355 0.7999999999999989
      vertex 23.6 78.93923048454133 0.7999999999999989
      vertex 23.80363520796669 79.84014701827371 0.7999999999999989
    endloop
  endfacet
  facet normal 0 0 1
    outer loop
      vertex 23.6 78.93923048454133 0.7999999999999989
      vertex 23.730513714810463 78.85202400834949 0.7999999999999989
      vertex 23.80363520796669 79.84014701827371 0.7999999999999989
    endloop
  endfacet
  facet normal 0 0 1
    outer loop
      vertex 23.459220118838108 79.00865543901355 0.7999999999999989
      vertex 23.80363520796669 79.84014701827371 0.7999999999999989
      vertex 23.543519994715293 79.92844423520705 0.7999999999999989
    endloop
  endfacet
  facet normal 0 0 1
    outer loop
      vertex 23.848528137423855 78.74852813742386 0.7999999999999989
      vertex 23.952024008349483 78.63051371481048 0.7999999999999989
      vertex 24.05 79.71865334794732 0.7999999999999989
    endloop
  endfacet
  facet normal 0 0 1
    outer loop
      vertex 23.952024008349483 78.63051371481048 0.7999999999999989
      vertex 24.039230484541328 78.5 0.7999999999999989
      vertex 24.05 79.71865334794732 0.7999999999999989
    endloop
  endfacet
  facet normal 0 0 1
    outer loop
      vertex 23.848528137423855 78.74852813742386 0.7999999999999989
      vertex 24.05 79.71865334794732 0.7999999999999989
      vertex 23.730513714810463 78.85202400834949 0.7999999999999989
    endloop
  endfacet
  facet normal 0 0 1
    outer loop
      vertex 23.730513714810463 78.85202400834949 0.7999999999999989
      vertex 24.05 79.71865334794732 0.7999999999999989
      vertex 23.80363520796669 79.84014701827371 0.7999999999999989
    endloop
  endfacet
  facet normal 0 0 1
    outer loop
      vertex 24.159110991546882 78.21058285412303 0.7999999999999989
      vertex 24.18973383364857 78.05663143066407 0.7999999999999989
      vertex 24.278399000918313 79.5660420146116 0.7999999999999989
    endloop
  endfacet
  facet normal 0 0 1
    outer loop
      vertex 24.2 77.9 0.7999999999999989
      vertex 24.278399000918313 79.5660420146116 0.7999999999999989
      vertex 24.18973383364857 78.05663143066407 0.7999999999999989
    endloop
  endfacet
  facet normal 0 0 1
    outer loop
      vertex 24.159110991546882 78.21058285412303 0.7999999999999989
      vertex 24.278399000918313 79.5660420146116 0.7999999999999989
      vertex 24.108655439013543 78.35922011883811 0.7999999999999989
    endloop
  endfacet
  facet normal 0 0 1
    outer loop
      vertex 24.039230484541328 78.5 0.7999999999999989
      vertex 24.108655439013543 78.35922011883811 0.7999999999999989
      vertex 24.278399000918313 79.5660420146116 0.7999999999999989
    endloop
  endfacet
  facet normal 0 0 1
    outer loop
      vertex 24.039230484541328 78.5 0.7999999999999989
      vertex 24.278399000918313 79.5660420146116 0.7999999999999989
      vertex 24.05 79.71865334794732 0.7999999999999989
    endloop
  endfacet
  facet normal -0.06540312923010963 -0.9978589232386056 0
    outer loop
      vertex 23 80 0.7999999999999989
      vertex 23.274105003662108 79.98203420888501 0.7999999999999989
      vertex 23.274105003662108 79.98203420888501 2.4000000000000004
    endloop
  endfacet
  facet normal -0.19509032201612772 -0.9807852804032305 0
    outer loop
      vertex 23.274105003662108 79.98203420888501 0.7999999999999989
      vertex 23.543519994715293 79.92844423520705 0.7999999999999989
      vertex 23.543519994715293 79.92844423520705 2.4000000000000004
    endloop
  endfacet
  facet normal -0.3214394653031609 -0.946930129495106 0
    outer loop
      vertex 23.543519994715293 79.92844423520705 0.7999999999999989
      vertex 23.80363520796669 79.84014701827371 0.7999999999999989
      vertex 23.80363520796669 79.84014701827371 2.4000000000000004
    endloop
  endfacet
  facet normal -0.06540312923010963 -0.9978589232386056 0
    outer loop
      vertex 23 80 0.7999999999999989
      vertex 23.274105003662108 79.98203420888501 2.4000000000000004
      vertex 23 80 2.4000000000000004
    endloop
  endfacet
  facet normal -0.19509032201612772 -0.9807852804032305 0
    outer loop
      vertex 23.274105003662108 79.98203420888501 0.7999999999999989
      vertex 23.543519994715293 79.92844423520705 2.4000000000000004
      vertex 23.274105003662108 79.98203420888501 2.4000000000000004
    endloop
  endfacet
  facet normal -0.3214394653031609 -0.946930129495106 0
    outer loop
      vertex 23.543519994715293 79.92844423520705 0.7999999999999989
      vertex 23.80363520796669 79.84014701827371 2.4000000000000004
      vertex 23.543519994715293 79.92844423520705 2.4000000000000004
    endloop
  endfacet
  facet normal -0.5555702330196043 -0.8314696123025438 0
    outer loop
      vertex 24.05 79.71865334794732 0.7999999999999989
      vertex 24.278399000918313 79.5660420146116 0.7999999999999989
      vertex 24.278399000918313 79.5660420146116 2.4000000000000004
    endloop
  endfacet
  facet normal -0.6593458151000599 -0.7518398074789854 0
    outer loop
      vertex 24.278399000918313 79.5660420146116 0.7999999999999989
      vertex 24.48492424049175 79.38492424049176 0.7999999999999989
      vertex 24.48492424049175 79.38492424049176 2.4000000000000004
    endloop
  endfacet
  facet normal -0.5555702330196043 -0.8314696123025438 0
    outer loop
      vertex 24.05 79.71865334794732 0.7999999999999989
      vertex 24.278399000918313 79.5660420146116 2.4000000000000004
      vertex 24.05 79.71865334794732 2.4000000000000004
    endloop
  endfacet
  facet normal -0.6593458151000599 -0.7518398074789854 0
    outer loop
      vertex 24.278399000918313 79.5660420146116 0.7999999999999989
      vertex 24.48492424049175 79.38492424049176 2.4000000000000004
      vertex 24.278399000918313 79.5660420146116 2.4000000000000004
    endloop
  endfacet
  facet normal -0.4422886902190196 -0.8968727415326793 0
    outer loop
      vertex 23.80363520796669 79.84014701827371 0.7999999999999989
      vertex 24.05 79.71865334794732 0.7999999999999989
      vertex 24.05 79.71865334794732 2.4000000000000004
    endloop
  endfacet
  facet normal -0.4422886902190196 -0.8968727415326793 0
    outer loop
      vertex 23.80363520796669 79.84014701827371 0.7999999999999989
      vertex 24.05 79.71865334794732 2.4000000000000004
      vertex 23.80363520796669 79.84014701827371 2.4000000000000004
    endloop
  endfacet
  facet normal 0 0 1
    outer loop
      vertex 24.48492424049175 76.41507575950826 0.7999999999999989
      vertex 24.666042014611595 76.62160099908169 0.7999999999999989
      vertex 24.666042014611595 79.17839900091832 0.7999999999999989
    endloop
  endfacet
  facet normal 0 0 1
    outer loop
      vertex 24.666042014611595 76.62160099908169 0.7999999999999989
      vertex 24.818653347947322 76.85000000000001 0.7999999999999989
      vertex 24.818653347947322 78.95 0.7999999999999989
    endloop
  endfacet
  facet normal 0 0 1
    outer loop
      vertex 24.48492424049175 76.41507575950826 0.7999999999999989
      vertex 24.666042014611595 79.17839900091832 0.7999999999999989
      vertex 24.48492424049175 79.38492424049176 0.7999999999999989
    endloop
  endfacet
  facet normal 0 0 1
    outer loop
      vertex 24.666042014611595 76.62160099908169 0.7999999999999989
      vertex 24.818653347947322 78.95 0.7999999999999989
      vertex 24.666042014611595 79.17839900091832 0.7999999999999989
    endloop
  endfacet
  facet normal 0 0 1
    outer loop
      vertex 24.818653347947322 76.85000000000001 0.7999999999999989
      vertex 24.940147018273702 77.09636479203331 0.7999999999999989
      vertex 24.940147018273702 78.7036352079667 0.7999999999999989
    endloop
  endfacet
  facet normal 0 0 1
    outer loop
      vertex 24.940147018273702 77.09636479203331 0.7999999999999989
      vertex 25.028444235207044 77.35648000528471 0.7999999999999989
      vertex 25.028444235207044 78.4435199947153 0.7999999999999989
    endloop
  endfacet
  facet normal 0 0 1
    outer loop
      vertex 25.028444235207044 77.35648000528471 0.7999999999999989
      vertex 25.082034208885002 77.62589499633789 0.7999999999999989
      vertex 25.082034208885002 78.17410500366212 0.7999999999999989
    endloop
  endfacet
  facet normal 0 0 1
    outer loop
      vertex 24.940147018273702 77.09636479203331 0.7999999999999989
      vertex 25.028444235207044 78.4435199947153 0.7999999999999989
      vertex 24.940147018273702 78.7036352079667 0.7999999999999989
    endloop
  endfacet
  facet normal 0 0 1
    outer loop
      vertex 24.818653347947322 76.85000000000001 0.7999999999999989
      vertex 24.940147018273702 78.7036352079667 0.7999999999999989
      vertex 24.818653347947322 78.95 0.7999999999999989
    endloop
  endfacet
  facet normal 0 0 1
    outer loop
      vertex 25.028444235207044 77.35648000528471 0.7999999999999989
      vertex 25.082034208885002 78.17410500366212 0.7999999999999989
      vertex 25.028444235207044 78.4435199947153 0.7999999999999989
    endloop
  endfacet
  facet normal 0 0 1
    outer loop
      vertex 25.082034208885002 77.62589499633789 0.7999999999999989
      vertex 25.1 77.9 0.7999999999999989
      vertex 25.082034208885002 78.17410500366212 0.7999999999999989
    endloop
  endfacet
  facet normal -0.7518398074789789 0.6593458151000671 0
    outer loop
      vertex 24.48492424049175 76.41507575950826 0.7999999999999989
      vertex 24.48492424049175 76.41507575950826 2.4000000000000004
      vertex 24.666042014611595 76.62160099908169 0.7999999999999989
    endloop
  endfacet
  facet normal -0.8314696123025478 0.5555702330195983 0
    outer loop
      vertex 24.666042014611595 76.62160099908169 0.7999999999999989
      vertex 24.666042014611595 76.62160099908169 2.4000000000000004
      vertex 24.818653347947322 76.85000000000001 0.7999999999999989
    endloop
  endfacet
  facet normal -0.8968727415326845 0.4422886902190091 0
    outer loop
      vertex 24.818653347947322 76.85000000000001 0.7999999999999989
      vertex 24.818653347947322 76.85000000000001 2.4000000000000004
      vertex 24.940147018273702 77.09636479203331 0.7999999999999989
    endloop
  endfacet
  facet normal -0.946930129495106 0.3214394653031609 0
    outer loop
      vertex 24.940147018273702 77.09636479203331 0.7999999999999989
      vertex 24.940147018273702 77.09636479203331 2.4000000000000004
      vertex 25.028444235207044 77.35648000528471 0.7999999999999989
    endloop
  endfacet
  facet normal -0.7518398074789789 0.6593458151000671 0
    outer loop
      vertex 24.666042014611595 76.62160099908169 0.7999999999999989
      vertex 24.48492424049175 76.41507575950826 2.4000000000000004
      vertex 24.666042014611595 76.62160099908169 2.4000000000000004
    endloop
  endfacet
  facet normal -0.8314696123025478 0.5555702330195983 0
    outer loop
      vertex 24.818653347947322 76.85000000000001 0.7999999999999989
      vertex 24.666042014611595 76.62160099908169 2.4000000000000004
      vertex 24.818653347947322 76.85000000000001 2.4000000000000004
    endloop
  endfacet
  facet normal -0.8968727415326845 0.4422886902190091 0
    outer loop
      vertex 24.940147018273702 77.09636479203331 0.7999999999999989
      vertex 24.818653347947322 76.85000000000001 2.4000000000000004
      vertex 24.940147018273702 77.09636479203331 2.4000000000000004
    endloop
  endfacet
  facet normal -0.9807852804032301 0.19509032201613022 0
    outer loop
      vertex 25.028444235207044 77.35648000528471 0.7999999999999989
      vertex 25.028444235207044 77.35648000528471 2.4000000000000004
      vertex 25.082034208885002 77.62589499633789 0.7999999999999989
    endloop
  endfacet
  facet normal -0.9978589232386033 0.06540312923014659 0
    outer loop
      vertex 25.082034208885002 77.62589499633789 0.7999999999999989
      vertex 25.082034208885002 77.62589499633789 2.4000000000000004
      vertex 25.1 77.9 0.7999999999999989
    endloop
  endfacet
  facet normal -0.9978589232386033 -0.06540312923014659 0
    outer loop
      vertex 25.1 77.9 0.7999999999999989
      vertex 25.1 77.9 2.4000000000000004
      vertex 25.082034208885002 78.17410500366212 0.7999999999999989
    endloop
  endfacet
  facet normal -0.9807852804032301 -0.19509032201613022 0
    outer loop
      vertex 25.028444235207044 78.4435199947153 0.7999999999999989
      vertex 25.082034208885002 78.17410500366212 0.7999999999999989
      vertex 25.082034208885002 78.17410500366212 2.4000000000000004
    endloop
  endfacet
  facet normal -0.946930129495106 0.3214394653031609 0
    outer loop
      vertex 25.028444235207044 77.35648000528471 0.7999999999999989
      vertex 24.940147018273702 77.09636479203331 2.4000000000000004
      vertex 25.028444235207044 77.35648000528471 2.4000000000000004
    endloop
  endfacet
  facet normal -0.9807852804032301 0.19509032201613022 0
    outer loop
      vertex 25.082034208885002 77.62589499633789 0.7999999999999989
      vertex 25.028444235207044 77.35648000528471 2.4000000000000004
      vertex 25.082034208885002 77.62589499633789 2.4000000000000004
    endloop
  endfacet
  facet normal -0.9978589232386033 0.06540312923014659 0
    outer loop
      vertex 25.1 77.9 0.7999999999999989
      vertex 25.082034208885002 77.62589499633789 2.4000000000000004
      vertex 25.1 77.9 2.4000000000000004
    endloop
  endfacet
  facet normal -0.9978589232386033 -0.06540312923014659 0
    outer loop
      vertex 25.082034208885002 78.17410500366212 0.7999999999999989
      vertex 25.1 77.9 2.4000000000000004
      vertex 25.082034208885002 78.17410500366212 2.4000000000000004
    endloop
  endfacet
  facet normal -0.9807852804032301 -0.19509032201613022 0
    outer loop
      vertex 25.028444235207044 78.4435199947153 0.7999999999999989
      vertex 25.082034208885002 78.17410500366212 2.4000000000000004
      vertex 25.028444235207044 78.4435199947153 2.4000000000000004
    endloop
  endfacet
  facet normal -0.8314696123025478 -0.5555702330195983 0
    outer loop
      vertex 24.666042014611595 79.17839900091832 0.7999999999999989
      vertex 24.818653347947322 78.95 0.7999999999999989
      vertex 24.818653347947322 78.95 2.4000000000000004
    endloop
  endfacet
  facet normal -0.7518398074789789 -0.6593458151000671 0
    outer loop
      vertex 24.48492424049175 79.38492424049176 0.7999999999999989
      vertex 24.666042014611595 79.17839900091832 0.7999999999999989
      vertex 24.666042014611595 79.17839900091832 2.4000000000000004
    endloop
  endfacet
  facet normal -0.8968727415326845 -0.4422886902190091 0
    outer loop
      vertex 24.940147018273702 78.7036352079667 0.7999999999999989
      vertex 24.940147018273702 78.7036352079667 2.4000000000000004
      vertex 24.818653347947322 78.95 0.7999999999999989
    endloop
  endfacet
  facet normal -0.946930129495106 -0.3214394653031609 0
    outer loop
      vertex 25.028444235207044 78.4435199947153 0.7999999999999989
      vertex 25.028444235207044 78.4435199947153 2.4000000000000004
      vertex 24.940147018273702 78.7036352079667 0.7999999999999989
    endloop
  endfacet
  facet normal -0.7518398074789789 -0.6593458151000671 0
    outer loop
      vertex 24.48492424049175 79.38492424049176 0.7999999999999989
      vertex 24.666042014611595 79.17839900091832 2.4000000000000004
      vertex 24.48492424049175 79.38492424049176 2.4000000000000004
    endloop
  endfacet
  facet normal -0.8314696123025478 -0.5555702330195983 0
    outer loop
      vertex 24.666042014611595 79.17839900091832 0.7999999999999989
      vertex 24.818653347947322 78.95 2.4000000000000004
      vertex 24.666042014611595 79.17839900091832 2.4000000000000004
    endloop
  endfacet
  facet normal -0.946930129495106 -0.3214394653031609 0
    outer loop
      vertex 24.940147018273702 78.7036352079667 0.7999999999999989
      vertex 25.028444235207044 78.4435199947153 2.4000000000000004
      vertex 24.940147018273702 78.7036352079667 2.4000000000000004
    endloop
  endfacet
  facet normal -0.8968727415326845 -0.4422886902190091 0
    outer loop
      vertex 24.818653347947322 78.95 0.7999999999999989
      vertex 24.940147018273702 78.7036352079667 2.4000000000000004
      vertex 24.818653347947322 78.95 2.4000000000000004
    endloop
  endfacet
endsolid OpenSCAD_Model
