solid OpenSCAD_Model
  facet normal 2.0837813193770072e-15 7.068434519249881e-16 -1
    outer loop
      vertex -2.600000001490116 10.507046720713674 0
      vertex 1.554451302235777 -2.054451302235777 -2.220446049250313e-16
      vertex 1.4776134567504586 -2.1420680690218123 -4.440892098500626e-16
    endloop
  endfacet
  facet normal -7.694821894946891e-15 -2.445421724913959e-15 -1
    outer loop
      vertex -2.600000001490116 10.507046720713674 0
      vertex 1.4776134567504586 -2.1420680690218123 -4.440892098500626e-16
      vertex 1.329347778382628 -2.311132669245657 1.1102230246251565e-15
    endloop
  endfacet
  facet normal 6.180790892342926e-15 1.8080768914979066e-15 -1
    outer loop
      vertex -2.600000001490116 10.507046720713674 0
      vertex 1.329347778382628 -2.311132669245657 1.1102230246251565e-15
      vertex 1.2044178974899378 -2.498103453625333 0
    endloop
  endfacet
  facet normal 5.423817090982029e-16 7.69453137275578e-17 -1
    outer loop
      vertex -2.600000001490116 10.507046720713674 0
      vertex 1.9981034536253333 -1.7044178974899373 1.5543122344752192e-15
      vertex 1.811132669245655 -1.8293477783826264 1.4432899320127035e-15
    endloop
  endfacet
  facet normal -7.255701989164201e-15 -2.859344207417084e-15 -1
    outer loop
      vertex -2.600000001490116 10.507046720713674 0
      vertex 2.0950000001625586 -1.6396736971356671 6.661338147750939e-16
      vertex 1.9981034536253333 -1.7044178974899373 1.5543122344752192e-15
    endloop
  endfacet
  facet normal 6.577070549730871e-15 2.2347729597702783e-15 -1
    outer loop
      vertex -2.600000001490116 10.507046720713674 0
      vertex 1.811132669245655 -1.8293477783826264 1.4432899320127035e-15
      vertex 1.6420680690218106 -1.9776134567504597 0
    endloop
  endfacet
  facet normal 1.952471039001991e-15 6.6341533813633405e-16 -1
    outer loop
      vertex -2.600000001490116 10.507046720713674 0
      vertex 1.6420680690218106 -1.9776134567504597 0
      vertex 1.554451302235777 -2.054451302235777 -2.220446049250313e-16
    endloop
  endfacet
  facet normal -6.341727705527811e-15 -1.8270456073852937e-15 -1
    outer loop
      vertex -2.600000001490116 10.507046720713674 0
      vertex 1.139673697135665 -2.5950000001625577 2.220446049250313e-16
      vertex 1.040217186713762 -2.796677841720256 1.2212453270876722e-15
    endloop
  endfacet
  facet normal 8.43169001688006e-15 2.2153147759227393e-15 -1
    outer loop
      vertex -2.600000001490116 10.507046720713674 0
      vertex 1.040217186713762 -2.796677841720256 1.2212453270876722e-15
      vertex 0.9886744155802525 -2.9011962372471 5.551115123125783e-16
    endloop
  endfacet
  facet normal -1.1532056345548112e-14 -3.127919685471871e-15 -1
    outer loop
      vertex -2.600000001490116 10.507046720713674 0
      vertex 0.9886744155802525 -2.9011962372471 5.551115123125783e-16
      vertex 0.951214990358463 -3.0115481482988096 1.3322676295501878e-15
    endloop
  endfacet
  facet normal 1.89544941786073e-15 3.993670060949074e-16 -1
    outer loop
      vertex -2.600000001490116 10.507046720713674 0
      vertex 0.951214990358463 -3.0115481482988096 1.3322676295501878e-15
      vertex 0.87893359254707 -3.2244822921400713 1.1102230246251565e-15
    endloop
  endfacet
  facet normal -2.3852807323624193e-15 -6.977700826705802e-16 -1
    outer loop
      vertex -2.600000001490116 10.507046720713674 0
      vertex 1.2044178974899378 -2.498103453625333 0
      vertex 1.139673697135665 -2.5950000001625577 2.220446049250313e-16
    endloop
  endfacet
  facet normal -3.4868454587029713e-15 -1.5832904426341352e-15 -1
    outer loop
      vertex -2.600000001490116 10.507046720713674 0
      vertex 2.5115481482988056 -1.4512149903584617 1.1102230246251565e-15
      vertex 2.401196237247099 -1.48867441558025 1.5543122344752192e-15
    endloop
  endfacet
  facet normal 3.577312901889501e-15 1.3618632352008675e-15 -1
    outer loop
      vertex -2.600000001490116 10.507046720713674 0
      vertex 2.401196237247099 -1.48867441558025 1.5543122344752192e-15
      vertex 2.296677841720257 -1.5402171867137617 1.1102230246251565e-15
    endloop
  endfacet
  facet normal -8.831284838355866e-16 -4.703339773031764e-16 -1
    outer loop
      vertex -2.600000001490116 10.507046720713674 0
      vertex 2.724482292140072 -1.3789335925470712 8.881784197001252e-16
      vertex 2.5115481482988056 -1.4512149903584617 1.1102230246251565e-15
    endloop
  endfacet
  facet normal -9.107716566250786e-16 -4.827171026473434e-16 -1
    outer loop
      vertex -2.600000001490116 10.507046720713674 0
      vertex 2.945029368319295 -1.335064048929649 6.661338147750939e-16
      vertex 2.724482292140072 -1.3789335925470712 8.881784197001252e-16
    endloop
  endfacet
  facet normal 1.8721603109121295e-15 6.687944209297752e-16 -1
    outer loop
      vertex -2.600000001490116 10.507046720713674 0
      vertex 2.296677841720257 -1.5402171867137617 1.1102230246251565e-15
      vertex 2.0950000001625586 -1.6396736971356671 6.661338147750939e-16
    endloop
  endfacet
  facet normal -1.7669326378531728e-15 -8.836116626243076e-16 -1
    outer loop
      vertex -2.600000001490116 10.507046720713674 0
      vertex 3.0593266357075084 -1.3123289113017655 4.440892098500626e-16
      vertex 2.945029368319295 -1.335064048929649 6.661338147750939e-16
    endloop
  endfacet
  facet normal -9.254373072390343e-15 -4.4687309121409734e-15 -1
    outer loop
      vertex -2.600000001490116 10.507046720713674 0
      vertex 3.17561360719529 -1.3047070589932543 -6.661338147750939e-16
      vertex 3.0593266357075084 -1.3123289113017655 4.440892098500626e-16
    endloop
  endfacet
  facet normal 4.790588520689891e-15 2.3988581710163917e-15 -1
    outer loop
      vertex -2.600000001490116 10.507046720713674 0
      vertex 3.399999998509884 -1.2899999976835457 4.440892098500626e-16
      vertex 3.17561360719529 -1.3047070589932543 -6.661338147750939e-16
    endloop
  endfacet
  facet normal -1 0 0
    outer loop
      vertex -3.2000000029802322 10.227262125820676 0.6000000000000014
      vertex -3.2000000029802322 -9.5 4.999999999999997
      vertex -3.2000000029802322 6.636693158027185 8.300000000000002
    endloop
  endfacet
  facet normal 3.517922959600748e-15 8.104266706458976e-16 -1
    outer loop
      vertex -2.600000001490116 10.507046720713674 0
      vertex 0.87893359254707 -3.2244822921400713 1.1102230246251565e-15
      vertex 0.8350640489296497 -3.445029368319296 7.771561172376096e-16
    endloop
  endfacet
  facet normal 2.4129659827643133e-14 5.885129236795066e-15 -1
    outer loop
      vertex -2.600000001490116 10.507046720713674 0
      vertex 0.8350640489296497 -3.445029368319296 7.771561172376096e-16
      vertex 0.8123289113017647 -3.5593266357075093 -4.440892098500626e-16
    endloop
  endfacet
  facet normal -1.5594676054197054e-14 -3.7515053410281226e-15 -1
    outer loop
      vertex -2.600000001490116 10.507046720713674 0
      vertex 0.8123289113017647 -3.5593266357075093 -4.440892098500626e-16
      vertex 0.8047070589932526 -3.675613607195291 1.1102230246251565e-16
    endloop
  endfacet
  facet normal 2.107294583819882e-14 5.0509695305237825e-15 -1
    outer loop
      vertex -2.600000001490116 10.507046720713674 0
      vertex 0.8047070589932526 -3.675613607195291 1.1102230246251565e-16
      vertex 0.7899999976835463 -3.8999999985098857 -1.3322676295501878e-15
    endloop
  endfacet
  facet normal -0.707106780308489 -4.84056123736123e-17 -0.7071067820646061
    outer loop
      vertex -2.600000001490116 10.507046720713674 0
      vertex -3.2000000029802322 -41.130000002682195 0.600000000000005
      vertex -3.2000000029802322 10.227262125820676 0.6000000000000014
    endloop
  endfacet
  facet normal 3.552713678800577e-13 -2.807717705016946e-16 1
    outer loop
      vertex -0.2999999999999998 6.636693158027185 8.300000000000002
      vertex -0.3099999999999996 0.3099999999999987 8.300000000000004
      vertex -0.2999999999999998 0.3099999999999996 8.3
    endloop
  endfacet
  facet normal -1 0 0
    outer loop
      vertex -3.2000000029802322 10.227262125820676 0.6000000000000014
      vertex -3.2000000029802322 -9.660769515458673 4.4
      vertex -3.2000000029802322 -9.591344560986457 4.5407798811618925
    endloop
  endfacet
  facet normal -1 0 0
    outer loop
      vertex -3.2000000029802322 10.227262125820676 0.6000000000000014
      vertex -3.2000000029802322 -9.591344560986457 4.5407798811618925
      vertex -3.2000000029802322 -9.540889008453117 4.689417145876976
    endloop
  endfacet
  facet normal -1 0 0
    outer loop
      vertex -3.2000000029802322 10.227262125820676 0.6000000000000014
      vertex -3.2000000029802322 -9.85147186257614 4.151471862576143
      vertex -3.2000000029802322 -9.747975991650518 4.269486285189533
    endloop
  endfacet
  facet normal -1 0 0
    outer loop
      vertex -3.2000000029802322 10.227262125820676 0.6000000000000014
      vertex -3.2000000029802322 -9.96948628518953 4.047975991650518
      vertex -3.2000000029802322 -9.85147186257614 4.151471862576143
    endloop
  endfacet
  facet normal -1 0 0
    outer loop
      vertex -3.2000000029802322 10.227262125820676 0.6000000000000014
      vertex -3.2000000029802322 -10.1 3.960769515458672
      vertex -3.2000000029802322 -9.96948628518953 4.047975991650518
    endloop
  endfacet
  facet normal -1 0 0
    outer loop
      vertex -3.2000000029802322 10.227262125820676 0.6000000000000014
      vertex -3.2000000029802322 -10.240779881161894 3.8913445609864543
      vertex -3.2000000029802322 -10.1 3.960769515458672
    endloop
  endfacet
  facet normal -1 0 0
    outer loop
      vertex -3.2000000029802322 10.227262125820676 0.6000000000000014
      vertex -3.2000000029802322 -10.389417145876973 3.840889008453117
      vertex -3.2000000029802322 -10.240779881161894 3.8913445609864543
    endloop
  endfacet
  facet normal -1 0 0
    outer loop
      vertex -3.2000000029802322 10.227262125820676 0.6000000000000014
      vertex -3.2000000029802322 -10.54336856933594 3.8102661663514263
      vertex -3.2000000029802322 -10.389417145876973 3.840889008453117
    endloop
  endfacet
  facet normal -1 0 0
    outer loop
      vertex -3.2000000029802322 10.227262125820676 0.6000000000000014
      vertex -3.2000000029802322 -9.747975991650518 4.269486285189533
      vertex -3.2000000029802322 -9.660769515458673 4.4
    endloop
  endfacet
  facet normal -1 0 0
    outer loop
      vertex -3.2000000029802322 10.227262125820676 0.6000000000000014
      vertex -3.2000000029802322 -9.540889008453117 4.689417145876976
      vertex -3.2000000029802322 -9.510266166351428 4.843368569335938
    endloop
  endfacet
  facet normal -1 0 0
    outer loop
      vertex -3.2000000029802322 10.227262125820676 0.6000000000000014
      vertex -3.2000000029802322 -9.510266166351428 4.843368569335938
      vertex -3.2000000029802322 -9.5 4.999999999999997
    endloop
  endfacet
  facet normal -1 0 0
    outer loop
      vertex -3.2000000029802322 6.636693158027185 8.300000000000002
      vertex -3.2000000029802322 -9.5 4.999999999999997
      vertex -3.2000000029802322 -9.510266166351427 5.156631430664062
    endloop
  endfacet
  facet normal -1 0 0
    outer loop
      vertex -3.2000000029802322 6.636693158027185 8.300000000000002
      vertex -3.2000000029802322 -9.510266166351427 5.156631430664062
      vertex -3.2000000029802322 -9.540889008453115 5.310582854123025
    endloop
  endfacet
  facet normal -1 0 0
    outer loop
      vertex -3.2000000029802322 6.636693158027185 8.300000000000002
      vertex -3.2000000029802322 -9.540889008453115 5.310582854123025
      vertex -3.2000000029802322 -9.591344560986458 5.459220118838108
    endloop
  endfacet
  facet normal -1 0 0
    outer loop
      vertex -3.2000000029802322 6.636693158027185 8.300000000000002
      vertex -3.2000000029802322 -9.591344560986458 5.459220118838108
      vertex -3.2000000029802322 -9.660769515458671 5.6
    endloop
  endfacet
  facet normal -1 0 0
    outer loop
      vertex -3.2000000029802322 6.636693158027185 8.300000000000002
      vertex -3.2000000029802322 -9.660769515458671 5.6
      vertex -3.2000000029802322 -9.747975991650517 5.730513714810465
    endloop
  endfacet
  facet normal -1 0 0
    outer loop
      vertex -3.2000000029802322 6.636693158027185 8.300000000000002
      vertex -3.2000000029802322 -9.747975991650517 5.730513714810465
      vertex -3.2000000029802322 -9.851471862576144 5.848528137423855
    endloop
  endfacet
  facet normal -1 0 0
    outer loop
      vertex -3.2000000029802322 6.636693158027185 8.300000000000002
      vertex -3.2000000029802322 -9.851471862576144 5.848528137423855
      vertex -3.2000000029802322 -9.969486285189532 5.952024008349482
    endloop
  endfacet
  facet normal -1 0 0
    outer loop
      vertex -3.2000000029802322 6.636693158027185 8.300000000000002
      vertex -3.2000000029802322 -9.969486285189532 5.952024008349482
      vertex -3.2000000029802322 -10.1 6.039230484541326
    endloop
  endfacet
  facet normal -1 0 0
    outer loop
      vertex -3.2000000029802322 6.636693158027185 8.300000000000002
      vertex -3.2000000029802322 -10.1 6.039230484541326
      vertex -3.2000000029802322 -10.240779881161888 6.108655439013544
    endloop
  endfacet
  facet normal -1 0 0
    outer loop
      vertex -3.2000000029802322 6.636693158027185 8.300000000000002
      vertex -3.2000000029802322 -10.240779881161888 6.108655439013544
      vertex -3.2000000029802322 -10.389417145876976 6.159110991546881
    endloop
  endfacet
  facet normal -1 0 0
    outer loop
      vertex -3.2000000029802322 6.636693158027185 8.300000000000002
      vertex -3.2000000029802322 -10.389417145876976 6.159110991546881
      vertex -3.2000000029802322 -10.543368569335938 6.189733833648572
    endloop
  endfacet
  facet normal -8.242599373006263e-16 -1.0147628349584534e-16 -1
    outer loop
      vertex -2.600000001490116 10.507046720713674 0
      vertex 0.7899999976835463 -3.8999999985098857 -1.3322676295501878e-15
      vertex 0.7899999976835481 -34.534000001847744 1.7763568394002505e-15
    endloop
  endfacet
  facet normal -1 0 0
    outer loop
      vertex -3.2000000029802322 10.227262125820676 0.6000000000000014
      vertex -3.2000000029802322 -41.130000002682195 0.600000000000005
      vertex -3.2000000029802322 -10.54336856933594 3.8102661663514263
    endloop
  endfacet
  facet normal -1 0 0
    outer loop
      vertex -3.2000000029802322 -11.15922011883811 3.891344560986454
      vertex -3.2000000029802322 -19.199999999999996 3.9607695154586766
      vertex -3.2000000029802322 -11.299999999999997 3.960769515458674
    endloop
  endfacet
  facet normal -1 0 0
    outer loop
      vertex -3.2000000029802322 -11.299999999999997 3.960769515458674
      vertex -3.2000000029802322 -19.069486285189534 4.047975991650518
      vertex -3.2000000029802322 -11.430513714810466 4.047975991650516
    endloop
  endfacet
  facet normal -1 0 0
    outer loop
      vertex -3.2000000029802322 -11.430513714810466 4.047975991650516
      vertex -3.2000000029802322 -18.95147186257615 4.151471862576145
      vertex -3.2000000029802322 -11.548528137423855 4.151471862576145
    endloop
  endfacet
  facet normal -1 0 0
    outer loop
      vertex -3.2000000029802322 -18.847975991650518 4.269486285189533
      vertex -3.2000000029802322 -11.652024008349484 4.269486285189535
      vertex -3.2000000029802322 -11.548528137423855 4.151471862576145
    endloop
  endfacet
  facet normal -1 0 0
    outer loop
      vertex -3.2000000029802322 -18.847975991650518 4.269486285189533
      vertex -3.2000000029802322 -11.739230484541325 4.399999999999998
      vertex -3.2000000029802322 -11.652024008349484 4.269486285189535
    endloop
  endfacet
  facet normal -1 0 0
    outer loop
      vertex -3.2000000029802322 -18.847975991650518 4.269486285189533
      vertex -3.2000000029802322 -11.808655439013542 4.540779881161893
      vertex -3.2000000029802322 -11.739230484541325 4.399999999999998
    endloop
  endfacet
  facet normal -1 0 0
    outer loop
      vertex -3.2000000029802322 -18.847975991650518 4.269486285189533
      vertex -3.2000000029802322 -11.859110991546881 4.689417145876973
      vertex -3.2000000029802322 -11.808655439013542 4.540779881161893
    endloop
  endfacet
  facet normal -1 0 0
    outer loop
      vertex -3.2000000029802322 -18.847975991650518 4.269486285189533
      vertex -3.2000000029802322 -11.889733833648572 5.156631430664063
      vertex -3.2000000029802322 -11.899999999999997 5
    endloop
  endfacet
  facet normal -1 0 0
    outer loop
      vertex -3.2000000029802322 -18.847975991650518 4.269486285189533
      vertex -3.2000000029802322 -11.859110991546881 5.310582854123025
      vertex -3.2000000029802322 -11.889733833648572 5.156631430664063
    endloop
  endfacet
  facet normal -1 0 0
    outer loop
      vertex -3.2000000029802322 -11.808655439013544 5.459220118838108
      vertex -3.2000000029802322 -18.760769515458673 5.6
      vertex -3.2000000029802322 -11.739230484541325 5.6000000000000005
    endloop
  endfacet
  facet normal -1 0 0
    outer loop
      vertex -3.2000000029802322 -11.859110991546881 5.310582854123025
      vertex -3.2000000029802322 -18.691344560986458 5.4592201188381075
      vertex -3.2000000029802322 -11.808655439013544 5.459220118838108
    endloop
  endfacet
  facet normal -1 0 0
    outer loop
      vertex -3.2000000029802322 -18.847975991650518 4.269486285189533
      vertex -3.2000000029802322 -11.889733833648572 4.843368569335937
      vertex -3.2000000029802322 -11.859110991546881 4.689417145876973
    endloop
  endfacet
  facet normal -1 0 0
    outer loop
      vertex -3.2000000029802322 -18.847975991650518 4.269486285189533
      vertex -3.2000000029802322 -11.899999999999997 5
      vertex -3.2000000029802322 -11.889733833648572 4.843368569335937
    endloop
  endfacet
  facet normal -1 0 0
    outer loop
      vertex -3.2000000029802322 -11.15922011883811 3.891344560986454
      vertex -3.2000000029802322 -19.340779881161893 3.8913445609864548
      vertex -3.2000000029802322 -19.199999999999996 3.9607695154586766
    endloop
  endfacet
  facet normal -1 0 0
    outer loop
      vertex -3.2000000029802322 -11.15922011883811 3.891344560986454
      vertex -3.2000000029802322 -19.489417145876978 3.840889008453116
      vertex -3.2000000029802322 -19.340779881161893 3.8913445609864548
    endloop
  endfacet
  facet normal -1 0 0
    outer loop
      vertex -3.2000000029802322 -11.15922011883811 3.891344560986454
      vertex -3.2000000029802322 -19.64336856933594 3.8102661663514272
      vertex -3.2000000029802322 -19.489417145876978 3.840889008453116
    endloop
  endfacet
  facet normal -1 0 0
    outer loop
      vertex -3.2000000029802322 -18.847975991650518 4.269486285189533
      vertex -3.2000000029802322 -11.548528137423855 4.151471862576145
      vertex -3.2000000029802322 -18.95147186257615 4.151471862576145
    endloop
  endfacet
  facet normal -1 0 0
    outer loop
      vertex -3.2000000029802322 -11.299999999999997 3.960769515458674
      vertex -3.2000000029802322 -19.199999999999996 3.9607695154586766
      vertex -3.2000000029802322 -19.069486285189534 4.047975991650518
    endloop
  endfacet
  facet normal -1 0 0
    outer loop
      vertex -3.2000000029802322 -11.430513714810466 4.047975991650516
      vertex -3.2000000029802322 -19.069486285189534 4.047975991650518
      vertex -3.2000000029802322 -18.95147186257615 4.151471862576145
    endloop
  endfacet
  facet normal -1 0 0
    outer loop
      vertex -3.2000000029802322 -11.15922011883811 3.891344560986454
      vertex -3.2000000029802322 -19.8 3.8
      vertex -3.2000000029802322 -19.64336856933594 3.8102661663514272
    endloop
  endfacet
  facet normal 2.3171886766020344e-17 -2.5858835396337782e-17 -1
    outer loop
      vertex -2.600000001490116 10.507046720713674 0
      vertex 35.729999996721745 10.507046720713674 8.881784197001252e-16
      vertex 3.399999998509884 -1.2899999976835457 4.440892098500626e-16
    endloop
  endfacet
  facet normal -0.7071067803084901 -2.4334310787375517e-17 -0.7071067820646051
    outer loop
      vertex -2.600000001490116 10.507046720713674 0
      vertex -2.600000001490116 -41.110357999801636 1.7763568394002505e-15
      vertex -3.2000000029802322 -41.130000002682195 0.600000000000005
    endloop
  endfacet
  facet normal 6.676053317845959e-17 -3.4413912303774516e-17 -1
    outer loop
      vertex -2.600000001490116 10.507046720713674 0
      vertex 0.7899999976835481 -34.534000001847744 1.7763568394002505e-15
      vertex -2.600000001490116 -41.110357999801636 1.7763568394002505e-15
    endloop
  endfacet
  facet normal 0 0 1
    outer loop
      vertex -3.2000000029802322 6.636693158027185 8.300000000000002
      vertex -2.664101615548134 -43.13000000268221 8.300000000000002
      vertex -0.2999999999999998 6.636693158027185 8.300000000000002
    endloop
  endfacet
  facet normal -6.113956879284971e-15 2.904355185712965e-16 1
    outer loop
      vertex -2.664101615548134 -43.13000000268221 8.300000000000002
      vertex -0.3099999999999996 0.3099999999999987 8.300000000000004
      vertex -0.2999999999999998 6.636693158027185 8.300000000000002
    endloop
  endfacet
  facet normal -1 0 0
    outer loop
      vertex -3.2000000029802322 -11.299999999999997 6.039230484541326
      vertex -3.2000000029802322 -19.34077988116189 6.108655439013546
      vertex -3.2000000029802322 -11.159220118838105 6.108655439013546
    endloop
  endfacet
  facet normal -1 0 0
    outer loop
      vertex -3.2000000029802322 -11.159220118838105 6.108655439013546
      vertex -3.2000000029802322 -19.489417145876978 6.159110991546882
      vertex -3.2000000029802322 -11.010582854123024 6.15911099154688
    endloop
  endfacet
  facet normal -1 0 0
    outer loop
      vertex -3.2000000029802322 -11.739230484541325 5.6000000000000005
      vertex -3.2000000029802322 -18.847975991650518 5.730513714810466
      vertex -3.2000000029802322 -11.652024008349478 5.730513714810464
    endloop
  endfacet
  facet normal -1 0 0
    outer loop
      vertex -3.2000000029802322 -11.548528137423858 5.848528137423859
      vertex -3.2000000029802322 -19.069486285189534 5.952024008349484
      vertex -3.2000000029802322 -11.430513714810466 5.952024008349479
    endloop
  endfacet
  facet normal -1 0 0
    outer loop
      vertex -3.2000000029802322 -11.652024008349478 5.730513714810464
      vertex -3.2000000029802322 -18.951471862576145 5.848528137423859
      vertex -3.2000000029802322 -11.548528137423858 5.848528137423859
    endloop
  endfacet
  facet normal -1 0 0
    outer loop
      vertex -3.2000000029802322 -11.430513714810466 5.952024008349479
      vertex -3.2000000029802322 -19.199999999999996 6.039230484541329
      vertex -3.2000000029802322 -11.299999999999997 6.039230484541326
    endloop
  endfacet
  facet normal -1 0 0
    outer loop
      vertex -3.2000000029802322 -11.859110991546881 5.310582854123025
      vertex -3.2000000029802322 -18.847975991650518 4.269486285189533
      vertex -3.2000000029802322 -18.760769515458673 4.399999999999999
    endloop
  endfacet
  facet normal -1 0 0
    outer loop
      vertex -3.2000000029802322 -11.859110991546881 5.310582854123025
      vertex -3.2000000029802322 -18.760769515458673 4.399999999999999
      vertex -3.2000000029802322 -18.691344560986458 4.540779881161892
    endloop
  endfacet
  facet normal -1 0 0
    outer loop
      vertex -3.2000000029802322 -11.859110991546881 5.310582854123025
      vertex -3.2000000029802322 -18.691344560986458 4.540779881161892
      vertex -3.2000000029802322 -18.64088900845312 4.689417145876973
    endloop
  endfacet
  facet normal -1 0 0
    outer loop
      vertex -3.2000000029802322 -11.859110991546881 5.310582854123025
      vertex -3.2000000029802322 -18.64088900845312 4.689417145876973
      vertex -3.2000000029802322 -18.61026616635143 4.843368569335939
    endloop
  endfacet
  facet normal -1 0 0
    outer loop
      vertex -3.2000000029802322 -11.859110991546881 5.310582854123025
      vertex -3.2000000029802322 -18.61026616635143 4.843368569335939
      vertex -3.2000000029802322 -18.6 4.999999999999999
    endloop
  endfacet
  facet normal -1 0 0
    outer loop
      vertex -3.2000000029802322 -11.859110991546881 5.310582854123025
      vertex -3.2000000029802322 -18.6 4.999999999999999
      vertex -3.2000000029802322 -18.61026616635143 5.156631430664064
    endloop
  endfacet
  facet normal -1 0 0
    outer loop
      vertex -3.2000000029802322 -11.859110991546881 5.310582854123025
      vertex -3.2000000029802322 -18.61026616635143 5.156631430664064
      vertex -3.2000000029802322 -18.640889008453115 5.310582854123025
    endloop
  endfacet
  facet normal -1 0 0
    outer loop
      vertex -3.2000000029802322 -11.859110991546881 5.310582854123025
      vertex -3.2000000029802322 -18.640889008453115 5.310582854123025
      vertex -3.2000000029802322 -18.691344560986458 5.4592201188381075
    endloop
  endfacet
  facet normal -1 0 0
    outer loop
      vertex -3.2000000029802322 -11.808655439013544 5.459220118838108
      vertex -3.2000000029802322 -18.691344560986458 5.4592201188381075
      vertex -3.2000000029802322 -18.760769515458673 5.6
    endloop
  endfacet
  facet normal -1 0 0
    outer loop
      vertex -3.2000000029802322 -11.739230484541325 5.6000000000000005
      vertex -3.2000000029802322 -18.760769515458673 5.6
      vertex -3.2000000029802322 -18.847975991650518 5.730513714810466
    endloop
  endfacet
  facet normal -1 0 0
    outer loop
      vertex -3.2000000029802322 -11.652024008349478 5.730513714810464
      vertex -3.2000000029802322 -18.847975991650518 5.730513714810466
      vertex -3.2000000029802322 -18.951471862576145 5.848528137423859
    endloop
  endfacet
  facet normal -1 0 0
    outer loop
      vertex -3.2000000029802322 -11.548528137423858 5.848528137423859
      vertex -3.2000000029802322 -18.951471862576145 5.848528137423859
      vertex -3.2000000029802322 -19.069486285189534 5.952024008349484
    endloop
  endfacet
  facet normal -1 0 0
    outer loop
      vertex -3.2000000029802322 -11.430513714810466 5.952024008349479
      vertex -3.2000000029802322 -19.069486285189534 5.952024008349484
      vertex -3.2000000029802322 -19.199999999999996 6.039230484541329
    endloop
  endfacet
  facet normal -1 0 0
    outer loop
      vertex -3.2000000029802322 -11.299999999999997 6.039230484541326
      vertex -3.2000000029802322 -19.199999999999996 6.039230484541329
      vertex -3.2000000029802322 -19.34077988116189 6.108655439013546
    endloop
  endfacet
  facet normal -1 0 0
    outer loop
      vertex -3.2000000029802322 -11.159220118838105 6.108655439013546
      vertex -3.2000000029802322 -19.34077988116189 6.108655439013546
      vertex -3.2000000029802322 -19.489417145876978 6.159110991546882
    endloop
  endfacet
  facet normal -1 0 0
    outer loop
      vertex -3.2000000029802322 -11.010582854123024 6.15911099154688
      vertex -3.2000000029802322 -19.489417145876978 6.159110991546882
      vertex -3.2000000029802322 -19.643368569335934 6.189733833648575
    endloop
  endfacet
  facet normal -1 0 0
    outer loop
      vertex -3.2000000029802322 6.636693158027185 8.300000000000002
      vertex -3.2000000029802322 -10.543368569335938 6.189733833648572
      vertex -3.2000000029802322 -41.1300000026822 8.3
    endloop
  endfacet
  facet normal 5.801207259730883e-15 -3.5527136788005006e-16 1
    outer loop
      vertex -2.664101615548134 -43.13000000268221 8.300000000000002
      vertex -0.3099999999999996 -4.69 8.300000000000002
      vertex -0.3099999999999996 0.3099999999999987 8.300000000000004
    endloop
  endfacet
  facet normal 0 0 1
    outer loop
      vertex -2.664101615548134 -43.13000000268221 8.300000000000002
      vertex -0.29999999701976776 -4.69 8.300000000000002
      vertex -0.3099999999999996 -4.69 8.300000000000002
    endloop
  endfacet
  facet normal -1 0 0
    outer loop
      vertex -3.2000000029802322 -41.130000002682195 0.600000000000005
      vertex -3.2000000029802322 -10.700000000000001 3.799999999999998
      vertex -3.2000000029802322 -10.54336856933594 3.8102661663514263
    endloop
  endfacet
  facet normal -1 0 0
    outer loop
      vertex -3.2000000029802322 -41.130000002682195 0.600000000000005
      vertex -3.2000000029802322 -10.856631430664061 3.8102661663514286
      vertex -3.2000000029802322 -10.700000000000001 3.799999999999998
    endloop
  endfacet
  facet normal -1 0 0
    outer loop
      vertex -3.2000000029802322 -41.130000002682195 0.600000000000005
      vertex -3.2000000029802322 -11.010582854123022 3.8408890084531193
      vertex -3.2000000029802322 -10.856631430664061 3.8102661663514286
    endloop
  endfacet
  facet normal -1 0 0
    outer loop
      vertex -3.2000000029802322 -41.130000002682195 0.600000000000005
      vertex -3.2000000029802322 -11.15922011883811 3.891344560986454
      vertex -3.2000000029802322 -11.010582854123022 3.8408890084531193
    endloop
  endfacet
  facet normal -1 0 0
    outer loop
      vertex -3.2000000029802322 -41.130000002682195 0.600000000000005
      vertex -3.2000000029802322 -19.8 3.8
      vertex -3.2000000029802322 -11.15922011883811 3.891344560986454
    endloop
  endfacet
  facet normal -1 0 0
    outer loop
      vertex -3.2000000029802322 -20.25922011883811 3.891344560986452
      vertex -3.2000000029802322 -28.500000000000004 3.9607695154586704
      vertex -3.2000000029802322 -20.400000000000006 3.960769515458673
    endloop
  endfacet
  facet normal -1 0 0
    outer loop
      vertex -3.2000000029802322 -20.400000000000006 3.960769515458673
      vertex -3.2000000029802322 -28.36948628518954 4.047975991650514
      vertex -3.2000000029802322 -20.53051371481046 4.04797599165052
    endloop
  endfacet
  facet normal -1 0 0
    outer loop
      vertex -3.2000000029802322 -20.53051371481046 4.04797599165052
      vertex -3.2000000029802322 -28.251471862576146 4.151471862576145
      vertex -3.2000000029802322 -20.648528137423853 4.151471862576142
    endloop
  endfacet
  facet normal -1 0 0
    outer loop
      vertex -3.2000000029802322 -20.648528137423853 4.151471862576142
      vertex -3.2000000029802322 -28.147975991650515 4.269486285189535
      vertex -3.2000000029802322 -20.75202400834948 4.269486285189538
    endloop
  endfacet
  facet normal -1 0 0
    outer loop
      vertex -3.2000000029802322 -20.75202400834948 4.269486285189538
      vertex -3.2000000029802322 -28.06076951545867 4.400000000000002
      vertex -3.2000000029802322 -20.83923048454133 4.400000000000001
    endloop
  endfacet
  facet normal -1 0 0
    outer loop
      vertex -3.2000000029802322 -20.83923048454133 4.400000000000001
      vertex -3.2000000029802322 -27.991344560986455 4.540779881161894
      vertex -3.2000000029802322 -20.90865543901354 4.540779881161894
    endloop
  endfacet
  facet normal -1 0 0
    outer loop
      vertex -3.2000000029802322 -20.959110991546883 4.689417145876973
      vertex -3.2000000029802322 -27.91026616635143 4.843368569335938
      vertex -3.2000000029802322 -20.98973383364857 4.843368569335938
    endloop
  endfacet
  facet normal -1 0 0
    outer loop
      vertex -3.2000000029802322 -20.90865543901354 4.540779881161894
      vertex -3.2000000029802322 -27.940889008453123 4.689417145876975
      vertex -3.2000000029802322 -20.959110991546883 4.689417145876973
    endloop
  endfacet
  facet normal -1 0 0
    outer loop
      vertex -3.2000000029802322 -20.98973383364857 4.843368569335938
      vertex -3.2000000029802322 -27.900000000000006 5
      vertex -3.2000000029802322 -21.000000000000004 4.999999999999997
    endloop
  endfacet
  facet normal -1 0 0
    outer loop
      vertex -3.2000000029802322 -21.000000000000004 4.999999999999997
      vertex -3.2000000029802322 -27.910266166351434 5.156631430664062
      vertex -3.2000000029802322 -20.98973383364857 5.156631430664063
    endloop
  endfacet
  facet normal -1 0 0
    outer loop
      vertex -3.2000000029802322 -20.98973383364857 5.156631430664063
      vertex -3.2000000029802322 -27.94088900845312 5.310582854123023
      vertex -3.2000000029802322 -20.95911099154688 5.310582854123025
    endloop
  endfacet
  facet normal -1 0 0
    outer loop
      vertex -3.2000000029802322 -20.95911099154688 5.310582854123025
      vertex -3.2000000029802322 -27.991344560986455 5.459220118838109
      vertex -3.2000000029802322 -20.908655439013543 5.459220118838106
    endloop
  endfacet
  facet normal -1 0 0
    outer loop
      vertex -3.2000000029802322 -20.908655439013543 5.459220118838106
      vertex -3.2000000029802322 -28.060769515458674 5.6
      vertex -3.2000000029802322 -20.839230484541325 5.6
    endloop
  endfacet
  facet normal -1 0 0
    outer loop
      vertex -3.2000000029802322 -20.25922011883811 3.891344560986452
      vertex -3.2000000029802322 -28.64077988116189 3.8913445609864574
      vertex -3.2000000029802322 -28.500000000000004 3.9607695154586704
    endloop
  endfacet
  facet normal -1 0 0
    outer loop
      vertex -3.2000000029802322 -20.25922011883811 3.891344560986452
      vertex -3.2000000029802322 -28.78941714587698 3.840889008453116
      vertex -3.2000000029802322 -28.64077988116189 3.8913445609864574
    endloop
  endfacet
  facet normal -1 0 0
    outer loop
      vertex -3.2000000029802322 -20.53051371481046 4.04797599165052
      vertex -3.2000000029802322 -28.36948628518954 4.047975991650514
      vertex -3.2000000029802322 -28.251471862576146 4.151471862576145
    endloop
  endfacet
  facet normal -1 0 0
    outer loop
      vertex -3.2000000029802322 -20.400000000000006 3.960769515458673
      vertex -3.2000000029802322 -28.500000000000004 3.9607695154586704
      vertex -3.2000000029802322 -28.36948628518954 4.047975991650514
    endloop
  endfacet
  facet normal -1 0 0
    outer loop
      vertex -3.2000000029802322 -20.648528137423853 4.151471862576142
      vertex -3.2000000029802322 -28.251471862576146 4.151471862576145
      vertex -3.2000000029802322 -28.147975991650515 4.269486285189535
    endloop
  endfacet
  facet normal -1 0 0
    outer loop
      vertex -3.2000000029802322 -20.75202400834948 4.269486285189538
      vertex -3.2000000029802322 -28.147975991650515 4.269486285189535
      vertex -3.2000000029802322 -28.06076951545867 4.400000000000002
    endloop
  endfacet
  facet normal -1 0 0
    outer loop
      vertex -3.2000000029802322 -20.83923048454133 4.400000000000001
      vertex -3.2000000029802322 -28.06076951545867 4.400000000000002
      vertex -3.2000000029802322 -27.991344560986455 4.540779881161894
    endloop
  endfacet
  facet normal -1 0 0
    outer loop
      vertex -3.2000000029802322 -41.130000002682195 0.600000000000005
      vertex -3.2000000029802322 -19.956631430664068 3.8102661663514255
      vertex -3.2000000029802322 -19.8 3.8
    endloop
  endfacet
  facet normal -1 0 0
    outer loop
      vertex -3.2000000029802322 -41.130000002682195 0.600000000000005
      vertex -3.2000000029802322 -20.110582854123024 3.840889008453119
      vertex -3.2000000029802322 -19.956631430664068 3.8102661663514255
    endloop
  endfacet
  facet normal -1 0 0
    outer loop
      vertex -3.2000000029802322 -41.130000002682195 0.600000000000005
      vertex -3.2000000029802322 -20.25922011883811 3.891344560986452
      vertex -3.2000000029802322 -20.110582854123024 3.840889008453119
    endloop
  endfacet
  facet normal -1 0 0
    outer loop
      vertex -3.2000000029802322 -41.1300000026822 8.3
      vertex -3.2000000029802322 -10.543368569335938 6.189733833648572
      vertex -3.2000000029802322 -10.699999999999998 6.199999999999999
    endloop
  endfacet
  facet normal -1 0 0
    outer loop
      vertex -3.2000000029802322 -41.1300000026822 8.3
      vertex -3.2000000029802322 -10.699999999999998 6.199999999999999
      vertex -3.2000000029802322 -10.85663143066406 6.189733833648573
    endloop
  endfacet
  facet normal -1 0 0
    outer loop
      vertex -3.2000000029802322 -41.1300000026822 8.3
      vertex -3.2000000029802322 -10.85663143066406 6.189733833648573
      vertex -3.2000000029802322 -11.010582854123024 6.15911099154688
    endloop
  endfacet
  facet normal -1 0 0
    outer loop
      vertex -3.2000000029802322 -20.839230484541325 5.6
      vertex -3.2000000029802322 -28.14797599165052 5.7305137148104635
      vertex -3.2000000029802322 -20.75202400834948 5.730513714810465
    endloop
  endfacet
  facet normal -1 0 0
    outer loop
      vertex -3.2000000029802322 -20.75202400834948 5.730513714810465
      vertex -3.2000000029802322 -28.25147186257614 5.848528137423857
      vertex -3.2000000029802322 -20.64852813742386 5.848528137423855
    endloop
  endfacet
  facet normal -1 0 0
    outer loop
      vertex -3.2000000029802322 -20.64852813742386 5.848528137423855
      vertex -3.2000000029802322 -28.369486285189538 5.952024008349484
      vertex -3.2000000029802322 -20.530513714810468 5.95202400834948
    endloop
  endfacet
  facet normal -1 0 0
    outer loop
      vertex -3.2000000029802322 -19.95663143066406 6.1897338336485745
      vertex -3.2000000029802322 -29.099999999999994 6.200000000000005
      vertex -3.2000000029802322 -19.799999999999997 6.200000000000003
    endloop
  endfacet
  facet normal -1 0 0
    outer loop
      vertex -3.2000000029802322 -20.259220118838105 6.108655439013547
      vertex -3.2000000029802322 -28.78941714587697 6.159110991546882
      vertex -3.2000000029802322 -20.11058285412302 6.159110991546884
    endloop
  endfacet
  facet normal -1 0 0
    outer loop
      vertex -3.2000000029802322 -20.11058285412302 6.159110991546884
      vertex -3.2000000029802322 -28.94336856933594 6.189733833648571
      vertex -3.2000000029802322 -19.95663143066406 6.1897338336485745
    endloop
  endfacet
  facet normal -1 0 0
    outer loop
      vertex -3.2000000029802322 -20.530513714810468 5.95202400834948
      vertex -3.2000000029802322 -28.500000000000004 6.039230484541324
      vertex -3.2000000029802322 -20.400000000000006 6.039230484541323
    endloop
  endfacet
  facet normal -1 0 0
    outer loop
      vertex -3.2000000029802322 -20.400000000000006 6.039230484541323
      vertex -3.2000000029802322 -28.640779881161897 6.108655439013541
      vertex -3.2000000029802322 -20.259220118838105 6.108655439013547
    endloop
  endfacet
  facet normal -1 0 0
    outer loop
      vertex -3.2000000029802322 -20.90865543901354 4.540779881161894
      vertex -3.2000000029802322 -27.991344560986455 4.540779881161894
      vertex -3.2000000029802322 -27.940889008453123 4.689417145876975
    endloop
  endfacet
  facet normal -1 0 0
    outer loop
      vertex -3.2000000029802322 -20.959110991546883 4.689417145876973
      vertex -3.2000000029802322 -27.940889008453123 4.689417145876975
      vertex -3.2000000029802322 -27.91026616635143 4.843368569335938
    endloop
  endfacet
  facet normal -1 0 0
    outer loop
      vertex -3.2000000029802322 -27.900000000000006 5
      vertex -3.2000000029802322 -20.98973383364857 4.843368569335938
      vertex -3.2000000029802322 -27.91026616635143 4.843368569335938
    endloop
  endfacet
  facet normal -1 0 0
    outer loop
      vertex -3.2000000029802322 -27.910266166351434 5.156631430664062
      vertex -3.2000000029802322 -21.000000000000004 4.999999999999997
      vertex -3.2000000029802322 -27.900000000000006 5
    endloop
  endfacet
  facet normal -1 0 0
    outer loop
      vertex -3.2000000029802322 -20.98973383364857 5.156631430664063
      vertex -3.2000000029802322 -27.910266166351434 5.156631430664062
      vertex -3.2000000029802322 -27.94088900845312 5.310582854123023
    endloop
  endfacet
  facet normal -1 0 0
    outer loop
      vertex -3.2000000029802322 -20.95911099154688 5.310582854123025
      vertex -3.2000000029802322 -27.94088900845312 5.310582854123023
      vertex -3.2000000029802322 -27.991344560986455 5.459220118838109
    endloop
  endfacet
  facet normal -1 0 0
    outer loop
      vertex -3.2000000029802322 -28.060769515458674 5.6
      vertex -3.2000000029802322 -20.908655439013543 5.459220118838106
      vertex -3.2000000029802322 -27.991344560986455 5.459220118838109
    endloop
  endfacet
  facet normal -1 0 0
    outer loop
      vertex -3.2000000029802322 -41.1300000026822 8.3
      vertex -3.2000000029802322 -11.010582854123024 6.15911099154688
      vertex -3.2000000029802322 -19.643368569335934 6.189733833648575
    endloop
  endfacet
  facet normal -1 0 0
    outer loop
      vertex -3.2000000029802322 -20.839230484541325 5.6
      vertex -3.2000000029802322 -28.060769515458674 5.6
      vertex -3.2000000029802322 -28.14797599165052 5.7305137148104635
    endloop
  endfacet
  facet normal -1 0 0
    outer loop
      vertex -3.2000000029802322 -28.25147186257614 5.848528137423857
      vertex -3.2000000029802322 -20.75202400834948 5.730513714810465
      vertex -3.2000000029802322 -28.14797599165052 5.7305137148104635
    endloop
  endfacet
  facet normal -1 0 0
    outer loop
      vertex -3.2000000029802322 -28.369486285189538 5.952024008349484
      vertex -3.2000000029802322 -20.64852813742386 5.848528137423855
      vertex -3.2000000029802322 -28.25147186257614 5.848528137423857
    endloop
  endfacet
  facet normal -1 0 0
    outer loop
      vertex -3.2000000029802322 -20.530513714810468 5.95202400834948
      vertex -3.2000000029802322 -28.369486285189538 5.952024008349484
      vertex -3.2000000029802322 -28.500000000000004 6.039230484541324
    endloop
  endfacet
  facet normal -1 0 0
    outer loop
      vertex -3.2000000029802322 -20.400000000000006 6.039230484541323
      vertex -3.2000000029802322 -28.500000000000004 6.039230484541324
      vertex -3.2000000029802322 -28.640779881161897 6.108655439013541
    endloop
  endfacet
  facet normal -1 0 0
    outer loop
      vertex -3.2000000029802322 -28.78941714587697 6.159110991546882
      vertex -3.2000000029802322 -20.259220118838105 6.108655439013547
      vertex -3.2000000029802322 -28.640779881161897 6.108655439013541
    endloop
  endfacet
  facet normal -1 0 0
    outer loop
      vertex -3.2000000029802322 -20.11058285412302 6.159110991546884
      vertex -3.2000000029802322 -28.78941714587697 6.159110991546882
      vertex -3.2000000029802322 -28.94336856933594 6.189733833648571
    endloop
  endfacet
  facet normal -1 0 0
    outer loop
      vertex -3.2000000029802322 -29.099999999999994 6.200000000000005
      vertex -3.2000000029802322 -19.95663143066406 6.1897338336485745
      vertex -3.2000000029802322 -28.94336856933594 6.189733833648571
    endloop
  endfacet
  facet normal -1 0 0
    outer loop
      vertex -3.2000000029802322 -41.1300000026822 8.3
      vertex -3.2000000029802322 -19.643368569335934 6.189733833648575
      vertex -3.2000000029802322 -19.799999999999997 6.200000000000003
    endloop
  endfacet
  facet normal -3.4535151847852968e-15 -3.7188189549227523e-17 1
    outer loop
      vertex -3.2000000029802322 6.636693158027185 8.300000000000002
      vertex -3.2000000029802322 -41.1300000026822 8.3
      vertex -2.664101615548134 -43.13000000268221 8.300000000000002
    endloop
  endfacet
  facet normal -1 0 0
    outer loop
      vertex -3.2000000029802322 -41.130000002682195 0.600000000000005
      vertex -3.2000000029802322 -28.78941714587698 3.840889008453116
      vertex -3.2000000029802322 -20.25922011883811 3.891344560986452
    endloop
  endfacet
  facet normal -1 0 0
    outer loop
      vertex -3.2000000029802322 -41.130000002682195 0.600000000000005
      vertex -3.2000000029802322 -28.943368569335938 3.810266166351429
      vertex -3.2000000029802322 -28.78941714587698 3.840889008453116
    endloop
  endfacet
  facet normal -1 0 0
    outer loop
      vertex -3.2000000029802322 -41.130000002682195 0.600000000000005
      vertex -3.2000000029802322 -29.099999999999994 3.8000000000000007
      vertex -3.2000000029802322 -28.943368569335938 3.810266166351429
    endloop
  endfacet
  facet normal -1 0 0
    outer loop
      vertex -3.2000000029802322 -41.130000002682195 0.600000000000005
      vertex -3.2000000029802322 -29.256631430664065 3.810266166351429
      vertex -3.2000000029802322 -29.099999999999994 3.8000000000000007
    endloop
  endfacet
  facet normal -1 0 0
    outer loop
      vertex -3.2000000029802322 -41.130000002682195 0.600000000000005
      vertex -3.2000000029802322 -29.410582854123028 3.840889008453118
      vertex -3.2000000029802322 -29.256631430664065 3.810266166351429
    endloop
  endfacet
  facet normal -1 0 0
    outer loop
      vertex -3.2000000029802322 -41.130000002682195 0.600000000000005
      vertex -3.2000000029802322 -29.559220118838105 3.891344560986454
      vertex -3.2000000029802322 -29.410582854123028 3.840889008453118
    endloop
  endfacet
  facet normal -1 0 0
    outer loop
      vertex -3.2000000029802322 -41.130000002682195 0.600000000000005
      vertex -3.2000000029802322 -29.700000000000003 3.960769515458674
      vertex -3.2000000029802322 -29.559220118838105 3.891344560986454
    endloop
  endfacet
  facet normal -1 0 0
    outer loop
      vertex -3.2000000029802322 -41.130000002682195 0.600000000000005
      vertex -3.2000000029802322 -29.83051371481046 4.047975991650517
      vertex -3.2000000029802322 -29.700000000000003 3.960769515458674
    endloop
  endfacet
  facet normal -1 0 0
    outer loop
      vertex -3.2000000029802322 -41.130000002682195 0.600000000000005
      vertex -3.2000000029802322 -29.94852813742385 4.151471862576148
      vertex -3.2000000029802322 -29.83051371481046 4.047975991650517
    endloop
  endfacet
  facet normal -1 0 0
    outer loop
      vertex -3.2000000029802322 -41.130000002682195 0.600000000000005
      vertex -3.2000000029802322 -30.052024008349488 4.269486285189535
      vertex -3.2000000029802322 -29.94852813742385 4.151471862576148
    endloop
  endfacet
  facet normal -1 0 0
    outer loop
      vertex -3.2000000029802322 -41.130000002682195 0.600000000000005
      vertex -3.2000000029802322 -30.13923048454133 4.4
      vertex -3.2000000029802322 -30.052024008349488 4.269486285189535
    endloop
  endfacet
  facet normal -1 0 0
    outer loop
      vertex -3.2000000029802322 -41.130000002682195 0.600000000000005
      vertex -3.2000000029802322 -30.208655439013544 4.5407798811618925
      vertex -3.2000000029802322 -30.13923048454133 4.4
    endloop
  endfacet
  facet normal -1 0 0
    outer loop
      vertex -3.2000000029802322 -41.130000002682195 0.600000000000005
      vertex -3.2000000029802322 -30.25911099154688 4.689417145876979
      vertex -3.2000000029802322 -30.208655439013544 4.5407798811618925
    endloop
  endfacet
  facet normal 1.3625042644037578e-14 -7.02347630198954e-15 -1
    outer loop
      vertex -2.600000001490116 -41.110357999801636 1.7763568394002505e-15
      vertex 0.7899999976835481 -34.534000001847744 1.7763568394002505e-15
      vertex 0.8047070589932552 -34.75838639316234 3.552713678800501e-15
    endloop
  endfacet
  facet normal 4.648886343950035e-16 3.047041698593451e-17 -1
    outer loop
      vertex -2.600000001490116 -41.110357999801636 1.7763568394002505e-15
      vertex 0.8047070589932552 -34.75838639316234 3.552713678800501e-15
      vertex 0.8123289113017664 -34.87467336465012 3.552713678800501e-15
    endloop
  endfacet
  facet normal -4.127683837351241e-14 2.2872629742364858e-14 -1
    outer loop
      vertex -2.600000001490116 -41.110357999801636 1.7763568394002505e-15
      vertex 0.8123289113017664 -34.87467336465012 3.552713678800501e-15
      vertex 0.8350640489296506 -34.98897063203834 0
    endloop
  endfacet
  facet normal 1.0215020253806293e-14 -6.0224265305775655e-15 -1
    outer loop
      vertex -2.600000001490116 -41.110357999801636 1.7763568394002505e-15
      vertex 0.8350640489296506 -34.98897063203834 0
      vertex 0.8789335925470709 -35.20951770821756 1.7763568394002505e-15
    endloop
  endfacet
  facet normal 8.97965863841075e-15 -5.294099578446162e-15 -1
    outer loop
      vertex -2.600000001490116 -41.110357999801636 1.7763568394002505e-15
      vertex 0.8789335925470709 -35.20951770821756 1.7763568394002505e-15
      vertex 0.9512149903584604 -35.42245185205882 3.552713678800501e-15
    endloop
  endfacet
  facet normal -3.3079607955721096e-14 2.0965387514973888e-14 -1
    outer loop
      vertex -2.600000001490116 -41.110357999801636 1.7763568394002505e-15
      vertex 0.9512149903584604 -35.42245185205882 3.552713678800501e-15
      vertex 0.9886744155802516 -35.53280376311053 0
    endloop
  endfacet
  facet normal -2.8021694550088014e-16 -1.3818771152082707e-16 -1
    outer loop
      vertex -2.600000001490116 -41.110357999801636 1.7763568394002505e-15
      vertex 0.9886744155802516 -35.53280376311053 0
      vertex 1.0402171867137593 -35.63732215863737 0
    endloop
  endfacet
  facet normal 1.4928567224771717e-14 -1.025383086735516e-14 -1
    outer loop
      vertex -2.600000001490116 -41.110357999801636 1.7763568394002505e-15
      vertex 1.0402171867137593 -35.63732215863737 0
      vertex 1.139673697135665 -35.839000000195064 3.552713678800501e-15
    endloop
  endfacet
  facet normal 2.446138265230072e-16 1.634457280450793e-16 -1
    outer loop
      vertex -2.600000001490116 -41.110357999801636 1.7763568394002505e-15
      vertex 1.139673697135665 -35.839000000195064 3.552713678800501e-15
      vertex 1.2044178974899404 -35.935896546732295 3.552713678800501e-15
    endloop
  endfacet
  facet normal 2.4461382562311373e-16 1.6344572870670783e-16 -1
    outer loop
      vertex -2.600000001490116 -41.110357999801636 1.7763568394002505e-15
      vertex 1.2044178974899404 -35.935896546732295 3.552713678800501e-15
      vertex 1.3293477783826297 -36.12286733111197 3.552713678800501e-15
    endloop
  endfacet
  facet normal 1.2836307462452271e-14 -9.75680209196967e-15 -1
    outer loop
      vertex -2.600000001490116 -41.110357999801636 1.7763568394002505e-15
      vertex 1.3293477783826297 -36.12286733111197 3.552713678800501e-15
      vertex 1.4776134567504595 -36.29193193133581 7.105427357601002e-15
    endloop
  endfacet
  facet normal -2.28886085905515e-14 2.0475559351862685e-14 -1
    outer loop
      vertex -2.600000001490116 -41.110357999801636 1.7763568394002505e-15
      vertex 1.4776134567504595 -36.29193193133581 7.105427357601002e-15
      vertex 1.554451302235778 -36.379548698121845 3.552713678800501e-15
    endloop
  endfacet
  facet normal 3.792406642352582e-15 -3.4567567247341913e-15 -1
    outer loop
      vertex -2.600000001490116 -41.110357999801636 1.7763568394002505e-15
      vertex 1.6420680690218106 -36.45638654360716 1.7763568394002505e-15
      vertex -2.4829042702913284 -42.009651556611054 5.329070518200751e-15
    endloop
  endfacet
  facet normal -0.7055928090487977 -0.04624699517768698 -0.7071067834886482
    outer loop
      vertex -2.600000001490116 -41.110357999801636 1.7763568394002505e-15
      vertex -3.165779449045658 -41.65210477262735 0.6000000000000032
      vertex -3.2000000029802322 -41.130000002682195 0.600000000000005
    endloop
  endfacet
  facet normal -0.7055928080984966 -0.04624699708240688 -0.7071067843123399
    outer loop
      vertex -2.600000001490116 -41.110357999801636 1.7763568394002505e-15
      vertex -2.5696361362934113 -41.573621049523354 1.7763568394002505e-15
      vertex -3.165779449045658 -41.65210477262735 0.6000000000000032
    endloop
  endfacet
  facet normal 6.109261449938362e-14 4.00422160214989e-15 -1
    outer loop
      vertex -2.600000001490116 -41.110357999801636 1.7763568394002505e-15
      vertex -2.4829042702913284 -42.009651556611054 5.329070518200751e-15
      vertex -2.5696361362934113 -41.573621049523354 1.7763568394002505e-15
    endloop
  endfacet
  facet normal -0.6935199215414978 -0.13794969291059597 -0.7071067816468365
    outer loop
      vertex -3.165779449045658 -41.65210477262735 0.6000000000000032
      vertex -2.5696361362934113 -41.573621049523354 1.7763568394002505e-15
      vertex -3.063703306019306 -42.16527618467807 0.6000000000000032
    endloop
  endfacet
  facet normal -0.6935199184163083 -0.13794969768425613 -0.7071067837806815
    outer loop
      vertex -2.5696361362934113 -41.573621049523354 1.7763568394002505e-15
      vertex -2.4829042702913284 -42.009651556611054 5.329070518200751e-15
      vertex -3.063703306019306 -42.16527618467807 0.6000000000000032
    endloop
  endfacet
  facet normal -0.669580713727977 -0.227292025948246 -0.7071067831267601
    outer loop
      vertex -2.4829042702913284 -42.009651556611054 5.329070518200751e-15
      vertex -2.8955181315541267 -42.660733729600906 0.5999999999999979
      vertex -3.063703306019306 -42.16527618467807 0.6000000000000032
    endloop
  endfacet
  facet normal -0.6695807122139618 -0.22729202770772328 -0.7071067839948613
    outer loop
      vertex -2.4829042702913284 -42.009651556611054 5.329070518200751e-15
      vertex -2.3400010094046593 -42.43063098192215 1.7763568394002505e-15
      vertex -2.8955181315541267 -42.660733729600906 0.5999999999999979
    endloop
  endfacet
  facet normal -3.0646932224475292e-15 7.39883907959095e-15 -1
    outer loop
      vertex -2.4829042702913284 -42.009651556611054 5.329070518200751e-15
      vertex -2.1433714479207993 -42.82935629040003 -1.7763568394002505e-15
      vertex -2.3400010094046593 -42.43063098192215 1.7763568394002505e-15
    endloop
  endfacet
  facet normal -0.63418479396949 -0.31274532939478256 -0.7071067854572068
    outer loop
      vertex -2.8955181315541267 -42.660733729600906 0.5999999999999979
      vertex -2.3400010094046593 -42.43063098192215 1.7763568394002505e-15
      vertex -2.1433714479207993 -42.82935629040003 -1.7763568394002505e-15
    endloop
  endfacet
  facet normal 1.5209775123299476e-14 1.4968371813739762e-14 -1
    outer loop
      vertex -2.4829042702913284 -42.009651556611054 5.329070518200751e-15
      vertex -1.8963799849152565 -43.19900514185429 -3.552713678800501e-15
      vertex -2.1433714479207993 -42.82935629040003 -1.7763568394002505e-15
    endloop
  endfacet
  facet normal -0.6341847939115924 -0.3127453301669083 -0.7071067851676313
    outer loop
      vertex -2.8955181315541267 -42.660733729600906 0.5999999999999979
      vertex -2.1433714479207993 -42.82935629040003 -1.7763568394002505e-15
      vertex -2.664101615548134 -43.1300000026822 0.600000000000005
    endloop
  endfacet
  facet normal -0.5879377991216531 -0.3928474749428729 -0.7071067852842282
    outer loop
      vertex -2.664101615548134 -43.1300000026822 0.600000000000005
      vertex -1.8963799849152565 -43.19900514185429 -3.552713678800501e-15
      vertex -2.373413361608982 -43.56504572182893 0.6000000000000014
    endloop
  endfacet
  facet normal -0.5879377994922916 -0.39284747316691226 -0.7071067859627244
    outer loop
      vertex -2.664101615548134 -43.1300000026822 0.600000000000005
      vertex -2.1433714479207993 -42.82935629040003 -1.7763568394002505e-15
      vertex -1.8963799849152565 -43.19900514185429 -3.552713678800501e-15
    endloop
  endfacet
  facet normal -0.531631020975152 -0.4662279020456713 -0.7071067818165863
    outer loop
      vertex -1.603252723813057 -43.533252723515034 1.7763568394002505e-15
      vertex -2.0284271240234375 -43.95842712372541 0.6000000000000014
      vertex -2.373413361608982 -43.56504572182893 0.6000000000000014
    endloop
  endfacet
  facet normal 3.149222387112151e-14 2.2997987005117618e-14 -1
    outer loop
      vertex -2.4829042702913284 -42.009651556611054 5.329070518200751e-15
      vertex -1.2690051421523094 -43.826379984617226 1.7763568394002505e-15
      vertex -1.8963799849152565 -43.19900514185429 -3.552713678800501e-15
    endloop
  endfacet
  facet normal -9.453305487164562e-15 -4.360941067452405e-15 -1
    outer loop
      vertex -2.4829042702913284 -42.009651556611054 5.329070518200751e-15
      vertex -0.5006309822201729 -44.270001009106636 -3.552713678800501e-15
      vertex -1.2690051421523094 -43.826379984617226 1.7763568394002505e-15
    endloop
  endfacet
  facet normal -0.5316310239122356 -0.46622789365317724 -0.7071067851419257
    outer loop
      vertex -1.8963799849152565 -43.19900514185429 -3.552713678800501e-15
      vertex -1.603252723813057 -43.533252723515034 1.7763568394002505e-15
      vertex -2.373413361608982 -43.56504572182893 0.6000000000000014
    endloop
  endfacet
  facet normal -6.055138563766824e-14 -6.904562250367423e-14 -1
    outer loop
      vertex -1.8963799849152565 -43.19900514185429 -3.552713678800501e-15
      vertex -1.2690051421523094 -43.826379984617226 1.7763568394002505e-15
      vertex -1.603252723813057 -43.533252723515034 1.7763568394002505e-15
    endloop
  endfacet
  facet normal -0.46622789365315476 -0.531631023912247 -0.707106785141932
    outer loop
      vertex -1.603252723813057 -43.533252723515034 1.7763568394002505e-15
      vertex -1.2690051421523094 -43.826379984617226 1.7763568394002505e-15
      vertex -1.6350457221269608 -44.303413361310945 0.6000000000000014
    endloop
  endfacet
  facet normal 4.0617825401210884e-14 8.236480232464415e-14 -1
    outer loop
      vertex -1.2690051421523094 -43.826379984617226 1.7763568394002505e-15
      vertex -0.5006309822201729 -44.270001009106636 -3.552713678800501e-15
      vertex -0.8993562906980515 -44.07337144762279 -3.552713678800501e-15
    endloop
  endfacet
  facet normal -1.126743774034785e-14 1.0270204345837173e-14 -1
    outer loop
      vertex -2.600000001490116 -41.110357999801636 1.7763568394002505e-15
      vertex 1.554451302235778 -36.379548698121845 3.552713678800501e-15
      vertex 1.6420680690218106 -36.45638654360716 1.7763568394002505e-15
    endloop
  endfacet
  facet normal 1.2385040437730215e-14 -9.839376074752803e-15 -1
    outer loop
      vertex -2.4829042702913284 -42.009651556611054 5.329070518200751e-15
      vertex 1.6420680690218106 -36.45638654360716 1.7763568394002505e-15
      vertex 1.8111326692456569 -36.604652221974995 5.329070518200751e-15
    endloop
  endfacet
  facet normal 9.1824329981767e-15 -4.763483226918924e-16 -1
    outer loop
      vertex 0.819641999900341 -44.53000000119209 0
      vertex 1.8111326692456569 -36.604652221974995 5.329070518200751e-15
      vertex 1.9981034536253333 -36.72958210286768 7.105427357601002e-15
    endloop
  endfacet
  facet normal -4.9401942096877275e-14 8.374386181534827e-15 -1
    outer loop
      vertex 0.819641999900341 -44.53000000119209 0
      vertex 1.9981034536253333 -36.72958210286768 7.105427357601002e-15
      vertex 2.0950000001625586 -36.79432630322196 1.7763568394002505e-15
    endloop
  endfacet
  facet normal 1.639597812507759e-14 -2.4735253555954265e-15 -1
    outer loop
      vertex 0.819641999900341 -44.53000000119209 0
      vertex 2.0950000001625586 -36.79432630322196 1.7763568394002505e-15
      vertex 2.296677841720257 -36.89378281364386 5.329070518200751e-15
    endloop
  endfacet
  facet normal -1.0045650655476672e-15 7.980832619141351e-16 -1
    outer loop
      vertex -2.4829042702913284 -42.009651556611054 5.329070518200751e-15
      vertex 1.8111326692456569 -36.604652221974995 5.329070518200751e-15
      vertex 0.819641999900341 -44.53000000119209 0
    endloop
  endfacet
  facet normal 4.187968065197341e-15 7.602134884482233e-15 -1
    outer loop
      vertex -2.4829042702913284 -42.009651556611054 5.329070518200751e-15
      vertex 0.819641999900341 -44.53000000119209 0
      vertex -0.5006309822201729 -44.270001009106636 -3.552713678800501e-15
    endloop
  endfacet
  facet normal 0 0 -1
    outer loop
      vertex -0.5006309822201729 -44.270001009106636 -3.552713678800501e-15
      vertex 0.3563789427280426 -44.4996361359954 -3.552713678800501e-15
      vertex -0.07965155690908432 -44.41290426999331 -3.552713678800501e-15
    endloop
  endfacet
  facet normal 1.0152247219078964e-14 3.7888700849731486e-14 -1
    outer loop
      vertex -0.5006309822201729 -44.270001009106636 -3.552713678800501e-15
      vertex 0.819641999900341 -44.53000000119209 0
      vertex 0.3563789427280426 -44.4996361359954 -3.552713678800501e-15
    endloop
  endfacet
  facet normal -1.520146993394819e-14 3.638213237870217e-15 -1
    outer loop
      vertex 0.819641999900341 -44.53000000119209 0
      vertex 2.296677841720257 -36.89378281364386 5.329070518200751e-15
      vertex 2.401196237247099 -36.94532558477737 3.552713678800501e-15
    endloop
  endfacet
  facet normal 1.4849200999979488e-16 4.374433665857401e-16 -1
    outer loop
      vertex 0.819641999900341 -44.53000000119209 0
      vertex 2.401196237247099 -36.94532558477737 3.552713678800501e-15
      vertex 2.5115481482988073 -36.98278500999916 3.552713678800501e-15
    endloop
  endfacet
  facet normal -7.603855931787307e-15 2.175335444993408e-15 -1
    outer loop
      vertex 0.819641999900341 -44.53000000119209 0
      vertex 2.5115481482988073 -36.98278500999916 3.552713678800501e-15
      vertex 2.724482292140072 -37.05506640781056 1.7763568394002505e-15
    endloop
  endfacet
  facet normal 4.498943434463383e-17 2.2617714672842903e-16 -1
    outer loop
      vertex 0.819641999900341 -44.53000000119209 0
      vertex 2.724482292140072 -37.05506640781056 1.7763568394002505e-15
      vertex 2.945029368319295 -37.098935951427976 1.7763568394002505e-15
    endloop
  endfacet
  facet normal 1.474995059791417e-14 -3.9796456669148e-15 -1
    outer loop
      vertex 0.819641999900341 -44.53000000119209 0
      vertex 2.945029368319295 -37.098935951427976 1.7763568394002505e-15
      vertex 3.0593266357075084 -37.12167108905586 3.552713678800501e-15
    endloop
  endfacet
  facet normal -1.4948002907686905e-14 4.998634181385107e-15 -1
    outer loop
      vertex 0.819641999900341 -44.53000000119209 0
      vertex 3.0593266357075084 -37.12167108905586 3.552713678800501e-15
      vertex 3.17561360719529 -37.12929294136437 1.7763568394002505e-15
    endloop
  endfacet
  facet normal 1.5524818486628662e-14 -4.7022094567697554e-15 -1
    outer loop
      vertex 0.819641999900341 -44.53000000119209 0
      vertex 3.17561360719529 -37.12929294136437 1.7763568394002505e-15
      vertex 3.399999998509884 -37.144000002674076 5.329070518200751e-15
    endloop
  endfacet
  facet normal 1.418196129405273e-13 -1.0951645124866691e-16 1
    outer loop
      vertex -0.29999999701976776 -4.69 8.300000000000002
      vertex -0.3279015980609632 -40.821505494993076 8.300000000000002
      vertex -0.29999999701976776 -37.13000000268221 8.299999999999999
    endloop
  endfacet
  facet normal -1 0 0
    outer loop
      vertex -3.2000000029802322 -41.1300000026822 8.3
      vertex -3.2000000029802322 -19.799999999999997 6.200000000000003
      vertex -3.2000000029802322 -29.099999999999994 6.200000000000005
    endloop
  endfacet
  facet normal 4.8841986533497494e-17 -9.904175108456782e-17 1
    outer loop
      vertex -0.29999999701976776 -4.69 8.300000000000002
      vertex -1.0108387386532316 -40.91141587524724 8.299999999999999
      vertex -0.9052538277818121 -40.85934715939307 8.299999999999999
    endloop
  endfacet
  facet normal -2.8139797209321666e-14 6.550788140172601e-16 1
    outer loop
      vertex -0.29999999701976776 -4.69 8.300000000000002
      vertex -1.3402616020592264 -41.24083873865324 8.299999999999997
      vertex -1.2748567449153434 -41.142953452545385 8.299999999999999
    endloop
  endfacet
  facet normal -4.7094459324936063e-14 1.1619809582164169e-15 1
    outer loop
      vertex -0.29999999701976776 -4.69 8.300000000000002
      vertex -1.2748567449153434 -41.142953452545385 8.299999999999999
      vertex -1.1972348417211247 -41.05444263558534 8.300000000000002
    endloop
  endfacet
  facet normal 4.102648246958253e-14 -1.0122632703633712e-15 1
    outer loop
      vertex -0.29999999701976776 -4.69 8.300000000000002
      vertex -1.1972348417211247 -41.05444263558534 8.300000000000002
      vertex -1.10872402476108 -40.976820732391126 8.299999999999999
    endloop
  endfacet
  facet normal 6.640792243482834e-17 -9.938647940260818e-17 1
    outer loop
      vertex -0.29999999701976776 -4.69 8.300000000000002
      vertex -1.10872402476108 -40.976820732391126 8.299999999999999
      vertex -1.0108387386532316 -40.91141587524724 8.299999999999999
    endloop
  endfacet
  facet normal 0 0 1
    outer loop
      vertex -0.29999999701976776 -4.69 8.300000000000002
      vertex -1.430171982313393 -41.457901598060964 8.300000000000002
      vertex -1.3923303179133892 -41.34642364952465 8.300000000000002
    endloop
  endfacet
  facet normal -2.7443955608932757e-13 8.435724761756156e-15 1
    outer loop
      vertex -0.29999999701976776 -4.69 8.300000000000002
      vertex -1.4531391138896605 -41.57336516565519 8.299999999999997
      vertex -1.430171982313393 -41.457901598060964 8.300000000000002
    endloop
  endfacet
  facet normal 4.4534035832276e-13 -1.4067817719197328e-14 1
    outer loop
      vertex -0.29999999701976776 -4.69 8.300000000000002
      vertex -1.4608387386532318 -41.69083873865324 8.299999999999999
      vertex -1.4531391138896605 -41.57336516565519 8.299999999999997
    endloop
  endfacet
  facet normal 1.0892910467121564e-13 -3.2459948902218352e-15 1
    outer loop
      vertex -0.29999999701976776 -4.69 8.300000000000002
      vertex -1.3923303179133892 -41.34642364952465 8.300000000000002
      vertex -1.3402616020592264 -41.24083873865324 8.299999999999997
    endloop
  endfacet
  facet normal 3.1869965762022944e-15 -1.960037399458502e-16 1
    outer loop
      vertex -2.664101615548134 -43.13000000268221 8.300000000000002
      vertex -1.4608387386532318 -41.69083873865324 8.299999999999999
      vertex -0.29999999701976776 -4.69 8.300000000000002
    endloop
  endfacet
  facet normal -1 0 0
    outer loop
      vertex -3.2000000029802322 -41.1300000026822 8.3
      vertex -3.2000000029802322 -29.099999999999994 6.200000000000005
      vertex -3.2000000029802322 -29.256631430664065 6.189733833648573
    endloop
  endfacet
  facet normal -1 0 0
    outer loop
      vertex -3.2000000029802322 -41.1300000026822 8.3
      vertex -3.2000000029802322 -30.25911099154688 5.310582854123027
      vertex -3.2000000029802322 -30.28973383364857 5.1566314306640635
    endloop
  endfacet
  facet normal -1 0 0
    outer loop
      vertex -3.2000000029802322 -41.1300000026822 8.3
      vertex -3.2000000029802322 -29.83051371481046 5.952024008349481
      vertex -3.2000000029802322 -29.948528137423853 5.848528137423861
    endloop
  endfacet
  facet normal -1 0 0
    outer loop
      vertex -3.2000000029802322 -41.1300000026822 8.3
      vertex -3.2000000029802322 -30.208655439013548 5.4592201188381075
      vertex -3.2000000029802322 -30.25911099154688 5.310582854123027
    endloop
  endfacet
  facet normal -1 0 0
    outer loop
      vertex -3.2000000029802322 -41.1300000026822 8.3
      vertex -3.2000000029802322 -30.13923048454133 5.6
      vertex -3.2000000029802322 -30.208655439013548 5.4592201188381075
    endloop
  endfacet
  facet normal -1 0 0
    outer loop
      vertex -3.2000000029802322 -41.1300000026822 8.3
      vertex -3.2000000029802322 -30.052024008349484 5.7305137148104635
      vertex -3.2000000029802322 -30.13923048454133 5.6
    endloop
  endfacet
  facet normal -1 0 0
    outer loop
      vertex -3.2000000029802322 -41.1300000026822 8.3
      vertex -3.2000000029802322 -29.948528137423853 5.848528137423861
      vertex -3.2000000029802322 -30.052024008349484 5.7305137148104635
    endloop
  endfacet
  facet normal -1 0 0
    outer loop
      vertex -3.2000000029802322 -41.1300000026822 8.3
      vertex -3.2000000029802322 -29.256631430664065 6.189733833648573
      vertex -3.2000000029802322 -29.41058285412303 6.159110991546882
    endloop
  endfacet
  facet normal -1 0 0
    outer loop
      vertex -3.2000000029802322 -41.1300000026822 8.3
      vertex -3.2000000029802322 -29.41058285412303 6.159110991546882
      vertex -3.2000000029802322 -29.55922011883811 6.108655439013544
    endloop
  endfacet
  facet normal -1 0 0
    outer loop
      vertex -3.2000000029802322 -41.1300000026822 8.3
      vertex -3.2000000029802322 -29.55922011883811 6.108655439013544
      vertex -3.2000000029802322 -29.7 6.039230484541328
    endloop
  endfacet
  facet normal -1 0 0
    outer loop
      vertex -3.2000000029802322 -41.1300000026822 8.3
      vertex -3.2000000029802322 -29.7 6.039230484541328
      vertex -3.2000000029802322 -29.83051371481046 5.952024008349481
    endloop
  endfacet
  facet normal 0 0 1
    outer loop
      vertex -0.29999999701976776 -4.69 8.300000000000002
      vertex -0.7937758792454996 -40.821505494993076 8.300000000000002
      vertex -0.6783123116512781 -40.798538363416796 8.300000000000002
    endloop
  endfacet
  facet normal -3.2017736272506606e-14 4.375568014186007e-16 1
    outer loop
      vertex -0.29999999701976776 -4.69 8.300000000000002
      vertex -0.9052538277818121 -40.85934715939307 8.299999999999999
      vertex -0.7937758792454996 -40.821505494993076 8.300000000000002
    endloop
  endfacet
  facet normal 3.026344504001203e-14 -3.170727606468278e-16 1
    outer loop
      vertex -0.29999999701976776 -4.69 8.300000000000002
      vertex -0.6783123116512781 -40.798538363416796 8.300000000000002
      vertex -0.5608387386532314 -40.790838738653235 8.299999999999999
    endloop
  endfacet
  facet normal -3.0234794888258473e-14 1.2004408553418532e-16 1
    outer loop
      vertex -0.29999999701976776 -4.69 8.300000000000002
      vertex -0.5608387386532314 -40.790838738653235 8.299999999999999
      vertex -0.4433651656551847 -40.798538363416796 8.300000000000002
    endloop
  endfacet
  facet normal 0 0 1
    outer loop
      vertex -0.29999999701976776 -4.69 8.300000000000002
      vertex -0.4433651656551847 -40.798538363416796 8.300000000000002
      vertex -0.3279015980609632 -40.821505494993076 8.300000000000002
    endloop
  endfacet
  facet normal -1 0 0
    outer loop
      vertex -3.2000000029802322 -41.1300000026822 8.3
      vertex -3.2000000029802322 -30.28973383364857 4.843368569335938
      vertex -3.2000000029802322 -30.25911099154688 4.689417145876979
    endloop
  endfacet
  facet normal -1 0 0
    outer loop
      vertex -3.2000000029802322 -41.1300000026822 8.3
      vertex -3.2000000029802322 -30.3 4.999999999999998
      vertex -3.2000000029802322 -30.28973383364857 4.843368569335938
    endloop
  endfacet
  facet normal -1 0 0
    outer loop
      vertex -3.2000000029802322 -41.1300000026822 8.3
      vertex -3.2000000029802322 -30.28973383364857 5.1566314306640635
      vertex -3.2000000029802322 -30.3 4.999999999999998
    endloop
  endfacet
  facet normal -1 0 0
    outer loop
      vertex -3.2000000029802322 -41.130000002682195 0.600000000000005
      vertex -3.2000000029802322 -41.1300000026822 8.3
      vertex -3.2000000029802322 -30.25911099154688 4.689417145876979
    endloop
  endfacet
  facet normal -0.9978589233184302 -0.06540312801222187 -6.028080602830546e-17
    outer loop
      vertex -3.2000000029802322 -41.130000002682195 0.600000000000005
      vertex -3.165779449045658 -41.65210477262735 0.6000000000000032
      vertex -3.165779449045658 -41.652104772627354 8.300000000000006
    endloop
  endfacet
  facet normal -0.9807852794583503 -0.19509032676636193 -1.8002599285831514e-16
    outer loop
      vertex -3.165779449045658 -41.65210477262735 0.6000000000000032
      vertex -3.063703306019306 -42.16527618467807 0.6000000000000032
      vertex -3.165779449045658 -41.652104772627354 8.300000000000006
    endloop
  endfacet
  facet normal -0.46622790204566633 -0.5316310209751572 -0.7071067818165857
    outer loop
      vertex -1.603252723813057 -43.533252723515034 1.7763568394002505e-15
      vertex -1.6350457221269608 -44.303413361310945 0.6000000000000014
      vertex -2.0284271240234375 -43.95842712372541 0.6000000000000014
    endloop
  endfacet
  facet normal -0.39284747494289135 -0.5879377991216346 -0.7071067852842333
    outer loop
      vertex -1.2690051421523094 -43.826379984617226 1.7763568394002505e-15
      vertex -1.2000000029802322 -44.59410161525011 0.5999999999999979
      vertex -1.6350457221269608 -44.303413361310945 0.6000000000000014
    endloop
  endfacet
  facet normal -0.39284747316695195 -0.5879377994922688 -0.7071067859627214
    outer loop
      vertex -1.2690051421523094 -43.826379984617226 1.7763568394002505e-15
      vertex -0.8993562906980515 -44.07337144762279 -3.552713678800501e-15
      vertex -1.2000000029802322 -44.59410161525011 0.5999999999999979
    endloop
  endfacet
  facet normal -0.3127453301668888 -0.6341847939116056 -0.7071067851676279
    outer loop
      vertex -0.8993562906980515 -44.07337144762279 -3.552713678800501e-15
      vertex -0.7307337298989296 -44.8255181312561 0.600000000000005
      vertex -1.2000000029802322 -44.59410161525011 0.5999999999999979
    endloop
  endfacet
  facet normal -0.9469301290558163 -0.32143946659726613 2.9623710682146567e-16
    outer loop
      vertex -3.063703306019306 -42.16527618467807 0.6000000000000032
      vertex -2.8955181315541267 -42.660733729600906 0.5999999999999979
      vertex -2.8955181315541267 -42.6607337296009 8.3
    endloop
  endfacet
  facet normal -0.8968727416500516 -0.44228868998101173 4.081363841231932e-16
    outer loop
      vertex -2.8955181315541267 -42.660733729600906 0.5999999999999979
      vertex -2.664101615548134 -43.1300000026822 0.600000000000005
      vertex -2.8955181315541267 -42.6607337296009 8.3
    endloop
  endfacet
  facet normal -0.9978589233184302 -0.06540312801222187 -6.035287987671715e-17
    outer loop
      vertex -3.2000000029802322 -41.130000002682195 0.600000000000005
      vertex -3.165779449045658 -41.652104772627354 8.300000000000006
      vertex -3.2000000029802322 -41.1300000026822 8.3
    endloop
  endfacet
  facet normal -0.8314696141679891 -0.5555702302277683 -5.098033866213568e-16
    outer loop
      vertex -2.664101615548134 -43.1300000026822 0.600000000000005
      vertex -2.373413361608982 -43.56504572182893 0.6000000000000014
      vertex -2.373413361608982 -43.56504572182894 8.300000000000002
    endloop
  endfacet
  facet normal -0.7518398007112116 -0.6593458228172265 -6.062526840037772e-16
    outer loop
      vertex -2.373413361608982 -43.56504572182893 0.6000000000000014
      vertex -2.0284271240234375 -43.95842712372541 0.6000000000000014
      vertex -2.0284271240234375 -43.958427123725414 8.299999999999999
    endloop
  endfacet
  facet normal -0.659345822817219 -0.7518398007112184 -6.937848166891919e-16
    outer loop
      vertex -2.0284271240234375 -43.95842712372541 0.6000000000000014
      vertex -1.6350457221269608 -44.303413361310945 0.6000000000000014
      vertex -2.0284271240234375 -43.958427123725414 8.299999999999999
    endloop
  endfacet
  facet normal -0.555570230227787 -0.8314696141679766 1.536299394818389e-15
    outer loop
      vertex -1.6350457221269608 -44.303413361310945 0.6000000000000014
      vertex -1.2000000029802322 -44.59410161525011 0.5999999999999979
      vertex -1.2000000029802322 -44.594101615250096 8.300000000000002
    endloop
  endfacet
  facet normal -0.44228868998100646 -0.8968727416500545 1.655237432417379e-15
    outer loop
      vertex -1.2000000029802322 -44.59410161525011 0.5999999999999979
      vertex -0.7307337298989296 -44.8255181312561 0.600000000000005
      vertex -1.2000000029802322 -44.594101615250096 8.300000000000002
    endloop
  endfacet
  facet normal -0.3127453293947725 -0.6341847939695027 -0.7071067854572001
    outer loop
      vertex -0.8993562906980515 -44.07337144762279 -3.552713678800501e-15
      vertex -0.5006309822201729 -44.270001009106636 -3.552713678800501e-15
      vertex -0.7307337298989296 -44.8255181312561 0.600000000000005
    endloop
  endfacet
  facet normal -0.22729202770774434 -0.6695807122139614 -0.7071067839948546
    outer loop
      vertex -0.5006309822201729 -44.270001009106636 -3.552713678800501e-15
      vertex -0.07965155690908432 -44.41290426999331 -3.552713678800501e-15
      vertex -0.7307337298989296 -44.8255181312561 0.600000000000005
    endloop
  endfacet
  facet normal -0.227292025948263 -0.6695807137279802 -0.7071067831267516
    outer loop
      vertex -0.07965155690908432 -44.41290426999331 -3.552713678800501e-15
      vertex -0.23527618497610092 -44.99370330572128 0.6000000000000014
      vertex -0.7307337298989296 -44.8255181312561 0.600000000000005
    endloop
  endfacet
  facet normal -0.13794969993695164 -0.6935199178909786 -0.7071067838564381
    outer loop
      vertex -0.07965155690908432 -44.41290426999331 -3.552713678800501e-15
      vertex 0.3563789427280426 -44.4996361359954 -3.552713678800501e-15
      vertex -0.23527618497610092 -44.99370330572128 0.6000000000000014
    endloop
  endfacet
  facet normal -0.046246996362150676 -0.7055928084578523 -0.7071067840008607
    outer loop
      vertex 0.3563789427280426 -44.4996361359954 -3.552713678800501e-15
      vertex 0.819641999900341 -44.53000000119209 0
      vertex 0.2778952270746231 -45.09577944874763 0.600000000000005
    endloop
  endfacet
  facet normal -0.13794969307768074 -0.6935199223815625 -0.707106780790317
    outer loop
      vertex 0.3563789427280426 -44.4996361359954 -3.552713678800501e-15
      vertex 0.2778952270746231 -45.09577944874763 0.600000000000005
      vertex -0.23527618497610092 -44.99370330572128 0.6000000000000014
    endloop
  endfacet
  facet normal -0.04624699517769967 -0.7055928090487975 -0.7071067834886474
    outer loop
      vertex 0.819641999900341 -44.53000000119209 0
      vertex 0.7999999970197678 -45.1300000026822 0.5999999999999979
      vertex 0.2778952270746231 -45.09577944874763 0.600000000000005
    endloop
  endfacet
  facet normal -0.3214394665972703 -0.9469301290558149 0
    outer loop
      vertex -0.7307337298989296 -44.8255181312561 0.600000000000005
      vertex -0.23527618497610092 -44.99370330572128 0.6000000000000014
      vertex -0.23527618497610092 -44.99370330572128 8.299999999999999
    endloop
  endfacet
  facet normal -0.19509032676634885 -0.9807852794583528 0
    outer loop
      vertex -0.23527618497610092 -44.99370330572128 0.6000000000000014
      vertex 0.2778952270746231 -45.09577944874763 0.600000000000005
      vertex -0.23527618497610092 -44.99370330572128 8.299999999999999
    endloop
  endfacet
  facet normal -0.06540312801222277 -0.9978589233184304 -9.205740234894209e-16
    outer loop
      vertex 0.2778952270746231 -45.09577944874763 0.600000000000005
      vertex 0.7999999970197678 -45.1300000026822 0.5999999999999979
      vertex 0.7999999970197678 -45.13000000268221 8.299999999999997
    endloop
  endfacet
  facet normal 1.543949068495293e-13 2.0326475386125064e-14 1
    outer loop
      vertex -3.2000000029802322 -41.1300000026822 8.3
      vertex -3.165779449045658 -41.652104772627354 8.300000000000006
      vertex -3.063703306019306 -42.16527618467808 8.3
    endloop
  endfacet
  facet normal -3.012959990378909e-14 1.190131712927949e-15 1
    outer loop
      vertex -0.29999999701976776 -37.13000000268221 8.299999999999999
      vertex -0.3279015980609632 -40.821505494993076 8.300000000000002
      vertex -0.2632129043340683 -37.691262632608414 8.3
    endloop
  endfacet
  facet normal 2.584420566918498e-15 5.140732267845444e-16 1
    outer loop
      vertex -0.2632129043340683 -37.691262632608414 8.3
      vertex -0.3279015980609632 -40.821505494993076 8.300000000000002
      vertex -0.15348105132579803 -38.24292189627886 8.3
    endloop
  endfacet
  facet normal 1.6922008035031305e-15 5.744247542744528e-16 1
    outer loop
      vertex -0.15348105132579803 -38.24292189627886 8.3
      vertex -0.3279015980609632 -40.821505494993076 8.300000000000002
      vertex 0.027318008244037628 -38.77553876489401 8.3
    endloop
  endfacet
  facet normal 1.3021437476891507e-15 6.421462434679847e-16 1
    outer loop
      vertex 0.027318008244037628 -38.77553876489401 8.3
      vertex -0.3279015980609632 -40.821505494993076 8.300000000000002
      vertex 0.27609076350927353 -39.28000000119209 8.3
    endloop
  endfacet
  facet normal 1.0871260727399911e-15 7.26394424090201e-16 1
    outer loop
      vertex 0.27609076350927353 -39.28000000119209 8.3
      vertex -0.3279015980609632 -40.821505494993076 8.300000000000002
      vertex 0.5885806381702423 -39.74767414480447 8.3
    endloop
  endfacet
  facet normal 2.5145685829630148e-14 -1.980685098974885e-14 1
    outer loop
      vertex -0.21642364952465076 -40.85934715939307 8.299999999999999
      vertex 0.5885806381702423 -39.74767414480447 8.3
      vertex -0.3279015980609632 -40.821505494993076 8.300000000000002
    endloop
  endfacet
  facet normal -5.806502975568147e-16 -1.1774423261502868e-15 1
    outer loop
      vertex -0.11083873865323124 -40.91141587524724 8.299999999999999
      vertex 0.5885806381702423 -39.74767414480447 8.3
      vertex -0.21642364952465076 -40.85934715939307 8.299999999999999
    endloop
  endfacet
  facet normal 2.0165661635887013e-15 -2.4320859392791704e-15 1
    outer loop
      vertex 0.5885806381702423 -39.74767414480447 8.3
      vertex -0.012953452545382937 -40.976820732391126 8.299999999999999
      vertex 0.9594408422708511 -40.17055916041136 8.299999999999999
    endloop
  endfacet
  facet normal -7.276924211452234e-16 -1.089068670933957e-15 1
    outer loop
      vertex 0.5885806381702423 -39.74767414480447 8.3
      vertex -0.11083873865323124 -40.91141587524724 8.299999999999999
      vertex -0.012953452545382937 -40.976820732391126 8.299999999999999
    endloop
  endfacet
  facet normal -2.0414090490073636e-15 2.462047779068413e-15 1
    outer loop
      vertex 0.9594408422708511 -40.17055916041136 8.299999999999999
      vertex -0.012953452545382937 -40.976820732391126 8.299999999999999
      vertex 1.3823258578777313 -40.54141936451196 8.3
    endloop
  endfacet
  facet normal -8.678263718568649e-16 -1.2987939391723485e-15 1
    outer loop
      vertex -0.012953452545382937 -40.976820732391126 8.299999999999999
      vertex 1.8500000014901161 -40.853909239172935 8.3
      vertex 1.3823258578777313 -40.54141936451196 8.3
    endloop
  endfacet
  facet normal -9.971987307745118e-18 -1.4301180834906248e-14 1
    outer loop
      vertex -0.012953452545382937 -40.976820732391126 8.299999999999999
      vertex 2.3544612377882004 -41.10268199443818 8.299999999999997
      vertex 1.8500000014901161 -40.853909239172935 8.3
    endloop
  endfacet
  facet normal -0.9807852794583503 -0.1950903267663619 -1.8002599285831524e-16
    outer loop
      vertex -3.063703306019306 -42.16527618467807 0.6000000000000032
      vertex -3.063703306019306 -42.16527618467808 8.3
      vertex -3.165779449045658 -41.652104772627354 8.300000000000006
    endloop
  endfacet
  facet normal -0.9469301290558134 -0.3214394665972744 -2.9661880256791525e-16
    outer loop
      vertex -3.063703306019306 -42.16527618467807 0.6000000000000032
      vertex -2.8955181315541267 -42.6607337296009 8.3
      vertex -3.063703306019306 -42.16527618467808 8.3
    endloop
  endfacet
  facet normal -0.896872741650057 -0.44228868998100096 -4.081363841231836e-16
    outer loop
      vertex -2.664101615548134 -43.1300000026822 0.600000000000005
      vertex -2.664101615548134 -43.13000000268221 8.300000000000002
      vertex -2.8955181315541267 -42.6607337296009 8.3
    endloop
  endfacet
  facet normal -0.831469614167989 -0.5555702302277682 -5.126706380427367e-16
    outer loop
      vertex -2.664101615548134 -43.1300000026822 0.600000000000005
      vertex -2.373413361608982 -43.56504572182894 8.300000000000002
      vertex -2.664101615548134 -43.13000000268221 8.300000000000002
    endloop
  endfacet
  facet normal -0.7518398007112117 -0.6593458228172265 -6.08432967216294e-16
    outer loop
      vertex -2.373413361608982 -43.56504572182893 0.6000000000000014
      vertex -2.0284271240234375 -43.958427123725414 8.299999999999999
      vertex -2.373413361608982 -43.56504572182894 8.300000000000002
    endloop
  endfacet
  facet normal -0.6593458228172265 -0.7518398007112116 -1.387569633378371e-15
    outer loop
      vertex -1.6350457221269608 -44.303413361310945 0.6000000000000014
      vertex -1.6350457221269608 -44.30341336131096 8.3
      vertex -2.0284271240234375 -43.958427123725414 8.299999999999999
    endloop
  endfacet
  facet normal -0.5555702302277495 -0.8314696141680017 -1.5345316736424077e-15
    outer loop
      vertex -1.6350457221269608 -44.303413361310945 0.6000000000000014
      vertex -1.2000000029802322 -44.594101615250096 8.300000000000002
      vertex -1.6350457221269608 -44.30341336131096 8.3
    endloop
  endfacet
  facet normal -0.44228868998100634 -0.8968727416500544 1.6552374324173798e-15
    outer loop
      vertex -0.7307337298989296 -44.8255181312561 0.600000000000005
      vertex -0.7307337298989296 -44.82551813125609 8.300000000000004
      vertex -1.2000000029802322 -44.594101615250096 8.300000000000002
    endloop
  endfacet
  facet normal -6.516507420504691e-15 -8.579144894687551e-16 1
    outer loop
      vertex -3.2000000029802322 -41.1300000026822 8.3
      vertex -3.063703306019306 -42.16527618467808 8.3
      vertex -2.664101615548134 -43.13000000268221 8.300000000000002
    endloop
  endfacet
  facet normal -2.4629861350659046e-14 -8.360711368234464e-15 1
    outer loop
      vertex -3.063703306019306 -42.16527618467808 8.3
      vertex -2.8955181315541267 -42.6607337296009 8.3
      vertex -2.664101615548134 -43.13000000268221 8.300000000000002
    endloop
  endfacet
  facet normal 7.250253803798904e-15 4.844464675978516e-15 1
    outer loop
      vertex -2.664101615548134 -43.13000000268221 8.300000000000002
      vertex -2.373413361608982 -43.56504572182894 8.300000000000002
      vertex -1.6350457221269608 -44.30341336131096 8.3
    endloop
  endfacet
  facet normal -5.385498770674622e-14 -5.626077683456661e-14 1
    outer loop
      vertex -2.373413361608982 -43.56504572182894 8.300000000000002
      vertex -2.0284271240234375 -43.958427123725414 8.299999999999999
      vertex -1.6350457221269608 -44.30341336131096 8.3
    endloop
  endfacet
  facet normal 1.950904266830867e-14 -1.384264128396732e-14 1
    outer loop
      vertex -2.664101615548134 -43.13000000268221 8.300000000000002
      vertex -1.4531391138896605 -41.80831231165128 8.299999999999997
      vertex -1.4608387386532318 -41.69083873865324 8.299999999999999
    endloop
  endfacet
  facet normal -2.3976531708869168e-14 2.599990267796363e-14 1
    outer loop
      vertex -2.664101615548134 -43.13000000268221 8.300000000000002
      vertex -1.430171982313393 -41.923775879245504 8.3
      vertex -1.4531391138896605 -41.80831231165128 8.299999999999997
    endloop
  endfacet
  facet normal 1.2776693627773034e-14 -1.1597499810245208e-14 1
    outer loop
      vertex -2.664101615548134 -43.13000000268221 8.300000000000002
      vertex -1.3923303179133892 -42.035253827781816 8.299999999999999
      vertex -1.430171982313393 -41.923775879245504 8.3
    endloop
  endfacet
  facet normal 1.9610479787211063e-15 9.670818409342202e-16 1
    outer loop
      vertex -2.664101615548134 -43.13000000268221 8.300000000000002
      vertex -1.3402616020592264 -42.14083873865324 8.299999999999999
      vertex -1.3923303179133892 -42.035253827781816 8.299999999999999
    endloop
  endfacet
  facet normal 1.08341431611959e-14 -1.0908189536162224e-14 1
    outer loop
      vertex -2.664101615548134 -43.13000000268221 8.300000000000002
      vertex -1.2748567449153434 -42.23872402476108 8.299999999999997
      vertex -1.3402616020592264 -42.14083873865324 8.299999999999999
    endloop
  endfacet
  facet normal -5.784899609690317e-15 1.4996154905087623e-14 1
    outer loop
      vertex -2.664101615548134 -43.13000000268221 8.300000000000002
      vertex -1.1972348417211247 -42.32723484172112 8.299999999999999
      vertex -1.2748567449153434 -42.23872402476108 8.299999999999997
    endloop
  endfacet
  facet normal -1.3931995005118946e-14 2.9883078403917145e-14 1
    outer loop
      vertex -2.664101615548134 -43.13000000268221 8.300000000000002
      vertex -1.10872402476108 -42.40485674491534 8.300000000000002
      vertex -1.1972348417211247 -42.32723484172112 8.299999999999999
    endloop
  endfacet
  facet normal 2.2374716118533183e-14 -4.799207836277912e-14 1
    outer loop
      vertex -2.664101615548134 -43.13000000268221 8.300000000000002
      vertex -1.0108387386532316 -42.47026160205924 8.299999999999997
      vertex -1.10872402476108 -42.40485674491534 8.300000000000002
    endloop
  endfacet
  facet normal -2.0792855746172586e-14 6.018313772623579e-14 1
    outer loop
      vertex -2.664101615548134 -43.13000000268221 8.300000000000002
      vertex -0.9052538277818121 -42.522330317913394 8.300000000000002
      vertex -1.0108387386532316 -42.47026160205924 8.299999999999997
    endloop
  endfacet
  facet normal 1.6075089188542108e-14 -4.6527967028946246e-14 1
    outer loop
      vertex -2.664101615548134 -43.13000000268221 8.300000000000002
      vertex -0.7937758792454996 -42.56017198231339 8.299999999999999
      vertex -0.9052538277818121 -42.522330317913394 8.300000000000002
    endloop
  endfacet
  facet normal -2.7172849387148302e-14 9.542316501225323e-14 1
    outer loop
      vertex -2.664101615548134 -43.13000000268221 8.300000000000002
      vertex -0.6783123116512781 -42.58313911388966 8.300000000000004
      vertex -0.7937758792454996 -42.56017198231339 8.299999999999999
    endloop
  endfacet
  facet normal 2.4256577946870202e-14 -9.133000896390991e-14 1
    outer loop
      vertex -2.664101615548134 -43.13000000268221 8.300000000000002
      vertex -0.5608387386532314 -42.59083873865323 8.3
      vertex -0.6783123116512781 -42.58313911388966 8.300000000000004
    endloop
  endfacet
  facet normal 1.6348491274871074e-14 3.0578111989697426e-14 1
    outer loop
      vertex -1.6350457221269608 -44.30341336131096 8.3
      vertex -1.2000000029802322 -44.594101615250096 8.300000000000002
      vertex -0.23527618497610092 -44.99370330572128 8.299999999999999
    endloop
  endfacet
  facet normal -0.32143946659729467 -0.9469301290558068 1.7476216220077345e-15
    outer loop
      vertex -0.7307337298989296 -44.8255181312561 0.600000000000005
      vertex -0.23527618497610092 -44.99370330572128 8.299999999999999
      vertex -0.7307337298989296 -44.82551813125609 8.300000000000004
    endloop
  endfacet
  facet normal -0.1950903267663619 -0.9807852794583503 -9.050517605968451e-16
    outer loop
      vertex 0.2778952270746231 -45.09577944874763 0.600000000000005
      vertex 0.2778952270746231 -45.095779448747635 8.300000000000002
      vertex -0.23527618497610092 -44.99370330572128 8.299999999999999
    endloop
  endfacet
  facet normal -0.06540312801222277 -0.9978589233184304 -9.20807025035462e-16
    outer loop
      vertex 0.2778952270746231 -45.09577944874763 0.600000000000005
      vertex 0.7999999970197678 -45.13000000268221 8.299999999999997
      vertex 0.2778952270746231 -45.095779448747635 8.300000000000002
    endloop
  endfacet
  facet normal 4.28727907293566e-14 9.461343528736313e-14 1
    outer loop
      vertex -1.2000000029802322 -44.594101615250096 8.300000000000002
      vertex -0.7307337298989296 -44.82551813125609 8.300000000000004
      vertex -0.23527618497610092 -44.99370330572128 8.299999999999999
    endloop
  endfacet
  facet normal 1.878547235610619e-15 1.235968105888133e-15 1
    outer loop
      vertex -1.6350457221269608 -44.30341336131096 8.3
      vertex -0.23527618497610092 -44.99370330572128 8.299999999999999
      vertex 0.7999999970197678 -45.13000000268221 8.299999999999997
    endloop
  endfacet
  facet normal 1.8625325706149222e-14 1.2844037776726238e-13 1
    outer loop
      vertex -0.23527618497610092 -44.99370330572128 8.299999999999999
      vertex 0.2778952270746231 -45.095779448747635 8.300000000000002
      vertex 0.7999999970197678 -45.13000000268221 8.299999999999997
    endloop
  endfacet
  facet normal 2.1283458547215427e-15 2.5919972119447725e-14 1
    outer loop
      vertex -0.012953452545382937 -40.976820732391126 8.299999999999999
      vertex 2.887078106403351 -41.28348105400801 8.3
      vertex 2.3544612377882004 -41.10268199443818 8.299999999999997
    endloop
  endfacet
  facet normal 2.3469053643132423e-15 2.7986850129561292e-14 1
    outer loop
      vertex -0.012953452545382937 -40.976820732391126 8.299999999999999
      vertex 3.4387373700737953 -41.39321290701628 8.300000000000002
      vertex 2.887078106403351 -41.28348105400801 8.3
    endloop
  endfacet
  facet normal 0 7.215096830855696e-16 -1
    outer loop
      vertex 0.819641999900341 -44.53000000119209 0
      vertex 3.399999998509884 -37.144000002674076 5.329070518200751e-15
      vertex 29.37200000137091 -37.144000002674076 5.329070518200751e-15
    endloop
  endfacet
  facet normal 0 -0.7071067803084912 -0.7071067820646039
    outer loop
      vertex 0.819641999900341 -44.53000000119209 0
      vertex 32.32999999821186 -45.1300000026822 0.5999999999999979
      vertex 0.7999999970197678 -45.1300000026822 0.5999999999999979
    endloop
  endfacet
  facet normal 0 -1 -9.22782773714416e-16
    outer loop
      vertex 0.7999999970197678 -45.1300000026822 0.5999999999999979
      vertex 32.32999999821186 -45.13000000268221 8.299999999999997
      vertex 0.7999999970197678 -45.13000000268221 8.299999999999997
    endloop
  endfacet
  facet normal 2.784928886357979e-16 2.2082689627149524e-15 1
    outer loop
      vertex -2.664101615548134 -43.13000000268221 8.300000000000002
      vertex 32.32999999821186 -45.13000000268221 8.299999999999997
      vertex -0.5608387386532314 -42.59083873865323 8.3
    endloop
  endfacet
  facet normal 6.923543154943744e-17 -1.4531193956436067e-15 1
    outer loop
      vertex -2.664101615548134 -43.13000000268221 8.300000000000002
      vertex -1.6350457221269608 -44.30341336131096 8.3
      vertex 32.32999999821186 -45.13000000268221 8.299999999999997
    endloop
  endfacet
  facet normal 6.94983426227204e-15 5.3694241130148137e-14 1
    outer loop
      vertex 32.32999999821186 -45.13000000268221 8.299999999999997
      vertex -0.012953452545382937 -40.976820732391126 8.299999999999999
      vertex 0.07555736441466188 -41.05444263558534 8.300000000000002
    endloop
  endfacet
  facet normal -5.5180333824784255e-15 -4.497793680556282e-14 1
    outer loop
      vertex 32.32999999821186 -45.13000000268221 8.299999999999997
      vertex 0.07555736441466188 -41.05444263558534 8.300000000000002
      vertex 0.15317926760888056 -41.142953452545385 8.299999999999999
    endloop
  endfacet
  facet normal -2.391436771175661e-15 -1.9745239521066013e-14 1
    outer loop
      vertex 32.32999999821186 -45.13000000268221 8.299999999999997
      vertex 0.15317926760888056 -41.142953452545385 8.299999999999999
      vertex 0.21858412475276356 -41.24083873865324 8.299999999999997
    endloop
  endfacet
  facet normal 6.501180013544829e-15 5.36779220275612e-14 1
    outer loop
      vertex 32.32999999821186 -45.13000000268221 8.299999999999997
      vertex 0.21858412475276356 -41.24083873865324 8.299999999999997
      vertex 0.2706528406069264 -41.34642364952465 8.300000000000002
    endloop
  endfacet
  facet normal 1.731623461268918e-16 5.878069586755097e-17 1
    outer loop
      vertex 32.32999999821186 -45.13000000268221 8.299999999999997
      vertex 0.2706528406069264 -41.34642364952465 8.300000000000002
      vertex 0.3084945050069301 -41.457901598060964 8.300000000000002
    endloop
  endfacet
  facet normal -5.2459630124643226e-15 -4.7197183964587434e-14 1
    outer loop
      vertex 32.32999999821186 -45.13000000268221 8.299999999999997
      vertex 0.3084945050069301 -41.457901598060964 8.300000000000002
      vertex 0.3314616365831977 -41.57336516565519 8.299999999999997
    endloop
  endfacet
  facet normal 1.6930689811434599e-15 1.523230110046605e-14 1
    outer loop
      vertex 32.32999999821186 -45.13000000268221 8.299999999999997
      vertex 0.3314616365831977 -41.57336516565519 8.299999999999997
      vertex 0.33916126134676894 -41.69083873865324 8.299999999999999
    endloop
  endfacet
  facet normal 4.41568177654264e-17 -1.300817904399781e-16 1
    outer loop
      vertex 32.32999999821186 -45.13000000268221 8.299999999999997
      vertex -0.21642364952465076 -42.52233031791339 8.299999999999999
      vertex -0.3279015980609632 -42.56017198231339 8.299999999999999
    endloop
  endfacet
  facet normal 2.398319762526588e-15 2.925231467776617e-14 1
    outer loop
      vertex 32.32999999821186 -45.13000000268221 8.299999999999997
      vertex -0.11083873865323124 -42.47026160205924 8.299999999999997
      vertex -0.21642364952465076 -42.52233031791339 8.299999999999999
    endloop
  endfacet
  facet normal -1.6306519217979535e-14 -2.1262446591529126e-13 1
    outer loop
      vertex 32.32999999821186 -45.13000000268221 8.299999999999997
      vertex -0.4433651656551847 -42.58313911388966 8.300000000000004
      vertex -0.5608387386532314 -42.59083873865323 8.3
    endloop
  endfacet
  facet normal 1.3121758856400869e-14 1.66062767344919e-13 1
    outer loop
      vertex 32.32999999821186 -45.13000000268221 8.299999999999997
      vertex -0.3279015980609632 -42.56017198231339 8.299999999999999
      vertex -0.4433651656551847 -42.58313911388966 8.300000000000004
    endloop
  endfacet
  facet normal -1.5590993861156277e-15 -1.5019142724019582e-14 1
    outer loop
      vertex 32.32999999821186 -45.13000000268221 8.299999999999997
      vertex 0.33916126134676894 -41.69083873865324 8.299999999999999
      vertex 0.3314616365831977 -41.80831231165128 8.299999999999997
    endloop
  endfacet
  facet normal 3.129447364445398e-15 3.014664557787631e-14 1
    outer loop
      vertex 32.32999999821186 -45.13000000268221 8.299999999999997
      vertex 0.3314616365831977 -41.80831231165128 8.299999999999997
      vertex 0.3084945050069301 -41.923775879245504 8.3
    endloop
  endfacet
  facet normal -1.4357408136757757e-15 -1.544723454255914e-14 1
    outer loop
      vertex 32.32999999821186 -45.13000000268221 8.299999999999997
      vertex 0.3084945050069301 -41.923775879245504 8.3
      vertex 0.2706528406069264 -42.035253827781816 8.299999999999999
    endloop
  endfacet
  facet normal 3.668717517102691e-15 4.1586103423530323e-14 1
    outer loop
      vertex 32.32999999821186 -45.13000000268221 8.299999999999997
      vertex 0.07555736441466188 -42.32723484172112 8.299999999999999
      vertex -0.012953452545382937 -42.40485674491534 8.300000000000002
    endloop
  endfacet
  facet normal -5.950089967757012e-15 -7.25732685096523e-14 1
    outer loop
      vertex 32.32999999821186 -45.13000000268221 8.299999999999997
      vertex -0.012953452545382937 -42.40485674491534 8.300000000000002
      vertex -0.11083873865323124 -42.47026160205924 8.299999999999997
    endloop
  endfacet
  facet normal 5.289057673743443e-17 -2.6082745998222296e-17 1
    outer loop
      vertex 32.32999999821186 -45.13000000268221 8.299999999999997
      vertex 0.2706528406069264 -42.035253827781816 8.299999999999999
      vertex 0.21858412475276356 -42.14083873865324 8.299999999999999
    endloop
  endfacet
  facet normal -1.5382858905401774e-15 -1.7119482785561172e-14 1
    outer loop
      vertex 32.32999999821186 -45.13000000268221 8.299999999999997
      vertex 0.21858412475276356 -42.14083873865324 8.299999999999999
      vertex 0.15317926760888056 -42.23872402476108 8.299999999999997
    endloop
  endfacet
  facet normal 1.6716245780472114e-15 1.8603400293654814e-14 1
    outer loop
      vertex 32.32999999821186 -45.13000000268221 8.299999999999997
      vertex 0.15317926760888056 -42.23872402476108 8.299999999999997
      vertex 0.07555736441466188 -42.32723484172112 8.299999999999999
    endloop
  endfacet
  facet normal 0 -4.298053586865128e-15 1
    outer loop
      vertex -1.6350457221269608 -44.30341336131096 8.3
      vertex 0.7999999970197678 -45.13000000268221 8.299999999999997
      vertex 32.32999999821186 -45.13000000268221 8.299999999999997
    endloop
  endfacet
  facet normal -1.7848218813990644e-14 -1.394210144650573e-13 1
    outer loop
      vertex 32.32999999821186 -45.13000000268221 8.299999999999997
      vertex 3.4387373700737953 -41.39321290701628 8.300000000000002
      vertex -0.012953452545382937 -40.976820732391126 8.299999999999999
    endloop
  endfacet
  facet normal -1.3022582535432192e-14 -1.0211122894545781e-13 1
    outer loop
      vertex 32.32999999821186 -45.13000000268221 8.299999999999997
      vertex 4 -41.42999999970198 8.300000000000006
      vertex 3.4387373700737953 -41.39321290701628 8.300000000000002
    endloop
  endfacet
  facet normal -2.5648152421904873e-17 1.0793328262561784e-16 -1
    outer loop
      vertex 35.729999996721745 10.507046720713674 8.881784197001252e-16
      vertex 29.37200000137091 -1.2899999976835492 -2.220446049250313e-16
      vertex 3.399999998509884 -1.2899999976835457 4.440892098500626e-16
    endloop
  endfacet
  facet normal -1.905642911531485e-15 1.121153536389457e-15 -1
    outer loop
      vertex 35.729999996721745 10.507046720713674 8.881784197001252e-16
      vertex 29.596386392685506 -1.3047070589932543 -6.661338147750939e-16
      vertex 29.37200000137091 -1.2899999976835492 -2.220446049250313e-16
    endloop
  endfacet
  facet normal -3.684866709266396e-15 2.0450697891275545e-15 -1
    outer loop
      vertex 35.729999996721745 10.507046720713674 8.881784197001252e-16
      vertex 29.712673364173288 -1.3123289113017647 -1.1102230246251565e-15
      vertex 29.596386392685506 -1.3047070589932543 -6.661338147750939e-16
    endloop
  endfacet
  facet normal 7.086748907741842e-15 -3.4388349065002705e-15 -1
    outer loop
      vertex 35.729999996721745 10.507046720713674 8.881784197001252e-16
      vertex 29.826970631561498 -1.3350640489296486 -2.220446049250313e-16
      vertex 29.712673364173288 -1.3123289113017647 -1.1102230246251565e-15
    endloop
  endfacet
  facet normal 4.596809463333242e-15 -2.1976553614234888e-15 -1
    outer loop
      vertex 35.729999996721745 10.507046720713674 8.881784197001252e-16
      vertex 30.04751770774072 -1.3789335925470712 8.881784197001252e-16
      vertex 29.826970631561498 -1.3350640489296486 -2.220446049250313e-16
    endloop
  endfacet
  facet normal 8.971838701466786e-16 -4.2892814203806523e-16 -1
    outer loop
      vertex 35.729999996721745 10.507046720713674 8.881784197001252e-16
      vertex 30.260451851581987 -1.4512149903584617 1.1102230246251565e-15
      vertex 30.04751770774072 -1.3789335925470712 8.881784197001252e-16
    endloop
  endfacet
  facet normal 3.477996938217824e-15 -1.6093573440809598e-15 -1
    outer loop
      vertex 35.729999996721745 10.507046720713674 8.881784197001252e-16
      vertex 30.370803762633695 -1.48867441558025 1.5543122344752192e-15
      vertex 30.260451851581987 -1.4512149903584617 1.1102230246251565e-15
    endloop
  endfacet
  facet normal -9.597411631676057e-15 4.232198955100162e-15 -1
    outer loop
      vertex 35.729999996721745 10.507046720713674 8.881784197001252e-16
      vertex 30.47532215816054 -1.5402171867137613 3.3306690738754696e-16
      vertex 30.370803762633695 -1.48867441558025 1.5543122344752192e-15
    endloop
  endfacet
  facet normal 4.717456766667639e-16 -1.5968439432287026e-16 -1
    outer loop
      vertex 35.729999996721745 10.507046720713674 8.881784197001252e-16
      vertex 30.676999999718237 -1.6396736971356634 4.440892098500626e-16
      vertex 30.47532215816054 -1.5402171867137613 3.3306690738754696e-16
    endloop
  endfacet
  facet normal 1.8122569839312202e-15 -7.173331586458562e-16 -1
    outer loop
      vertex 35.729999996721745 10.507046720713674 8.881784197001252e-16
      vertex 30.77389654625546 -1.7044178974899369 6.661338147750939e-16
      vertex 30.676999999718237 -1.6396736971356634 4.440892098500626e-16
    endloop
  endfacet
  facet normal 3.2793929510867684e-15 -1.312779966744822e-15 -1
    outer loop
      vertex 35.729999996721745 10.507046720713674 8.881784197001252e-16
      vertex 30.960867330635136 -1.8293477783826264 1.4432899320127035e-15
      vertex 30.77389654625546 -1.7044178974899369 6.661338147750939e-16
    endloop
  endfacet
  facet normal -6.404913328593373e-15 2.43108064262476e-15 -1
    outer loop
      vertex 35.729999996721745 10.507046720713674 8.881784197001252e-16
      vertex 31.129931930858984 -1.9776134567504597 0
      vertex 30.960867330635136 -1.8293477783826264 1.4432899320127035e-15
    endloop
  endfacet
  facet normal -1.8682092464749484e-15 7.594974937223358e-16 -1
    outer loop
      vertex 35.729999996721745 10.507046720713674 8.881784197001252e-16
      vertex 31.217548697645018 -2.054451302235777 -2.220446049250313e-16
      vertex 31.129931930858984 -1.9776134567504597 0
    endloop
  endfacet
  facet normal -1.9785449691411698e-15 7.9913325803724e-16 -1
    outer loop
      vertex 35.729999996721745 10.507046720713674 8.881784197001252e-16
      vertex 31.294386543130333 -2.1420680690218123 -4.440892098500626e-16
      vertex 31.217548697645018 -2.054451302235777 -2.220446049250313e-16
    endloop
  endfacet
  facet normal 7.574619878819259e-15 -2.5508360661699866e-15 -1
    outer loop
      vertex 35.729999996721745 10.507046720713674 8.881784197001252e-16
      vertex 31.442652221498168 -2.311132669245657 1.1102230246251565e-15
      vertex 31.294386543130333 -2.1420680690218123 -4.440892098500626e-16
    endloop
  endfacet
  facet normal -2.386172703066028e-15 7.807901044592952e-16 -1
    outer loop
      vertex 35.729999996721745 10.507046720713674 8.881784197001252e-16
      vertex 31.567582102390855 -2.4981034536253333 6.661338147750939e-16
      vertex 31.442652221498168 -2.311132669245657 1.1102230246251565e-15
    endloop
  endfacet
  facet normal 3.4955342164756892e-15 -1.1017042768371957e-15 -1
    outer loop
      vertex 35.729999996721745 10.507046720713674 8.881784197001252e-16
      vertex 31.63232630274513 -2.595000000162558 9.992007221626409e-16
      vertex 31.567582102390855 -2.4981034536253333 6.661338147750939e-16
    endloop
  endfacet
  facet normal 1.3556498759462872e-15 -4.32454047682662e-16 -1
    outer loop
      vertex 35.729999996721745 10.507046720713674 8.881784197001252e-16
      vertex 31.731782813167033 -2.796677841720256 1.2212453270876722e-15
      vertex 31.63232630274513 -2.595000000162558 9.992007221626409e-16
    endloop
  endfacet
  facet normal -1.743020739874541e-14 5.213328605963707e-15 -1
    outer loop
      vertex 35.729999996721745 10.507046720713674 8.881784197001252e-16
      vertex 31.783325584300545 -2.9011962372471 -2.220446049250313e-16
      vertex 31.731782813167033 -2.796677841720256 1.2212453270876722e-15
    endloop
  endfacet
  facet normal 1.917904755118685e-14 -5.562491180544407e-15 -1
    outer loop
      vertex 35.729999996721745 10.507046720713674 8.881784197001252e-16
      vertex 31.820785009522336 -3.0115481482988056 1.1102230246251565e-15
      vertex 31.783325584300545 -2.9011962372471 -2.220446049250313e-16
    endloop
  endfacet
  facet normal 6.609187210902962e-15 -1.927624768364489e-15 -1
    outer loop
      vertex 35.729999996721745 10.507046720713674 8.881784197001252e-16
      vertex 31.893066407333723 -3.2244822921400718 1.9984014443252818e-15
      vertex 31.820785009522336 -3.0115481482988056 1.1102230246251565e-15
    endloop
  endfacet
  facet normal -1.1745259237287562e-14 3.2010678940304246e-15 -1
    outer loop
      vertex 35.729999996721745 10.507046720713674 8.881784197001252e-16
      vertex 31.936935950951142 -3.445029368319296 7.771561172376096e-16
      vertex 31.893066407333723 -3.2244822921400718 1.9984014443252818e-15
    endloop
  endfacet
  facet normal 2.4776364750194147e-14 -6.727838596736254e-15 -1
    outer loop
      vertex 35.729999996721745 10.507046720713674 8.881784197001252e-16
      vertex 31.959671088579025 -3.5593266357075066 2.1094237467877974e-15
      vertex 31.936935950951142 -3.445029368319296 7.771561172376096e-16
    endloop
  endfacet
  facet normal 1 0 0
    outer loop
      vertex 36.32999999821186 10.227262125820676 0.6000000000000005
      vertex 36.32999999821186 6.636693158027185 8.300000000000002
      vertex 36.32999999821186 -13.799999999999997 2.0999999999999996
    endloop
  endfacet
  facet normal 0.707106780308488 -1.2167155393687791e-17 -0.707106782064607
    outer loop
      vertex 35.729999996721745 10.507046720713674 8.881784197001252e-16
      vertex 36.32999999821186 10.227262125820676 0.6000000000000005
      vertex 35.729999996721745 -41.110357999801636 1.7763568394002505e-15
    endloop
  endfacet
  facet normal 0 -2.8077177050169463e-16 1
    outer loop
      vertex 36.32999999821186 6.636693158027185 8.300000000000002
      vertex 33.43000000000001 6.636693158027185 8.300000000000002
      vertex 33.43000000000001 0.3099999999999996 8.3
    endloop
  endfacet
  facet normal 0 -2.8077177050170237e-16 1
    outer loop
      vertex 36.32999999821186 6.636693158027185 8.300000000000002
      vertex 33.43000000000001 0.3099999999999996 8.3
      vertex 33.44 0.3099999999999996 8.3
    endloop
  endfacet
  facet normal -4.2437399131690576e-16 -8.691997407136918e-17 1
    outer loop
      vertex 36.32999999821186 6.636693158027185 8.300000000000002
      vertex 33.44 0.3099999999999996 8.3
      vertex 36.32999999821186 -13.799999999999999 8.3
    endloop
  endfacet
  facet normal 1.7345602089581793e-15 3.552713678800501e-16 1
    outer loop
      vertex 36.32999999821186 -13.799999999999999 8.3
      vertex 33.44 0.3099999999999996 8.3
      vertex 33.44 -4.69 8.300000000000002
    endloop
  endfacet
  facet normal 1 0 0
    outer loop
      vertex 36.32999999821186 10.227262125820676 0.6000000000000005
      vertex 36.32999999821186 -13.799999999999997 2.0999999999999996
      vertex 36.32999999821186 -26.799999999999997 2.1000000000000014
    endloop
  endfacet
  facet normal 8.190326523818882e-14 8.232405456692817e-15 -1
    outer loop
      vertex 35.729999996721745 -41.110357999801636 1.7763568394002505e-15
      vertex 31.967292940887543 -3.675613607195292 1.7763568394002505e-15
      vertex 31.959671088579025 -3.5593266357075066 2.1094237467877974e-15
    endloop
  endfacet
  facet normal -2.1222943426129704e-13 -2.1331979226987985e-14 -1
    outer loop
      vertex 35.729999996721745 -41.110357999801636 1.7763568394002505e-15
      vertex 31.982000002197243 -3.899999998509884 3.4416913763379853e-15
      vertex 31.967292940887543 -3.675613607195292 1.7763568394002505e-15
    endloop
  endfacet
  facet normal -2.5971364339405045e-16 -1.7206956151887258e-17 -1
    outer loop
      vertex 35.729999996721745 10.507046720713674 8.881784197001252e-16
      vertex 35.729999996721745 -41.110357999801636 1.7763568394002505e-15
      vertex 31.959671088579025 -3.5593266357075066 2.1094237467877974e-15
    endloop
  endfacet
  facet normal 1 0 0
    outer loop
      vertex 36.32999999821186 6.636693158027185 8.300000000000002
      vertex 36.32999999821186 -13.799999999999999 8.3
      vertex 36.32999999821186 -13.799999999999997 2.0999999999999996
    endloop
  endfacet
  facet normal 0 -1.949897738090295e-16 1
    outer loop
      vertex 36.32999999821186 -13.799999999999999 8.3
      vertex 33.44 -4.69 8.300000000000002
      vertex 33.42999999970198 -4.69 8.300000000000002
    endloop
  endfacet
  facet normal 1 0 0
    outer loop
      vertex 36.32999999821186 10.227262125820676 0.6000000000000005
      vertex 36.32999999821186 -26.799999999999997 2.1000000000000014
      vertex 36.32999999821186 -41.130000002682195 0.600000000000005
    endloop
  endfacet
  facet normal 0.7071067803084901 -6.114393157115225e-17 -0.707106782064605
    outer loop
      vertex 36.32999999821186 10.227262125820676 0.6000000000000005
      vertex 36.32999999821186 -41.130000002682195 0.600000000000005
      vertex 35.729999996721745 -41.110357999801636 1.7763568394002505e-15
    endloop
  endfacet
  facet normal 0 -1.949897738090286e-16 1
    outer loop
      vertex 36.32999999821186 -13.799999999999999 8.3
      vertex 33.42999999970198 -4.69 8.300000000000002
      vertex 34.47999999999999 -13.799999999999999 8.3
    endloop
  endfacet
  facet normal 4.062846923834115e-15 2.7328566760003855e-16 1
    outer loop
      vertex 33.42999999970198 -4.69 8.300000000000002
      vertex 34.47999999999999 -26.8 8.300000000000004
      vertex 34.47999999999999 -13.799999999999999 8.3
    endloop
  endfacet
  facet normal -3.1854264128219465e-17 8.446499963058264e-16 -1
    outer loop
      vertex 0.819641999900341 -44.53000000119209 0
      vertex 29.37200000137091 -37.144000002674076 5.329070518200751e-15
      vertex 35.729999996721745 -41.110357999801636 1.7763568394002505e-15
    endloop
  endfacet
  facet normal 0 -1.1700465852376758e-13 -1
    outer loop
      vertex 0.819641999900341 -44.53000000119209 0
      vertex 32.773621045053005 -44.4996361359954 -3.552713678800501e-15
      vertex 32.31035799533129 -44.53000000119209 0
    endloop
  endfacet
  facet normal -1.127697594927963e-16 1.6706981351223855e-15 -1
    outer loop
      vertex 0.819641999900341 -44.53000000119209 0
      vertex 35.729999996721745 -41.110357999801636 1.7763568394002505e-15
      vertex 32.773621045053005 -44.4996361359954 -3.552713678800501e-15
    endloop
  endfacet
  facet normal 0 -0.7071067803084912 -0.7071067820646039
    outer loop
      vertex 0.819641999900341 -44.53000000119209 0
      vertex 32.31035799533129 -44.53000000119209 0
      vertex 32.32999999821186 -45.1300000026822 0.5999999999999979
    endloop
  endfacet
  facet normal 0 -1 -9.22782773714416e-16
    outer loop
      vertex 0.7999999970197678 -45.1300000026822 0.5999999999999979
      vertex 32.32999999821186 -45.1300000026822 0.5999999999999979
      vertex 32.32999999821186 -45.13000000268221 8.299999999999997
    endloop
  endfacet
  facet normal 2.8274681085724685e-16 -2.355586608700055e-16 1
    outer loop
      vertex 32.32999999821186 -45.13000000268221 8.299999999999997
      vertex 29.130000002682213 -41.429999999701984 8.299999999999999
      vertex 4 -41.42999999970198 8.300000000000006
    endloop
  endfacet
  facet normal 9.538578235232173e-17 5.436229472991712e-17 -1
    outer loop
      vertex 35.729999996721745 -41.110357999801636 1.7763568394002505e-15
      vertex 31.982000002197243 -34.534000001847744 1.7763568394002505e-15
      vertex 31.982000002197243 -3.899999998509884 3.4416913763379853e-15
    endloop
  endfacet
  facet normal -3.997871976492246e-15 -1.0951645124866691e-16 1
    outer loop
      vertex 33.42999999970198 -4.69 8.300000000000002
      vertex 33.42999999970198 -37.13000000268221 8.299999999999999
      vertex 34.47999999999999 -26.8 8.300000000000004
    endloop
  endfacet
  facet normal 1 0 0
    outer loop
      vertex 36.32999999821186 -41.130000002682195 0.600000000000005
      vertex 36.32999999821186 -26.799999999999997 2.1000000000000014
      vertex 36.32999999821186 -26.8 8.3
    endloop
  endfacet
  facet normal -1.2457844344465342e-14 -7.099978521450706e-15 -1
    outer loop
      vertex 35.729999996721745 -41.110357999801636 1.7763568394002505e-15
      vertex 31.967292940887535 -34.75838639316233 3.552713678800501e-15
      vertex 31.982000002197243 -34.534000001847744 1.7763568394002505e-15
    endloop
  endfacet
  facet normal 4.601164639129566e-14 2.7535498298459104e-14 -1
    outer loop
      vertex 35.729999996721745 -41.110357999801636 1.7763568394002505e-15
      vertex 31.959671088579032 -34.87467336465012 0
      vertex 31.967292940887535 -34.75838639316233 3.552713678800501e-15
    endloop
  endfacet
  facet normal 3.545138731602258e-16 -7.051718629383949e-17 -1
    outer loop
      vertex 35.729999996721745 -41.110357999801636 1.7763568394002505e-15
      vertex 31.93693595095115 -34.98897063203834 0
      vertex 31.959671088579032 -34.87467336465012 0
    endloop
  endfacet
  facet normal -9.485184293074803e-15 -6.167599937849605e-15 -1
    outer loop
      vertex 35.729999996721745 -41.110357999801636 1.7763568394002505e-15
      vertex 31.893066407333723 -35.20951770821756 1.7763568394002505e-15
      vertex 31.93693595095115 -34.98897063203834 0
    endloop
  endfacet
  facet normal -2.804325286875869e-14 -2.016187393352916e-14 -1
    outer loop
      vertex 35.729999996721745 -41.110357999801636 1.7763568394002505e-15
      vertex 31.731782813167033 -35.63732215863737 3.552713678800501e-15
      vertex 31.783325584300545 -35.53280376311053 0
    endloop
  endfacet
  facet normal -8.42919316093416e-15 -5.480957418345214e-15 -1
    outer loop
      vertex 35.729999996721745 -41.110357999801636 1.7763568394002505e-15
      vertex 31.820785009522336 -35.42245185205882 3.552713678800501e-15
      vertex 31.893066407333723 -35.20951770821756 1.7763568394002505e-15
    endloop
  endfacet
  facet normal 3.1051782319157874e-14 2.1653741545925882e-14 -1
    outer loop
      vertex 35.729999996721745 -41.110357999801636 1.7763568394002505e-15
      vertex 31.783325584300545 -35.53280376311053 0
      vertex 31.820785009522336 -35.42245185205882 3.552713678800501e-15
    endloop
  endfacet
  facet normal -2.3312129365715757e-16 1.5576666334117303e-16 -1
    outer loop
      vertex 35.729999996721745 -41.110357999801636 1.7763568394002505e-15
      vertex 31.567582102390855 -35.935896546732295 3.552713678800501e-15
      vertex 31.63232630274513 -35.839000000195064 3.552713678800501e-15
    endloop
  endfacet
  facet normal -2.652379436108195e-16 1.3080088570596184e-16 -1
    outer loop
      vertex 35.729999996721745 -41.110357999801636 1.7763568394002505e-15
      vertex 31.63232630274513 -35.839000000195064 3.552713678800501e-15
      vertex 31.731782813167033 -35.63732215863737 3.552713678800501e-15
    endloop
  endfacet
  facet normal 2.2352727188438718e-14 2.0945514748352596e-14 -1
    outer loop
      vertex 35.729999996721745 -41.110357999801636 1.7763568394002505e-15
      vertex 31.217548697645018 -36.379548698121845 0
      vertex 31.294386543130333 -36.29193193133581 3.552713678800501e-15
    endloop
  endfacet
  facet normal -6.0503230114030904e-15 -5.20097993669792e-15 -1
    outer loop
      vertex 35.729999996721745 -41.110357999801636 1.7763568394002505e-15
      vertex 31.294386543130333 -36.29193193133581 3.552713678800501e-15
      vertex 31.442652221498168 -36.12286733111197 1.7763568394002505e-15
    endloop
  endfacet
  facet normal 6.21856658819241e-15 5.345605515482783e-15 -1
    outer loop
      vertex 35.729999996721745 -41.110357999801636 1.7763568394002505e-15
      vertex 31.442652221498168 -36.12286733111197 1.7763568394002505e-15
      vertex 31.567582102390855 -35.935896546732295 3.552713678800501e-15
    endloop
  endfacet
  facet normal -1.4380806428396655e-14 -2.2156460306843154e-14 -1
    outer loop
      vertex 35.729999996721745 -41.110357999801636 1.7763568394002505e-15
      vertex 29.37200000137091 -37.144000002674076 5.329070518200751e-15
      vertex 29.596386392685506 -37.12929294136437 1.7763568394002505e-15
    endloop
  endfacet
  facet normal -1.3874543135773614e-14 -2.1376462147236138e-14 -1
    outer loop
      vertex 35.729999996721745 -41.110357999801636 1.7763568394002505e-15
      vertex 29.596386392685506 -37.12929294136437 1.7763568394002505e-15
      vertex 29.712673364173288 -37.121671089055866 0
    endloop
  endfacet
  facet normal 1.2022452863348575e-14 1.769170419810956e-14 -1
    outer loop
      vertex 35.729999996721745 -41.110357999801636 1.7763568394002505e-15
      vertex 29.712673364173288 -37.121671089055866 0
      vertex 29.826970631561498 -37.098935951427976 1.7763568394002505e-15
    endloop
  endfacet
  facet normal 0 0 -1
    outer loop
      vertex 35.729999996721745 -41.110357999801636 1.7763568394002505e-15
      vertex 29.826970631561498 -37.098935951427976 1.7763568394002505e-15
      vertex 30.04751770774072 -37.05506640781056 1.7763568394002505e-15
    endloop
  endfacet
  facet normal 1.1102902413869367e-14 1.4712728146414457e-14 -1
    outer loop
      vertex 35.729999996721745 -41.110357999801636 1.7763568394002505e-15
      vertex 30.260451851581987 -36.98278500999916 1.7763568394002505e-15
      vertex 30.370803762633695 -36.94532558477737 3.552713678800501e-15
    endloop
  endfacet
  facet normal -1.0526510707593729e-14 -1.3118092312015128e-14 -1
    outer loop
      vertex 35.729999996721745 -41.110357999801636 1.7763568394002505e-15
      vertex 30.370803762633695 -36.94532558477737 3.552713678800501e-15
      vertex 30.47532215816054 -36.89378281364387 1.7763568394002505e-15
    endloop
  endfacet
  facet normal 0 0 -1
    outer loop
      vertex 35.729999996721745 -41.110357999801636 1.7763568394002505e-15
      vertex 30.47532215816054 -36.89378281364387 1.7763568394002505e-15
      vertex 30.676999999718237 -36.79432630322196 1.7763568394002505e-15
    endloop
  endfacet
  facet normal 0 0 -1
    outer loop
      vertex 35.729999996721745 -41.110357999801636 1.7763568394002505e-15
      vertex 30.04751770774072 -37.05506640781056 1.7763568394002505e-15
      vertex 30.260451851581987 -36.98278500999916 1.7763568394002505e-15
    endloop
  endfacet
  facet normal -1.0286039002484867e-14 -1.2042394195094271e-14 -1
    outer loop
      vertex 35.729999996721745 -41.110357999801636 1.7763568394002505e-15
      vertex 30.676999999718237 -36.79432630322196 1.7763568394002505e-15
      vertex 30.77389654625546 -36.72958210286769 0
    endloop
  endfacet
  facet normal -5.26966487693639e-15 -5.972002849308586e-15 -1
    outer loop
      vertex 35.729999996721745 -41.110357999801636 1.7763568394002505e-15
      vertex 30.960867330635143 -36.604652221975 0
      vertex 31.129931930858984 -36.45638654360717 -1.7763568394002505e-15
    endloop
  endfacet
  facet normal 1.5429946297358344e-16 -2.309254712754905e-16 -1
    outer loop
      vertex 35.729999996721745 -41.110357999801636 1.7763568394002505e-15
      vertex 30.77389654625546 -36.72958210286769 0
      vertex 30.960867330635143 -36.604652221975 0
    endloop
  endfacet
  facet normal 1.1218882821312266e-14 1.0325570617373025e-14 -1
    outer loop
      vertex 35.729999996721745 -41.110357999801636 1.7763568394002505e-15
      vertex 31.129931930858984 -36.45638654360717 -1.7763568394002505e-15
      vertex 31.217548697645018 -36.379548698121845 0
    endloop
  endfacet
  facet normal 0 0 -1
    outer loop
      vertex 32.773621045053005 -44.4996361359954 -3.552713678800501e-15
      vertex 33.6306309774518 -44.270001009106636 -3.552713678800501e-15
      vertex 33.20965155214071 -44.41290426999331 -3.552713678800501e-15
    endloop
  endfacet
  facet normal 0 0 -1
    outer loop
      vertex 32.773621045053005 -44.4996361359954 -3.552713678800501e-15
      vertex 34.02935628592968 -44.07337144762279 -3.552713678800501e-15
      vertex 33.6306309774518 -44.270001009106636 -3.552713678800501e-15
    endloop
  endfacet
  facet normal 0.7055928080984966 -0.04624699708240688 -0.7071067843123399
    outer loop
      vertex 35.729999996721745 -41.110357999801636 1.7763568394002505e-15
      vertex 36.29577944427729 -41.65210477262735 0.6000000000000032
      vertex 35.69963613152504 -41.573621049523354 1.7763568394002505e-15
    endloop
  endfacet
  facet normal 0.7055928090487977 -0.04624699517768698 -0.7071067834886482
    outer loop
      vertex 35.729999996721745 -41.110357999801636 1.7763568394002505e-15
      vertex 36.32999999821186 -41.130000002682195 0.600000000000005
      vertex 36.29577944427729 -41.65210477262735 0.6000000000000032
    endloop
  endfacet
  facet normal -1.8287675454678647e-15 3.1675182636893784e-15 -1
    outer loop
      vertex 32.773621045053005 -44.4996361359954 -3.552713678800501e-15
      vertex 35.729999996721745 -41.110357999801636 1.7763568394002505e-15
      vertex 35.026379980146885 -43.19900514185429 -3.552713678800501e-15
    endloop
  endfacet
  facet normal 0 0 -1
    outer loop
      vertex 32.773621045053005 -44.4996361359954 -3.552713678800501e-15
      vertex 35.026379980146885 -43.19900514185429 -3.552713678800501e-15
      vertex 34.02935628592968 -44.07337144762279 -3.552713678800501e-15
    endloop
  endfacet
  facet normal 6.055138563766818e-14 -6.904562250367416e-14 -1
    outer loop
      vertex 34.39900513738394 -43.826379984617226 1.7763568394002505e-15
      vertex 35.026379980146885 -43.19900514185429 -3.552713678800501e-15
      vertex 34.733252719044685 -43.533252723515034 1.7763568394002505e-15
    endloop
  endfacet
  facet normal 6.055138302539371e-14 -6.90456198913997e-14 -1
    outer loop
      vertex 34.39900513738394 -43.826379984617226 1.7763568394002505e-15
      vertex 34.02935628592968 -44.07337144762279 -3.552713678800501e-15
      vertex 35.026379980146885 -43.19900514185429 -3.552713678800501e-15
    endloop
  endfacet
  facet normal 0.46622789365315476 -0.531631023912247 -0.707106785141932
    outer loop
      vertex 34.39900513738394 -43.826379984617226 1.7763568394002505e-15
      vertex 34.733252719044685 -43.533252723515034 1.7763568394002505e-15
      vertex 34.76504571735859 -44.303413361310945 0.6000000000000014
    endloop
  endfacet
  facet normal 0.5316310239122356 -0.46622789365317724 -0.7071067851419257
    outer loop
      vertex 35.026379980146885 -43.19900514185429 -3.552713678800501e-15
      vertex 35.50341335684061 -43.56504572182893 0.6000000000000014
      vertex 34.733252719044685 -43.533252723515034 1.7763568394002505e-15
    endloop
  endfacet
  facet normal -6.109261449938362e-14 4.00422160214989e-15 -1
    outer loop
      vertex 35.729999996721745 -41.110357999801636 1.7763568394002505e-15
      vertex 35.69963613152504 -41.573621049523354 1.7763568394002505e-15
      vertex 35.61290426552296 -42.009651556611054 5.329070518200751e-15
    endloop
  endfacet
  facet normal 3.146084806138509e-14 -8.047032731288619e-15 -1
    outer loop
      vertex 35.729999996721745 -41.110357999801636 1.7763568394002505e-15
      vertex 35.61290426552296 -42.009651556611054 5.329070518200751e-15
      vertex 35.026379980146885 -43.19900514185429 -3.552713678800501e-15
    endloop
  endfacet
  facet normal -1.5209775123299476e-14 1.4968371813739762e-14 -1
    outer loop
      vertex 35.026379980146885 -43.19900514185429 -3.552713678800501e-15
      vertex 35.61290426552296 -42.009651556611054 5.329070518200751e-15
      vertex 35.27337144315243 -42.82935629040003 -1.7763568394002505e-15
    endloop
  endfacet
  facet normal 3.0646932224475292e-15 7.39883907959095e-15 -1
    outer loop
      vertex 35.61290426552296 -42.009651556611054 5.329070518200751e-15
      vertex 35.47000100463629 -42.43063098192215 1.7763568394002505e-15
      vertex 35.27337144315243 -42.82935629040003 -1.7763568394002505e-15
    endloop
  endfacet
  facet normal 0.6695807122139618 -0.22729202770772328 -0.7071067839948613
    outer loop
      vertex 35.61290426552296 -42.009651556611054 5.329070518200751e-15
      vertex 36.025518126785755 -42.660733729600906 0.5999999999999979
      vertex 35.47000100463629 -42.43063098192215 1.7763568394002505e-15
    endloop
  endfacet
  facet normal 0.63418479396949 -0.31274532939478256 -0.707106785457207
    outer loop
      vertex 35.27337144315243 -42.82935629040003 -1.7763568394002505e-15
      vertex 35.47000100463629 -42.43063098192215 1.7763568394002505e-15
      vertex 36.025518126785755 -42.660733729600906 0.5999999999999979
    endloop
  endfacet
  facet normal 0.5879377994922917 -0.39284747316691226 -0.7071067859627244
    outer loop
      vertex 35.026379980146885 -43.19900514185429 -3.552713678800501e-15
      vertex 35.27337144315243 -42.82935629040003 -1.7763568394002505e-15
      vertex 35.79410161077976 -43.1300000026822 0.600000000000005
    endloop
  endfacet
  facet normal 0.6341847939115923 -0.3127453301669083 -0.7071067851676313
    outer loop
      vertex 35.27337144315243 -42.82935629040003 -1.7763568394002505e-15
      vertex 36.025518126785755 -42.660733729600906 0.5999999999999979
      vertex 35.79410161077976 -43.1300000026822 0.600000000000005
    endloop
  endfacet
  facet normal 0.5879377991216531 -0.3928474749428729 -0.7071067852842281
    outer loop
      vertex 35.026379980146885 -43.19900514185429 -3.552713678800501e-15
      vertex 35.79410161077976 -43.1300000026822 0.600000000000005
      vertex 35.50341335684061 -43.56504572182893 0.6000000000000014
    endloop
  endfacet
  facet normal 0.6935199184163083 -0.13794969768425613 -0.7071067837806815
    outer loop
      vertex 35.69963613152504 -41.573621049523354 1.7763568394002505e-15
      vertex 36.193703301250935 -42.16527618467807 0.6000000000000032
      vertex 35.61290426552296 -42.009651556611054 5.329070518200751e-15
    endloop
  endfacet
  facet normal 0.669580713727977 -0.227292025948246 -0.7071067831267601
    outer loop
      vertex 35.61290426552296 -42.009651556611054 5.329070518200751e-15
      vertex 36.193703301250935 -42.16527618467807 0.6000000000000032
      vertex 36.025518126785755 -42.660733729600906 0.5999999999999979
    endloop
  endfacet
  facet normal 0.6935199215414978 -0.13794969291059597 -0.7071067816468365
    outer loop
      vertex 36.29577944427729 -41.65210477262735 0.6000000000000032
      vertex 36.193703301250935 -42.16527618467807 0.6000000000000032
      vertex 35.69963613152504 -41.573621049523354 1.7763568394002505e-15
    endloop
  endfacet
  facet normal 0.531631020975152 -0.4662279020456713 -0.7071067818165863
    outer loop
      vertex 34.733252719044685 -43.533252723515034 1.7763568394002505e-15
      vertex 35.50341335684061 -43.56504572182893 0.6000000000000014
      vertex 35.158427119255066 -43.95842712372541 0.6000000000000014
    endloop
  endfacet
  facet normal 1.920385774180756e-15 -7.110818567043151e-16 1
    outer loop
      vertex 36.32999999821186 -26.8 8.3
      vertex 34.47999999999999 -26.8 8.300000000000004
      vertex 33.42999999970198 -37.13000000268221 8.299999999999999
    endloop
  endfacet
  facet normal -1.5506555528823065e-14 4.181283074527106e-15 1
    outer loop
      vertex 33.39321290701628 -37.691262632608414 8.3
      vertex 36.32999999821186 -26.8 8.3
      vertex 33.42999999970198 -37.13000000268221 8.299999999999999
    endloop
  endfacet
  facet normal 3.024925385912107e-15 2.1360552366567798e-15 1
    outer loop
      vertex 32.32999999821186 -45.13000000268221 8.299999999999997
      vertex 29.691262632608417 -41.39321290701628 8.299999999999997
      vertex 29.130000002682213 -41.429999999701984 8.299999999999999
    endloop
  endfacet
  facet normal 0 0 1
    outer loop
      vertex 32.32999999821186 -45.13000000268221 8.299999999999997
      vertex 30.24292189627886 -41.28348105400801 8.299999999999997
      vertex 29.691262632608417 -41.39321290701628 8.299999999999997
    endloop
  endfacet
  facet normal 0 0 1
    outer loop
      vertex 32.32999999821186 -45.13000000268221 8.299999999999997
      vertex 30.775538764894012 -41.10268199443818 8.299999999999997
      vertex 30.24292189627886 -41.28348105400801 8.299999999999997
    endloop
  endfacet
  facet normal 1 0 0
    outer loop
      vertex 36.32999999821186 -41.130000002682195 0.600000000000005
      vertex 36.32999999821186 -26.8 8.3
      vertex 36.32999999821186 -41.1300000026822 8.3
    endloop
  endfacet
  facet normal 0 0 1
    outer loop
      vertex 36.32999999821186 -41.1300000026822 8.3
      vertex 36.32999999821186 -26.8 8.3
      vertex 33.39321290701628 -37.691262632608414 8.3
    endloop
  endfacet
  facet normal 0.04624699517769967 -0.7055928090487975 -0.7071067834886474
    outer loop
      vertex 32.31035799533129 -44.53000000119209 0
      vertex 32.852104768157005 -45.09577944874763 0.600000000000005
      vertex 32.32999999821186 -45.1300000026822 0.5999999999999979
    endloop
  endfacet
  facet normal 0.04624699708238105 -0.7055928080985157 -0.7071067843123225
    outer loop
      vertex 32.31035799533129 -44.53000000119209 0
      vertex 32.773621045053005 -44.4996361359954 -3.552713678800501e-15
      vertex 32.852104768157005 -45.09577944874763 0.600000000000005
    endloop
  endfacet
  facet normal 0.1379496976842609 -0.6935199184163157 -0.7071067837806733
    outer loop
      vertex 32.773621045053005 -44.4996361359954 -3.552713678800501e-15
      vertex 33.20965155214071 -44.41290426999331 -3.552713678800501e-15
      vertex 33.36527618020773 -44.99370330572128 0.6000000000000014
    endloop
  endfacet
  facet normal 0.137949692910585 -0.6935199215415155 -0.7071067816468214
    outer loop
      vertex 32.773621045053005 -44.4996361359954 -3.552713678800501e-15
      vertex 33.36527618020773 -44.99370330572128 0.6000000000000014
      vertex 32.852104768157005 -45.09577944874763 0.600000000000005
    endloop
  endfacet
  facet normal 0.227292025948263 -0.6695807137279802 -0.7071067831267516
    outer loop
      vertex 33.20965155214071 -44.41290426999331 -3.552713678800501e-15
      vertex 33.86073372513056 -44.8255181312561 0.600000000000005
      vertex 33.36527618020773 -44.99370330572128 0.6000000000000014
    endloop
  endfacet
  facet normal 0.22729202770774437 -0.6695807122139615 -0.7071067839948546
    outer loop
      vertex 33.20965155214071 -44.41290426999331 -3.552713678800501e-15
      vertex 33.6306309774518 -44.270001009106636 -3.552713678800501e-15
      vertex 33.86073372513056 -44.8255181312561 0.600000000000005
    endloop
  endfacet
  facet normal 0.3127453293947725 -0.6341847939695027 -0.7071067854572001
    outer loop
      vertex 33.6306309774518 -44.270001009106636 -3.552713678800501e-15
      vertex 34.02935628592968 -44.07337144762279 -3.552713678800501e-15
      vertex 33.86073372513056 -44.8255181312561 0.600000000000005
    endloop
  endfacet
  facet normal 0.06540312801222278 -0.9978589233184304 -9.208070250354619e-16
    outer loop
      vertex 32.32999999821186 -45.1300000026822 0.5999999999999979
      vertex 32.852104768157005 -45.09577944874763 0.600000000000005
      vertex 32.32999999821186 -45.13000000268221 8.299999999999997
    endloop
  endfacet
  facet normal 0.19509032676634885 -0.9807852794583528 -9.050517605968477e-16
    outer loop
      vertex 32.852104768157005 -45.09577944874763 0.600000000000005
      vertex 33.36527618020773 -44.99370330572128 0.6000000000000014
      vertex 32.852104768157005 -45.095779448747635 8.300000000000002
    endloop
  endfacet
  facet normal 0.32143946659727024 -0.946930129055815 1.746421083238199e-15
    outer loop
      vertex 33.36527618020773 -44.99370330572128 0.6000000000000014
      vertex 33.86073372513056 -44.8255181312561 0.600000000000005
      vertex 33.86073372513056 -44.82551813125609 8.300000000000004
    endloop
  endfacet
  facet normal 0.9978589233184302 -0.06540312801222187 -6.028080602830546e-17
    outer loop
      vertex 36.32999999821186 -41.130000002682195 0.600000000000005
      vertex 36.29577944427729 -41.652104772627354 8.300000000000006
      vertex 36.29577944427729 -41.65210477262735 0.6000000000000032
    endloop
  endfacet
  facet normal 0.9807852794583503 -0.19509032676636193 -1.8002599285831514e-16
    outer loop
      vertex 36.29577944427729 -41.65210477262735 0.6000000000000032
      vertex 36.29577944427729 -41.652104772627354 8.300000000000006
      vertex 36.193703301250935 -42.16527618467807 0.6000000000000032
    endloop
  endfacet
  facet normal 0.3127453301668888 -0.6341847939116056 -0.7071067851676279
    outer loop
      vertex 34.02935628592968 -44.07337144762279 -3.552713678800501e-15
      vertex 34.32999999821186 -44.59410161525011 0.5999999999999979
      vertex 33.86073372513056 -44.8255181312561 0.600000000000005
    endloop
  endfacet
  facet normal 0.39284747316695195 -0.5879377994922688 -0.7071067859627214
    outer loop
      vertex 34.39900513738394 -43.826379984617226 1.7763568394002505e-15
      vertex 34.32999999821186 -44.59410161525011 0.5999999999999979
      vertex 34.02935628592968 -44.07337144762279 -3.552713678800501e-15
    endloop
  endfacet
  facet normal 0.46622790204566633 -0.5316310209751572 -0.7071067818165857
    outer loop
      vertex 34.733252719044685 -43.533252723515034 1.7763568394002505e-15
      vertex 35.158427119255066 -43.95842712372541 0.6000000000000014
      vertex 34.76504571735859 -44.303413361310945 0.6000000000000014
    endloop
  endfacet
  facet normal 0.39284747494289135 -0.5879377991216346 -0.7071067852842333
    outer loop
      vertex 34.39900513738394 -43.826379984617226 1.7763568394002505e-15
      vertex 34.76504571735859 -44.303413361310945 0.6000000000000014
      vertex 34.32999999821186 -44.59410161525011 0.5999999999999979
    endloop
  endfacet
  facet normal 0.8968727416500517 -0.4422886899810117 4.0646486215338355e-16
    outer loop
      vertex 35.79410161077976 -43.1300000026822 0.600000000000005
      vertex 36.025518126785755 -42.660733729600906 0.5999999999999979
      vertex 36.025518126785755 -42.6607337296009 8.3
    endloop
  endfacet
  facet normal 0.9469301290558163 -0.32143946659726613 2.9623710682146567e-16
    outer loop
      vertex 36.193703301250935 -42.16527618467807 0.6000000000000032
      vertex 36.025518126785755 -42.6607337296009 8.3
      vertex 36.025518126785755 -42.660733729600906 0.5999999999999979
    endloop
  endfacet
  facet normal 0.9978589233184302 -0.06540312801222187 -6.035287987671715e-17
    outer loop
      vertex 36.32999999821186 -41.130000002682195 0.600000000000005
      vertex 36.32999999821186 -41.1300000026822 8.3
      vertex 36.29577944427729 -41.652104772627354 8.300000000000006
    endloop
  endfacet
  facet normal 0.5555702302277871 -0.8314696141679766 1.5345316736423601e-15
    outer loop
      vertex 34.32999999821186 -44.59410161525011 0.5999999999999979
      vertex 34.76504571735859 -44.303413361310945 0.6000000000000014
      vertex 34.32999999821186 -44.594101615250096 8.300000000000002
    endloop
  endfacet
  facet normal 0.659345822817219 -0.7518398007112184 -6.88923504549753e-16
    outer loop
      vertex 34.76504571735859 -44.303413361310945 0.6000000000000014
      vertex 35.158427119255066 -43.95842712372541 0.6000000000000014
      vertex 35.158427119255066 -43.958427123725414 8.299999999999999
    endloop
  endfacet
  facet normal 0.44228868998100634 -0.8968727416500544 1.6552374324173798e-15
    outer loop
      vertex 33.86073372513056 -44.8255181312561 0.600000000000005
      vertex 34.32999999821186 -44.59410161525011 0.5999999999999979
      vertex 33.86073372513056 -44.82551813125609 8.300000000000004
    endloop
  endfacet
  facet normal 0.831469614167989 -0.5555702302277682 -5.126706380427367e-16
    outer loop
      vertex 35.79410161077976 -43.1300000026822 0.600000000000005
      vertex 35.79410161077976 -43.13000000268221 8.300000000000002
      vertex 35.50341335684061 -43.56504572182893 0.6000000000000014
    endloop
  endfacet
  facet normal 0.7518398007112116 -0.6593458228172265 -6.084329672162942e-16
    outer loop
      vertex 35.158427119255066 -43.95842712372541 0.6000000000000014
      vertex 35.50341335684061 -43.56504572182893 0.6000000000000014
      vertex 35.158427119255066 -43.958427123725414 8.299999999999999
    endloop
  endfacet
  facet normal -2.237943354235075e-15 -2.237943354235075e-15 1
    outer loop
      vertex 32.54141936451197 -39.74767414480447 8.3
      vertex 32.17055916041136 -40.17055916041136 8.299999999999999
      vertex 33.05444263558533 -41.05444263558533 8.299999999999999
    endloop
  endfacet
  facet normal 1.1476652806218693e-15 -7.668454298630627e-16 1
    outer loop
      vertex 32.54141936451197 -39.74767414480447 8.3
      vertex 33.34642364952465 -40.85934715939307 8.299999999999999
      vertex 32.853909239172935 -39.28000000119209 8.3
    endloop
  endfacet
  facet normal 1.1228603091458546e-15 -5.537334343745881e-16 1
    outer loop
      vertex 32.853909239172935 -39.28000000119209 8.3
      vertex 33.69083873865323 -40.790838738653235 8.299999999999999
      vertex 33.10268199443817 -38.77553876489401 8.3
    endloop
  endfacet
  facet normal -1.0831910121960164e-15 3.676937924417203e-16 1
    outer loop
      vertex 33.10268199443817 -38.77553876489401 8.3
      vertex 34.035253827781816 -40.859347159393074 8.300000000000002
      vertex 33.28348105400801 -38.24292189627886 8.3
    endloop
  endfacet
  facet normal 2.9163791060063716e-14 7.969894682626809e-15 1
    outer loop
      vertex 33.45790159806096 -40.82150549499308 8.299999999999995
      vertex 32.853909239172935 -39.28000000119209 8.3
      vertex 33.34642364952465 -40.85934715939307 8.299999999999999
    endloop
  endfacet
  facet normal 5.806502980658648e-16 -1.1774423271826375e-15 1
    outer loop
      vertex 32.54141936451197 -39.74767414480447 8.3
      vertex 33.240838738653224 -40.91141587524724 8.299999999999999
      vertex 33.34642364952465 -40.85934715939307 8.299999999999999
    endloop
  endfacet
  facet normal -5.6450948704904965e-14 -2.557565467426923e-14 1
    outer loop
      vertex 33.57336516565519 -40.798538363416796 8.300000000000002
      vertex 32.853909239172935 -39.28000000119209 8.3
      vertex 33.45790159806096 -40.82150549499308 8.299999999999995
    endloop
  endfacet
  facet normal 2.9257451008522914e-14 1.5031430175926412e-14 1
    outer loop
      vertex 33.69083873865323 -40.790838738653235 8.299999999999999
      vertex 32.853909239172935 -39.28000000119209 8.3
      vertex 33.57336516565519 -40.798538363416796 8.300000000000002
    endloop
  endfacet
  facet normal -3.089134289359492e-14 -9.896942767742451e-15 1
    outer loop
      vertex 33.80831231165128 -40.798538363416796 8.300000000000002
      vertex 33.10268199443817 -38.77553876489401 8.3
      vertex 33.69083873865323 -40.790838738653235 8.299999999999999
    endloop
  endfacet
  facet normal 6.631387504013303e-14 2.400862439867288e-14 1
    outer loop
      vertex 33.9237758792455 -40.82150549499308 8.299999999999995
      vertex 33.10268199443817 -38.77553876489401 8.3
      vertex 33.80831231165128 -40.798538363416796 8.300000000000002
    endloop
  endfacet
  facet normal -7.481464150025462e-14 -3.26295213729499e-14 1
    outer loop
      vertex 34.035253827781816 -40.859347159393074 8.300000000000002
      vertex 33.10268199443817 -38.77553876489401 8.3
      vertex 33.9237758792455 -40.82150549499308 8.299999999999995
    endloop
  endfacet
  facet normal -4.468960555748104e-16 9.06215539766935e-16 1
    outer loop
      vertex 30.775538764894012 -41.10268199443818 8.299999999999997
      vertex 32.85934715939307 -42.035253827781816 8.299999999999999
      vertex 31.280000001192096 -40.85390923917293 8.299999999999997
    endloop
  endfacet
  facet normal -3.151695072183546e-15 -6.6522071706963115e-15 1
    outer loop
      vertex 31.280000001192096 -40.85390923917293 8.299999999999997
      vertex 32.798538363416796 -41.57336516565519 8.299999999999997
      vertex 31.74767414480448 -40.54141936451196 8.3
    endloop
  endfacet
  facet normal 3.519550675192625e-15 7.765502850073984e-16 1
    outer loop
      vertex 31.74767414480448 -40.54141936451196 8.3
      vertex 32.91141587524723 -41.24083873865324 8.299999999999997
      vertex 32.17055916041136 -40.17055916041136 8.299999999999999
    endloop
  endfacet
  facet normal 6.948440497561919e-15 1.4665906645281633e-14 1
    outer loop
      vertex 31.280000001192096 -40.85390923917293 8.299999999999997
      vertex 32.790838738653235 -41.69083873865324 8.299999999999999
      vertex 32.798538363416796 -41.57336516565519 8.299999999999997
    endloop
  endfacet
  facet normal -9.912094085736734e-15 -1.5771004466787524e-14 1
    outer loop
      vertex 31.280000001192096 -40.85390923917293 8.299999999999997
      vertex 32.798538363416796 -41.80831231165128 8.299999999999997
      vertex 32.790838738653235 -41.69083873865324 8.299999999999999
    endloop
  endfacet
  facet normal 2.2101487625850696e-14 3.516539058800036e-14 1
    outer loop
      vertex 31.280000001192096 -40.85390923917293 8.299999999999997
      vertex 32.821505494993076 -41.923775879245504 8.3
      vertex 32.798538363416796 -41.80831231165128 8.299999999999997
    endloop
  endfacet
  facet normal 1.015454057838742e-14 1.1816299707010669e-14 1
    outer loop
      vertex 31.74767414480448 -40.54141936451196 8.3
      vertex 32.85934715939307 -41.34642364952465 8.299999999999999
      vertex 32.91141587524723 -41.24083873865324 8.299999999999997
    endloop
  endfacet
  facet normal 1.546713807816953e-14 1.230796062914648e-14 1
    outer loop
      vertex 31.74767414480448 -40.54141936451196 8.3
      vertex 32.798538363416796 -41.57336516565519 8.299999999999997
      vertex 32.821505494993076 -41.45790159806097 8.299999999999995
    endloop
  endfacet
  facet normal -1.724159459304356e-14 -2.6016473038566532e-14 1
    outer loop
      vertex 31.74767414480448 -40.54141936451196 8.3
      vertex 32.821505494993076 -41.45790159806097 8.299999999999995
      vertex 32.85934715939307 -41.34642364952465 8.299999999999999
    endloop
  endfacet
  facet normal -1.748282012482467e-14 -2.1869220624697563e-14 1
    outer loop
      vertex 31.280000001192096 -40.85390923917293 8.299999999999997
      vertex 32.85934715939307 -42.035253827781816 8.299999999999999
      vertex 32.821505494993076 -41.923775879245504 8.3
    endloop
  endfacet
  facet normal -1.0938731350231682e-15 -5.394385331951739e-16 1
    outer loop
      vertex 30.775538764894012 -41.10268199443818 8.299999999999997
      vertex 32.91141587524723 -42.14083873865324 8.299999999999999
      vertex 32.85934715939307 -42.035253827781816 8.299999999999999
    endloop
  endfacet
  facet normal 0 0 1
    outer loop
      vertex 32.17055916041136 -40.17055916041136 8.299999999999999
      vertex 32.97682073239112 -41.142953452545385 8.299999999999999
      vertex 33.05444263558533 -41.05444263558533 8.299999999999999
    endloop
  endfacet
  facet normal -1.2119798933488298e-14 -1.0049141813397283e-14 1
    outer loop
      vertex 32.17055916041136 -40.17055916041136 8.299999999999999
      vertex 32.91141587524723 -41.24083873865324 8.299999999999997
      vertex 32.97682073239112 -41.142953452545385 8.299999999999999
    endloop
  endfacet
  facet normal 8.868007077457564e-16 -1.011202404132608e-15 1
    outer loop
      vertex 32.54141936451197 -39.74767414480447 8.3
      vertex 33.05444263558533 -41.05444263558533 8.299999999999999
      vertex 33.142953452545385 -40.976820732391126 8.299999999999999
    endloop
  endfacet
  facet normal 7.276924219448457e-16 -1.0890686721305778e-15 1
    outer loop
      vertex 32.54141936451197 -39.74767414480447 8.3
      vertex 33.142953452545385 -40.976820732391126 8.299999999999999
      vertex 33.240838738653224 -40.91141587524724 8.299999999999999
    endloop
  endfacet
  facet normal 0 0 1
    outer loop
      vertex 36.32999999821186 -41.1300000026822 8.3
      vertex 33.39321290701628 -37.691262632608414 8.3
      vertex 33.28348105400801 -38.24292189627886 8.3
    endloop
  endfacet
  facet normal 8.841351190012237e-16 9.32962077921993e-16 1
    outer loop
      vertex 36.32999999821186 -41.1300000026822 8.3
      vertex 33.28348105400801 -38.24292189627886 8.3
      vertex 34.035253827781816 -40.859347159393074 8.300000000000002
    endloop
  endfacet
  facet normal -9.559807458648057e-15 -8.761662396374341e-14 1
    outer loop
      vertex 36.32999999821186 -41.1300000026822 8.3
      vertex 34.035253827781816 -40.859347159393074 8.300000000000002
      vertex 34.14083873865323 -40.91141587524724 8.299999999999999
    endloop
  endfacet
  facet normal -9.53990916538441e-16 -1.4277483032220587e-15 1
    outer loop
      vertex 36.32999999821186 -41.1300000026822 8.3
      vertex 34.14083873865323 -40.91141587524724 8.299999999999999
      vertex 34.23872402476108 -40.976820732391126 8.299999999999999
    endloop
  endfacet
  facet normal 2.731166959503586e-15 4.8883773026623e-14 1
    outer loop
      vertex 36.32999999821186 -41.1300000026822 8.3
      vertex 34.23872402476108 -40.976820732391126 8.299999999999999
      vertex 34.32723484172112 -41.05444263558534 8.300000000000002
    endloop
  endfacet
  facet normal -6.488094544977191e-16 -4.0707742027683035e-14 1
    outer loop
      vertex 36.32999999821186 -41.1300000026822 8.3
      vertex 34.32723484172112 -41.05444263558534 8.300000000000002
      vertex 34.404856744915335 -41.142953452545385 8.299999999999999
    endloop
  endfacet
  facet normal -7.970252844169185e-16 -1.8679887825560555e-14 1
    outer loop
      vertex 36.32999999821186 -41.1300000026822 8.3
      vertex 34.404856744915335 -41.142953452545385 8.299999999999999
      vertex 34.470261602059225 -41.24083873865324 8.299999999999997
    endloop
  endfacet
  facet normal -4.7779796303816845e-15 4.811565603968188e-14 1
    outer loop
      vertex 36.32999999821186 -41.1300000026822 8.3
      vertex 34.470261602059225 -41.24083873865324 8.299999999999997
      vertex 34.52233031791339 -41.34642364952465 8.300000000000002
    endloop
  endfacet
  facet normal 9.443002572277066e-16 3.205467439617457e-16 1
    outer loop
      vertex 36.32999999821186 -41.1300000026822 8.3
      vertex 34.52233031791339 -41.34642364952465 8.300000000000002
      vertex 34.56017198231339 -41.457901598060964 8.300000000000002
    endloop
  endfacet
  facet normal 9.215123337446546e-15 -4.432069504384523e-14 1
    outer loop
      vertex 36.32999999821186 -41.1300000026822 8.3
      vertex 34.56017198231339 -41.457901598060964 8.300000000000002
      vertex 34.58313911388966 -41.57336516565519 8.299999999999997
    endloop
  endfacet
  facet normal -5.775587850953931e-15 1.474277946911153e-14 1
    outer loop
      vertex 36.32999999821186 -41.1300000026822 8.3
      vertex 34.58313911388966 -41.57336516565519 8.299999999999997
      vertex 34.59083873865323 -41.69083873865324 8.299999999999999
    endloop
  endfacet
  facet normal 3.93812496296394e-15 -1.5379449843730647e-14 1
    outer loop
      vertex 36.32999999821186 -41.1300000026822 8.3
      vertex 34.59083873865323 -41.69083873865324 8.299999999999999
      vertex 34.58313911388966 -41.80831231165128 8.299999999999997
    endloop
  endfacet
  facet normal -1.515183700470554e-14 3.378301913048433e-14 1
    outer loop
      vertex 36.32999999821186 -41.1300000026822 8.3
      vertex 34.58313911388966 -41.80831231165128 8.299999999999997
      vertex 34.56017198231339 -41.923775879245504 8.3
    endloop
  endfacet
  facet normal -1.304947352532605e-15 6.435288181130844e-16 1
    outer loop
      vertex 36.32999999821186 -41.1300000026822 8.3
      vertex 34.52233031791339 -42.035253827781816 8.299999999999999
      vertex 34.470261602059225 -42.14083873865324 8.299999999999999
    endloop
  endfacet
  facet normal 8.430214456531249e-15 -1.879627507678667e-14 1
    outer loop
      vertex 36.32999999821186 -41.1300000026822 8.3
      vertex 34.56017198231339 -41.923775879245504 8.3
      vertex 34.52233031791339 -42.035253827781816 8.299999999999999
    endloop
  endfacet
  facet normal 0.06540312801222277 -0.9978589233184304 -9.20807025035462e-16
    outer loop
      vertex 32.852104768157005 -45.09577944874763 0.600000000000005
      vertex 32.852104768157005 -45.095779448747635 8.300000000000002
      vertex 32.32999999821186 -45.13000000268221 8.299999999999997
    endloop
  endfacet
  facet normal 0.1950903267663619 -0.9807852794583503 0
    outer loop
      vertex 33.36527618020773 -44.99370330572128 0.6000000000000014
      vertex 33.36527618020773 -44.99370330572128 8.299999999999999
      vertex 32.852104768157005 -45.095779448747635 8.300000000000002
    endloop
  endfacet
  facet normal 0.32143946659729467 -0.9469301290558068 0
    outer loop
      vertex 33.36527618020773 -44.99370330572128 0.6000000000000014
      vertex 33.86073372513056 -44.82551813125609 8.300000000000004
      vertex 33.36527618020773 -44.99370330572128 8.299999999999999
    endloop
  endfacet
  facet normal -1.4294889985820356e-14 -2.7698872676565684e-14 1
    outer loop
      vertex 30.775538764894012 -41.10268199443818 8.299999999999997
      vertex 32.97682073239112 -42.23872402476108 8.299999999999997
      vertex 32.91141587524723 -42.14083873865324 8.299999999999999
    endloop
  endfacet
  facet normal 0 0 1
    outer loop
      vertex 32.32999999821186 -45.13000000268221 8.299999999999997
      vertex 32.97682073239112 -42.23872402476108 8.299999999999997
      vertex 30.775538764894012 -41.10268199443818 8.299999999999997
    endloop
  endfacet
  facet normal -1.823343155992454e-14 4.0790853859193155e-15 1
    outer loop
      vertex 32.32999999821186 -45.13000000268221 8.299999999999997
      vertex 33.05444263558533 -42.32723484172112 8.299999999999999
      vertex 32.97682073239112 -42.23872402476108 8.299999999999997
    endloop
  endfacet
  facet normal 1.5907673887687782e-14 -4.745511415060203e-15 1
    outer loop
      vertex 32.32999999821186 -45.13000000268221 8.299999999999997
      vertex 33.142953452545385 -42.40485674491535 8.299999999999997
      vertex 33.05444263558533 -42.32723484172112 8.299999999999999
    endloop
  endfacet
  facet normal 0 0 1
    outer loop
      vertex 32.32999999821186 -45.13000000268221 8.299999999999997
      vertex 33.240838738653224 -42.47026160205924 8.299999999999997
      vertex 33.142953452545385 -42.40485674491535 8.299999999999997
    endloop
  endfacet
  facet normal -1.4393238425898928e-14 4.9290257852604514e-15 1
    outer loop
      vertex 32.32999999821186 -45.13000000268221 8.299999999999997
      vertex 33.34642364952465 -42.52233031791339 8.299999999999999
      vertex 33.240838738653224 -42.47026160205924 8.299999999999997
    endloop
  endfacet
  facet normal -2.0421718905294347e-16 -6.016044392452647e-16 1
    outer loop
      vertex 32.32999999821186 -45.13000000268221 8.299999999999997
      vertex 33.45790159806096 -42.56017198231339 8.299999999999999
      vertex 33.34642364952465 -42.52233031791339 8.299999999999999
    endloop
  endfacet
  facet normal -4.25743277899345e-14 1.799470440077541e-14 1
    outer loop
      vertex 32.32999999821186 -45.13000000268221 8.299999999999997
      vertex 33.57336516565519 -42.58313911388966 8.300000000000004
      vertex 33.45790159806096 -42.56017198231339 8.299999999999999
    endloop
  endfacet
  facet normal 2.9127774260902474e-14 -1.7009915017108807e-14 1
    outer loop
      vertex 32.32999999821186 -45.13000000268221 8.299999999999997
      vertex 33.69083873865323 -42.59083873865323 8.3
      vertex 33.57336516565519 -42.58313911388966 8.300000000000004
    endloop
  endfacet
  facet normal -4.0070398587618277e-14 2.4159935015433228e-14 1
    outer loop
      vertex 32.32999999821186 -45.13000000268221 8.299999999999997
      vertex 34.035253827781816 -42.522330317913394 8.300000000000002
      vertex 33.9237758792455 -42.56017198231339 8.299999999999999
    endloop
  endfacet
  facet normal 7.598326764071291e-14 -5.17319465090629e-14 1
    outer loop
      vertex 32.32999999821186 -45.13000000268221 8.299999999999997
      vertex 34.14083873865323 -42.47026160205924 8.299999999999997
      vertex 34.035253827781816 -42.522330317913394 8.300000000000002
    endloop
  endfacet
  facet normal 9.504501070020213e-17 -1.450106640964013e-15 1
    outer loop
      vertex 32.32999999821186 -45.13000000268221 8.299999999999997
      vertex 33.80831231165128 -42.58313911388966 8.3
      vertex 33.69083873865323 -42.59083873865323 8.3
    endloop
  endfacet
  facet normal 1.7706372512299175e-14 -1.1672511176757505e-14 1
    outer loop
      vertex 32.32999999821186 -45.13000000268221 8.299999999999997
      vertex 33.9237758792455 -42.56017198231339 8.299999999999999
      vertex 33.80831231165128 -42.58313911388966 8.3
    endloop
  endfacet
  facet normal -1.2941816130064943e-14 4.1726776772496966e-14 1
    outer loop
      vertex 32.32999999821186 -45.13000000268221 8.299999999999997
      vertex 32.852104768157005 -45.095779448747635 8.300000000000002
      vertex 33.86073372513056 -44.82551813125609 8.300000000000004
    endloop
  endfacet
  facet normal 3.1944450625009126e-14 -1.2579104945516239e-13 1
    outer loop
      vertex 32.852104768157005 -45.095779448747635 8.300000000000002
      vertex 33.36527618020773 -44.99370330572128 8.299999999999999
      vertex 33.86073372513056 -44.82551813125609 8.300000000000004
    endloop
  endfacet
  facet normal -8.350118404631391e-15 1.8642753611392416e-14 1
    outer loop
      vertex 32.32999999821186 -45.13000000268221 8.299999999999997
      vertex 33.86073372513056 -44.82551813125609 8.300000000000004
      vertex 35.158427119255066 -43.958427123725414 8.299999999999999
    endloop
  endfacet
  facet normal 0.9807852794583503 -0.1950903267663619 -1.8002599285831524e-16
    outer loop
      vertex 36.193703301250935 -42.16527618467807 0.6000000000000032
      vertex 36.29577944427729 -41.652104772627354 8.300000000000006
      vertex 36.193703301250935 -42.16527618467808 8.3
    endloop
  endfacet
  facet normal 0.9469301290558134 -0.3214394665972744 -2.9661880256791525e-16
    outer loop
      vertex 36.193703301250935 -42.16527618467807 0.6000000000000032
      vertex 36.193703301250935 -42.16527618467808 8.3
      vertex 36.025518126785755 -42.6607337296009 8.3
    endloop
  endfacet
  facet normal 0.7518398007112117 -0.6593458228172265 -6.08432967216294e-16
    outer loop
      vertex 35.50341335684061 -43.56504572182893 0.6000000000000014
      vertex 35.50341335684061 -43.56504572182894 8.300000000000002
      vertex 35.158427119255066 -43.958427123725414 8.299999999999999
    endloop
  endfacet
  facet normal 0.8314696141679891 -0.5555702302277683 -5.126706380427366e-16
    outer loop
      vertex 35.50341335684061 -43.56504572182893 0.6000000000000014
      vertex 35.79410161077976 -43.13000000268221 8.300000000000002
      vertex 35.50341335684061 -43.56504572182894 8.300000000000002
    endloop
  endfacet
  facet normal 0.896872741650057 -0.44228868998100096 -4.081363841231836e-16
    outer loop
      vertex 35.79410161077976 -43.1300000026822 0.600000000000005
      vertex 36.025518126785755 -42.6607337296009 8.3
      vertex 35.79410161077976 -43.13000000268221 8.300000000000002
    endloop
  endfacet
  facet normal 0.4422886899810064 -0.8968727416500543 1.6552374324173788e-15
    outer loop
      vertex 34.32999999821186 -44.59410161525011 0.5999999999999979
      vertex 34.32999999821186 -44.594101615250096 8.300000000000002
      vertex 33.86073372513056 -44.82551813125609 8.300000000000004
    endloop
  endfacet
  facet normal 0.5555702302277495 -0.8314696141680017 -1.5345316736424077e-15
    outer loop
      vertex 34.76504571735859 -44.303413361310945 0.6000000000000014
      vertex 34.76504571735859 -44.30341336131096 8.3
      vertex 34.32999999821186 -44.594101615250096 8.300000000000002
    endloop
  endfacet
  facet normal 0.6593458228172265 -0.7518398007112116 -1.387569633378371e-15
    outer loop
      vertex 34.76504571735859 -44.303413361310945 0.6000000000000014
      vertex 35.158427119255066 -43.958427123725414 8.299999999999999
      vertex 34.76504571735859 -44.30341336131096 8.3
    endloop
  endfacet
  facet normal -1.93800563292399e-14 2.900430398312102e-14 1
    outer loop
      vertex 36.32999999821186 -41.1300000026822 8.3
      vertex 34.23872402476108 -42.40485674491535 8.299999999999997
      vertex 34.14083873865323 -42.47026160205924 8.299999999999997
    endloop
  endfacet
  facet normal 4.018637464093625e-14 -6.870851486579256e-14 1
    outer loop
      vertex 36.32999999821186 -41.1300000026822 8.3
      vertex 34.32723484172112 -42.32723484172112 8.299999999999999
      vertex 34.23872402476108 -42.40485674491535 8.299999999999997
    endloop
  endfacet
  facet normal -2.708187952448981e-14 4.3819546620145143e-14 1
    outer loop
      vertex 36.32999999821186 -41.1300000026822 8.3
      vertex 34.404856744915335 -42.23872402476108 8.299999999999997
      vertex 34.32723484172112 -42.32723484172112 8.299999999999999
    endloop
  endfacet
  facet normal 1.3989212533258961e-14 -2.7494625532670537e-14 1
    outer loop
      vertex 36.32999999821186 -41.1300000026822 8.3
      vertex 34.470261602059225 -42.14083873865324 8.299999999999999
      vertex 34.404856744915335 -42.23872402476108 8.299999999999997
    endloop
  endfacet
  facet normal -2.7828050360812917e-15 1.894626616381163e-15 1
    outer loop
      vertex 36.32999999821186 -41.1300000026822 8.3
      vertex 34.14083873865323 -42.47026160205924 8.299999999999997
      vertex 32.32999999821186 -45.13000000268221 8.299999999999997
    endloop
  endfacet
  facet normal -4.440892098500631e-16 -4.4408920985006124e-16 1
    outer loop
      vertex 36.32999999821186 -41.1300000026822 8.3
      vertex 32.32999999821186 -45.13000000268221 8.299999999999997
      vertex 35.158427119255066 -43.958427123725414 8.299999999999999
    endloop
  endfacet
  facet normal 2.880489077889205e-15 1.8349617931193306e-15 1
    outer loop
      vertex 33.86073372513056 -44.82551813125609 8.300000000000004
      vertex 34.32999999821186 -44.594101615250096 8.300000000000002
      vertex 35.158427119255066 -43.958427123725414 8.299999999999999
    endloop
  endfacet
  facet normal 2.699225531417646e-15 2.071189044575248e-15 1
    outer loop
      vertex 34.32999999821186 -44.594101615250096 8.300000000000002
      vertex 34.76504571735859 -44.30341336131096 8.3
      vertex 35.158427119255066 -43.958427123725414 8.299999999999999
    endloop
  endfacet
  facet normal -2.9170157772749192e-15 5.802305177086606e-16 1
    outer loop
      vertex 36.32999999821186 -41.1300000026822 8.3
      vertex 35.158427119255066 -43.958427123725414 8.299999999999999
      vertex 36.025518126785755 -42.6607337296009 8.3
    endloop
  endfacet
  facet normal 7.388958533163742e-14 -2.5082134539089528e-14 1
    outer loop
      vertex 36.29577944427729 -41.652104772627354 8.300000000000006
      vertex 36.025518126785755 -42.6607337296009 8.3
      vertex 36.193703301250935 -42.16527618467808 8.3
    endloop
  endfacet
  facet normal -7.653132175086584e-14 1.5223026486993133e-14 1
    outer loop
      vertex 36.32999999821186 -41.1300000026822 8.3
      vertex 36.025518126785755 -42.6607337296009 8.3
      vertex 36.29577944427729 -41.652104772627354 8.300000000000006
    endloop
  endfacet
  facet normal -3.669751598773108e-14 2.3151639214857825e-14 1
    outer loop
      vertex 36.025518126785755 -42.6607337296009 8.3
      vertex 35.158427119255066 -43.958427123725414 8.299999999999999
      vertex 35.50341335684061 -43.56504572182894 8.300000000000002
    endloop
  endfacet
  facet normal -2.1626708151976667e-14 1.4450504290629315e-14 1
    outer loop
      vertex 36.025518126785755 -42.6607337296009 8.3
      vertex 35.50341335684061 -43.56504572182894 8.300000000000002
      vertex 35.79410161077976 -43.13000000268221 8.300000000000002
    endloop
  endfacet
  facet normal 2.6135162858863055e-15 0.9063077870366499 0.42261826174069966
    outer loop
      vertex -2.600000001490116 10.507046720713674 0
      vertex -3.2000000029802322 10.227262125820676 0.6000000000000014
      vertex -3.2000000029802322 6.636693158027185 8.300000000000002
    endloop
  endfacet
  facet normal -2.366378297212292e-16 0.90630778703665 0.4226182617406994
    outer loop
      vertex -2.600000001490116 10.507046720713674 0
      vertex -3.2000000029802322 6.636693158027185 8.300000000000002
      vertex -0.2999999999999998 9.481169872772679 2.1999999999999993
    endloop
  endfacet
  facet normal 0 0.9063077870366499 0.4226182617406995
    outer loop
      vertex -3.2000000029802322 6.636693158027185 8.300000000000002
      vertex -0.2999999999999998 6.636693158027185 8.300000000000002
      vertex -0.2999999999999998 9.481169872772679 2.1999999999999993
    endloop
  endfacet
  facet normal -5.423840511900181e-18 0.90630778703665 0.4226182617406992
    outer loop
      vertex -2.600000001490116 10.507046720713674 0
      vertex -0.2999999999999998 9.481169872772679 2.1999999999999993
      vertex 33.43000000000001 9.481169872772679 2.1999999999999997
    endloop
  endfacet
  facet normal -9.792862506307829e-18 0.90630778703665 0.42261826174069916
    outer loop
      vertex -2.600000001490116 10.507046720713674 0
      vertex 33.43000000000001 9.481169872772679 2.1999999999999997
      vertex 35.729999996721745 10.507046720713674 8.881784197001252e-16
    endloop
  endfacet
  facet normal -4.472016764784372e-16 0.9063077870366502 0.42261826174069883
    outer loop
      vertex 35.729999996721745 10.507046720713674 8.881784197001252e-16
      vertex 33.43000000000001 9.481169872772679 2.1999999999999997
      vertex 36.32999999821186 10.227262125820676 0.6000000000000005
    endloop
  endfacet
  facet normal 0 0.90630778703665 0.4226182617406996
    outer loop
      vertex 36.32999999821186 10.227262125820676 0.6000000000000005
      vertex 33.43000000000001 9.481169872772679 2.1999999999999997
      vertex 33.43000000000001 6.636693158027185 8.300000000000002
    endloop
  endfacet
  facet normal 0 0.9063077870366499 0.42261826174069955
    outer loop
      vertex 36.32999999821186 10.227262125820676 0.6000000000000005
      vertex 33.43000000000001 6.636693158027185 8.300000000000002
      vertex 36.32999999821186 6.636693158027185 8.300000000000002
    endloop
  endfacet
  facet normal 0.5322004522859907 -0.46672728999268576 -0.7063485792175634
    outer loop
      vertex 1.9857864379882812 -2.4857864379882795 0.610000000000001
      vertex 1.4776134567504586 -2.1420680690218123 -4.440892098500626e-16
      vertex 1.554451302235777 -2.054451302235777 -2.220446049250313e-16
    endloop
  endfacet
  facet normal 0.4667272899926896 -0.5322004522859874 -0.7063485792175632
    outer loop
      vertex 1.9857864379882812 -2.4857864379882795 0.610000000000001
      vertex 1.554451302235777 -2.054451302235777 -2.220446049250313e-16
      vertex 1.6420680690218106 -1.9776134567504597 0
    endloop
  endfacet
  facet normal 0.5885675532638494 -0.3932682561636983 -0.7063485782097743
    outer loop
      vertex 1.8132933154702187 -2.682477138936519 0.6099999999999999
      vertex 1.2044178974899378 -2.498103453625333 0
      vertex 1.329347778382628 -2.311132669245657 1.1102230246251565e-15
    endloop
  endfacet
  facet normal 0.5322004578240046 -0.4667272853245025 -0.7063485781294814
    outer loop
      vertex 1.8132933154702187 -2.682477138936519 0.6099999999999999
      vertex 1.329347778382628 -2.311132669245657 1.1102230246251565e-15
      vertex 1.4776134567504586 -2.1420680690218123 -4.440892098500626e-16
    endloop
  endfacet
  facet normal 0.5885675543490345 -0.39326825385008984 -0.7063485785936696
    outer loop
      vertex 1.667949192225933 -2.8999999985098848 0.6099999999999999
      vertex 1.139673697135665 -2.5950000001625577 2.220446049250313e-16
      vertex 1.2044178974899378 -2.498103453625333 0
    endloop
  endfacet
  facet normal 0.6348640734368476 -0.3130803307323185 -0.7063485787964149
    outer loop
      vertex 1.667949192225933 -2.8999999985098848 0.6099999999999999
      vertex 1.040217186713762 -2.796677841720256 1.2212453270876722e-15
      vertex 1.139673697135665 -2.5950000001625577 2.220446049250313e-16
    endloop
  endfacet
  facet normal 0.6702979160660314 -0.22753546917978074 -0.7063485782407102
    outer loop
      vertex 1.4681483432650566 -3.382361911237241 0.6099999999999995
      vertex 0.87893359254707 -3.2244822921400713 1.1102230246251565e-15
      vertex 0.951214990358463 -3.0115481482988096 1.3322676295501878e-15
    endloop
  endfacet
  facet normal 0.6942627592037428 -0.13809745712560947 -0.7063485779119588
    outer loop
      vertex 1.4681483432650566 -3.382361911237241 0.6099999999999995
      vertex 0.8350640489296497 -3.445029368319296 7.771561172376096e-16
      vertex 0.87893359254707 -3.2244822921400713 1.1102230246251565e-15
    endloop
  endfacet
  facet normal 0.6348640739654619 -0.3130803290688143 -0.7063485790586257
    outer loop
      vertex 1.5522409304976463 -3.134633131325245 0.6100000000000003
      vertex 0.9886744155802525 -2.9011962372471 5.551115123125783e-16
      vertex 1.040217186713762 -2.796677841720256 1.2212453270876722e-15
    endloop
  endfacet
  facet normal 0.6348640739654569 -0.313080329068823 -0.7063485790586264
    outer loop
      vertex 1.667949192225933 -2.8999999985098848 0.6099999999999999
      vertex 1.5522409304976463 -3.134633131325245 0.6100000000000003
      vertex 1.040217186713762 -2.796677841720256 1.2212453270876722e-15
    endloop
  endfacet
  facet normal 0.6702979128452597 -0.2275354754009047 -0.7063485792930944
    outer loop
      vertex 1.5522409304976463 -3.134633131325245 0.6100000000000003
      vertex 0.951214990358463 -3.0115481482988096 1.3322676295501878e-15
      vertex 0.9886744155802525 -2.9011962372471 5.551115123125783e-16
    endloop
  endfacet
  facet normal 0.6942627602395961 -0.13809743456377144 -0.7063485813048695
    outer loop
      vertex 1.4681483432650566 -3.382361911237241 0.6099999999999995
      vertex 1.4171102792024612 -3.6389476135373107 0.6100000000000001
      vertex 0.8350640489296497 -3.445029368319296 7.771561172376096e-16
    endloop
  endfacet
  facet normal 0.6702979128452596 -0.22753547540090516 -0.7063485792930944
    outer loop
      vertex 1.5522409304976463 -3.134633131325245 0.6100000000000003
      vertex 1.4681483432650566 -3.382361911237241 0.6099999999999995
      vertex 0.951214990358463 -3.0115481482988096 1.3322676295501878e-15
    endloop
  endfacet
  facet normal 0.5885675543490392 -0.39326825385008396 -0.7063485785936692
    outer loop
      vertex 1.667949192225933 -2.8999999985098848 0.6099999999999999
      vertex 1.2044178974899378 -2.498103453625333 0
      vertex 1.8132933154702187 -2.682477138936519 0.6099999999999999
    endloop
  endfacet
  facet normal 0.22753547540089641 -0.6702979128452604 -0.7063485792930965
    outer loop
      vertex 2.634633131325245 -2.0522409304976463 0.6100000000000001
      vertex 2.401196237247099 -1.48867441558025 1.5543122344752192e-15
      vertex 2.5115481482988056 -1.4512149903584617 1.1102230246251565e-15
    endloop
  endfacet
  facet normal 0.22753546917976905 -0.670297916066036 -0.7063485782407095
    outer loop
      vertex 2.88236191123724 -1.9681483432650573 0.6100000000000001
      vertex 2.5115481482988056 -1.4512149903584617 1.1102230246251565e-15
      vertex 2.724482292140072 -1.3789335925470712 8.881784197001252e-16
    endloop
  endfacet
  facet normal 0.1380974571256163 -0.694262759203742 -0.706348577911958
    outer loop
      vertex 2.88236191123724 -1.9681483432650573 0.6100000000000001
      vertex 2.724482292140072 -1.3789335925470712 8.881784197001252e-16
      vertex 2.945029368319295 -1.335064048929649 6.661338147750939e-16
    endloop
  endfacet
  facet normal 0.3130803290688351 -0.6348640739654502 -0.706348579058627
    outer loop
      vertex 2.634633131325245 -2.0522409304976463 0.6100000000000001
      vertex 2.296677841720257 -1.5402171867137617 1.1102230246251565e-15
      vertex 2.401196237247099 -1.48867441558025 1.5543122344752192e-15
    endloop
  endfacet
  facet normal 0.4667272853245057 -0.5322004578239996 -0.7063485781294833
    outer loop
      vertex 2.1824771389365196 -2.3132933154702195 0.6100000000000001
      vertex 1.6420680690218106 -1.9776134567504597 0
      vertex 1.811132669245655 -1.8293477783826264 1.4432899320127035e-15
    endloop
  endfacet
  facet normal 0.39326825616369476 -0.5885675532638495 -0.7063485782097761
    outer loop
      vertex 2.1824771389365196 -2.3132933154702195 0.6100000000000001
      vertex 1.811132669245655 -1.8293477783826264 1.4432899320127035e-15
      vertex 1.9981034536253333 -1.7044178974899373 1.5543122344752192e-15
    endloop
  endfacet
  facet normal 0.46672728999268726 -0.5322004522859891 -0.7063485792175637
    outer loop
      vertex 1.9857864379882812 -2.4857864379882795 0.610000000000001
      vertex 1.6420680690218106 -1.9776134567504597 0
      vertex 2.1824771389365196 -2.3132933154702195 0.6100000000000001
    endloop
  endfacet
  facet normal 0.39326825385007197 -0.5885675543490466 -0.7063485785936696
    outer loop
      vertex 2.399999998509884 -2.1679491922259335 0.6099999999999993
      vertex 1.9981034536253333 -1.7044178974899373 1.5543122344752192e-15
      vertex 2.0950000001625586 -1.6396736971356671 6.661338147750939e-16
    endloop
  endfacet
  facet normal 0.3130803307323233 -0.6348640734368459 -0.7063485787964142
    outer loop
      vertex 2.399999998509884 -2.1679491922259335 0.6099999999999993
      vertex 2.0950000001625586 -1.6396736971356671 6.661338147750939e-16
      vertex 2.296677841720257 -1.5402171867137617 1.1102230246251565e-15
    endloop
  endfacet
  facet normal 0.393268253850084 -0.5885675543490376 -0.7063485785936704
    outer loop
      vertex 2.1824771389365196 -2.3132933154702195 0.6100000000000001
      vertex 1.9981034536253333 -1.7044178974899373 1.5543122344752192e-15
      vertex 2.399999998509884 -2.1679491922259335 0.6099999999999993
    endloop
  endfacet
  facet normal 0.31308032906882377 -0.6348640739654564 -0.7063485790586262
    outer loop
      vertex 2.399999998509884 -2.1679491922259335 0.6099999999999993
      vertex 2.296677841720257 -1.5402171867137617 1.1102230246251565e-15
      vertex 2.634633131325245 -2.0522409304976463 0.6100000000000001
    endloop
  endfacet
  facet normal 0.22753547540090616 -0.6702979128452579 -0.7063485792930957
    outer loop
      vertex 2.634633131325245 -2.0522409304976463 0.6100000000000001
      vertex 2.5115481482988056 -1.4512149903584617 1.1102230246251565e-15
      vertex 2.88236191123724 -1.9681483432650573 0.6100000000000001
    endloop
  endfacet
  facet normal 0.1380974345637686 -0.6942627602395971 -0.7063485813048692
    outer loop
      vertex 3.1389476135373116 -1.9171102792024604 0.6100000000000003
      vertex 2.945029368319295 -1.335064048929649 6.661338147750939e-16
      vertex 3.0593266357075084 -1.3123289113017655 4.440892098500626e-16
    endloop
  endfacet
  facet normal 0.0462965409063356 -0.7063485770180636 -0.7063485811160554
    outer loop
      vertex 3.1389476135373116 -1.9171102792024604 0.6100000000000003
      vertex 3.0593266357075084 -1.3123289113017655 4.440892098500626e-16
      vertex 3.17561360719529 -1.3047070589932543 -6.661338147750939e-16
    endloop
  endfacet
  facet normal 0.04629653248811396 -0.7063485788645095 -0.706348579821369
    outer loop
      vertex 3.399999998509884 -1.8999999985098852 0.6099999999999997
      vertex 3.17561360719529 -1.3047070589932543 -6.661338147750939e-16
      vertex 3.399999998509884 -1.2899999976835457 4.440892098500626e-16
    endloop
  endfacet
  facet normal 0.13809743456377346 -0.6942627602395958 -0.7063485813048694
    outer loop
      vertex 2.88236191123724 -1.9681483432650573 0.6100000000000001
      vertex 2.945029368319295 -1.335064048929649 6.661338147750939e-16
      vertex 3.1389476135373116 -1.9171102792024604 0.6100000000000003
    endloop
  endfacet
  facet normal 0.046296540906337384 -0.7063485770180636 -0.7063485811160553
    outer loop
      vertex 3.1389476135373116 -1.9171102792024604 0.6100000000000003
      vertex 3.17561360719529 -1.3047070589932543 -6.661338147750939e-16
      vertex 3.399999998509884 -1.8999999985098852 0.6099999999999997
    endloop
  endfacet
  facet normal 0.5322004522859878 -0.4667272899926894 -0.7063485792175631
    outer loop
      vertex 1.9857864379882812 -2.4857864379882795 0.610000000000001
      vertex 1.8132933154702187 -2.682477138936519 0.6099999999999999
      vertex 1.4776134567504586 -2.1420680690218123 -4.440892098500626e-16
    endloop
  endfacet
  facet normal 0.6942627602395961 -0.1380974345637714 -0.7063485813048697
    outer loop
      vertex 1.4171102792024612 -3.6389476135373107 0.6100000000000001
      vertex 0.8123289113017647 -3.5593266357075093 -4.440892098500626e-16
      vertex 0.8350640489296497 -3.445029368319296 7.771561172376096e-16
    endloop
  endfacet
  facet normal 0.7063485770180615 -0.046296540906350804 -0.7063485811160565
    outer loop
      vertex 1.4171102792024612 -3.6389476135373107 0.6100000000000001
      vertex 0.8047070589932526 -3.675613607195291 1.1102230246251565e-16
      vertex 0.8123289113017647 -3.5593266357075093 -4.440892098500626e-16
    endloop
  endfacet
  facet normal 0.7063485788645124 -0.04629653248809815 -0.706348579821367
    outer loop
      vertex 1.3999999985098839 -3.899999998509884 0.6100000000000001
      vertex 0.7899999976835463 -3.8999999985098857 -1.3322676295501878e-15
      vertex 0.8047070589932526 -3.675613607195291 1.1102230246251565e-16
    endloop
  endfacet
  facet normal 0.7063485770180616 -0.046296540906344906 -0.7063485811160569
    outer loop
      vertex 1.4171102792024612 -3.6389476135373107 0.6100000000000001
      vertex 1.3999999985098839 -3.899999998509884 0.6100000000000001
      vertex 0.8047070589932526 -3.675613607195291 1.1102230246251565e-16
    endloop
  endfacet
  facet normal 0.7071067807076067 -2.940760989381944e-17 -0.7071067816654883
    outer loop
      vertex 1.3999999985098839 -3.899999998509884 0.6100000000000001
      vertex 0.7899999976835481 -34.534000001847744 1.7763568394002505e-15
      vertex 0.7899999976835463 -3.8999999985098857 -1.3322676295501878e-15
    endloop
  endfacet
  facet normal 0 -0.7071067807076042 -0.7071067816654909
    outer loop
      vertex 3.399999998509884 -1.8999999985098852 0.6099999999999997
      vertex 3.399999998509884 -1.2899999976835457 4.440892098500626e-16
      vertex 29.37200000137091 -1.8999999985098852 0.6099999999999997
    endloop
  endfacet
  facet normal 0.7071067807076044 5.637858932995307e-17 -0.7071067816654906
    outer loop
      vertex 1.3999999985098839 -3.899999998509884 0.6100000000000001
      vertex 1.3999999985098839 -34.534000001847744 0.6099999999999977
      vertex 0.7899999976835481 -34.534000001847744 1.7763568394002505e-15
    endloop
  endfacet
  facet normal 0.7063485788645102 0.04629653248809957 -0.7063485798213692
    outer loop
      vertex 1.3999999985098839 -34.534000001847744 0.6099999999999977
      vertex 0.8047070589932552 -34.75838639316234 3.552713678800501e-15
      vertex 0.7899999976835481 -34.534000001847744 1.7763568394002505e-15
    endloop
  endfacet
  facet normal 0.7063485770180606 0.04629654090634185 -0.7063485811160579
    outer loop
      vertex 1.4171102792024612 -34.795052386820316 0.6099999999999994
      vertex 0.8123289113017664 -34.87467336465012 3.552713678800501e-15
      vertex 0.8047070589932552 -34.75838639316234 3.552713678800501e-15
    endloop
  endfacet
  facet normal 0.6942627602395909 0.13809743456379053 -0.706348581304871
    outer loop
      vertex 1.4171102792024612 -34.795052386820316 0.6099999999999994
      vertex 0.8350640489296506 -34.98897063203834 0
      vertex 0.8123289113017664 -34.87467336465012 3.552713678800501e-15
    endloop
  endfacet
  facet normal 0.6942627592037443 0.13809745712560612 -0.7063485779119579
    outer loop
      vertex 1.4681483432650566 -35.05163808912039 0.6100000000000012
      vertex 0.8789335925470709 -35.20951770821756 1.7763568394002505e-15
      vertex 0.8350640489296506 -34.98897063203834 0
    endloop
  endfacet
  facet normal 0.6702979160660355 0.227535469179768 -0.7063485782407101
    outer loop
      vertex 1.4681483432650566 -35.05163808912039 0.6100000000000012
      vertex 0.9512149903584604 -35.42245185205882 3.552713678800501e-15
      vertex 0.8789335925470709 -35.20951770821756 1.7763568394002505e-15
    endloop
  endfacet
  facet normal 0.7063485770180605 0.04629654090634019 -0.7063485811160581
    outer loop
      vertex 1.3999999985098839 -34.534000001847744 0.6099999999999977
      vertex 1.4171102792024612 -34.795052386820316 0.6099999999999994
      vertex 0.8047070589932552 -34.75838639316234 3.552713678800501e-15
    endloop
  endfacet
  facet normal 0.6942627602395979 0.13809743456376417 -0.7063485813048692
    outer loop
      vertex 1.4171102792024612 -34.795052386820316 0.6099999999999994
      vertex 1.4681483432650566 -35.05163808912039 0.6100000000000012
      vertex 0.8350640489296506 -34.98897063203834 0
    endloop
  endfacet
  facet normal 0.6702979128452504 0.22753547540093283 -0.706348579293094
    outer loop
      vertex 1.5522409304976463 -35.29936686903238 0.610000000000003
      vertex 0.9886744155802516 -35.53280376311053 0
      vertex 0.9512149903584604 -35.42245185205882 3.552713678800501e-15
    endloop
  endfacet
  facet normal 0.6702979128452584 0.22753547540090313 -0.706348579293096
    outer loop
      vertex 1.4681483432650566 -35.05163808912039 0.6100000000000012
      vertex 1.5522409304976463 -35.29936686903238 0.610000000000003
      vertex 0.9512149903584604 -35.42245185205882 3.552713678800501e-15
    endloop
  endfacet
  facet normal 0.6348640739654597 0.3130803290688219 -0.7063485790586242
    outer loop
      vertex 1.5522409304976463 -35.29936686903238 0.610000000000003
      vertex 1.667949192225933 -35.534000001847744 0.610000000000003
      vertex 1.0402171867137593 -35.63732215863737 0
    endloop
  endfacet
  facet normal 0.6348640739654596 0.3130803290688226 -0.7063485790586241
    outer loop
      vertex 1.5522409304976463 -35.29936686903238 0.610000000000003
      vertex 1.0402171867137593 -35.63732215863737 0
      vertex 0.9886744155802516 -35.53280376311053 0
    endloop
  endfacet
  facet normal 0.6348640734368513 0.31308033073231534 -0.7063485787964129
    outer loop
      vertex 1.667949192225933 -35.534000001847744 0.610000000000003
      vertex 1.139673697135665 -35.839000000195064 3.552713678800501e-15
      vertex 1.0402171867137593 -35.63732215863737 0
    endloop
  endfacet
  facet normal 0.5885675543490401 0.39326825385008524 -0.7063485785936676
    outer loop
      vertex 1.667949192225933 -35.534000001847744 0.610000000000003
      vertex 1.2044178974899404 -35.935896546732295 3.552713678800501e-15
      vertex 1.139673697135665 -35.839000000195064 3.552713678800501e-15
    endloop
  endfacet
  facet normal 0.5885675532638479 0.3932682561637015 -0.7063485782097738
    outer loop
      vertex 1.8132933154702187 -35.75152286142111 0.6100000000000012
      vertex 1.3293477783826297 -36.12286733111197 3.552713678800501e-15
      vertex 1.2044178974899404 -35.935896546732295 3.552713678800501e-15
    endloop
  endfacet
  facet normal 0.5322004578240122 0.46672728532449465 -0.7063485781294812
    outer loop
      vertex 1.8132933154702187 -35.75152286142111 0.6100000000000012
      vertex 1.4776134567504595 -36.29193193133581 7.105427357601002e-15
      vertex 1.3293477783826297 -36.12286733111197 3.552713678800501e-15
    endloop
  endfacet
  facet normal 0.5885675543490362 0.39326825385009023 -0.7063485785936682
    outer loop
      vertex 1.667949192225933 -35.534000001847744 0.610000000000003
      vertex 1.8132933154702187 -35.75152286142111 0.6100000000000012
      vertex 1.2044178974899404 -35.935896546732295 3.552713678800501e-15
    endloop
  endfacet
  facet normal 0.5322004522859725 0.4667272899927049 -0.7063485792175643
    outer loop
      vertex 1.9857864379882812 -35.94821356236935 0.6100000000000012
      vertex 1.554451302235778 -36.379548698121845 3.552713678800501e-15
      vertex 1.4776134567504595 -36.29193193133581 7.105427357601002e-15
    endloop
  endfacet
  facet normal 0.4667272899926751 0.5322004522860011 -0.7063485792175627
    outer loop
      vertex 1.9857864379882812 -35.94821356236935 0.6100000000000012
      vertex 1.6420680690218106 -36.45638654360716 1.7763568394002505e-15
      vertex 1.554451302235778 -36.379548698121845 3.552713678800501e-15
    endloop
  endfacet
  facet normal 0.5322004522859826 0.46672728999269203 -0.7063485792175652
    outer loop
      vertex 1.8132933154702187 -35.75152286142111 0.6100000000000012
      vertex 1.9857864379882812 -35.94821356236935 0.6100000000000012
      vertex 1.4776134567504595 -36.29193193133581 7.105427357601002e-15
    endloop
  endfacet
  facet normal 0.4667272899926872 0.5322004522859917 -0.7063485792175616
    outer loop
      vertex 1.9857864379882812 -35.94821356236935 0.6100000000000012
      vertex 2.1824771389365196 -36.1207066848874 0.610000000000003
      vertex 1.6420680690218106 -36.45638654360716 1.7763568394002505e-15
    endloop
  endfacet
  facet normal 0.3932682538500849 0.5885675543490371 -0.7063485785936702
    outer loop
      vertex 2.1824771389365196 -36.1207066848874 0.610000000000003
      vertex 2.399999998509884 -36.26605080813169 0.610000000000003
      vertex 1.9981034536253333 -36.72958210286768 7.105427357601002e-15
    endloop
  endfacet
  facet normal 0.4667272853245116 0.5322004578239953 -0.7063485781294826
    outer loop
      vertex 2.1824771389365196 -36.1207066848874 0.610000000000003
      vertex 1.8111326692456569 -36.604652221974995 5.329070518200751e-15
      vertex 1.6420680690218106 -36.45638654360716 1.7763568394002505e-15
    endloop
  endfacet
  facet normal 0.3932682561636967 0.5885675532638486 -0.7063485782097758
    outer loop
      vertex 2.1824771389365196 -36.1207066848874 0.610000000000003
      vertex 1.9981034536253333 -36.72958210286768 7.105427357601002e-15
      vertex 1.8111326692456569 -36.604652221974995 5.329070518200751e-15
    endloop
  endfacet
  facet normal 0.393268253850076 0.588567554349044 -0.7063485785936696
    outer loop
      vertex 2.399999998509884 -36.26605080813169 0.610000000000003
      vertex 2.0950000001625586 -36.79432630322196 1.7763568394002505e-15
      vertex 1.9981034536253333 -36.72958210286768 7.105427357601002e-15
    endloop
  endfacet
  facet normal 0.3130803307323238 0.6348640734368454 -0.7063485787964144
    outer loop
      vertex 2.399999998509884 -36.26605080813169 0.610000000000003
      vertex 2.296677841720257 -36.89378281364386 5.329070518200751e-15
      vertex 2.0950000001625586 -36.79432630322196 1.7763568394002505e-15
    endloop
  endfacet
  facet normal 0.3130803290688326 0.6348640739654533 -0.7063485790586252
    outer loop
      vertex 2.399999998509884 -36.26605080813169 0.610000000000003
      vertex 2.634633131325245 -36.38175906985998 0.6100000000000012
      vertex 2.296677841720257 -36.89378281364386 5.329070518200751e-15
    endloop
  endfacet
  facet normal 0.3130803290688259 0.634864073965457 -0.7063485790586248
    outer loop
      vertex 2.634633131325245 -36.38175906985998 0.6100000000000012
      vertex 2.401196237247099 -36.94532558477737 3.552713678800501e-15
      vertex 2.296677841720257 -36.89378281364386 5.329070518200751e-15
    endloop
  endfacet
  facet normal 0.22753547540090796 0.6702979128452593 -0.7063485792930938
    outer loop
      vertex 2.634633131325245 -36.38175906985998 0.6100000000000012
      vertex 2.5115481482988073 -36.98278500999916 3.552713678800501e-15
      vertex 2.401196237247099 -36.94532558477737 3.552713678800501e-15
    endloop
  endfacet
  facet normal 0.22753547540090374 0.6702979128452603 -0.7063485792930942
    outer loop
      vertex 2.634633131325245 -36.38175906985998 0.6100000000000012
      vertex 2.88236191123724 -36.46585165709257 0.6099999999999994
      vertex 2.5115481482988073 -36.98278500999916 3.552713678800501e-15
    endloop
  endfacet
  facet normal 0.22753546917977793 0.6702979160660326 -0.7063485782407098
    outer loop
      vertex 2.88236191123724 -36.46585165709257 0.6099999999999994
      vertex 2.724482292140072 -37.05506640781056 1.7763568394002505e-15
      vertex 2.5115481482988073 -36.98278500999916 3.552713678800501e-15
    endloop
  endfacet
  facet normal 0.13809745712560614 0.6942627592037437 -0.7063485779119583
    outer loop
      vertex 2.88236191123724 -36.46585165709257 0.6099999999999994
      vertex 2.945029368319295 -37.098935951427976 1.7763568394002505e-15
      vertex 2.724482292140072 -37.05506640781056 1.7763568394002505e-15
    endloop
  endfacet
  facet normal 0.13809743456376444 0.6942627602395974 -0.7063485813048698
    outer loop
      vertex 2.88236191123724 -36.46585165709257 0.6099999999999994
      vertex 3.1389476135373116 -36.51688972115516 0.6100000000000048
      vertex 2.945029368319295 -37.098935951427976 1.7763568394002505e-15
    endloop
  endfacet
  facet normal 0.046296540906345135 0.7063485770180626 -0.7063485811160557
    outer loop
      vertex 3.1389476135373116 -36.51688972115516 0.6100000000000048
      vertex 3.399999998509884 -36.53400000184774 0.6100000000000048
      vertex 3.17561360719529 -37.12929294136437 1.7763568394002505e-15
    endloop
  endfacet
  facet normal 0.13809743456377896 0.6942627602395937 -0.7063485813048707
    outer loop
      vertex 3.1389476135373116 -36.51688972115516 0.6100000000000048
      vertex 3.0593266357075084 -37.12167108905586 3.552713678800501e-15
      vertex 2.945029368319295 -37.098935951427976 1.7763568394002505e-15
    endloop
  endfacet
  facet normal 0.04629654090632601 0.7063485770180626 -0.7063485811160569
    outer loop
      vertex 3.1389476135373116 -36.51688972115516 0.6100000000000048
      vertex 3.17561360719529 -37.12929294136437 1.7763568394002505e-15
      vertex 3.0593266357075084 -37.12167108905586 3.552713678800501e-15
    endloop
  endfacet
  facet normal 0.04629653248811682 0.7063485788645095 -0.7063485798213686
    outer loop
      vertex 3.399999998509884 -36.53400000184774 0.6100000000000048
      vertex 3.399999998509884 -37.144000002674076 5.329070518200751e-15
      vertex 3.17561360719529 -37.12929294136437 1.7763568394002505e-15
    endloop
  endfacet
  facet normal 0 0.7071067807076045 -0.7071067816654907
    outer loop
      vertex 3.399999998509884 -36.53400000184774 0.6100000000000048
      vertex 29.37200000137091 -37.144000002674076 5.329070518200751e-15
      vertex 3.399999998509884 -37.144000002674076 5.329070518200751e-15
    endloop
  endfacet
  facet normal -1.1644688210889417e-16 -0.7071067807076067 -0.7071067816654885
    outer loop
      vertex 29.37200000137091 -1.8999999985098852 0.6099999999999997
      vertex 3.399999998509884 -1.2899999976835457 4.440892098500626e-16
      vertex 29.37200000137091 -1.2899999976835492 -2.220446049250313e-16
    endloop
  endfacet
  facet normal -0.04629653248810027 -0.7063485788645124 -0.706348579821367
    outer loop
      vertex 29.37200000137091 -1.8999999985098852 0.6099999999999997
      vertex 29.37200000137091 -1.2899999976835492 -2.220446049250313e-16
      vertex 29.596386392685506 -1.3047070589932543 -6.661338147750939e-16
    endloop
  endfacet
  facet normal -0.04629654090633738 -0.7063485770180635 -0.7063485811160555
    outer loop
      vertex 29.37200000137091 -1.8999999985098852 0.6099999999999997
      vertex 29.596386392685506 -1.3047070589932543 -6.661338147750939e-16
      vertex 29.633052386343483 -1.9171102792024604 0.6100000000000003
    endloop
  endfacet
  facet normal -0.04629654090633943 -0.7063485770180636 -0.7063485811160553
    outer loop
      vertex 29.633052386343483 -1.9171102792024604 0.6100000000000003
      vertex 29.596386392685506 -1.3047070589932543 -6.661338147750939e-16
      vertex 29.712673364173288 -1.3123289113017647 -1.1102230246251565e-15
    endloop
  endfacet
  facet normal -0.13809743456377127 -0.6942627602395969 -0.7063485813048689
    outer loop
      vertex 29.633052386343483 -1.9171102792024604 0.6100000000000003
      vertex 29.712673364173288 -1.3123289113017647 -1.1102230246251565e-15
      vertex 29.826970631561498 -1.3350640489296486 -2.220446049250313e-16
    endloop
  endfacet
  facet normal -0.13809745712561483 -0.6942627592037426 -0.7063485779119578
    outer loop
      vertex 29.889638088643554 -1.9681483432650573 0.6100000000000001
      vertex 29.826970631561498 -1.3350640489296486 -2.220446049250313e-16
      vertex 30.04751770774072 -1.3789335925470712 8.881784197001252e-16
    endloop
  endfacet
  facet normal -0.22753546917976913 -0.6702979160660362 -0.7063485782407093
    outer loop
      vertex 29.889638088643554 -1.9681483432650573 0.6100000000000001
      vertex 30.04751770774072 -1.3789335925470712 8.881784197001252e-16
      vertex 30.260451851581987 -1.4512149903584617 1.1102230246251565e-15
    endloop
  endfacet
  facet normal -0.13809743456377355 -0.6942627602395961 -0.7063485813048691
    outer loop
      vertex 29.633052386343483 -1.9171102792024604 0.6100000000000003
      vertex 29.826970631561498 -1.3350640489296486 -2.220446049250313e-16
      vertex 29.889638088643554 -1.9681483432650573 0.6100000000000001
    endloop
  endfacet
  facet normal -0.22753547540090627 -0.6702979128452582 -0.7063485792930954
    outer loop
      vertex 29.889638088643554 -1.9681483432650573 0.6100000000000001
      vertex 30.260451851581987 -1.4512149903584617 1.1102230246251565e-15
      vertex 30.13736686855555 -2.0522409304976463 0.6100000000000001
    endloop
  endfacet
  facet normal -0.22753547540089317 -0.6702979128452616 -0.7063485792930962
    outer loop
      vertex 30.13736686855555 -2.0522409304976463 0.6100000000000001
      vertex 30.260451851581987 -1.4512149903584617 1.1102230246251565e-15
      vertex 30.370803762633695 -1.48867441558025 1.5543122344752192e-15
    endloop
  endfacet
  facet normal -0.3130803290688283 -0.6348640739654531 -0.7063485790586272
    outer loop
      vertex 30.13736686855555 -2.0522409304976463 0.6100000000000001
      vertex 30.370803762633695 -1.48867441558025 1.5543122344752192e-15
      vertex 30.47532215816054 -1.5402171867137613 3.3306690738754696e-16
    endloop
  endfacet
  facet normal -0.3130803290688235 -0.6348640739654559 -0.7063485790586269
    outer loop
      vertex 30.13736686855555 -2.0522409304976463 0.6100000000000001
      vertex 30.47532215816054 -1.5402171867137613 3.3306690738754696e-16
      vertex 30.37200000137091 -2.1679491922259335 0.6099999999999993
    endloop
  endfacet
  facet normal -0.3130803307323146 -0.6348640734368478 -0.7063485787964161
    outer loop
      vertex 30.37200000137091 -2.1679491922259335 0.6099999999999993
      vertex 30.47532215816054 -1.5402171867137613 3.3306690738754696e-16
      vertex 30.676999999718237 -1.6396736971356634 4.440892098500626e-16
    endloop
  endfacet
  facet normal -0.3932682538500934 -0.5885675543490306 -0.706348578593671
    outer loop
      vertex 30.37200000137091 -2.1679491922259335 0.6099999999999993
      vertex 30.676999999718237 -1.6396736971356634 4.440892098500626e-16
      vertex 30.77389654625546 -1.7044178974899369 6.661338147750939e-16
    endloop
  endfacet
  facet normal -0.3932682538500841 -0.5885675543490377 -0.7063485785936701
    outer loop
      vertex 30.37200000137091 -2.1679491922259335 0.6099999999999993
      vertex 30.77389654625546 -1.7044178974899369 6.661338147750939e-16
      vertex 30.589522860944275 -2.3132933154702195 0.6100000000000001
    endloop
  endfacet
  facet normal -0.3932682561636991 -0.5885675532638477 -0.7063485782097751
    outer loop
      vertex 30.589522860944275 -2.3132933154702195 0.6100000000000001
      vertex 30.77389654625546 -1.7044178974899369 6.661338147750939e-16
      vertex 30.960867330635136 -1.8293477783826264 1.4432899320127035e-15
    endloop
  endfacet
  facet normal -0.46672728532450086 -0.5322004578240053 -0.7063485781294822
    outer loop
      vertex 30.589522860944275 -2.3132933154702195 0.6100000000000001
      vertex 30.960867330635136 -1.8293477783826264 1.4432899320127035e-15
      vertex 31.129931930858984 -1.9776134567504597 0
    endloop
  endfacet
  facet normal -0.46672728999268664 -0.5322004522859896 -0.7063485792175634
    outer loop
      vertex 30.786213561892513 -2.4857864379882795 0.610000000000001
      vertex 31.129931930858984 -1.9776134567504597 0
      vertex 31.217548697645018 -2.054451302235777 -2.220446049250313e-16
    endloop
  endfacet
  facet normal -0.46672728999268726 -0.532200452285989 -0.7063485792175636
    outer loop
      vertex 30.589522860944275 -2.3132933154702195 0.6100000000000001
      vertex 31.129931930858984 -1.9776134567504597 0
      vertex 30.786213561892513 -2.4857864379882795 0.610000000000001
    endloop
  endfacet
  facet normal -0.5322004522860015 -0.4667272899926737 -0.7063485792175632
    outer loop
      vertex 30.786213561892513 -2.4857864379882795 0.610000000000001
      vertex 31.217548697645018 -2.054451302235777 -2.220446049250313e-16
      vertex 31.294386543130333 -2.1420680690218123 -4.440892098500626e-16
    endloop
  endfacet
  facet normal -0.5322004578239974 -0.46672728532451013 -0.7063485781294819
    outer loop
      vertex 30.958706684410576 -2.682477138936519 0.6099999999999999
      vertex 31.294386543130333 -2.1420680690218123 -4.440892098500626e-16
      vertex 31.442652221498168 -2.311132669245657 1.1102230246251565e-15
    endloop
  endfacet
  facet normal -0.5885675532638531 -0.3932682561636913 -0.7063485782097749
    outer loop
      vertex 30.958706684410576 -2.682477138936519 0.6099999999999999
      vertex 31.442652221498168 -2.311132669245657 1.1102230246251565e-15
      vertex 31.567582102390855 -2.4981034536253333 6.661338147750939e-16
    endloop
  endfacet
  facet normal -0.5322004522859886 -0.46672728999269014 -0.7063485792175619
    outer loop
      vertex 30.786213561892513 -2.4857864379882795 0.610000000000001
      vertex 31.294386543130333 -2.1420680690218123 -4.440892098500626e-16
      vertex 30.958706684410576 -2.682477138936519 0.6099999999999999
    endloop
  endfacet
  facet normal -0.5885675543490397 -0.3932682538500843 -0.7063485785936684
    outer loop
      vertex 30.958706684410576 -2.682477138936519 0.6099999999999999
      vertex 31.567582102390855 -2.4981034536253333 6.661338147750939e-16
      vertex 31.10405080765486 -2.8999999985098848 0.6099999999999999
    endloop
  endfacet
  facet normal -0.6348640739654564 -0.31308032906882277 -0.7063485790586268
    outer loop
      vertex 31.10405080765486 -2.8999999985098848 0.6099999999999999
      vertex 31.731782813167033 -2.796677841720256 1.2212453270876722e-15
      vertex 31.219759069383148 -3.134633131325245 0.6100000000000003
    endloop
  endfacet
  facet normal -0.5885675543490237 -0.393268253850105 -0.7063485785936703
    outer loop
      vertex 31.10405080765486 -2.8999999985098848 0.6099999999999999
      vertex 31.567582102390855 -2.4981034536253333 6.661338147750939e-16
      vertex 31.63232630274513 -2.595000000162558 9.992007221626409e-16
    endloop
  endfacet
  facet normal -0.6348640734368487 -0.31308033073231406 -0.7063485787964159
    outer loop
      vertex 31.10405080765486 -2.8999999985098848 0.6099999999999999
      vertex 31.63232630274513 -2.595000000162558 9.992007221626409e-16
      vertex 31.731782813167033 -2.796677841720256 1.2212453270876722e-15
    endloop
  endfacet
  facet normal -0.6348640739654566 -0.3130803290688225 -0.7063485790586267
    outer loop
      vertex 31.219759069383148 -3.134633131325245 0.6100000000000003
      vertex 31.731782813167033 -2.796677841720256 1.2212453270876722e-15
      vertex 31.783325584300545 -2.9011962372471 -2.220446049250313e-16
    endloop
  endfacet
  facet normal -0.6702979128452525 -0.22753547540091948 -0.7063485792930966
    outer loop
      vertex 31.219759069383148 -3.134633131325245 0.6100000000000003
      vertex 31.783325584300545 -2.9011962372471 -2.220446049250313e-16
      vertex 31.820785009522336 -3.0115481482988056 1.1102230246251565e-15
    endloop
  endfacet
  facet normal -0.6702979160660363 -0.22753546917976428 -0.7063485782407108
    outer loop
      vertex 31.303851656615738 -3.382361911237241 0.6099999999999995
      vertex 31.820785009522336 -3.0115481482988056 1.1102230246251565e-15
      vertex 31.893066407333723 -3.2244822921400718 1.9984014443252818e-15
    endloop
  endfacet
  facet normal -0.6702979128452567 -0.22753547540090419 -0.7063485792930975
    outer loop
      vertex 31.219759069383148 -3.134633131325245 0.6100000000000003
      vertex 31.820785009522336 -3.0115481482988056 1.1102230246251565e-15
      vertex 31.303851656615738 -3.382361911237241 0.6099999999999995
    endloop
  endfacet
  facet normal -0.6942627602395977 -0.13809743456377174 -0.706348581304868
    outer loop
      vertex 31.303851656615738 -3.382361911237241 0.6099999999999995
      vertex 31.936935950951142 -3.445029368319296 7.771561172376096e-16
      vertex 31.354889720678333 -3.6389476135373107 0.6100000000000001
    endloop
  endfacet
  facet normal -0.6942627592037445 -0.13809745712560156 -0.7063485779119585
    outer loop
      vertex 31.303851656615738 -3.382361911237241 0.6099999999999995
      vertex 31.893066407333723 -3.2244822921400718 1.9984014443252818e-15
      vertex 31.936935950951142 -3.445029368319296 7.771561172376096e-16
    endloop
  endfacet
  facet normal -0.6942627602395954 -0.13809743456377988 -0.7063485813048686
    outer loop
      vertex 31.354889720678333 -3.6389476135373107 0.6100000000000001
      vertex 31.936935950951142 -3.445029368319296 7.771561172376096e-16
      vertex 31.959671088579025 -3.5593266357075066 2.1094237467877974e-15
    endloop
  endfacet
  facet normal -0.70634857701806 -0.04629654090637652 -0.7063485811160563
    outer loop
      vertex 31.354889720678333 -3.6389476135373107 0.6100000000000001
      vertex 31.959671088579025 -3.5593266357075066 2.1094237467877974e-15
      vertex 31.967292940887543 -3.675613607195292 1.7763568394002505e-15
    endloop
  endfacet
  facet normal -0.7063485788645131 -0.04629653248808878 -0.706348579821367
    outer loop
      vertex 31.37200000137091 -3.899999998509884 0.6100000000000001
      vertex 31.967292940887543 -3.675613607195292 1.7763568394002505e-15
      vertex 31.982000002197243 -3.899999998509884 3.4416913763379853e-15
    endloop
  endfacet
  facet normal -0.7063485770180601 -0.0462965409063448 -0.7063485811160582
    outer loop
      vertex 31.354889720678333 -3.6389476135373107 0.6100000000000001
      vertex 31.967292940887543 -3.675613607195292 1.7763568394002505e-15
      vertex 31.37200000137091 -3.899999998509884 0.6100000000000001
    endloop
  endfacet
  facet normal -0.7071067807076069 5.637858932995287e-17 -0.707106781665488
    outer loop
      vertex 31.37200000137091 -3.899999998509884 0.6100000000000001
      vertex 31.982000002197243 -3.899999998509884 3.4416913763379853e-15
      vertex 31.37200000137091 -34.534000001847744 0.6099999999999977
    endloop
  endfacet
  facet normal -0.7071067807076065 3.7809784149196757e-17 -0.7071067816654885
    outer loop
      vertex 31.37200000137091 -34.534000001847744 0.6099999999999977
      vertex 31.982000002197243 -3.899999998509884 3.4416913763379853e-15
      vertex 31.982000002197243 -34.534000001847744 1.7763568394002505e-15
    endloop
  endfacet
  facet normal 0 0.7071067807076045 -0.7071067816654907
    outer loop
      vertex 3.399999998509884 -36.53400000184774 0.6100000000000048
      vertex 29.37200000137091 -36.53400000184774 0.6100000000000048
      vertex 29.37200000137091 -37.144000002674076 5.329070518200751e-15
    endloop
  endfacet
  facet normal -0.04629654090634512 0.7063485770180625 -0.7063485811160558
    outer loop
      vertex 29.37200000137091 -36.53400000184774 0.6100000000000048
      vertex 29.633052386343483 -36.51688972115516 0.6100000000000048
      vertex 29.596386392685506 -37.12929294136437 1.7763568394002505e-15
    endloop
  endfacet
  facet normal -0.04629653248811646 0.7063485788645097 -0.7063485798213686
    outer loop
      vertex 29.37200000137091 -36.53400000184774 0.6100000000000048
      vertex 29.596386392685506 -37.12929294136437 1.7763568394002505e-15
      vertex 29.37200000137091 -37.144000002674076 5.329070518200751e-15
    endloop
  endfacet
  facet normal -0.13809743456376447 0.6942627602395977 -0.7063485813048695
    outer loop
      vertex 29.889638088643554 -36.46585165709257 0.6099999999999994
      vertex 29.826970631561498 -37.098935951427976 1.7763568394002505e-15
      vertex 29.633052386343483 -36.51688972115516 0.6100000000000048
    endloop
  endfacet
  facet normal -0.04629654090630437 0.7063485770180626 -0.7063485811160582
    outer loop
      vertex 29.633052386343483 -36.51688972115516 0.6100000000000048
      vertex 29.712673364173288 -37.121671089055866 0
      vertex 29.596386392685506 -37.12929294136437 1.7763568394002505e-15
    endloop
  endfacet
  facet normal -0.13809743456380275 0.6942627602395873 -0.7063485813048721
    outer loop
      vertex 29.633052386343483 -36.51688972115516 0.6100000000000048
      vertex 29.826970631561498 -37.098935951427976 1.7763568394002505e-15
      vertex 29.712673364173288 -37.121671089055866 0
    endloop
  endfacet
  facet normal -0.22753547540090407 0.6702979128452613 -0.7063485792930931
    outer loop
      vertex 29.889638088643554 -36.46585165709257 0.6099999999999994
      vertex 30.13736686855555 -36.38175906985998 0.6100000000000012
      vertex 30.260451851581987 -36.98278500999916 1.7763568394002505e-15
    endloop
  endfacet
  facet normal -0.1380974571256062 0.6942627592037439 -0.7063485779119583
    outer loop
      vertex 29.889638088643554 -36.46585165709257 0.6099999999999994
      vertex 30.04751770774072 -37.05506640781056 1.7763568394002505e-15
      vertex 29.826970631561498 -37.098935951427976 1.7763568394002505e-15
    endloop
  endfacet
  facet normal -0.22753546917978176 0.6702979160660318 -0.7063485782407095
    outer loop
      vertex 29.889638088643554 -36.46585165709257 0.6099999999999994
      vertex 30.260451851581987 -36.98278500999916 1.7763568394002505e-15
      vertex 30.04751770774072 -37.05506640781056 1.7763568394002505e-15
    endloop
  endfacet
  facet normal -0.39326825385008535 0.5885675543490376 -0.7063485785936695
    outer loop
      vertex 30.37200000137091 -36.26605080813169 0.610000000000003
      vertex 30.589522860944275 -36.1207066848874 0.610000000000003
      vertex 30.77389654625546 -36.72958210286769 0
    endloop
  endfacet
  facet normal -0.6348640739654587 0.31308032906882133 -0.7063485790586252
    outer loop
      vertex 31.10405080765486 -35.534000001847744 0.610000000000003
      vertex 31.219759069383148 -35.29936686903238 0.610000000000003
      vertex 31.731782813167033 -35.63732215863737 3.552713678800501e-15
    endloop
  endfacet
  facet normal -0.532200457824 0.46672728532450825 -0.7063485781294812
    outer loop
      vertex 30.958706684410576 -35.75152286142111 0.6100000000000012
      vertex 31.442652221498168 -36.12286733111197 1.7763568394002505e-15
      vertex 31.294386543130333 -36.29193193133581 3.552713678800501e-15
    endloop
  endfacet
  facet normal -0.5885675532638481 0.3932682561636998 -0.7063485782097745
    outer loop
      vertex 30.958706684410576 -35.75152286142111 0.6100000000000012
      vertex 31.567582102390855 -35.935896546732295 3.552713678800501e-15
      vertex 31.442652221498168 -36.12286733111197 1.7763568394002505e-15
    endloop
  endfacet
  facet normal -0.4667272899926865 0.5322004522859909 -0.7063485792175627
    outer loop
      vertex 30.589522860944275 -36.1207066848874 0.610000000000003
      vertex 30.786213561892513 -35.94821356236935 0.6100000000000012
      vertex 31.129931930858984 -36.45638654360717 -1.7763568394002505e-15
    endloop
  endfacet
  facet normal -0.4667272899926945 0.5322004522859848 -0.7063485792175621
    outer loop
      vertex 30.786213561892513 -35.94821356236935 0.6100000000000012
      vertex 31.217548697645018 -36.379548698121845 0
      vertex 31.129931930858984 -36.45638654360717 -1.7763568394002505e-15
    endloop
  endfacet
  facet normal -0.5322004522859847 0.46672728999269386 -0.7063485792175624
    outer loop
      vertex 30.958706684410576 -35.75152286142111 0.6100000000000012
      vertex 31.294386543130333 -36.29193193133581 3.552713678800501e-15
      vertex 30.786213561892513 -35.94821356236935 0.6100000000000012
    endloop
  endfacet
  facet normal -0.5885675543490358 0.39326825385008995 -0.7063485785936685
    outer loop
      vertex 31.10405080765486 -35.534000001847744 0.610000000000003
      vertex 31.567582102390855 -35.935896546732295 3.552713678800501e-15
      vertex 30.958706684410576 -35.75152286142111 0.6100000000000012
    endloop
  endfacet
  facet normal -0.5322004522859848 0.4667272899926939 -0.7063485792175623
    outer loop
      vertex 30.786213561892513 -35.94821356236935 0.6100000000000012
      vertex 31.294386543130333 -36.29193193133581 3.552713678800501e-15
      vertex 31.217548697645018 -36.379548698121845 0
    endloop
  endfacet
  facet normal -0.3130803290688314 0.634864073965451 -0.7063485790586278
    outer loop
      vertex 30.13736686855555 -36.38175906985998 0.6100000000000012
      vertex 30.37200000137091 -36.26605080813169 0.610000000000003
      vertex 30.47532215816054 -36.89378281364387 1.7763568394002505e-15
    endloop
  endfacet
  facet normal -0.22753547540089789 0.6702979128452631 -0.7063485792930935
    outer loop
      vertex 30.13736686855555 -36.38175906985998 0.6100000000000012
      vertex 30.370803762633695 -36.94532558477737 3.552713678800501e-15
      vertex 30.260451851581987 -36.98278500999916 1.7763568394002505e-15
    endloop
  endfacet
  facet normal -0.3130803290688015 0.634864073965468 -0.7063485790586258
    outer loop
      vertex 30.13736686855555 -36.38175906985998 0.6100000000000012
      vertex 30.47532215816054 -36.89378281364387 1.7763568394002505e-15
      vertex 30.370803762633695 -36.94532558477737 3.552713678800501e-15
    endloop
  endfacet
  facet normal -0.3130803307323335 0.6348640734368395 -0.7063485787964153
    outer loop
      vertex 30.37200000137091 -36.26605080813169 0.610000000000003
      vertex 30.676999999718237 -36.79432630322196 1.7763568394002505e-15
      vertex 30.47532215816054 -36.89378281364387 1.7763568394002505e-15
    endloop
  endfacet
  facet normal -0.3932682538500867 0.5885675543490366 -0.7063485785936698
    outer loop
      vertex 30.37200000137091 -36.26605080813169 0.610000000000003
      vertex 30.77389654625546 -36.72958210286769 0
      vertex 30.676999999718237 -36.79432630322196 1.7763568394002505e-15
    endloop
  endfacet
  facet normal -0.39326825616368327 0.5885675532638556 -0.7063485782097776
    outer loop
      vertex 30.589522860944275 -36.1207066848874 0.610000000000003
      vertex 30.960867330635143 -36.604652221975 0
      vertex 30.77389654625546 -36.72958210286769 0
    endloop
  endfacet
  facet normal -0.4667272853245144 0.5322004578239903 -0.7063485781294844
    outer loop
      vertex 30.589522860944275 -36.1207066848874 0.610000000000003
      vertex 31.129931930858984 -36.45638654360717 -1.7763568394002505e-15
      vertex 30.960867330635143 -36.604652221975 0
    endloop
  endfacet
  facet normal -0.7063485788645122 0.046296532488101165 -0.706348579821367
    outer loop
      vertex 31.37200000137091 -34.534000001847744 0.6099999999999977
      vertex 31.982000002197243 -34.534000001847744 1.7763568394002505e-15
      vertex 31.967292940887535 -34.75838639316233 3.552713678800501e-15
    endloop
  endfacet
  facet normal -0.706348577018063 0.04629654090631201 -0.7063485811160576
    outer loop
      vertex 31.354889720678333 -34.795052386820316 0.6099999999999994
      vertex 31.967292940887535 -34.75838639316233 3.552713678800501e-15
      vertex 31.959671088579032 -34.87467336465012 0
    endloop
  endfacet
  facet normal -0.6942627602395949 0.13809743456376342 -0.7063485813048723
    outer loop
      vertex 31.354889720678333 -34.795052386820316 0.6099999999999994
      vertex 31.959671088579032 -34.87467336465012 0
      vertex 31.93693595095115 -34.98897063203834 0
    endloop
  endfacet
  facet normal -0.6942627602395949 0.13809743456376358 -0.7063485813048723
    outer loop
      vertex 31.354889720678333 -34.795052386820316 0.6099999999999994
      vertex 31.93693595095115 -34.98897063203834 0
      vertex 31.303851656615738 -35.05163808912039 0.6100000000000012
    endloop
  endfacet
  facet normal -0.7063485770180629 0.04629654090634034 -0.7063485811160558
    outer loop
      vertex 31.37200000137091 -34.534000001847744 0.6099999999999977
      vertex 31.967292940887535 -34.75838639316233 3.552713678800501e-15
      vertex 31.354889720678333 -34.795052386820316 0.6099999999999994
    endloop
  endfacet
  facet normal -0.6702979160660372 0.22753546917976283 -0.7063485782407104
    outer loop
      vertex 31.303851656615738 -35.05163808912039 0.6100000000000012
      vertex 31.893066407333723 -35.20951770821756 1.7763568394002505e-15
      vertex 31.820785009522336 -35.42245185205882 3.552713678800501e-15
    endloop
  endfacet
  facet normal -0.670297912845251 0.22753547540092747 -0.7063485792930954
    outer loop
      vertex 31.219759069383148 -35.29936686903238 0.610000000000003
      vertex 31.820785009522336 -35.42245185205882 3.552713678800501e-15
      vertex 31.783325584300545 -35.53280376311053 0
    endloop
  endfacet
  facet normal -0.6702979128452575 0.22753547540090283 -0.706348579293097
    outer loop
      vertex 31.303851656615738 -35.05163808912039 0.6100000000000012
      vertex 31.820785009522336 -35.42245185205882 3.552713678800501e-15
      vertex 31.219759069383148 -35.29936686903238 0.610000000000003
    endloop
  endfacet
  facet normal -0.6942627592037406 0.138097457125622 -0.7063485779119585
    outer loop
      vertex 31.303851656615738 -35.05163808912039 0.6100000000000012
      vertex 31.93693595095115 -34.98897063203834 0
      vertex 31.893066407333723 -35.20951770821756 1.7763568394002505e-15
    endloop
  endfacet
  facet normal -0.6348640739654569 0.31308032906882455 -0.7063485790586256
    outer loop
      vertex 31.219759069383148 -35.29936686903238 0.610000000000003
      vertex 31.783325584300545 -35.53280376311053 0
      vertex 31.731782813167033 -35.63732215863737 3.552713678800501e-15
    endloop
  endfacet
  facet normal -0.5885675543490371 0.39326825385008823 -0.7063485785936684
    outer loop
      vertex 31.10405080765486 -35.534000001847744 0.610000000000003
      vertex 31.63232630274513 -35.839000000195064 3.552713678800501e-15
      vertex 31.567582102390855 -35.935896546732295 3.552713678800501e-15
    endloop
  endfacet
  facet normal -0.6348640734368498 0.31308033073231595 -0.7063485787964139
    outer loop
      vertex 31.10405080765486 -35.534000001847744 0.610000000000003
      vertex 31.731782813167033 -35.63732215863737 3.552713678800501e-15
      vertex 31.63232630274513 -35.839000000195064 3.552713678800501e-15
    endloop
  endfacet
  facet normal 0.8314696207458858 -0.5555702203832499 1.2652448214678084e-15
    outer loop
      vertex 1.667949192225933 -2.8999999985098848 0.6099999999999999
      vertex 1.8132933154702187 -2.682477138936519 0.6099999999999999
      vertex 1.667949192225933 -2.899999998509884 0.9999999999999998
    endloop
  endfacet
  facet normal 0.896872733215922 -0.4422887070837346 9.861321632591955e-16
    outer loop
      vertex 1.667949192225933 -2.8999999985098848 0.6099999999999999
      vertex 1.5522409304976463 -3.134633131325244 1.0000000000000002
      vertex 1.5522409304976463 -3.134633131325245 0.6100000000000003
    endloop
  endfacet
  facet normal 0.896872733215922 -0.4422887070837345 1.0072597048944693e-15
    outer loop
      vertex 1.667949192225933 -2.8999999985098848 0.6099999999999999
      vertex 1.667949192225933 -2.899999998509884 0.9999999999999998
      vertex 1.5522409304976463 -3.134633131325244 1.0000000000000002
    endloop
  endfacet
  facet normal 0.946930131998407 -0.32143945792867346 3.40045566638416e-16
    outer loop
      vertex 1.5522409304976463 -3.134633131325245 0.6100000000000003
      vertex 1.4681483432650566 -3.3823619112372407 0.9999999999999991
      vertex 1.4681483432650566 -3.382361911237241 0.6099999999999995
    endloop
  endfacet
  facet normal 0.9469301319984071 -0.321439457928673 7.32039973775266e-16
    outer loop
      vertex 1.5522409304976463 -3.134633131325245 0.6100000000000003
      vertex 1.5522409304976463 -3.134633131325244 1.0000000000000002
      vertex 1.4681483432650566 -3.3823619112372407 0.9999999999999991
    endloop
  endfacet
  facet normal 0.9807852843656892 -0.1950903020955011 0
    outer loop
      vertex 1.4681483432650566 -3.382361911237241 0.6099999999999995
      vertex 1.4171102792024612 -3.6389476135373107 1.0000000000000007
      vertex 1.4171102792024612 -3.6389476135373107 0.6100000000000001
    endloop
  endfacet
  facet normal 0.9807852843656893 -0.19509030209550077 2.221474310435924e-16
    outer loop
      vertex 1.4681483432650566 -3.382361911237241 0.6099999999999995
      vertex 1.4681483432650566 -3.3823619112372407 0.9999999999999991
      vertex 1.4171102792024612 -3.6389476135373107 1.0000000000000007
    endloop
  endfacet
  facet normal 0.9978589223891016 -0.06540314219103609 0
    outer loop
      vertex 1.4171102792024612 -3.6389476135373107 0.6100000000000001
      vertex 1.4171102792024612 -3.6389476135373107 1.0000000000000007
      vertex 1.3999999985098839 -3.899999998509884 1.0000000000000007
    endloop
  endfacet
  facet normal 0.3214394579286735 -0.9469301319984069 1.5982141632005631e-15
    outer loop
      vertex 2.634633131325245 -2.052240930497646 0.9999999999999999
      vertex 2.88236191123724 -1.9681483432650573 0.6100000000000001
      vertex 2.88236191123724 -1.9681483432650566 0.9999999999999998
    endloop
  endfacet
  facet normal 0.7518397936522627 -0.659345830866415 0
    outer loop
      vertex 1.9857864379882812 -2.4857864379882795 0.610000000000001
      vertex 1.8132933154702187 -2.682477138936519 1.0000000000000002
      vertex 1.8132933154702187 -2.682477138936519 0.6099999999999999
    endloop
  endfacet
  facet normal 0.6593458308664184 -0.7518397936522596 8.841184892046048e-16
    outer loop
      vertex 1.9857864379882812 -2.485786437988282 0.9999999999999992
      vertex 2.1824771389365196 -2.3132933154702195 0.6100000000000001
      vertex 2.1824771389365196 -2.313293315470219 0.9999999999999998
    endloop
  endfacet
  facet normal 0.5555702203832522 -0.8314696207458844 0
    outer loop
      vertex 2.399999998509884 -2.1679491922259335 0.6099999999999993
      vertex 2.399999998509884 -2.1679491922259335 0.9999999999999999
      vertex 2.1824771389365196 -2.313293315470219 0.9999999999999998
    endloop
  endfacet
  facet normal 0.5555702203832533 -0.8314696207458835 9.46786376644541e-16
    outer loop
      vertex 2.1824771389365196 -2.3132933154702195 0.6100000000000001
      vertex 2.399999998509884 -2.1679491922259335 0.6099999999999993
      vertex 2.1824771389365196 -2.313293315470219 0.9999999999999998
    endloop
  endfacet
  facet normal 0.6593458308664117 -0.7518397936522656 -5.136675998413389e-15
    outer loop
      vertex 1.9857864379882812 -2.4857864379882795 0.610000000000001
      vertex 2.1824771389365196 -2.3132933154702195 0.6100000000000001
      vertex 1.9857864379882812 -2.485786437988282 0.9999999999999992
    endloop
  endfacet
  facet normal 0.8314696207458847 -0.5555702203832514 0
    outer loop
      vertex 1.8132933154702187 -2.682477138936519 1.0000000000000002
      vertex 1.667949192225933 -2.899999998509884 0.9999999999999998
      vertex 1.8132933154702187 -2.682477138936519 0.6099999999999999
    endloop
  endfacet
  facet normal 0.7518397936522583 -0.6593458308664201 -4.5047441391908125e-15
    outer loop
      vertex 1.9857864379882812 -2.4857864379882795 0.610000000000001
      vertex 1.9857864379882812 -2.485786437988282 0.9999999999999992
      vertex 1.8132933154702187 -2.682477138936519 1.0000000000000002
    endloop
  endfacet
  facet normal 0.4422887070837345 -0.8968727332159221 0
    outer loop
      vertex 2.399999998509884 -2.1679491922259335 0.6099999999999993
      vertex 2.634633131325245 -2.0522409304976463 0.6100000000000001
      vertex 2.399999998509884 -2.1679491922259335 0.9999999999999999
    endloop
  endfacet
  facet normal 0.4422887070837359 -0.8968727332159213 1.0201367206129566e-15
    outer loop
      vertex 2.399999998509884 -2.1679491922259335 0.9999999999999999
      vertex 2.634633131325245 -2.0522409304976463 0.6100000000000001
      vertex 2.634633131325245 -2.052240930497646 0.9999999999999999
    endloop
  endfacet
  facet normal 0.3214394579286728 -0.9469301319984073 1.0782601387240728e-15
    outer loop
      vertex 2.634633131325245 -2.0522409304976463 0.6100000000000001
      vertex 2.88236191123724 -1.9681483432650573 0.6100000000000001
      vertex 2.634633131325245 -2.052240930497646 0.9999999999999999
    endloop
  endfacet
  facet normal 0.19509030209550515 -0.9807852843656885 1.675216007563569e-15
    outer loop
      vertex 2.88236191123724 -1.9681483432650573 0.6100000000000001
      vertex 3.1389476135373116 -1.9171102792024604 0.6100000000000003
      vertex 2.88236191123724 -1.9681483432650566 0.9999999999999998
    endloop
  endfacet
  facet normal 0.19509030209550354 -0.9807852843656888 5.584053358545218e-16
    outer loop
      vertex 3.1389476135373116 -1.9171102792024604 0.6100000000000003
      vertex 3.1389476135373116 -1.9171102792024601 1.0000000000000009
      vertex 2.88236191123724 -1.9681483432650566 0.9999999999999998
    endloop
  endfacet
  facet normal 0.06540314219102786 -0.9978589223891021 5.681261286995009e-16
    outer loop
      vertex 3.1389476135373116 -1.9171102792024604 0.6100000000000003
      vertex 3.399999998509884 -1.8999999985098852 0.6099999999999997
      vertex 3.1389476135373116 -1.9171102792024601 1.0000000000000009
    endloop
  endfacet
  facet normal 0.0654031421910287 -0.9978589223891021 1.1391526667047683e-15
    outer loop
      vertex 3.1389476135373116 -1.9171102792024601 1.0000000000000009
      vertex 3.399999998509884 -1.8999999985098852 0.6099999999999997
      vertex 3.399999998509884 -1.8999999985098848 0.9999999999999994
    endloop
  endfacet
  facet normal 0.9978589223891016 -0.06540314219103609 0
    outer loop
      vertex 1.4171102792024612 -3.6389476135373107 0.6100000000000001
      vertex 1.3999999985098839 -3.899999998509884 1.0000000000000007
      vertex 1.3999999985098839 -3.899999998509884 0.6100000000000001
    endloop
  endfacet
  facet normal 1 0 0
    outer loop
      vertex 1.3999999985098839 -3.899999998509884 0.6100000000000001
      vertex 1.3999999985098839 -3.899999998509884 1.0000000000000007
      vertex 1.3999999985098839 -4.690000000000001 1.0000000000000004
    endloop
  endfacet
  facet normal 1 0 0
    outer loop
      vertex 1.3999999985098839 -3.899999998509884 0.6100000000000001
      vertex 1.3999999985098839 -4.690000000000001 1.0000000000000004
      vertex 1.3999999985098839 -34.534000001847744 1.0000000000000018
    endloop
  endfacet
  facet normal 0 -1 1.1386902816668277e-15
    outer loop
      vertex 3.399999998509884 -1.8999999985098852 0.6099999999999997
      vertex 29.37200000137091 -1.8999999985098852 0.6099999999999997
      vertex 3.399999998509884 -1.8999999985098848 0.9999999999999994
    endloop
  endfacet
  facet normal 1 0 0
    outer loop
      vertex 1.3999999985098839 -3.899999998509884 0.6100000000000001
      vertex 1.3999999985098839 -34.534000001847744 1.0000000000000018
      vertex 1.3999999985098839 -34.534000001847744 0.6099999999999977
    endloop
  endfacet
  facet normal 0.9978589223891016 0.06540314219103809 0
    outer loop
      vertex 1.3999999985098839 -34.534000001847744 0.6099999999999977
      vertex 1.3999999985098839 -34.534000001847744 1.0000000000000018
      vertex 1.4171102792024612 -34.79505238682031 1.0000000000000036
    endloop
  endfacet
  facet normal 0.9978589223891016 0.06540314219103631 -1.1901595025273562e-15
    outer loop
      vertex 1.3999999985098839 -34.534000001847744 0.6099999999999977
      vertex 1.4171102792024612 -34.79505238682031 1.0000000000000036
      vertex 1.4171102792024612 -34.795052386820316 0.6099999999999994
    endloop
  endfacet
  facet normal 0.9807852843656897 0.1950903020954995 3.553476301589373e-15
    outer loop
      vertex 1.4171102792024612 -34.795052386820316 0.6099999999999994
      vertex 1.4681483432650566 -35.051638089120395 0.9999999999999982
      vertex 1.4681483432650566 -35.05163808912039 0.6100000000000012
    endloop
  endfacet
  facet normal 0.9807852843656917 0.19509030209548905 -3.554358896697224e-15
    outer loop
      vertex 1.4171102792024612 -34.795052386820316 0.6099999999999994
      vertex 1.4171102792024612 -34.79505238682031 1.0000000000000036
      vertex 1.4681483432650566 -35.051638089120395 0.9999999999999982
    endloop
  endfacet
  facet normal 0.9469301319984065 0.32143945792867507 -5.848783746180795e-15
    outer loop
      vertex 1.4681483432650566 -35.05163808912039 0.6100000000000012
      vertex 1.5522409304976463 -35.299366869032376 1.0000000000000018
      vertex 1.5522409304976463 -35.29936686903238 0.610000000000003
    endloop
  endfacet
  facet normal 0.9469301319984008 0.3214394579286916 5.8563197902025106e-15
    outer loop
      vertex 1.4681483432650566 -35.05163808912039 0.6100000000000012
      vertex 1.4681483432650566 -35.051638089120395 0.9999999999999982
      vertex 1.5522409304976463 -35.299366869032376 1.0000000000000018
    endloop
  endfacet
  facet normal 0.8968727332159228 0.44228870708373325 0
    outer loop
      vertex 1.5522409304976463 -35.29936686903238 0.610000000000003
      vertex 1.667949192225933 -35.534000001847744 1
      vertex 1.667949192225933 -35.534000001847744 0.610000000000003
    endloop
  endfacet
  facet normal 0.896872733215928 0.44228870708372237 -8.058077639155556e-15
    outer loop
      vertex 1.5522409304976463 -35.29936686903238 0.610000000000003
      vertex 1.5522409304976463 -35.299366869032376 1.0000000000000018
      vertex 1.667949192225933 -35.534000001847744 1
    endloop
  endfacet
  facet normal 0.8314696207458843 0.5555702203832521 0
    outer loop
      vertex 1.667949192225933 -35.534000001847744 0.610000000000003
      vertex 1.667949192225933 -35.534000001847744 1
      vertex 1.8132933154702187 -35.75152286142111 1
    endloop
  endfacet
  facet normal 0.8314696207458843 0.5555702203832521 0
    outer loop
      vertex 1.667949192225933 -35.534000001847744 0.610000000000003
      vertex 1.8132933154702187 -35.75152286142111 1
      vertex 1.8132933154702187 -35.75152286142111 0.6100000000000012
    endloop
  endfacet
  facet normal 0.7518397936522606 0.6593458308664175 0
    outer loop
      vertex 1.8132933154702187 -35.75152286142111 0.6100000000000012
      vertex 1.8132933154702187 -35.75152286142111 1
      vertex 1.9857864379882812 -35.94821356236935 1
    endloop
  endfacet
  facet normal 0.7518397936522606 0.6593458308664175 0
    outer loop
      vertex 1.8132933154702187 -35.75152286142111 0.6100000000000012
      vertex 1.9857864379882812 -35.94821356236935 1
      vertex 1.9857864379882812 -35.94821356236935 0.6100000000000012
    endloop
  endfacet
  facet normal 0.659345830866402 0.7518397936522739 1.3669832025394566e-14
    outer loop
      vertex 1.9857864379882812 -35.94821356236935 0.6100000000000012
      vertex 2.1824771389365196 -36.12070668488741 1.0000000000000018
      vertex 2.1824771389365196 -36.1207066848874 0.610000000000003
    endloop
  endfacet
  facet normal 0.6593458308664175 0.7518397936522606 0
    outer loop
      vertex 1.9857864379882812 -35.94821356236935 1
      vertex 2.1824771389365196 -36.12070668488741 1.0000000000000018
      vertex 1.9857864379882812 -35.94821356236935 0.6100000000000012
    endloop
  endfacet
  facet normal 0.5555702203832522 0.8314696207458843 1.5148582026312702e-14
    outer loop
      vertex 2.1824771389365196 -36.1207066848874 0.610000000000003
      vertex 2.1824771389365196 -36.12070668488741 1.0000000000000018
      vertex 2.399999998509884 -36.266050808131695 1.0000000000000018
    endloop
  endfacet
  facet normal 0.5555702203832522 0.8314696207458843 1.5166032607291042e-14
    outer loop
      vertex 2.1824771389365196 -36.1207066848874 0.610000000000003
      vertex 2.399999998509884 -36.266050808131695 1.0000000000000018
      vertex 2.399999998509884 -36.26605080813169 0.610000000000003
    endloop
  endfacet
  facet normal 0.4422887070837332 0.8968727332159228 1.634016424327903e-14
    outer loop
      vertex 2.399999998509884 -36.26605080813169 0.610000000000003
      vertex 2.399999998509884 -36.266050808131695 1.0000000000000018
      vertex 2.634633131325245 -36.38175906985998 1
    endloop
  endfacet
  facet normal 0.4422887070837551 0.896872733215912 0
    outer loop
      vertex 2.399999998509884 -36.26605080813169 0.610000000000003
      vertex 2.634633131325245 -36.38175906985998 1
      vertex 2.634633131325245 -36.38175906985998 0.6100000000000012
    endloop
  endfacet
  facet normal 0.3214394579286751 0.9469301319984065 0
    outer loop
      vertex 2.634633131325245 -36.38175906985998 0.6100000000000012
      vertex 2.88236191123724 -36.46585165709257 1
      vertex 2.88236191123724 -36.46585165709257 0.6099999999999994
    endloop
  endfacet
  facet normal 0.32143945792867507 0.9469301319984065 0
    outer loop
      vertex 2.634633131325245 -36.38175906985998 0.6100000000000012
      vertex 2.634633131325245 -36.38175906985998 1
      vertex 2.88236191123724 -36.46585165709257 1
    endloop
  endfacet
  facet normal 0.19509030209547332 0.9807852843656948 0
    outer loop
      vertex 2.88236191123724 -36.46585165709257 0.6099999999999994
      vertex 2.88236191123724 -36.46585165709257 1
      vertex 3.1389476135373116 -36.51688972115516 1.0000000000000018
    endloop
  endfacet
  facet normal 0.19509030209547337 0.9807852843656949 0
    outer loop
      vertex 2.88236191123724 -36.46585165709257 0.6099999999999994
      vertex 3.1389476135373116 -36.51688972115516 1.0000000000000018
      vertex 3.1389476135373116 -36.51688972115516 0.6100000000000048
    endloop
  endfacet
  facet normal 0.06540314219103631 0.9978589223891016 0
    outer loop
      vertex 3.1389476135373116 -36.51688972115516 0.6100000000000048
      vertex 3.1389476135373116 -36.51688972115516 1.0000000000000018
      vertex 3.399999998509884 -36.53400000184774 1
    endloop
  endfacet
  facet normal 0.06540314219103631 0.9978589223891016 0
    outer loop
      vertex 3.1389476135373116 -36.51688972115516 0.6100000000000048
      vertex 3.399999998509884 -36.53400000184774 1
      vertex 3.399999998509884 -36.53400000184774 0.6100000000000048
    endloop
  endfacet
  facet normal 0 1 0
    outer loop
      vertex 3.399999998509884 -36.53400000184774 0.6100000000000048
      vertex 3.399999998509884 -36.53400000184774 1
      vertex 29.37200000137091 -36.53400000184774 1
    endloop
  endfacet
  facet normal 0 -1 1.1386902816668277e-15
    outer loop
      vertex 3.399999998509884 -1.8999999985098848 0.9999999999999994
      vertex 29.37200000137091 -1.8999999985098852 0.6099999999999997
      vertex 29.37200000137091 -1.8999999985098848 0.9999999999999994
    endloop
  endfacet
  facet normal -0.06540314219102784 -0.9978589223891021 1.136252257399004e-15
    outer loop
      vertex 29.37200000137091 -1.8999999985098852 0.6099999999999997
      vertex 29.633052386343483 -1.9171102792024604 0.6100000000000003
      vertex 29.37200000137091 -1.8999999985098848 0.9999999999999994
    endloop
  endfacet
  facet normal -0.0654031421910287 -0.9978589223891021 5.610751940486162e-16
    outer loop
      vertex 29.37200000137091 -1.8999999985098848 0.9999999999999994
      vertex 29.633052386343483 -1.9171102792024604 0.6100000000000003
      vertex 29.633052386343483 -1.9171102792024601 1.0000000000000009
    endloop
  endfacet
  facet normal -0.19509030209550515 -0.9807852843656886 5.584053358545217e-16
    outer loop
      vertex 29.633052386343483 -1.9171102792024604 0.6100000000000003
      vertex 29.889638088643554 -1.9681483432650573 0.6100000000000001
      vertex 29.633052386343483 -1.9171102792024601 1.0000000000000009
    endloop
  endfacet
  facet normal -0.19509030209550354 -0.9807852843656889 1.6752160075635697e-15
    outer loop
      vertex 29.889638088643554 -1.9681483432650573 0.6100000000000001
      vertex 29.889638088643554 -1.9681483432650566 0.9999999999999998
      vertex 29.633052386343483 -1.9171102792024601 1.0000000000000009
    endloop
  endfacet
  facet normal -0.32143945792867273 -0.9469301319984071 1.6173902080861097e-15
    outer loop
      vertex 29.889638088643554 -1.9681483432650573 0.6100000000000001
      vertex 30.13736686855555 -2.0522409304976463 0.6100000000000001
      vertex 29.889638088643554 -1.9681483432650566 0.9999999999999998
    endloop
  endfacet
  facet normal -0.32143945792867357 -0.946930131998407 1.0881458132429365e-15
    outer loop
      vertex 29.889638088643554 -1.9681483432650566 0.9999999999999998
      vertex 30.13736686855555 -2.0522409304976463 0.6100000000000001
      vertex 30.13736686855555 -2.052240930497646 0.9999999999999999
    endloop
  endfacet
  facet normal -0.4422887070837345 -0.896872733215922 1.021260265204936e-15
    outer loop
      vertex 30.13736686855555 -2.0522409304976463 0.6100000000000001
      vertex 30.37200000137091 -2.1679491922259335 0.6099999999999993
      vertex 30.13736686855555 -2.052240930497646 0.9999999999999999
    endloop
  endfacet
  facet normal -0.5555702203832533 -0.8314696207458834 0
    outer loop
      vertex 30.37200000137091 -2.1679491922259335 0.6099999999999993
      vertex 30.589522860944275 -2.3132933154702195 0.6100000000000001
      vertex 30.37200000137091 -2.1679491922259335 0.9999999999999999
    endloop
  endfacet
  facet normal -0.44228870708373597 -0.8968727332159214 0
    outer loop
      vertex 30.13736686855555 -2.052240930497646 0.9999999999999999
      vertex 30.37200000137091 -2.1679491922259335 0.6099999999999993
      vertex 30.37200000137091 -2.1679491922259335 0.9999999999999999
    endloop
  endfacet
  facet normal -0.5555702203832522 -0.8314696207458843 9.521276076326193e-16
    outer loop
      vertex 30.37200000137091 -2.1679491922259335 0.9999999999999999
      vertex 30.589522860944275 -2.3132933154702195 0.6100000000000001
      vertex 30.589522860944275 -2.313293315470219 0.9999999999999998
    endloop
  endfacet
  facet normal -0.6593458308664117 -0.7518397936522656 8.561126664022283e-16
    outer loop
      vertex 30.589522860944275 -2.3132933154702195 0.6100000000000001
      vertex 30.786213561892513 -2.4857864379882795 0.610000000000001
      vertex 30.589522860944275 -2.313293315470219 0.9999999999999998
    endloop
  endfacet
  facet normal -0.6593458308664183 -0.7518397936522597 -5.168692706119247e-15
    outer loop
      vertex 30.589522860944275 -2.313293315470219 0.9999999999999998
      vertex 30.786213561892513 -2.4857864379882795 0.610000000000001
      vertex 30.786213561892513 -2.485786437988282 0.9999999999999992
    endloop
  endfacet
  facet normal -0.7518397936522627 -0.6593458308664149 -4.504744139190778e-15
    outer loop
      vertex 30.786213561892513 -2.4857864379882795 0.610000000000001
      vertex 30.958706684410576 -2.682477138936519 0.6099999999999999
      vertex 30.786213561892513 -2.485786437988282 0.9999999999999992
    endloop
  endfacet
  facet normal -0.8314696207458859 -0.5555702203832499 0
    outer loop
      vertex 30.958706684410576 -2.682477138936519 1.0000000000000002
      vertex 30.958706684410576 -2.682477138936519 0.6099999999999999
      vertex 31.10405080765486 -2.8999999985098848 0.6099999999999999
    endloop
  endfacet
  facet normal -0.7518397936522584 -0.6593458308664201 0
    outer loop
      vertex 30.786213561892513 -2.485786437988282 0.9999999999999992
      vertex 30.958706684410576 -2.682477138936519 0.6099999999999999
      vertex 30.958706684410576 -2.682477138936519 1.0000000000000002
    endloop
  endfacet
  facet normal -0.8314696207458847 -0.5555702203832513 1.2921731817871236e-15
    outer loop
      vertex 30.958706684410576 -2.682477138936519 1.0000000000000002
      vertex 31.10405080765486 -2.8999999985098848 0.6099999999999999
      vertex 31.10405080765486 -2.899999998509884 0.9999999999999998
    endloop
  endfacet
  facet normal -0.896872733215922 -0.4422887070837345 1.0072597048944693e-15
    outer loop
      vertex 31.10405080765486 -2.8999999985098848 0.6099999999999999
      vertex 31.219759069383148 -3.134633131325245 0.6100000000000003
      vertex 31.10405080765486 -2.899999998509884 0.9999999999999998
    endloop
  endfacet
  facet normal -0.8968727332159222 -0.4422887070837345 1.020136720612961e-15
    outer loop
      vertex 31.10405080765486 -2.899999998509884 0.9999999999999998
      vertex 31.219759069383148 -3.134633131325245 0.6100000000000003
      vertex 31.219759069383148 -3.134633131325244 1.0000000000000002
    endloop
  endfacet
  facet normal -0.9469301319984069 -0.3214394579286735 7.320399737752671e-16
    outer loop
      vertex 31.219759069383148 -3.134633131325245 0.6100000000000003
      vertex 31.303851656615738 -3.382361911237241 0.6099999999999995
      vertex 31.219759069383148 -3.134633131325244 1.0000000000000002
    endloop
  endfacet
  facet normal -0.9469301319984073 -0.321439457928673 3.660199868876333e-16
    outer loop
      vertex 31.303851656615738 -3.382361911237241 0.6099999999999995
      vertex 31.303851656615738 -3.3823619112372407 0.9999999999999991
      vertex 31.219759069383148 -3.134633131325244 1.0000000000000002
    endloop
  endfacet
  facet normal -0.9807852843656892 -0.19509030209550107 2.2214743104359276e-16
    outer loop
      vertex 31.303851656615738 -3.382361911237241 0.6099999999999995
      vertex 31.354889720678333 -3.6389476135373107 0.6100000000000001
      vertex 31.303851656615738 -3.3823619112372407 0.9999999999999991
    endloop
  endfacet
  facet normal -0.9807852843656899 -0.1950903020954981 -1.7852392902721558e-15
    outer loop
      vertex 31.354889720678333 -3.6389476135373107 0.6100000000000001
      vertex 31.329370688647035 -3.5106547623872775 0.9999999999999987
      vertex 31.303851656615738 -3.3823619112372407 0.9999999999999991
    endloop
  endfacet
  facet normal -0.9807852843656886 -0.19509030209550465 4.442948620871946e-16
    outer loop
      vertex 31.354889720678333 -3.6389476135373107 0.6100000000000001
      vertex 31.354889720678333 -3.6389476135373098 0.9999999999999989
      vertex 31.329370688647035 -3.5106547623872775 0.9999999999999987
    endloop
  endfacet
  facet normal -0.9978589223891016 -0.06540314219103609 1.4894784480681332e-16
    outer loop
      vertex 31.354889720678333 -3.6389476135373107 0.6100000000000001
      vertex 31.37200000137091 -3.899999998509884 0.6100000000000001
      vertex 31.354889720678333 -3.6389476135373098 0.9999999999999989
    endloop
  endfacet
  facet normal -0.9978589223891016 -0.06540314219103587 0
    outer loop
      vertex 31.37200000137091 -3.899999998509884 0.6100000000000001
      vertex 31.37200000137091 -3.899999998509884 1.0000000000000007
      vertex 31.354889720678333 -3.6389476135373098 0.9999999999999989
    endloop
  endfacet
  facet normal -1 0 0
    outer loop
      vertex 31.37200000137091 -3.899999998509884 0.6100000000000001
      vertex 31.37200000137091 -34.534000001847744 0.6099999999999977
      vertex 31.37200000137091 -3.899999998509884 1.0000000000000007
    endloop
  endfacet
  facet normal -1 0 0
    outer loop
      vertex 31.37200000137091 -3.899999998509884 1.0000000000000007
      vertex 31.37200000137091 -34.534000001847744 0.6099999999999977
      vertex 31.37200000137091 -4.690000000000001 1.0000000000000004
    endloop
  endfacet
  facet normal 0 1 0
    outer loop
      vertex 3.399999998509884 -36.53400000184774 0.6100000000000048
      vertex 29.37200000137091 -36.53400000184774 1
      vertex 29.37200000137091 -36.53400000184774 0.6100000000000048
    endloop
  endfacet
  facet normal -1 0 0
    outer loop
      vertex 31.37200000137091 -4.690000000000001 1.0000000000000004
      vertex 31.37200000137091 -34.534000001847744 0.6099999999999977
      vertex 31.37200000137091 -34.534000001847744 1.0000000000000018
    endloop
  endfacet
  facet normal -0.9978589223891016 0.06540314219103631 0
    outer loop
      vertex 31.37200000137091 -34.534000001847744 0.6099999999999977
      vertex 31.354889720678333 -34.795052386820316 0.6099999999999994
      vertex 31.37200000137091 -34.534000001847744 1.0000000000000018
    endloop
  endfacet
  facet normal -0.9978589223891016 0.06540314219103809 -1.1915827584545268e-15
    outer loop
      vertex 31.354889720678333 -34.795052386820316 0.6099999999999994
      vertex 31.354889720678333 -34.79505238682031 1.0000000000000036
      vertex 31.37200000137091 -34.534000001847744 1.0000000000000018
    endloop
  endfacet
  facet normal -0.06540314219103631 0.9978589223891016 0
    outer loop
      vertex 29.37200000137091 -36.53400000184774 0.6100000000000048
      vertex 29.37200000137091 -36.53400000184774 1
      vertex 29.633052386343483 -36.51688972115516 1.0000000000000018
    endloop
  endfacet
  facet normal -0.06540314219103631 0.9978589223891016 0
    outer loop
      vertex 29.37200000137091 -36.53400000184774 0.6100000000000048
      vertex 29.633052386343483 -36.51688972115516 1.0000000000000018
      vertex 29.633052386343483 -36.51688972115516 0.6100000000000048
    endloop
  endfacet
  facet normal -0.19509030209547332 0.9807852843656948 0
    outer loop
      vertex 29.889638088643554 -36.46585165709257 0.6099999999999994
      vertex 29.633052386343483 -36.51688972115516 0.6100000000000048
      vertex 29.889638088643554 -36.46585165709257 1
    endloop
  endfacet
  facet normal -0.19509030209547334 0.9807852843656949 0
    outer loop
      vertex 29.633052386343483 -36.51688972115516 0.6100000000000048
      vertex 29.633052386343483 -36.51688972115516 1.0000000000000018
      vertex 29.889638088643554 -36.46585165709257 1
    endloop
  endfacet
  facet normal -0.32143945792867507 0.9469301319984065 0
    outer loop
      vertex 29.889638088643554 -36.46585165709257 0.6099999999999994
      vertex 30.13736686855555 -36.38175906985998 1
      vertex 30.13736686855555 -36.38175906985998 0.6100000000000012
    endloop
  endfacet
  facet normal -0.3214394579286751 0.9469301319984065 0
    outer loop
      vertex 29.889638088643554 -36.46585165709257 0.6099999999999994
      vertex 29.889638088643554 -36.46585165709257 1
      vertex 30.13736686855555 -36.38175906985998 1
    endloop
  endfacet
  facet normal -0.659345830866402 0.7518397936522739 0
    outer loop
      vertex 30.786213561892513 -35.94821356236935 1
      vertex 30.786213561892513 -35.94821356236935 0.6100000000000012
      vertex 30.589522860944275 -36.1207066848874 0.610000000000003
    endloop
  endfacet
  facet normal -0.9807852843656896 0.19509030209549946 -3.554358896697414e-15
    outer loop
      vertex 31.354889720678333 -34.795052386820316 0.6099999999999994
      vertex 31.303851656615738 -35.05163808912039 0.6100000000000012
      vertex 31.354889720678333 -34.79505238682031 1.0000000000000036
    endloop
  endfacet
  facet normal -0.8314696207458843 0.5555702203832521 0
    outer loop
      vertex 31.10405080765486 -35.534000001847744 0.610000000000003
      vertex 30.958706684410576 -35.75152286142111 0.6100000000000012
      vertex 31.10405080765486 -35.534000001847744 1
    endloop
  endfacet
  facet normal -0.8314696207458843 0.5555702203832522 0
    outer loop
      vertex 30.958706684410576 -35.75152286142111 0.6100000000000012
      vertex 30.958706684410576 -35.75152286142111 1
      vertex 31.10405080765486 -35.534000001847744 1
    endloop
  endfacet
  facet normal -0.9469301319984065 0.32143945792867507 5.8563197902022084e-15
    outer loop
      vertex 31.303851656615738 -35.05163808912039 0.6100000000000012
      vertex 31.219759069383148 -35.29936686903238 0.610000000000003
      vertex 31.303851656615738 -35.051638089120395 0.9999999999999982
    endloop
  endfacet
  facet normal -0.9807852843656918 0.19509030209548905 3.5543588966972885e-15
    outer loop
      vertex 31.303851656615738 -35.05163808912039 0.6100000000000012
      vertex 31.303851656615738 -35.051638089120395 0.9999999999999982
      vertex 31.354889720678333 -34.79505238682031 1.0000000000000036
    endloop
  endfacet
  facet normal -0.9469301319984008 0.32143945792869155 -5.856319790202483e-15
    outer loop
      vertex 31.219759069383148 -35.29936686903238 0.610000000000003
      vertex 31.219759069383148 -35.299366869032376 1.0000000000000018
      vertex 31.303851656615738 -35.051638089120395 0.9999999999999982
    endloop
  endfacet
  facet normal -0.8968727332159228 0.4422887070837332 -8.059080092842391e-15
    outer loop
      vertex 31.10405080765486 -35.534000001847744 0.610000000000003
      vertex 31.219759069383148 -35.299366869032376 1.0000000000000018
      vertex 31.219759069383148 -35.29936686903238 0.610000000000003
    endloop
  endfacet
  facet normal -0.896872733215928 0.44228870708372237 0
    outer loop
      vertex 31.10405080765486 -35.534000001847744 0.610000000000003
      vertex 31.10405080765486 -35.534000001847744 1
      vertex 31.219759069383148 -35.299366869032376 1.0000000000000018
    endloop
  endfacet
  facet normal -0.7518397936522606 0.6593458308664175 0
    outer loop
      vertex 30.958706684410576 -35.75152286142111 0.6100000000000012
      vertex 30.786213561892513 -35.94821356236935 0.6100000000000012
      vertex 30.958706684410576 -35.75152286142111 1
    endloop
  endfacet
  facet normal -0.44228870708375506 0.896872733215912 1.6356192087160942e-14
    outer loop
      vertex 30.13736686855555 -36.38175906985998 0.6100000000000012
      vertex 30.37200000137091 -36.266050808131695 1.0000000000000018
      vertex 30.37200000137091 -36.26605080813169 0.610000000000003
    endloop
  endfacet
  facet normal -0.4422887070837332 0.8968727332159228 0
    outer loop
      vertex 30.13736686855555 -36.38175906985998 0.6100000000000012
      vertex 30.13736686855555 -36.38175906985998 1
      vertex 30.37200000137091 -36.266050808131695 1.0000000000000018
    endloop
  endfacet
  facet normal -0.5555702203832522 0.8314696207458843 1.5148582026312702e-14
    outer loop
      vertex 30.37200000137091 -36.26605080813169 0.610000000000003
      vertex 30.37200000137091 -36.266050808131695 1.0000000000000018
      vertex 30.589522860944275 -36.12070668488741 1.0000000000000018
    endloop
  endfacet
  facet normal -0.6593458308664175 0.7518397936522604 1.3669832025394321e-14
    outer loop
      vertex 30.786213561892513 -35.94821356236935 1
      vertex 30.589522860944275 -36.1207066848874 0.610000000000003
      vertex 30.589522860944275 -36.12070668488741 1.0000000000000018
    endloop
  endfacet
  facet normal -0.5555702203832522 0.8314696207458843 1.5166032607291042e-14
    outer loop
      vertex 30.37200000137091 -36.26605080813169 0.610000000000003
      vertex 30.589522860944275 -36.12070668488741 1.0000000000000018
      vertex 30.589522860944275 -36.1207066848874 0.610000000000003
    endloop
  endfacet
  facet normal -0.7518397936522606 0.6593458308664175 0
    outer loop
      vertex 30.786213561892513 -35.94821356236935 1
      vertex 30.958706684410576 -35.75152286142111 1
      vertex 30.786213561892513 -35.94821356236935 0.6100000000000012
    endloop
  endfacet
  facet normal -9.920785556080059e-16 -4.1448416793190855e-15 1
    outer loop
      vertex -0.15348105132579803 -2.8870781064033517 0.9999999999999996
      vertex 1.4681483432650566 -3.3823619112372407 0.9999999999999991
      vertex 1.5522409304976463 -3.134633131325244 1.0000000000000002
    endloop
  endfacet
  facet normal 2.00236115533655e-15 5.659378463163512e-15 1
    outer loop
      vertex -0.15348105132579803 -2.8870781064033517 0.9999999999999996
      vertex 1.4171102792024612 -3.6389476135373107 1.0000000000000007
      vertex 1.4681483432650566 -3.3823619112372407 0.9999999999999991
    endloop
  endfacet
  facet normal -1.6806223571719507e-16 5.069363138172248e-16 1
    outer loop
      vertex 3.646112653687588 -0.27609076350927386 0.9999999999999996
      vertex 1.3823258578777313 -0.5885806381702435 0.9999999999999993
      vertex 5.4749682538298465 -0.5458044241004524 1
    endloop
  endfacet
  facet normal 0 -1.5572528547951187e-14 1
    outer loop
      vertex 1.3823258578777313 -0.5885806381702435 0.9999999999999993
      vertex 5.755419307649138 -0.5885806381702435 0.9999999999999993
      vertex 5.4749682538298465 -0.5458044241004524 1
    endloop
  endfacet
  facet normal 1 0 0
    outer loop
      vertex -0.29999999701976776 -4.690000000000001 1.0000000000000004
      vertex -0.29999999701976776 -4.69 8.300000000000002
      vertex -0.29999999701976776 -9.591344560986457 4.5407798811618925
    endloop
  endfacet
  facet normal 1 0 0
    outer loop
      vertex -0.29999999701976776 -4.690000000000001 1.0000000000000004
      vertex -0.29999999701976776 -9.660769515458673 4.4
      vertex -0.29999999701976776 -9.747975991650518 4.269486285189533
    endloop
  endfacet
  facet normal 1 0 0
    outer loop
      vertex -0.29999999701976776 -4.690000000000001 1.0000000000000004
      vertex -0.29999999701976776 -9.747975991650518 4.269486285189533
      vertex -0.29999999701976776 -9.85147186257614 4.151471862576143
    endloop
  endfacet
  facet normal 1 0 0
    outer loop
      vertex -0.29999999701976776 -4.690000000000001 1.0000000000000004
      vertex -0.29999999701976776 -9.85147186257614 4.151471862576143
      vertex -0.29999999701976776 -9.96948628518953 4.047975991650518
    endloop
  endfacet
  facet normal 1 0 0
    outer loop
      vertex -0.29999999701976776 -4.690000000000001 1.0000000000000004
      vertex -0.29999999701976776 -9.591344560986457 4.5407798811618925
      vertex -0.29999999701976776 -9.660769515458673 4.4
    endloop
  endfacet
  facet normal 1 0 0
    outer loop
      vertex -0.29999999701976776 -4.690000000000001 1.0000000000000004
      vertex -0.29999999701976776 -9.96948628518953 4.047975991650518
      vertex -0.29999999701976776 -10.1 3.960769515458672
    endloop
  endfacet
  facet normal 1 0 0
    outer loop
      vertex -0.29999999701976776 -4.690000000000001 1.0000000000000004
      vertex -0.29999999701976776 -10.1 3.960769515458672
      vertex -0.29999999701976776 -10.240779881161894 3.8913445609864543
    endloop
  endfacet
  facet normal 1 0 0
    outer loop
      vertex -0.29999999701976776 -4.690000000000001 1.0000000000000004
      vertex -0.29999999701976776 -10.240779881161894 3.8913445609864543
      vertex -0.29999999701976776 -10.389417145876973 3.840889008453117
    endloop
  endfacet
  facet normal 1 0 0
    outer loop
      vertex -0.29999999701976776 -4.690000000000001 1.0000000000000004
      vertex -0.29999999701976776 -10.389417145876973 3.840889008453117
      vertex -0.29999999701976776 -10.54336856933594 3.8102661663514263
    endloop
  endfacet
  facet normal 1 0 0
    outer loop
      vertex -0.29999999701976776 -4.690000000000001 1.0000000000000004
      vertex -0.29999999701976776 -10.54336856933594 3.8102661663514263
      vertex -0.29999999701976776 -10.700000000000001 3.799999999999998
    endloop
  endfacet
  facet normal 0 4.4641054465477235e-17 1
    outer loop
      vertex -0.29999999701976776 -4.690000000000001 1.0000000000000004
      vertex 1.3999999985098839 -34.534000001847744 1.0000000000000018
      vertex 1.3999999985098839 -4.690000000000001 1.0000000000000004
    endloop
  endfacet
  facet normal 1 0 0
    outer loop
      vertex -0.29999999701976776 -9.5 4.999999999999997
      vertex -0.29999999701976776 -4.69 8.300000000000002
      vertex -0.29999999701976776 -9.510266166351427 5.156631430664062
    endloop
  endfacet
  facet normal 1 0 0
    outer loop
      vertex -0.29999999701976776 -9.510266166351427 5.156631430664062
      vertex -0.29999999701976776 -4.69 8.300000000000002
      vertex -0.29999999701976776 -9.540889008453115 5.310582854123025
    endloop
  endfacet
  facet normal 1 0 0
    outer loop
      vertex -0.29999999701976776 -9.540889008453115 5.310582854123025
      vertex -0.29999999701976776 -4.69 8.300000000000002
      vertex -0.29999999701976776 -9.591344560986458 5.459220118838108
    endloop
  endfacet
  facet normal 1 0 0
    outer loop
      vertex -0.29999999701976776 -9.591344560986457 4.5407798811618925
      vertex -0.29999999701976776 -4.69 8.300000000000002
      vertex -0.29999999701976776 -9.540889008453117 4.689417145876976
    endloop
  endfacet
  facet normal 1 0 0
    outer loop
      vertex -0.29999999701976776 -9.510266166351428 4.843368569335938
      vertex -0.29999999701976776 -9.540889008453117 4.689417145876976
      vertex -0.29999999701976776 -4.69 8.300000000000002
    endloop
  endfacet
  facet normal 1 0 0
    outer loop
      vertex -0.29999999701976776 -9.510266166351428 4.843368569335938
      vertex -0.29999999701976776 -4.69 8.300000000000002
      vertex -0.29999999701976776 -9.5 4.999999999999997
    endloop
  endfacet
  facet normal 1 0 0
    outer loop
      vertex -0.29999999701976776 -9.591344560986458 5.459220118838108
      vertex -0.29999999701976776 -4.69 8.300000000000002
      vertex -0.29999999701976776 -9.660769515458671 5.6
    endloop
  endfacet
  facet normal 1 0 0
    outer loop
      vertex -0.29999999701976776 -9.660769515458671 5.6
      vertex -0.29999999701976776 -4.69 8.300000000000002
      vertex -0.29999999701976776 -9.747975991650517 5.730513714810465
    endloop
  endfacet
  facet normal 1 0 0
    outer loop
      vertex -0.29999999701976776 -9.747975991650517 5.730513714810465
      vertex -0.29999999701976776 -4.69 8.300000000000002
      vertex -0.29999999701976776 -9.851471862576144 5.848528137423855
    endloop
  endfacet
  facet normal 1 0 0
    outer loop
      vertex -0.29999999701976776 -9.851471862576144 5.848528137423855
      vertex -0.29999999701976776 -4.69 8.300000000000002
      vertex -0.29999999701976776 -9.969486285189532 5.952024008349482
    endloop
  endfacet
  facet normal 1 0 0
    outer loop
      vertex -0.29999999701976776 -9.969486285189532 5.952024008349482
      vertex -0.29999999701976776 -4.69 8.300000000000002
      vertex -0.29999999701976776 -10.1 6.039230484541326
    endloop
  endfacet
  facet normal 1 0 0
    outer loop
      vertex -0.29999999701976776 -10.1 6.039230484541326
      vertex -0.29999999701976776 -4.69 8.300000000000002
      vertex -0.29999999701976776 -10.240779881161888 6.108655439013544
    endloop
  endfacet
  facet normal 1 0 0
    outer loop
      vertex -0.29999999701976776 -10.240779881161888 6.108655439013544
      vertex -0.29999999701976776 -4.69 8.300000000000002
      vertex -0.29999999701976776 -10.389417145876976 6.159110991546881
    endloop
  endfacet
  facet normal 1 0 0
    outer loop
      vertex -0.29999999701976776 -10.389417145876976 6.159110991546881
      vertex -0.29999999701976776 -4.69 8.300000000000002
      vertex -0.29999999701976776 -10.543368569335938 6.189733833648572
    endloop
  endfacet
  facet normal 1 0 0
    outer loop
      vertex -0.29999999701976776 -10.543368569335938 6.189733833648572
      vertex -0.29999999701976776 -4.69 8.300000000000002
      vertex -0.29999999701976776 -10.699999999999998 6.199999999999999
    endloop
  endfacet
  facet normal 1 0 0
    outer loop
      vertex -0.29999999701976776 -10.699999999999998 6.199999999999999
      vertex -0.29999999701976776 -4.69 8.300000000000002
      vertex -0.29999999701976776 -10.85663143066406 6.189733833648573
    endloop
  endfacet
  facet normal 1 0 0
    outer loop
      vertex -0.29999999701976776 -10.85663143066406 6.189733833648573
      vertex -0.29999999701976776 -4.69 8.300000000000002
      vertex -0.29999999701976776 -18.6 4.999999999999999
    endloop
  endfacet
  facet normal 1 0 0
    outer loop
      vertex -0.29999999701976776 -11.899999999999997 5
      vertex -0.29999999701976776 -11.889733833648572 5.156631430664063
      vertex -0.29999999701976776 -18.6 4.999999999999999
    endloop
  endfacet
  facet normal 1 0 0
    outer loop
      vertex -0.29999999701976776 -10.85663143066406 6.189733833648573
      vertex -0.29999999701976776 -18.6 4.999999999999999
      vertex -0.29999999701976776 -11.010582854123024 6.15911099154688
    endloop
  endfacet
  facet normal 1 0 0
    outer loop
      vertex -0.29999999701976776 -11.010582854123024 6.15911099154688
      vertex -0.29999999701976776 -18.6 4.999999999999999
      vertex -0.29999999701976776 -11.159220118838105 6.108655439013546
    endloop
  endfacet
  facet normal 1 0 0
    outer loop
      vertex -0.29999999701976776 -11.299999999999997 6.039230484541326
      vertex -0.29999999701976776 -11.159220118838105 6.108655439013546
      vertex -0.29999999701976776 -18.6 4.999999999999999
    endloop
  endfacet
  facet normal 1 0 0
    outer loop
      vertex -0.29999999701976776 -11.889733833648572 5.156631430664063
      vertex -0.29999999701976776 -11.859110991546881 5.310582854123025
      vertex -0.29999999701976776 -18.6 4.999999999999999
    endloop
  endfacet
  facet normal 1 0 0
    outer loop
      vertex -0.29999999701976776 -11.859110991546881 5.310582854123025
      vertex -0.29999999701976776 -11.808655439013544 5.459220118838108
      vertex -0.29999999701976776 -18.6 4.999999999999999
    endloop
  endfacet
  facet normal 1 0 0
    outer loop
      vertex -0.29999999701976776 -11.808655439013544 5.459220118838108
      vertex -0.29999999701976776 -11.739230484541325 5.6000000000000005
      vertex -0.29999999701976776 -18.6 4.999999999999999
    endloop
  endfacet
  facet normal 1 0 0
    outer loop
      vertex -0.29999999701976776 -11.299999999999997 6.039230484541326
      vertex -0.29999999701976776 -18.6 4.999999999999999
      vertex -0.29999999701976776 -11.430513714810466 5.952024008349479
    endloop
  endfacet
  facet normal 1 0 0
    outer loop
      vertex -0.29999999701976776 -11.430513714810466 5.952024008349479
      vertex -0.29999999701976776 -18.6 4.999999999999999
      vertex -0.29999999701976776 -11.548528137423858 5.848528137423859
    endloop
  endfacet
  facet normal 1 0 0
    outer loop
      vertex -0.29999999701976776 -11.739230484541325 5.6000000000000005
      vertex -0.29999999701976776 -11.652024008349478 5.730513714810464
      vertex -0.29999999701976776 -18.6 4.999999999999999
    endloop
  endfacet
  facet normal 1 0 0
    outer loop
      vertex -0.29999999701976776 -11.548528137423858 5.848528137423859
      vertex -0.29999999701976776 -18.6 4.999999999999999
      vertex -0.29999999701976776 -11.652024008349478 5.730513714810464
    endloop
  endfacet
  facet normal 1 0 0
    outer loop
      vertex -0.29999999701976776 -4.690000000000001 1.0000000000000004
      vertex -0.29999999701976776 -10.700000000000001 3.799999999999998
      vertex -0.29999999701976776 -37.13000000268221 1
    endloop
  endfacet
  facet normal 1 0 0
    outer loop
      vertex -0.29999999701976776 -11.899999999999997 5
      vertex -0.29999999701976776 -18.847975991650518 4.269486285189533
      vertex -0.29999999701976776 -18.95147186257615 4.151471862576145
    endloop
  endfacet
  facet normal 1 0 0
    outer loop
      vertex -0.29999999701976776 -11.899999999999997 5
      vertex -0.29999999701976776 -19.069486285189534 4.047975991650518
      vertex -0.29999999701976776 -19.199999999999996 3.9607695154586766
    endloop
  endfacet
  facet normal 1 0 0
    outer loop
      vertex -0.29999999701976776 -11.899999999999997 5
      vertex -0.29999999701976776 -18.95147186257615 4.151471862576145
      vertex -0.29999999701976776 -19.069486285189534 4.047975991650518
    endloop
  endfacet
  facet normal 1 0 0
    outer loop
      vertex -0.29999999701976776 -11.899999999999997 5
      vertex -0.29999999701976776 -19.199999999999996 3.9607695154586766
      vertex -0.29999999701976776 -19.340779881161893 3.8913445609864548
    endloop
  endfacet
  facet normal 1 0 0
    outer loop
      vertex -0.29999999701976776 -11.899999999999997 5
      vertex -0.29999999701976776 -19.340779881161893 3.8913445609864548
      vertex -0.29999999701976776 -19.489417145876978 3.840889008453116
    endloop
  endfacet
  facet normal 1 0 0
    outer loop
      vertex -0.29999999701976776 -11.899999999999997 5
      vertex -0.29999999701976776 -19.489417145876978 3.840889008453116
      vertex -0.29999999701976776 -19.64336856933594 3.8102661663514272
    endloop
  endfacet
  facet normal 2.4108885523613355e-17 -5.647834321705159e-15 1
    outer loop
      vertex 2.9114988001048605 -0.16591861293788623 0.9999999999999999
      vertex 3.547563872848846 -0.26149094412575624 0.9999999999999993
      vertex 30.775538764894012 -0.02731800824403809 1
    endloop
  endfacet
  facet normal -1.4603007532344805e-16 1.4134722260505351e-14 1
    outer loop
      vertex 3.547563872848846 -0.26149094412575624 0.9999999999999993
      vertex 3.6549404721605736 -0.27609076350927386 0.9999999999999996
      vertex 30.775538764894012 -0.02731800824403809 1
    endloop
  endfacet
  facet normal 1 0 0
    outer loop
      vertex -0.29999999701976776 -10.700000000000001 3.799999999999998
      vertex -0.29999999701976776 -10.856631430664061 3.8102661663514286
      vertex -0.29999999701976776 -37.13000000268221 1
    endloop
  endfacet
  facet normal 1 0 0
    outer loop
      vertex -0.29999999701976776 -10.856631430664061 3.8102661663514286
      vertex -0.29999999701976776 -11.010582854123022 3.8408890084531193
      vertex -0.29999999701976776 -37.13000000268221 1
    endloop
  endfacet
  facet normal 1 0 0
    outer loop
      vertex -0.29999999701976776 -11.010582854123022 3.8408890084531193
      vertex -0.29999999701976776 -11.15922011883811 3.891344560986454
      vertex -0.29999999701976776 -37.13000000268221 1
    endloop
  endfacet
  facet normal 1 0 0
    outer loop
      vertex -0.29999999701976776 -11.15922011883811 3.891344560986454
      vertex -0.29999999701976776 -11.299999999999997 3.960769515458674
      vertex -0.29999999701976776 -37.13000000268221 1
    endloop
  endfacet
  facet normal 1 0 0
    outer loop
      vertex -0.29999999701976776 -18.6 4.999999999999999
      vertex -0.29999999701976776 -4.69 8.300000000000002
      vertex -0.29999999701976776 -18.61026616635143 5.156631430664064
    endloop
  endfacet
  facet normal 1 0 0
    outer loop
      vertex -0.29999999701976776 -18.61026616635143 5.156631430664064
      vertex -0.29999999701976776 -4.69 8.300000000000002
      vertex -0.29999999701976776 -18.640889008453115 5.310582854123025
    endloop
  endfacet
  facet normal 1 0 0
    outer loop
      vertex -0.29999999701976776 -18.640889008453115 5.310582854123025
      vertex -0.29999999701976776 -4.69 8.300000000000002
      vertex -0.29999999701976776 -18.691344560986458 5.4592201188381075
    endloop
  endfacet
  facet normal 1 0 0
    outer loop
      vertex -0.29999999701976776 -18.691344560986458 5.4592201188381075
      vertex -0.29999999701976776 -4.69 8.300000000000002
      vertex -0.29999999701976776 -18.760769515458673 5.6
    endloop
  endfacet
  facet normal 1 0 0
    outer loop
      vertex -0.29999999701976776 -18.760769515458673 5.6
      vertex -0.29999999701976776 -4.69 8.300000000000002
      vertex -0.29999999701976776 -18.847975991650518 5.730513714810466
    endloop
  endfacet
  facet normal 1 0 0
    outer loop
      vertex -0.29999999701976776 -18.847975991650518 5.730513714810466
      vertex -0.29999999701976776 -4.69 8.300000000000002
      vertex -0.29999999701976776 -18.951471862576145 5.848528137423859
    endloop
  endfacet
  facet normal 1 0 0
    outer loop
      vertex -0.29999999701976776 -18.951471862576145 5.848528137423859
      vertex -0.29999999701976776 -4.69 8.300000000000002
      vertex -0.29999999701976776 -19.069486285189534 5.952024008349484
    endloop
  endfacet
  facet normal 1 0 0
    outer loop
      vertex -0.29999999701976776 -19.069486285189534 5.952024008349484
      vertex -0.29999999701976776 -4.69 8.300000000000002
      vertex -0.29999999701976776 -19.199999999999996 6.039230484541329
    endloop
  endfacet
  facet normal 1 0 0
    outer loop
      vertex -0.29999999701976776 -19.199999999999996 6.039230484541329
      vertex -0.29999999701976776 -4.69 8.300000000000002
      vertex -0.29999999701976776 -19.34077988116189 6.108655439013546
    endloop
  endfacet
  facet normal 1 0 0
    outer loop
      vertex -0.29999999701976776 -19.34077988116189 6.108655439013546
      vertex -0.29999999701976776 -4.69 8.300000000000002
      vertex -0.29999999701976776 -19.489417145876978 6.159110991546882
    endloop
  endfacet
  facet normal 1 0 0
    outer loop
      vertex -0.29999999701976776 -19.489417145876978 6.159110991546882
      vertex -0.29999999701976776 -4.69 8.300000000000002
      vertex -0.29999999701976776 -19.643368569335934 6.189733833648575
    endloop
  endfacet
  facet normal 1 0 0
    outer loop
      vertex -0.29999999701976776 -19.643368569335934 6.189733833648575
      vertex -0.29999999701976776 -4.69 8.300000000000002
      vertex -0.29999999701976776 -19.799999999999997 6.200000000000003
    endloop
  endfacet
  facet normal 1 0 0
    outer loop
      vertex -0.29999999701976776 -11.899999999999997 5
      vertex -0.29999999701976776 -18.61026616635143 4.843368569335939
      vertex -0.29999999701976776 -18.64088900845312 4.689417145876973
    endloop
  endfacet
  facet normal 1 0 0
    outer loop
      vertex -0.29999999701976776 -11.899999999999997 5
      vertex -0.29999999701976776 -18.691344560986458 4.540779881161892
      vertex -0.29999999701976776 -18.760769515458673 4.399999999999999
    endloop
  endfacet
  facet normal 1 0 0
    outer loop
      vertex -0.29999999701976776 -11.899999999999997 5
      vertex -0.29999999701976776 -18.760769515458673 4.399999999999999
      vertex -0.29999999701976776 -18.847975991650518 4.269486285189533
    endloop
  endfacet
  facet normal 1 0 0
    outer loop
      vertex -0.29999999701976776 -11.899999999999997 5
      vertex -0.29999999701976776 -18.64088900845312 4.689417145876973
      vertex -0.29999999701976776 -18.691344560986458 4.540779881161892
    endloop
  endfacet
  facet normal 1 0 0
    outer loop
      vertex -0.29999999701976776 -11.899999999999997 5
      vertex -0.29999999701976776 -18.6 4.999999999999999
      vertex -0.29999999701976776 -18.61026616635143 4.843368569335939
    endloop
  endfacet
  facet normal 1 0 0
    outer loop
      vertex -0.29999999701976776 -19.799999999999997 6.200000000000003
      vertex -0.29999999701976776 -4.69 8.300000000000002
      vertex -0.29999999701976776 -28.640779881161897 6.108655439013541
    endloop
  endfacet
  facet normal 1 0 0
    outer loop
      vertex -0.29999999701976776 -11.299999999999997 3.960769515458674
      vertex -0.29999999701976776 -11.430513714810466 4.047975991650516
      vertex -0.29999999701976776 -37.13000000268221 1
    endloop
  endfacet
  facet normal 1 0 0
    outer loop
      vertex -0.29999999701976776 -11.430513714810466 4.047975991650516
      vertex -0.29999999701976776 -11.548528137423855 4.151471862576145
      vertex -0.29999999701976776 -37.13000000268221 1
    endloop
  endfacet
  facet normal 1 0 0
    outer loop
      vertex -0.29999999701976776 -11.548528137423855 4.151471862576145
      vertex -0.29999999701976776 -11.652024008349484 4.269486285189535
      vertex -0.29999999701976776 -37.13000000268221 1
    endloop
  endfacet
  facet normal 1 0 0
    outer loop
      vertex -0.29999999701976776 -11.652024008349484 4.269486285189535
      vertex -0.29999999701976776 -11.739230484541325 4.399999999999998
      vertex -0.29999999701976776 -37.13000000268221 1
    endloop
  endfacet
  facet normal 1 0 0
    outer loop
      vertex -0.29999999701976776 -11.739230484541325 4.399999999999998
      vertex -0.29999999701976776 -11.808655439013542 4.540779881161893
      vertex -0.29999999701976776 -37.13000000268221 1
    endloop
  endfacet
  facet normal 1 0 0
    outer loop
      vertex -0.29999999701976776 -11.808655439013542 4.540779881161893
      vertex -0.29999999701976776 -11.859110991546881 4.689417145876973
      vertex -0.29999999701976776 -37.13000000268221 1
    endloop
  endfacet
  facet normal 1 0 0
    outer loop
      vertex -0.29999999701976776 -11.859110991546881 4.689417145876973
      vertex -0.29999999701976776 -11.889733833648572 4.843368569335937
      vertex -0.29999999701976776 -37.13000000268221 1
    endloop
  endfacet
  facet normal 1 0 0
    outer loop
      vertex -0.29999999701976776 -11.889733833648572 4.843368569335937
      vertex -0.29999999701976776 -11.899999999999997 5
      vertex -0.29999999701976776 -37.13000000268221 1
    endloop
  endfacet
  facet normal 1 0 0
    outer loop
      vertex -0.29999999701976776 -11.899999999999997 5
      vertex -0.29999999701976776 -19.64336856933594 3.8102661663514272
      vertex -0.29999999701976776 -37.13000000268221 1
    endloop
  endfacet
  facet normal 1 0 0
    outer loop
      vertex -0.29999999701976776 -20.839230484541325 5.6
      vertex -0.29999999701976776 -20.75202400834948 5.730513714810465
      vertex -0.29999999701976776 -28.060769515458674 5.6
    endloop
  endfacet
  facet normal 1 0 0
    outer loop
      vertex -0.29999999701976776 -20.959110991546883 4.689417145876973
      vertex -0.29999999701976776 -20.98973383364857 4.843368569335938
      vertex -0.29999999701976776 -27.940889008453123 4.689417145876975
    endloop
  endfacet
  facet normal 1 0 0
    outer loop
      vertex -0.29999999701976776 -20.98973383364857 4.843368569335938
      vertex -0.29999999701976776 -21.000000000000004 4.999999999999997
      vertex -0.29999999701976776 -27.91026616635143 4.843368569335938
    endloop
  endfacet
  facet normal 1 0 0
    outer loop
      vertex -0.29999999701976776 -21.000000000000004 4.999999999999997
      vertex -0.29999999701976776 -20.98973383364857 5.156631430664063
      vertex -0.29999999701976776 -27.900000000000006 5
    endloop
  endfacet
  facet normal 1 0 0
    outer loop
      vertex -0.29999999701976776 -20.95911099154688 5.310582854123025
      vertex -0.29999999701976776 -27.910266166351434 5.156631430664062
      vertex -0.29999999701976776 -20.98973383364857 5.156631430664063
    endloop
  endfacet
  facet normal 1 0 0
    outer loop
      vertex -0.29999999701976776 -20.95911099154688 5.310582854123025
      vertex -0.29999999701976776 -20.908655439013543 5.459220118838106
      vertex -0.29999999701976776 -27.94088900845312 5.310582854123023
    endloop
  endfacet
  facet normal 1 0 0
    outer loop
      vertex -0.29999999701976776 -20.908655439013543 5.459220118838106
      vertex -0.29999999701976776 -20.839230484541325 5.6
      vertex -0.29999999701976776 -27.991344560986455 5.459220118838109
    endloop
  endfacet
  facet normal 1 0 0
    outer loop
      vertex -0.29999999701976776 -20.959110991546883 4.689417145876973
      vertex -0.29999999701976776 -28.06076951545867 4.400000000000002
      vertex -0.29999999701976776 -28.147975991650515 4.269486285189535
    endloop
  endfacet
  facet normal 1 0 0
    outer loop
      vertex -0.29999999701976776 -20.959110991546883 4.689417145876973
      vertex -0.29999999701976776 -28.251471862576146 4.151471862576145
      vertex -0.29999999701976776 -28.36948628518954 4.047975991650514
    endloop
  endfacet
  facet normal 1 0 0
    outer loop
      vertex -0.29999999701976776 -20.959110991546883 4.689417145876973
      vertex -0.29999999701976776 -28.36948628518954 4.047975991650514
      vertex -0.29999999701976776 -28.500000000000004 3.9607695154586704
    endloop
  endfacet
  facet normal 1 0 0
    outer loop
      vertex -0.29999999701976776 -20.959110991546883 4.689417145876973
      vertex -0.29999999701976776 -28.500000000000004 3.9607695154586704
      vertex -0.29999999701976776 -28.64077988116189 3.8913445609864574
    endloop
  endfacet
  facet normal 1 0 0
    outer loop
      vertex -0.29999999701976776 -20.959110991546883 4.689417145876973
      vertex -0.29999999701976776 -28.147975991650515 4.269486285189535
      vertex -0.29999999701976776 -28.251471862576146 4.151471862576145
    endloop
  endfacet
  facet normal -1.024011032668424e-15 -1.3689556406083364e-17 1
    outer loop
      vertex -0.29999999701976776 -4.690000000000001 1.0000000000000004
      vertex -0.29999999701976776 -37.13000000268221 1
      vertex 1.3999999985098839 -34.534000001847744 1.0000000000000018
    endloop
  endfacet
  facet normal 1 0 0
    outer loop
      vertex -0.29999999701976776 -19.64336856933594 3.8102661663514272
      vertex -0.29999999701976776 -19.8 3.8
      vertex -0.29999999701976776 -37.13000000268221 1
    endloop
  endfacet
  facet normal 1 0 0
    outer loop
      vertex -0.29999999701976776 -19.8 3.8
      vertex -0.29999999701976776 -19.956631430664068 3.8102661663514255
      vertex -0.29999999701976776 -37.13000000268221 1
    endloop
  endfacet
  facet normal 1 0 0
    outer loop
      vertex -0.29999999701976776 -19.956631430664068 3.8102661663514255
      vertex -0.29999999701976776 -20.110582854123024 3.840889008453119
      vertex -0.29999999701976776 -37.13000000268221 1
    endloop
  endfacet
  facet normal 1 0 0
    outer loop
      vertex -0.29999999701976776 -20.110582854123024 3.840889008453119
      vertex -0.29999999701976776 -20.25922011883811 3.891344560986452
      vertex -0.29999999701976776 -37.13000000268221 1
    endloop
  endfacet
  facet normal 1 0 0
    outer loop
      vertex -0.29999999701976776 -20.25922011883811 3.891344560986452
      vertex -0.29999999701976776 -20.400000000000006 3.960769515458673
      vertex -0.29999999701976776 -37.13000000268221 1
    endloop
  endfacet
  facet normal 1 0 0
    outer loop
      vertex -0.29999999701976776 -20.400000000000006 3.960769515458673
      vertex -0.29999999701976776 -20.53051371481046 4.04797599165052
      vertex -0.29999999701976776 -37.13000000268221 1
    endloop
  endfacet
  facet normal 1 0 0
    outer loop
      vertex -0.29999999701976776 -20.53051371481046 4.04797599165052
      vertex -0.29999999701976776 -20.648528137423853 4.151471862576142
      vertex -0.29999999701976776 -37.13000000268221 1
    endloop
  endfacet
  facet normal 1 0 0
    outer loop
      vertex -0.29999999701976776 -20.648528137423853 4.151471862576142
      vertex -0.29999999701976776 -20.75202400834948 4.269486285189538
      vertex -0.29999999701976776 -37.13000000268221 1
    endloop
  endfacet
  facet normal 1 0 0
    outer loop
      vertex -0.29999999701976776 -20.75202400834948 4.269486285189538
      vertex -0.29999999701976776 -20.83923048454133 4.400000000000001
      vertex -0.29999999701976776 -37.13000000268221 1
    endloop
  endfacet
  facet normal 1 0 0
    outer loop
      vertex -0.29999999701976776 -20.83923048454133 4.400000000000001
      vertex -0.29999999701976776 -20.90865543901354 4.540779881161894
      vertex -0.29999999701976776 -37.13000000268221 1
    endloop
  endfacet
  facet normal 1 0 0
    outer loop
      vertex -0.29999999701976776 -20.90865543901354 4.540779881161894
      vertex -0.29999999701976776 -20.959110991546883 4.689417145876973
      vertex -0.29999999701976776 -37.13000000268221 1
    endloop
  endfacet
  facet normal 1 0 0
    outer loop
      vertex -0.29999999701976776 -28.640779881161897 6.108655439013541
      vertex -0.29999999701976776 -4.69 8.300000000000002
      vertex -0.29999999701976776 -28.78941714587697 6.159110991546882
    endloop
  endfacet
  facet normal 1 0 0
    outer loop
      vertex -0.29999999701976776 -28.78941714587697 6.159110991546882
      vertex -0.29999999701976776 -4.69 8.300000000000002
      vertex -0.29999999701976776 -28.94336856933594 6.189733833648571
    endloop
  endfacet
  facet normal 1 0 0
    outer loop
      vertex -0.29999999701976776 -28.94336856933594 6.189733833648571
      vertex -0.29999999701976776 -4.69 8.300000000000002
      vertex -0.29999999701976776 -29.099999999999994 6.200000000000005
    endloop
  endfacet
  facet normal 1 0 0
    outer loop
      vertex -0.29999999701976776 -29.099999999999994 6.200000000000005
      vertex -0.29999999701976776 -4.69 8.300000000000002
      vertex -0.29999999701976776 -29.256631430664065 6.189733833648573
    endloop
  endfacet
  facet normal 1 0 0
    outer loop
      vertex -0.29999999701976776 -20.64852813742386 5.848528137423855
      vertex -0.29999999701976776 -28.14797599165052 5.7305137148104635
      vertex -0.29999999701976776 -20.75202400834948 5.730513714810465
    endloop
  endfacet
  facet normal 1 0 0
    outer loop
      vertex -0.29999999701976776 -20.530513714810468 5.95202400834948
      vertex -0.29999999701976776 -28.25147186257614 5.848528137423857
      vertex -0.29999999701976776 -20.64852813742386 5.848528137423855
    endloop
  endfacet
  facet normal 1 0 0
    outer loop
      vertex -0.29999999701976776 -20.530513714810468 5.95202400834948
      vertex -0.29999999701976776 -20.400000000000006 6.039230484541323
      vertex -0.29999999701976776 -28.369486285189538 5.952024008349484
    endloop
  endfacet
  facet normal 1 0 0
    outer loop
      vertex -0.29999999701976776 -19.799999999999997 6.200000000000003
      vertex -0.29999999701976776 -28.640779881161897 6.108655439013541
      vertex -0.29999999701976776 -19.95663143066406 6.1897338336485745
    endloop
  endfacet
  facet normal 1 0 0
    outer loop
      vertex -0.29999999701976776 -19.95663143066406 6.1897338336485745
      vertex -0.29999999701976776 -28.640779881161897 6.108655439013541
      vertex -0.29999999701976776 -20.11058285412302 6.159110991546884
    endloop
  endfacet
  facet normal 1 0 0
    outer loop
      vertex -0.29999999701976776 -20.11058285412302 6.159110991546884
      vertex -0.29999999701976776 -28.640779881161897 6.108655439013541
      vertex -0.29999999701976776 -20.259220118838105 6.108655439013547
    endloop
  endfacet
  facet normal 1 0 0
    outer loop
      vertex -0.29999999701976776 -20.259220118838105 6.108655439013547
      vertex -0.29999999701976776 -28.500000000000004 6.039230484541324
      vertex -0.29999999701976776 -20.400000000000006 6.039230484541323
    endloop
  endfacet
  facet normal 1 0 0
    outer loop
      vertex -0.29999999701976776 -20.959110991546883 4.689417145876973
      vertex -0.29999999701976776 -27.991344560986455 4.540779881161894
      vertex -0.29999999701976776 -28.06076951545867 4.400000000000002
    endloop
  endfacet
  facet normal 1 0 0
    outer loop
      vertex -0.29999999701976776 -20.959110991546883 4.689417145876973
      vertex -0.29999999701976776 -27.940889008453123 4.689417145876975
      vertex -0.29999999701976776 -27.991344560986455 4.540779881161894
    endloop
  endfacet
  facet normal 1 0 0
    outer loop
      vertex -0.29999999701976776 -20.98973383364857 4.843368569335938
      vertex -0.29999999701976776 -27.91026616635143 4.843368569335938
      vertex -0.29999999701976776 -27.940889008453123 4.689417145876975
    endloop
  endfacet
  facet normal 1 0 0
    outer loop
      vertex -0.29999999701976776 -21.000000000000004 4.999999999999997
      vertex -0.29999999701976776 -27.900000000000006 5
      vertex -0.29999999701976776 -27.91026616635143 4.843368569335938
    endloop
  endfacet
  facet normal 1 0 0
    outer loop
      vertex -0.29999999701976776 -20.98973383364857 5.156631430664063
      vertex -0.29999999701976776 -27.910266166351434 5.156631430664062
      vertex -0.29999999701976776 -27.900000000000006 5
    endloop
  endfacet
  facet normal 1 0 0
    outer loop
      vertex -0.29999999701976776 -20.95911099154688 5.310582854123025
      vertex -0.29999999701976776 -27.94088900845312 5.310582854123023
      vertex -0.29999999701976776 -27.910266166351434 5.156631430664062
    endloop
  endfacet
  facet normal 1 0 0
    outer loop
      vertex -0.29999999701976776 -20.908655439013543 5.459220118838106
      vertex -0.29999999701976776 -27.991344560986455 5.459220118838109
      vertex -0.29999999701976776 -27.94088900845312 5.310582854123023
    endloop
  endfacet
  facet normal 1 0 0
    outer loop
      vertex -0.29999999701976776 -20.839230484541325 5.6
      vertex -0.29999999701976776 -28.060769515458674 5.6
      vertex -0.29999999701976776 -27.991344560986455 5.459220118838109
    endloop
  endfacet
  facet normal 1 0 0
    outer loop
      vertex -0.29999999701976776 -20.75202400834948 5.730513714810465
      vertex -0.29999999701976776 -28.14797599165052 5.7305137148104635
      vertex -0.29999999701976776 -28.060769515458674 5.6
    endloop
  endfacet
  facet normal 1 0 0
    outer loop
      vertex -0.29999999701976776 -20.64852813742386 5.848528137423855
      vertex -0.29999999701976776 -28.25147186257614 5.848528137423857
      vertex -0.29999999701976776 -28.14797599165052 5.7305137148104635
    endloop
  endfacet
  facet normal 1 0 0
    outer loop
      vertex -0.29999999701976776 -20.530513714810468 5.95202400834948
      vertex -0.29999999701976776 -28.369486285189538 5.952024008349484
      vertex -0.29999999701976776 -28.25147186257614 5.848528137423857
    endloop
  endfacet
  facet normal 1 0 0
    outer loop
      vertex -0.29999999701976776 -20.400000000000006 6.039230484541323
      vertex -0.29999999701976776 -28.500000000000004 6.039230484541324
      vertex -0.29999999701976776 -28.369486285189538 5.952024008349484
    endloop
  endfacet
  facet normal 1 0 0
    outer loop
      vertex -0.29999999701976776 -20.259220118838105 6.108655439013547
      vertex -0.29999999701976776 -28.640779881161897 6.108655439013541
      vertex -0.29999999701976776 -28.500000000000004 6.039230484541324
    endloop
  endfacet
  facet normal 1 0 0
    outer loop
      vertex -0.29999999701976776 -29.256631430664065 6.189733833648573
      vertex -0.29999999701976776 -4.69 8.300000000000002
      vertex -0.29999999701976776 -37.13000000268221 8.299999999999999
    endloop
  endfacet
  facet normal 1 0 0
    outer loop
      vertex -0.29999999701976776 -20.959110991546883 4.689417145876973
      vertex -0.29999999701976776 -28.64077988116189 3.8913445609864574
      vertex -0.29999999701976776 -37.13000000268221 1
    endloop
  endfacet
  facet normal 1 0 0
    outer loop
      vertex -0.29999999701976776 -28.64077988116189 3.8913445609864574
      vertex -0.29999999701976776 -28.78941714587698 3.840889008453116
      vertex -0.29999999701976776 -37.13000000268221 1
    endloop
  endfacet
  facet normal 1 0 0
    outer loop
      vertex -0.29999999701976776 -28.78941714587698 3.840889008453116
      vertex -0.29999999701976776 -28.943368569335938 3.810266166351429
      vertex -0.29999999701976776 -37.13000000268221 1
    endloop
  endfacet
  facet normal 1 0 0
    outer loop
      vertex -0.29999999701976776 -28.943368569335938 3.810266166351429
      vertex -0.29999999701976776 -29.099999999999994 3.8000000000000007
      vertex -0.29999999701976776 -37.13000000268221 1
    endloop
  endfacet
  facet normal 1 0 0
    outer loop
      vertex -0.29999999701976776 -29.099999999999994 3.8000000000000007
      vertex -0.29999999701976776 -29.256631430664065 3.810266166351429
      vertex -0.29999999701976776 -37.13000000268221 1
    endloop
  endfacet
  facet normal 1 0 0
    outer loop
      vertex -0.29999999701976776 -29.256631430664065 3.810266166351429
      vertex -0.29999999701976776 -29.410582854123028 3.840889008453118
      vertex -0.29999999701976776 -37.13000000268221 1
    endloop
  endfacet
  facet normal 1 0 0
    outer loop
      vertex -0.29999999701976776 -29.410582854123028 3.840889008453118
      vertex -0.29999999701976776 -29.559220118838105 3.891344560986454
      vertex -0.29999999701976776 -37.13000000268221 1
    endloop
  endfacet
  facet normal 1 0 0
    outer loop
      vertex -0.29999999701976776 -29.559220118838105 3.891344560986454
      vertex -0.29999999701976776 -29.700000000000003 3.960769515458674
      vertex -0.29999999701976776 -37.13000000268221 1
    endloop
  endfacet
  facet normal 1 0 0
    outer loop
      vertex -0.29999999701976776 -29.700000000000003 3.960769515458674
      vertex -0.29999999701976776 -29.83051371481046 4.047975991650517
      vertex -0.29999999701976776 -37.13000000268221 1
    endloop
  endfacet
  facet normal 1 0 0
    outer loop
      vertex -0.29999999701976776 -29.83051371481046 4.047975991650517
      vertex -0.29999999701976776 -29.94852813742385 4.151471862576148
      vertex -0.29999999701976776 -37.13000000268221 1
    endloop
  endfacet
  facet normal 1 0 0
    outer loop
      vertex -0.29999999701976776 -29.94852813742385 4.151471862576148
      vertex -0.29999999701976776 -30.052024008349488 4.269486285189535
      vertex -0.29999999701976776 -37.13000000268221 1
    endloop
  endfacet
  facet normal 1 0 0
    outer loop
      vertex -0.29999999701976776 -30.052024008349488 4.269486285189535
      vertex -0.29999999701976776 -30.13923048454133 4.4
      vertex -0.29999999701976776 -37.13000000268221 1
    endloop
  endfacet
  facet normal 1 0 0
    outer loop
      vertex -0.29999999701976776 -30.13923048454133 4.4
      vertex -0.29999999701976776 -30.208655439013544 4.5407798811618925
      vertex -0.29999999701976776 -37.13000000268221 1
    endloop
  endfacet
  facet normal 1 0 0
    outer loop
      vertex -0.29999999701976776 -30.208655439013544 4.5407798811618925
      vertex -0.29999999701976776 -30.25911099154688 4.689417145876979
      vertex -0.29999999701976776 -37.13000000268221 1
    endloop
  endfacet
  facet normal -1.0395469526297805e-14 6.123243953669112e-15 1
    outer loop
      vertex -0.29999999701976776 -37.13000000268221 1
      vertex 1.4171102792024612 -34.79505238682031 1.0000000000000036
      vertex 1.3999999985098839 -34.534000001847744 1.0000000000000018
    endloop
  endfacet
  facet normal 2.0600942609748588e-14 -1.6671382119849025e-14 1
    outer loop
      vertex -0.29999999701976776 -37.13000000268221 1
      vertex 1.4681483432650566 -35.051638089120395 0.9999999999999982
      vertex 1.4171102792024612 -34.79505238682031 1.0000000000000036
    endloop
  endfacet
  facet normal -1.133129033112238e-14 1.0494687613996756e-14 1
    outer loop
      vertex -0.29999999701976776 -37.13000000268221 1
      vertex 1.5522409304976463 -35.299366869032376 1.0000000000000018
      vertex 1.4681483432650566 -35.051638089120395 0.9999999999999982
    endloop
  endfacet
  facet normal 4.385818820791101e-15 -5.407937711805544e-15 1
    outer loop
      vertex -0.29999999701976776 -37.13000000268221 1
      vertex 1.667949192225933 -35.534000001847744 1
      vertex 1.5522409304976463 -35.299366869032376 1.0000000000000018
    endloop
  endfacet
  facet normal 0 0 1
    outer loop
      vertex -0.29999999701976776 -37.13000000268221 1
      vertex 1.8132933154702187 -35.75152286142111 1
      vertex 1.667949192225933 -35.534000001847744 1
    endloop
  endfacet
  facet normal 0 0 1
    outer loop
      vertex -0.29999999701976776 -37.13000000268221 1
      vertex 1.9857864379882812 -35.94821356236935 1
      vertex 1.8132933154702187 -35.75152286142111 1
    endloop
  endfacet
  facet normal -3.3495736629029196e-15 6.478674810058562e-15 1
    outer loop
      vertex -0.29999999701976776 -37.13000000268221 1
      vertex 2.1824771389365196 -36.12070668488741 1.0000000000000018
      vertex 1.9857864379882812 -35.94821356236935 1
    endloop
  endfacet
  facet normal -4.448686886044539e-16 -6.657930648991544e-16 1
    outer loop
      vertex -0.29999999701976776 -37.13000000268221 1
      vertex 2.399999998509884 -36.266050808131695 1.0000000000000018
      vertex 2.1824771389365196 -36.12070668488741 1.0000000000000018
    endloop
  endfacet
  facet normal 2.5802416797697536e-15 -1.0119818871748264e-14 1
    outer loop
      vertex -0.29999999701976776 -37.13000000268221 1
      vertex 2.634633131325245 -36.38175906985998 1
      vertex 2.399999998509884 -36.266050808131695 1.0000000000000018
    endloop
  endfacet
  facet normal 0 0 1
    outer loop
      vertex -0.29999999701976776 -37.13000000268221 1
      vertex 2.88236191123724 -36.46585165709257 1
      vertex 2.634633131325245 -36.38175906985998 1
    endloop
  endfacet
  facet normal -3.5446185127942004e-15 1.698454721648691e-14 1
    outer loop
      vertex -0.29999999701976776 -37.13000000268221 1
      vertex 3.1389476135373116 -36.51688972115516 1.0000000000000018
      vertex 2.88236191123724 -36.46585165709257 1
    endloop
  endfacet
  facet normal 4.8365993720068226e-15 -3.002586850628894e-14 1
    outer loop
      vertex -0.29999999701976776 -37.13000000268221 1
      vertex 3.399999998509884 -36.53400000184774 1
      vertex 3.1389476135373116 -36.51688972115516 1.0000000000000018
    endloop
  endfacet
  facet normal 1 0 0
    outer loop
      vertex -0.29999999701976776 -29.256631430664065 6.189733833648573
      vertex -0.29999999701976776 -37.13000000268221 8.299999999999999
      vertex -0.29999999701976776 -29.41058285412303 6.159110991546882
    endloop
  endfacet
  facet normal 1 0 0
    outer loop
      vertex -0.29999999701976776 -29.41058285412303 6.159110991546882
      vertex -0.29999999701976776 -37.13000000268221 8.299999999999999
      vertex -0.29999999701976776 -29.55922011883811 6.108655439013544
    endloop
  endfacet
  facet normal 1 0 0
    outer loop
      vertex -0.29999999701976776 -29.55922011883811 6.108655439013544
      vertex -0.29999999701976776 -37.13000000268221 8.299999999999999
      vertex -0.29999999701976776 -29.7 6.039230484541328
    endloop
  endfacet
  facet normal 1 0 0
    outer loop
      vertex -0.29999999701976776 -29.948528137423853 5.848528137423861
      vertex -0.29999999701976776 -29.83051371481046 5.952024008349481
      vertex -0.29999999701976776 -37.13000000268221 8.299999999999999
    endloop
  endfacet
  facet normal 1 0 0
    outer loop
      vertex -0.29999999701976776 -29.7 6.039230484541328
      vertex -0.29999999701976776 -37.13000000268221 8.299999999999999
      vertex -0.29999999701976776 -29.83051371481046 5.952024008349481
    endloop
  endfacet
  facet normal 1 0 0
    outer loop
      vertex -0.29999999701976776 -30.25911099154688 4.689417145876979
      vertex -0.29999999701976776 -30.28973383364857 4.843368569335938
      vertex -0.29999999701976776 -37.13000000268221 8.299999999999999
    endloop
  endfacet
  facet normal 1 0 0
    outer loop
      vertex -0.29999999701976776 -30.28973383364857 4.843368569335938
      vertex -0.29999999701976776 -30.3 4.999999999999998
      vertex -0.29999999701976776 -37.13000000268221 8.299999999999999
    endloop
  endfacet
  facet normal 1 0 0
    outer loop
      vertex -0.29999999701976776 -30.3 4.999999999999998
      vertex -0.29999999701976776 -30.28973383364857 5.1566314306640635
      vertex -0.29999999701976776 -37.13000000268221 8.299999999999999
    endloop
  endfacet
  facet normal 1 0 0
    outer loop
      vertex -0.29999999701976776 -30.28973383364857 5.1566314306640635
      vertex -0.29999999701976776 -30.25911099154688 5.310582854123027
      vertex -0.29999999701976776 -37.13000000268221 8.299999999999999
    endloop
  endfacet
  facet normal 1 0 0
    outer loop
      vertex -0.29999999701976776 -30.25911099154688 5.310582854123027
      vertex -0.29999999701976776 -30.208655439013548 5.4592201188381075
      vertex -0.29999999701976776 -37.13000000268221 8.299999999999999
    endloop
  endfacet
  facet normal 1 0 0
    outer loop
      vertex -0.29999999701976776 -30.13923048454133 5.6
      vertex -0.29999999701976776 -37.13000000268221 8.299999999999999
      vertex -0.29999999701976776 -30.208655439013548 5.4592201188381075
    endloop
  endfacet
  facet normal 1 0 0
    outer loop
      vertex -0.29999999701976776 -30.13923048454133 5.6
      vertex -0.29999999701976776 -30.052024008349484 5.7305137148104635
      vertex -0.29999999701976776 -37.13000000268221 8.299999999999999
    endloop
  endfacet
  facet normal 1 0 0
    outer loop
      vertex -0.29999999701976776 -29.948528137423853 5.848528137423861
      vertex -0.29999999701976776 -37.13000000268221 8.299999999999999
      vertex -0.29999999701976776 -30.052024008349484 5.7305137148104635
    endloop
  endfacet
  facet normal 1 0 0
    outer loop
      vertex -0.29999999701976776 -30.25911099154688 4.689417145876979
      vertex -0.29999999701976776 -37.13000000268221 8.299999999999999
      vertex -0.29999999701976776 -37.13000000268221 1
    endloop
  endfacet
  facet normal 0.997858923659613 0.06540312280677835 0
    outer loop
      vertex -0.29999999701976776 -37.13000000268221 1
      vertex -0.29999999701976776 -37.13000000268221 8.299999999999999
      vertex -0.2632129043340683 -37.69126263260841 1.0000000000000018
    endloop
  endfacet
  facet normal 0.9807852794219174 0.19509032694952227 1.8989043100143285e-16
    outer loop
      vertex -0.2632129043340683 -37.69126263260841 1.0000000000000018
      vertex -0.2632129043340683 -37.691262632608414 8.3
      vertex -0.15348105132579803 -38.24292189627886 1
    endloop
  endfacet
  facet normal 0.9469301321056566 0.3214394576127268 0
    outer loop
      vertex -0.15348105132579803 -38.24292189627886 1
      vertex -0.15348105132579803 -38.24292189627886 8.3
      vertex 0.027318008244037628 -38.77553876489401 1
    endloop
  endfacet
  facet normal 0.8968727387295259 0.44228869590325254 0
    outer loop
      vertex 0.027318008244037628 -38.77553876489401 1
      vertex 0.027318008244037628 -38.77553876489401 8.3
      vertex 0.27609076350927353 -39.28000000119209 1
    endloop
  endfacet
  facet normal 0.8314696103380804 0.5555702359596316 0
    outer loop
      vertex 0.27609076350927353 -39.28000000119209 1
      vertex 0.27609076350927353 -39.28000000119209 8.3
      vertex 0.5885806381702423 -39.74767414480448 1
    endloop
  endfacet
  facet normal 0.997858923659613 0.06540312280677753 6.365988192655002e-17
    outer loop
      vertex -0.2632129043340683 -37.69126263260841 1.0000000000000018
      vertex -0.29999999701976776 -37.13000000268221 8.299999999999999
      vertex -0.2632129043340683 -37.691262632608414 8.3
    endloop
  endfacet
  facet normal 0.980785279421917 0.1950903269495247 0
    outer loop
      vertex -0.15348105132579803 -38.24292189627886 1
      vertex -0.2632129043340683 -37.691262632608414 8.3
      vertex -0.15348105132579803 -38.24292189627886 8.3
    endloop
  endfacet
  facet normal 0.9469301321056566 0.3214394576127268 0
    outer loop
      vertex 0.027318008244037628 -38.77553876489401 1
      vertex -0.15348105132579803 -38.24292189627886 8.3
      vertex 0.027318008244037628 -38.77553876489401 8.3
    endloop
  endfacet
  facet normal 0.8968727387295259 0.44228869590325254 0
    outer loop
      vertex 0.27609076350927353 -39.28000000119209 1
      vertex 0.027318008244037628 -38.77553876489401 8.3
      vertex 0.27609076350927353 -39.28000000119209 8.3
    endloop
  endfacet
  facet normal 0.8314696103380765 0.5555702359596375 -5.407621854323907e-16
    outer loop
      vertex 0.5885806381702423 -39.74767414480448 1
      vertex 0.27609076350927353 -39.28000000119209 8.3
      vertex 0.5885806381702423 -39.74767414480447 8.3
    endloop
  endfacet
  facet normal 0.7518398084827804 0.6593458139554507 6.417717513148988e-16
    outer loop
      vertex 0.9594408422708511 -40.17055916041135 1
      vertex 0.5885806381702423 -39.74767414480447 8.3
      vertex 0.9594408422708511 -40.17055916041136 8.299999999999999
    endloop
  endfacet
  facet normal 0.6593458139554499 0.7518398084827813 -7.318004306475415e-16
    outer loop
      vertex 1.3823258578777313 -40.54141936451197 1.0000000000000018
      vertex 0.9594408422708511 -40.17055916041136 8.299999999999999
      vertex 1.3823258578777313 -40.54141936451196 8.3
    endloop
  endfacet
  facet normal 0.7518398084827695 0.6593458139554633 -6.417717513149108e-16
    outer loop
      vertex 0.5885806381702423 -39.74767414480448 1
      vertex 0.5885806381702423 -39.74767414480447 8.3
      vertex 0.9594408422708511 -40.17055916041135 1
    endloop
  endfacet
  facet normal 0.6593458139554642 0.7518398084827688 7.318004306475293e-16
    outer loop
      vertex 0.9594408422708511 -40.17055916041135 1
      vertex 0.9594408422708511 -40.17055916041136 8.299999999999999
      vertex 1.3823258578777313 -40.54141936451197 1.0000000000000018
    endloop
  endfacet
  facet normal 0.5555702359596316 0.8314696103380803 -8.093077967548002e-16
    outer loop
      vertex 1.3823258578777313 -40.54141936451197 1.0000000000000018
      vertex 1.3823258578777313 -40.54141936451196 8.3
      vertex 1.8500000014901161 -40.853909239172935 0.9999999999999982
    endloop
  endfacet
  facet normal 0.5555702359596404 0.8314696103380745 0
    outer loop
      vertex 1.8500000014901161 -40.853909239172935 0.9999999999999982
      vertex 1.3823258578777313 -40.54141936451196 8.3
      vertex 1.8500000014901161 -40.853909239172935 8.3
    endloop
  endfacet
  facet normal 0.4422886959032524 0.8968727387295258 0
    outer loop
      vertex 1.8500000014901161 -40.853909239172935 0.9999999999999982
      vertex 1.8500000014901161 -40.853909239172935 8.3
      vertex 2.3544612377882004 -41.10268199443817 1
    endloop
  endfacet
  facet normal 0.3214394576127268 0.9469301321056565 9.216908584109951e-16
    outer loop
      vertex 2.3544612377882004 -41.10268199443817 1
      vertex 2.3544612377882004 -41.10268199443818 8.299999999999997
      vertex 2.887078106403351 -41.28348105400801 1
    endloop
  endfacet
  facet normal 0.19509032694951253 0.9807852794219193 0
    outer loop
      vertex 2.887078106403351 -41.28348105400801 1
      vertex 2.887078106403351 -41.28348105400801 8.3
      vertex 3.4387373700737953 -41.39321290701627 1.0000000000000018
    endloop
  endfacet
  facet normal 0.06540312280677753 0.997858923659613 9.712622048215485e-16
    outer loop
      vertex 3.4387373700737953 -41.39321290701627 1.0000000000000018
      vertex 3.4387373700737953 -41.39321290701628 8.300000000000002
      vertex 4 -41.42999999970197 1.0000000000000018
    endloop
  endfacet
  facet normal 0.44228869590326264 0.8968727387295208 8.72967684117161e-16
    outer loop
      vertex 2.3544612377882004 -41.10268199443817 1
      vertex 1.8500000014901161 -40.853909239172935 8.3
      vertex 2.3544612377882004 -41.10268199443818 8.299999999999997
    endloop
  endfacet
  facet normal 0.3214394576127154 0.9469301321056602 0
    outer loop
      vertex 2.887078106403351 -41.28348105400801 1
      vertex 2.3544612377882004 -41.10268199443818 8.299999999999997
      vertex 2.887078106403351 -41.28348105400801 8.3
    endloop
  endfacet
  facet normal 0.1950903269495247 0.980785279421917 9.546436378543603e-16
    outer loop
      vertex 3.4387373700737953 -41.39321290701627 1.0000000000000018
      vertex 2.887078106403351 -41.28348105400801 8.3
      vertex 3.4387373700737953 -41.39321290701628 8.300000000000002
    endloop
  endfacet
  facet normal 0.06540312280677751 0.997858923659613 9.71262204821548e-16
    outer loop
      vertex 4 -41.42999999970197 1.0000000000000018
      vertex 3.4387373700737953 -41.39321290701628 8.300000000000002
      vertex 4 -41.42999999970198 8.300000000000006
    endloop
  endfacet
  facet normal 0 0 1
    outer loop
      vertex -0.29999999701976776 -37.13000000268221 1
      vertex 29.37200000137091 -36.53400000184774 1
      vertex 3.399999998509884 -36.53400000184774 1
    endloop
  endfacet
  facet normal 0 3.164929829078109e-15 1
    outer loop
      vertex -0.29999999701976776 -37.13000000268221 1
      vertex -0.2632129043340683 -37.69126263260841 1.0000000000000018
      vertex 33.42999999970198 -37.13000000268221 1
    endloop
  endfacet
  facet normal 0 -3.220025396802554e-15 1
    outer loop
      vertex -0.2632129043340683 -37.69126263260841 1.0000000000000018
      vertex -0.15348105132579803 -38.24292189627886 1
      vertex 33.39321290701628 -37.69126263260841 1.0000000000000018
    endloop
  endfacet
  facet normal 0 0 1
    outer loop
      vertex -0.15348105132579803 -38.24292189627886 1
      vertex 0.027318008244037628 -38.77553876489401 1
      vertex 33.28348105400801 -38.24292189627886 1
    endloop
  endfacet
  facet normal 0 0 1
    outer loop
      vertex 0.027318008244037628 -38.77553876489401 1
      vertex 0.27609076350927353 -39.28000000119209 1
      vertex 33.10268199443817 -38.77553876489401 1
    endloop
  endfacet
  facet normal 0 0 1
    outer loop
      vertex 0.27609076350927353 -39.28000000119209 1
      vertex 0.5885806381702423 -39.74767414480448 1
      vertex 32.853909239172935 -39.28000000119209 1
    endloop
  endfacet
  facet normal 0 0 1
    outer loop
      vertex 0.5885806381702423 -39.74767414480448 1
      vertex 0.9594408422708511 -40.17055916041135 1
      vertex 32.54141936451197 -39.74767414480448 1
    endloop
  endfacet
  facet normal 0 4.789828673335673e-15 1
    outer loop
      vertex 0.9594408422708511 -40.17055916041135 1
      vertex 1.3823258578777313 -40.54141936451197 1.0000000000000018
      vertex 32.17055916041136 -40.17055916041135 1
    endloop
  endfacet
  facet normal 0 -1.136905214178528e-14 1
    outer loop
      vertex 1.3823258578777313 -40.54141936451197 1.0000000000000018
      vertex 1.8500000014901161 -40.853909239172935 0.9999999999999982
      vertex 31.74767414480448 -40.54141936451197 1.0000000000000018
    endloop
  endfacet
  facet normal 0 7.140479822665222e-15 1
    outer loop
      vertex 1.8500000014901161 -40.853909239172935 0.9999999999999982
      vertex 2.3544612377882004 -41.10268199443817 1
      vertex 31.280000001192096 -40.853909239172935 0.9999999999999982
    endloop
  endfacet
  facet normal 0 0 1
    outer loop
      vertex 2.3544612377882004 -41.10268199443817 1
      vertex 2.887078106403351 -41.28348105400801 1
      vertex 30.775538764894012 -41.10268199443817 1
    endloop
  endfacet
  facet normal 0 1.6188160417435812e-14 1
    outer loop
      vertex 2.887078106403351 -41.28348105400801 1
      vertex 3.4387373700737953 -41.39321290701627 1.0000000000000018
      vertex 30.24292189627886 -41.28348105400801 1
    endloop
  endfacet
  facet normal 0 0 1
    outer loop
      vertex 3.4387373700737953 -41.39321290701627 1.0000000000000018
      vertex 4 -41.42999999970197 1.0000000000000018
      vertex 29.691262632608417 -41.39321290701627 1.0000000000000018
    endloop
  endfacet
  facet normal 0 1 9.733462133699996e-16
    outer loop
      vertex 4 -41.42999999970197 1.0000000000000018
      vertex 4 -41.42999999970198 8.300000000000006
      vertex 29.130000002682213 -41.42999999970197 1.0000000000000018
    endloop
  endfacet
  facet normal 2.61400816607265e-16 -2.9200955673633167e-15 1
    outer loop
      vertex 30.589522860944275 -2.313293315470219 0.9999999999999998
      vertex 30.786213561892513 -2.485786437988282 0.9999999999999992
      vertex 33.10268199443817 -2.3544612377882017 0.999999999999999
    endloop
  endfacet
  facet normal -1.8304347986301154e-16 4.919535982634724e-15 1
    outer loop
      vertex 30.786213561892513 -2.485786437988282 0.9999999999999992
      vertex 30.958706684410576 -2.682477138936519 1.0000000000000002
      vertex 33.10268199443817 -2.3544612377882017 0.999999999999999
    endloop
  endfacet
  facet normal 8.267133123081641e-16 -4.2009756139889705e-15 1
    outer loop
      vertex 31.219759069383148 -3.134633131325244 1.0000000000000002
      vertex 31.303851656615738 -3.3823619112372407 0.9999999999999991
      vertex 33.28348105400801 -2.8870781064033517 0.9999999999999996
    endloop
  endfacet
  facet normal 2.7177370957770106e-16 -2.2868663626429525e-15 1
    outer loop
      vertex 30.589522860944275 -2.313293315470219 0.9999999999999998
      vertex 33.10268199443817 -2.3544612377882017 0.999999999999999
      vertex 32.853909239172935 -1.8500000014901146 1.0000000000000002
    endloop
  endfacet
  facet normal 3.899115316295765e-16 1.174591319597655e-15 1
    outer loop
      vertex 30.958706684410576 -2.682477138936519 1.0000000000000002
      vertex 33.28348105400801 -2.8870781064033517 0.9999999999999996
      vertex 33.10268199443817 -2.3544612377882017 0.999999999999999
    endloop
  endfacet
  facet normal -5.212929417340606e-16 -3.565218927069831e-15 1
    outer loop
      vertex 31.303851656615738 -3.3823619112372407 0.9999999999999991
      vertex 31.329370688647035 -3.5106547623872775 0.9999999999999987
      vertex 33.39321290701628 -3.4387373700737944 1
    endloop
  endfacet
  facet normal -4.055514961717849e-16 7.243371388821032e-16 1
    outer loop
      vertex 31.303851656615738 -3.3823619112372407 0.9999999999999991
      vertex 33.39321290701628 -3.4387373700737944 1
      vertex 33.28348105400801 -2.8870781064033517 0.9999999999999996
    endloop
  endfacet
  facet normal -1 0 0
    outer loop
      vertex 33.42999999970198 -4.690000000000001 1.0000000000000004
      vertex 33.42999999970198 -15.4 3.799999999999998
      vertex 33.42999999970198 -4.69 8.300000000000002
    endloop
  endfacet
  facet normal -1 0 0
    outer loop
      vertex 33.42999999970198 -15.4 3.799999999999998
      vertex 33.42999999970198 -15.399999999999999 7.900000000000001
      vertex 33.42999999970198 -4.69 8.300000000000002
    endloop
  endfacet
  facet normal 0 -1.3689556406083364e-17 1
    outer loop
      vertex 31.37200000137091 -4.690000000000001 1.0000000000000004
      vertex 33.42999999970198 -37.13000000268221 1
      vertex 33.42999999970198 -4.690000000000001 1.0000000000000004
    endloop
  endfacet
  facet normal -1 0 0
    outer loop
      vertex 33.42999999970198 -4.690000000000001 1.0000000000000004
      vertex 33.42999999970198 -25.200000000000003 3.799999999999997
      vertex 33.42999999970198 -15.4 3.799999999999998
    endloop
  endfacet
  facet normal -1 0 0
    outer loop
      vertex 33.42999999970198 -15.399999999999999 7.900000000000001
      vertex 33.42999999970198 -37.13000000268221 8.299999999999999
      vertex 33.42999999970198 -4.69 8.300000000000002
    endloop
  endfacet
  facet normal 0 0 1
    outer loop
      vertex -0.29999999701976776 -37.13000000268221 1
      vertex 33.42999999970198 -37.13000000268221 1
      vertex 29.37200000137091 -36.53400000184774 1
    endloop
  endfacet
  facet normal 0 0 1
    outer loop
      vertex 2.887078106403351 -41.28348105400801 1
      vertex 30.24292189627886 -41.28348105400801 1
      vertex 30.775538764894012 -41.10268199443817 1
    endloop
  endfacet
  facet normal 0 7.140479822665222e-15 1
    outer loop
      vertex 2.3544612377882004 -41.10268199443817 1
      vertex 30.775538764894012 -41.10268199443817 1
      vertex 31.280000001192096 -40.853909239172935 0.9999999999999982
    endloop
  endfacet
  facet normal 0 0 1
    outer loop
      vertex 4 -41.42999999970197 1.0000000000000018
      vertex 29.130000002682213 -41.42999999970197 1.0000000000000018
      vertex 29.691262632608417 -41.39321290701627 1.0000000000000018
    endloop
  endfacet
  facet normal 0 1.6188160417435812e-14 1
    outer loop
      vertex 3.4387373700737953 -41.39321290701627 1.0000000000000018
      vertex 29.691262632608417 -41.39321290701627 1.0000000000000018
      vertex 30.24292189627886 -41.28348105400801 1
    endloop
  endfacet
  facet normal 0 3.164929829078109e-15 1
    outer loop
      vertex -0.2632129043340683 -37.69126263260841 1.0000000000000018
      vertex 33.39321290701628 -37.69126263260841 1.0000000000000018
      vertex 33.42999999970198 -37.13000000268221 1
    endloop
  endfacet
  facet normal 0 -3.2200253968025535e-15 1
    outer loop
      vertex -0.15348105132579803 -38.24292189627886 1
      vertex 33.28348105400801 -38.24292189627886 1
      vertex 33.39321290701628 -37.69126263260841 1.0000000000000018
    endloop
  endfacet
  facet normal 0 0 1
    outer loop
      vertex 0.27609076350927353 -39.28000000119209 1
      vertex 32.853909239172935 -39.28000000119209 1
      vertex 33.10268199443817 -38.77553876489401 1
    endloop
  endfacet
  facet normal 0 0 1
    outer loop
      vertex 0.5885806381702423 -39.74767414480448 1
      vertex 32.54141936451197 -39.74767414480448 1
      vertex 32.853909239172935 -39.28000000119209 1
    endloop
  endfacet
  facet normal 0 0 1
    outer loop
      vertex 0.9594408422708511 -40.17055916041135 1
      vertex 32.17055916041136 -40.17055916041135 1
      vertex 32.54141936451197 -39.74767414480448 1
    endloop
  endfacet
  facet normal 0 0 1
    outer loop
      vertex 0.027318008244037628 -38.77553876489401 1
      vertex 33.10268199443817 -38.77553876489401 1
      vertex 33.28348105400801 -38.24292189627886 1
    endloop
  endfacet
  facet normal 0 4.789828673335674e-15 1
    outer loop
      vertex 1.3823258578777313 -40.54141936451197 1.0000000000000018
      vertex 31.74767414480448 -40.54141936451197 1.0000000000000018
      vertex 32.17055916041136 -40.17055916041135 1
    endloop
  endfacet
  facet normal 0 -1.136905214178528e-14 1
    outer loop
      vertex 1.8500000014901161 -40.853909239172935 0.9999999999999982
      vertex 31.280000001192096 -40.853909239172935 0.9999999999999982
      vertex 31.74767414480448 -40.54141936451197 1.0000000000000018
    endloop
  endfacet
  facet normal 2.827468108572475e-16 1 1.9466924267400016e-15
    outer loop
      vertex 29.130000002682213 -41.42999999970197 1.0000000000000018
      vertex 4 -41.42999999970198 8.300000000000006
      vertex 29.130000002682213 -41.429999999701984 8.299999999999999
    endloop
  endfacet
  facet normal -1 0 0
    outer loop
      vertex 33.42999999970198 -4.690000000000001 1.0000000000000004
      vertex 33.42999999970198 -37.13000000268221 1
      vertex 33.42999999970198 -25.200000000000003 3.799999999999997
    endloop
  endfacet
  facet normal 9.194582207795897e-16 4.464105446547724e-17 1
    outer loop
      vertex 31.37200000137091 -4.690000000000001 1.0000000000000004
      vertex 31.37200000137091 -34.534000001847744 1.0000000000000018
      vertex 33.42999999970198 -37.13000000268221 1
    endloop
  endfacet
  facet normal -1 0 0
    outer loop
      vertex 33.42999999970198 -15.399999999999999 7.900000000000001
      vertex 33.42999999970198 -25.200000000000003 7.9
      vertex 33.42999999970198 -37.13000000268221 8.299999999999999
    endloop
  endfacet
  facet normal -1 0 0
    outer loop
      vertex 33.42999999970198 -25.200000000000003 3.799999999999997
      vertex 33.42999999970198 -37.13000000268221 8.299999999999999
      vertex 33.42999999970198 -25.200000000000003 7.9
    endloop
  endfacet
  facet normal 0 0 1
    outer loop
      vertex 29.889638088643554 -36.46585165709257 1
      vertex 33.42999999970198 -37.13000000268221 1
      vertex 30.13736686855555 -36.38175906985998 1
    endloop
  endfacet
  facet normal -2.388195371655472e-15 -1.0509250242036168e-14 1
    outer loop
      vertex 30.13736686855555 -36.38175906985998 1
      vertex 33.42999999970198 -37.13000000268221 1
      vertex 30.37200000137091 -36.266050808131695 1.0000000000000018
    endloop
  endfacet
  facet normal -4.7049381961388736e-15 -3.2034629472059253e-14 1
    outer loop
      vertex 29.37200000137091 -36.53400000184774 1
      vertex 33.42999999970198 -37.13000000268221 1
      vertex 29.633052386343483 -36.51688972115516 1.0000000000000018
    endloop
  endfacet
  facet normal 3.360154898103215e-15 1.79119085299226e-14 1
    outer loop
      vertex 29.633052386343483 -36.51688972115516 1.0000000000000018
      vertex 33.42999999970198 -37.13000000268221 1
      vertex 29.889638088643554 -36.46585165709257 1
    endloop
  endfacet
  facet normal 8.725215423006195e-15 6.2327182131678386e-15 1
    outer loop
      vertex 31.37200000137091 -34.534000001847744 1.0000000000000018
      vertex 31.354889720678333 -34.79505238682031 1.0000000000000036
      vertex 33.42999999970198 -37.13000000268221 1
    endloop
  endfacet
  facet normal 4.0826484876481916e-16 -6.110115454571854e-16 1
    outer loop
      vertex 30.37200000137091 -36.266050808131695 1.0000000000000018
      vertex 33.42999999970198 -37.13000000268221 1
      vertex 30.589522860944275 -36.12070668488741 1.0000000000000018
    endloop
  endfacet
  facet normal 3.0491375411841865e-15 6.821256534526096e-15 1
    outer loop
      vertex 30.786213561892513 -35.94821356236935 1
      vertex 30.589522860944275 -36.12070668488741 1.0000000000000018
      vertex 33.42999999970198 -37.13000000268221 1
    endloop
  endfacet
  facet normal 9.898700936701526e-15 1.0980986172693173e-14 1
    outer loop
      vertex 31.303851656615738 -35.051638089120395 0.9999999999999982
      vertex 31.219759069383148 -35.299366869032376 1.0000000000000018
      vertex 33.42999999970198 -37.13000000268221 1
    endloop
  endfacet
  facet normal -3.881444119712414e-15 -5.656667800439114e-15 1
    outer loop
      vertex 31.10405080765486 -35.534000001847744 1
      vertex 33.42999999970198 -37.13000000268221 1
      vertex 31.219759069383148 -35.299366869032376 1.0000000000000018
    endloop
  endfacet
  facet normal 0 0 1
    outer loop
      vertex 31.10405080765486 -35.534000001847744 1
      vertex 30.958706684410576 -35.75152286142111 1
      vertex 33.42999999970198 -37.13000000268221 1
    endloop
  endfacet
  facet normal 0 0 1
    outer loop
      vertex 30.786213561892513 -35.94821356236935 1
      vertex 33.42999999970198 -37.13000000268221 1
      vertex 30.958706684410576 -35.75152286142111 1
    endloop
  endfacet
  facet normal -1.7696842306192227e-14 -1.7249043525018668e-14 1
    outer loop
      vertex 31.303851656615738 -35.051638089120395 0.9999999999999982
      vertex 33.42999999970198 -37.13000000268221 1
      vertex 31.354889720678333 -34.79505238682031 1.0000000000000036
    endloop
  endfacet
  facet normal -1 0 0
    outer loop
      vertex 33.42999999970198 -25.200000000000003 3.799999999999997
      vertex 33.42999999970198 -37.13000000268221 1
      vertex 33.42999999970198 -37.13000000268221 8.299999999999999
    endloop
  endfacet
  facet normal -0.06540312280677753 0.997858923659613 1.942524409643098e-15
    outer loop
      vertex 29.130000002682213 -41.42999999970197 1.0000000000000018
      vertex 29.130000002682213 -41.429999999701984 8.299999999999999
      vertex 29.691262632608417 -41.39321290701627 1.0000000000000018
    endloop
  endfacet
  facet normal -0.19509032694951253 0.9807852794219192 9.546436378543634e-16
    outer loop
      vertex 29.691262632608417 -41.39321290701627 1.0000000000000018
      vertex 29.691262632608417 -41.39321290701628 8.299999999999997
      vertex 30.24292189627886 -41.28348105400801 1
    endloop
  endfacet
  facet normal -0.3214394576127268 0.9469301321056565 0
    outer loop
      vertex 30.24292189627886 -41.28348105400801 1
      vertex 30.24292189627886 -41.28348105400801 8.299999999999997
      vertex 30.775538764894012 -41.10268199443817 1
    endloop
  endfacet
  facet normal -0.4422886959032525 0.8968727387295259 8.729676841171659e-16
    outer loop
      vertex 30.775538764894012 -41.10268199443817 1
      vertex 30.775538764894012 -41.10268199443818 8.299999999999997
      vertex 31.280000001192096 -40.853909239172935 0.9999999999999982
    endloop
  endfacet
  facet normal -0.3214394576127155 0.9469301321056603 9.216908584109989e-16
    outer loop
      vertex 30.775538764894012 -41.10268199443817 1
      vertex 30.24292189627886 -41.28348105400801 8.299999999999997
      vertex 30.775538764894012 -41.10268199443818 8.299999999999997
    endloop
  endfacet
  facet normal -0.44228869590327285 0.8968727387295158 -8.729676841171559e-16
    outer loop
      vertex 31.280000001192096 -40.853909239172935 0.9999999999999982
      vertex 30.775538764894012 -41.10268199443818 8.299999999999997
      vertex 31.280000001192096 -40.85390923917293 8.299999999999997
    endloop
  endfacet
  facet normal -0.06540312280679011 0.9978589236596123 9.712622048215483e-16
    outer loop
      vertex 29.691262632608417 -41.39321290701627 1.0000000000000018
      vertex 29.130000002682213 -41.429999999701984 8.299999999999999
      vertex 29.691262632608417 -41.39321290701628 8.299999999999997
    endloop
  endfacet
  facet normal -0.1950903269495247 0.9807852794219168 0
    outer loop
      vertex 30.24292189627886 -41.28348105400801 1
      vertex 29.691262632608417 -41.39321290701628 8.299999999999997
      vertex 30.24292189627886 -41.28348105400801 8.299999999999997
    endloop
  endfacet
  facet normal -0.997858923659613 0.06540312280677835 6.365988192655082e-17
    outer loop
      vertex 33.39321290701628 -37.69126263260841 1.0000000000000018
      vertex 33.39321290701628 -37.691262632608414 8.3
      vertex 33.42999999970198 -37.13000000268221 1
    endloop
  endfacet
  facet normal -0.9469301321056566 0.3214394576127268 0
    outer loop
      vertex 33.28348105400801 -38.24292189627886 1
      vertex 33.10268199443817 -38.77553876489401 1
      vertex 33.10268199443817 -38.77553876489401 8.3
    endloop
  endfacet
  facet normal -0.8968727387295259 0.44228869590325254 0
    outer loop
      vertex 32.853909239172935 -39.28000000119209 1
      vertex 32.853909239172935 -39.28000000119209 8.3
      vertex 33.10268199443817 -38.77553876489401 1
    endloop
  endfacet
  facet normal -0.9807852794219174 0.19509032694952227 0
    outer loop
      vertex 33.39321290701628 -37.69126263260841 1.0000000000000018
      vertex 33.28348105400801 -38.24292189627886 1
      vertex 33.28348105400801 -38.24292189627886 8.3
    endloop
  endfacet
  facet normal -0.5555702359596316 0.8314696103380803 -8.093077967548002e-16
    outer loop
      vertex 31.74767414480448 -40.54141936451197 1.0000000000000018
      vertex 31.280000001192096 -40.85390923917293 8.299999999999997
      vertex 31.74767414480448 -40.54141936451196 8.3
    endloop
  endfacet
  facet normal -0.7518398084827804 0.6593458139554508 -6.417717513148987e-16
    outer loop
      vertex 32.54141936451197 -39.74767414480448 1
      vertex 32.17055916041136 -40.17055916041136 8.299999999999999
      vertex 32.54141936451197 -39.74767414480447 8.3
    endloop
  endfacet
  facet normal -0.659345813955453 0.7518398084827785 7.318004306475388e-16
    outer loop
      vertex 32.17055916041136 -40.17055916041135 1
      vertex 31.74767414480448 -40.54141936451196 8.3
      vertex 32.17055916041136 -40.17055916041136 8.299999999999999
    endloop
  endfacet
  facet normal -0.9469301321056566 0.3214394576127268 0
    outer loop
      vertex 33.28348105400801 -38.24292189627886 1
      vertex 33.10268199443817 -38.77553876489401 8.3
      vertex 33.28348105400801 -38.24292189627886 8.3
    endloop
  endfacet
  facet normal -0.997858923659613 0.06540312280677753 0
    outer loop
      vertex 33.42999999970198 -37.13000000268221 1
      vertex 33.39321290701628 -37.691262632608414 8.3
      vertex 33.42999999970198 -37.13000000268221 8.299999999999999
    endloop
  endfacet
  facet normal -0.980785279421917 0.19509032694952466 1.8989043100143517e-16
    outer loop
      vertex 33.39321290701628 -37.69126263260841 1.0000000000000018
      vertex 33.28348105400801 -38.24292189627886 8.3
      vertex 33.39321290701628 -37.691262632608414 8.3
    endloop
  endfacet
  facet normal -0.8314696103380765 0.5555702359596375 0
    outer loop
      vertex 32.853909239172935 -39.28000000119209 1
      vertex 32.54141936451197 -39.74767414480447 8.3
      vertex 32.853909239172935 -39.28000000119209 8.3
    endloop
  endfacet
  facet normal -0.8968727387295259 0.44228869590325254 0
    outer loop
      vertex 33.10268199443817 -38.77553876489401 1
      vertex 32.853909239172935 -39.28000000119209 8.3
      vertex 33.10268199443817 -38.77553876489401 8.3
    endloop
  endfacet
  facet normal -0.6593458139554673 0.7518398084827658 -7.300526036288454e-16
    outer loop
      vertex 32.17055916041136 -40.17055916041135 1
      vertex 31.74767414480448 -40.54141936451197 1.0000000000000018
      vertex 31.74767414480448 -40.54141936451196 8.3
    endloop
  endfacet
  facet normal -0.5555702359596316 0.8314696103380803 -8.093077967548002e-16
    outer loop
      vertex 31.280000001192096 -40.853909239172935 0.9999999999999982
      vertex 31.280000001192096 -40.85390923917293 8.299999999999997
      vertex 31.74767414480448 -40.54141936451197 1.0000000000000018
    endloop
  endfacet
  facet normal -0.7518398084827694 0.6593458139554633 6.41771751314911e-16
    outer loop
      vertex 32.17055916041136 -40.17055916041135 1
      vertex 32.17055916041136 -40.17055916041136 8.299999999999999
      vertex 32.54141936451197 -39.74767414480448 1
    endloop
  endfacet
  facet normal -0.8314696103380804 0.5555702359596316 -5.407797072815928e-16
    outer loop
      vertex 32.853909239172935 -39.28000000119209 1
      vertex 32.54141936451197 -39.74767414480448 1
      vertex 32.54141936451197 -39.74767414480447 8.3
    endloop
  endfacet
  facet normal 1 0 0
    outer loop
      vertex 4.865000000000002 7.80425563454628 1.2999999970197682
      vertex 4.865000000000002 7.816428497433663 1.3268660679459576
      vertex 4.865000000000002 6.381432108581064 2.034527972340583
    endloop
  endfacet
  facet normal 1 0 0
    outer loop
      vertex 4.865000000000002 7.9089705124497405 1.4999999999999996
      vertex 4.865000000000002 6.469878742785949 2.200000000000001
      vertex 4.865000000000002 7.816428497433663 1.3268660679459576
    endloop
  endfacet
  facet normal 1 0 0
    outer loop
      vertex 4.865000000000002 7.9089705124497405 1.4999999999999996
      vertex 4.865000000000002 8.012637883424759 1.666710697114468
      vertex 4.865000000000002 6.469878742785949 2.200000000000001
    endloop
  endfacet
  facet normal 1 0 0
    outer loop
      vertex 4.865000000000002 7.80425563454628 1.2999999970197682
      vertex 4.865000000000002 6.151168122887613 1.4786215424537668
      vertex 4.865000000000002 6.096983872354031 1.2999999970197678
    endloop
  endfacet
  facet normal 1 0 0
    outer loop
      vertex 4.865000000000002 8.469731791065925 2.2
      vertex 4.865000000000002 6.469878742785949 2.200000000000001
      vertex 4.865000000000002 8.385726377367972 2.1213203445076942
    endloop
  endfacet
  facet normal 1 0 0
    outer loop
      vertex 4.865000000000002 8.012637883424759 1.666710697114468
      vertex 4.865000000000002 8.12698669731617 1.8262842893600464
      vertex 4.865000000000002 6.469878742785949 2.200000000000001
    endloop
  endfacet
  facet normal 1 0 0
    outer loop
      vertex 4.865000000000002 8.251527301967144 1.9780374467372894
      vertex 4.865000000000002 8.385726377367972 2.1213203445076942
      vertex 4.865000000000002 6.469878742785949 2.200000000000001
    endloop
  endfacet
  facet normal 1 0 0
    outer loop
      vertex 4.865000000000002 8.12698669731617 1.8262842893600464
      vertex 4.865000000000002 8.251527301967144 1.9780374467372894
      vertex 4.865000000000002 6.469878742785949 2.200000000000001
    endloop
  endfacet
  facet normal 1 0 0
    outer loop
      vertex 4.865000000000002 7.80425563454628 1.2999999970197682
      vertex 4.865000000000002 6.381432108581064 2.034527972340583
      vertex 4.865000000000002 6.257200874388218 1.7603437900543213
    endloop
  endfacet
  facet normal 1 0 0
    outer loop
      vertex 4.865000000000002 7.80425563454628 1.2999999970197682
      vertex 4.865000000000002 6.257200874388218 1.7603437900543213
      vertex 4.865000000000002 6.151168122887613 1.4786215424537668
    endloop
  endfacet
  facet normal 1 0 0
    outer loop
      vertex 4.865000000000002 7.816428497433663 1.3268660679459576
      vertex 4.865000000000002 6.469878742785949 2.200000000000001
      vertex 4.865000000000002 6.381432108581064 2.034527972340583
    endloop
  endfacet
  facet normal 0 -0.8128466971527084 0.5824776793388166
    outer loop
      vertex 4.865000000000002 8.012637883424759 1.666710697114468
      vertex 11.265 8.012637883424759 1.666710697114468
      vertex 4.865000000000002 8.12698669731617 1.8262842893600464
    endloop
  endfacet
  facet normal 0 -0.729864080369128 0.6835922938323159
    outer loop
      vertex 4.865000000000002 8.251527301967144 1.9780374467372894
      vertex 11.265 8.251527301967144 1.9780374467372894
      vertex 4.865000000000002 8.385726377367972 2.1213203445076942
    endloop
  endfacet
  facet normal 0 -0.6835922998916273 0.7298640746939634
    outer loop
      vertex 4.865000000000002 8.469731791065925 2.2
      vertex 4.865000000000002 8.385726377367972 2.1213203445076942
      vertex 11.265 8.469731791065925 2.2
    endloop
  endfacet
  facet normal 0 -0.7730104360012041 0.6343933053187338
    outer loop
      vertex 4.865000000000002 8.12698669731617 1.8262842893600464
      vertex 11.265 8.12698669731617 1.8262842893600464
      vertex 4.865000000000002 8.251527301967144 1.9780374467372894
    endloop
  endfacet
  facet normal 0 -0.9108637673372493 0.41270715689480536
    outer loop
      vertex 4.865000000000002 7.80425563454628 1.2999999970197682
      vertex 11.265 7.80425563454628 1.2999999970197682
      vertex 4.865000000000002 7.816428497433663 1.3268660679459576
    endloop
  endfacet
  facet normal 0 -0.8819212636659395 0.4713967381027073
    outer loop
      vertex 4.865000000000002 7.9089705124497405 1.4999999999999996
      vertex 4.865000000000002 7.816428497433663 1.3268660679459576
      vertex 11.265 7.816428497433663 1.3268660679459576
    endloop
  endfacet
  facet normal 0 -0.8492021866926839 0.5280678423425954
    outer loop
      vertex 4.865000000000002 7.9089705124497405 1.4999999999999996
      vertex 11.265 7.9089705124497405 1.4999999999999996
      vertex 4.865000000000002 8.012637883424759 1.666710697114468
    endloop
  endfacet
  facet normal 0 -2.6011629764193067e-16 1
    outer loop
      vertex 4.865000000000002 7.80425563454628 1.2999999970197682
      vertex 4.865000000000002 6.096983872354031 1.2999999970197678
      vertex 11.265 6.096983872354031 1.2999999970197678
    endloop
  endfacet
  facet normal 0 0.8819212804511989 -0.47139670669969447
    outer loop
      vertex 4.865000000000002 6.381432108581064 2.034527972340583
      vertex 4.865000000000002 6.469878742785949 2.200000000000001
      vertex 11.265 6.381432108581064 2.034527972340583
    endloop
  endfacet
  facet normal 0 0.9108638281282446 -0.41270702272624316
    outer loop
      vertex 4.865000000000002 6.257200874388218 1.7603437900543213
      vertex 4.865000000000002 6.381432108581064 2.034527972340583
      vertex 11.265 6.381432108581064 2.034527972340583
    endloop
  endfacet
  facet normal 0 -0.8128466971527084 0.5824776793388166
    outer loop
      vertex 4.865000000000002 8.12698669731617 1.8262842893600464
      vertex 11.265 8.012637883424759 1.666710697114468
      vertex 11.265 8.12698669731617 1.8262842893600464
    endloop
  endfacet
  facet normal 0 -0.6835922998916273 0.7298640746939634
    outer loop
      vertex 4.865000000000002 8.385726377367972 2.1213203445076942
      vertex 11.265 8.385726377367972 2.1213203445076942
      vertex 11.265 8.469731791065925 2.2
    endloop
  endfacet
  facet normal 0 -0.729864080369128 0.6835922938323159
    outer loop
      vertex 4.865000000000002 8.385726377367972 2.1213203445076942
      vertex 11.265 8.251527301967144 1.9780374467372894
      vertex 11.265 8.385726377367972 2.1213203445076942
    endloop
  endfacet
  facet normal 0 -0.7730104360012041 0.6343933053187338
    outer loop
      vertex 4.865000000000002 8.251527301967144 1.9780374467372894
      vertex 11.265 8.12698669731617 1.8262842893600464
      vertex 11.265 8.251527301967144 1.9780374467372894
    endloop
  endfacet
  facet normal 0 -0.9108637673372493 0.41270715689480536
    outer loop
      vertex 4.865000000000002 7.816428497433663 1.3268660679459576
      vertex 11.265 7.80425563454628 1.2999999970197682
      vertex 11.265 7.816428497433663 1.3268660679459576
    endloop
  endfacet
  facet normal 0 -0.8819212636659395 0.4713967381027073
    outer loop
      vertex 4.865000000000002 7.9089705124497405 1.4999999999999996
      vertex 11.265 7.816428497433663 1.3268660679459576
      vertex 11.265 7.9089705124497405 1.4999999999999996
    endloop
  endfacet
  facet normal 0 -0.8492021866926839 0.5280678423425954
    outer loop
      vertex 4.865000000000002 8.012637883424759 1.666710697114468
      vertex 11.265 7.9089705124497405 1.4999999999999996
      vertex 11.265 8.012637883424759 1.666710697114468
    endloop
  endfacet
  facet normal 0 -2.6011629764193067e-16 1
    outer loop
      vertex 4.865000000000002 7.80425563454628 1.2999999970197682
      vertex 11.265 6.096983872354031 1.2999999970197678
      vertex 11.265 7.80425563454628 1.2999999970197682
    endloop
  endfacet
  facet normal 0 0.9108638281282446 -0.41270702272624316
    outer loop
      vertex 4.865000000000002 6.257200874388218 1.7603437900543213
      vertex 11.265 6.381432108581064 2.034527972340583
      vertex 11.265 6.257200874388218 1.7603437900543213
    endloop
  endfacet
  facet normal 0 0.8819212804511989 -0.47139670669969447
    outer loop
      vertex 4.865000000000002 6.469878742785949 2.200000000000001
      vertex 11.265 6.469878742785949 2.200000000000001
      vertex 11.265 6.381432108581064 2.034527972340583
    endloop
  endfacet
  facet normal 0 0.9569403400399981 -0.2902846630535845
    outer loop
      vertex 4.865000000000002 6.096983872354031 1.2999999970197678
      vertex 4.865000000000002 6.151168122887613 1.4786215424537668
      vertex 11.265 6.151168122887613 1.4786215424537668
    endloop
  endfacet
  facet normal 0 0.9359059205060534 -0.3522500645304654
    outer loop
      vertex 4.865000000000002 6.151168122887613 1.4786215424537668
      vertex 4.865000000000002 6.257200874388218 1.7603437900543213
      vertex 11.265 6.257200874388218 1.7603437900543213
    endloop
  endfacet
  facet normal 0 0.9569403400399981 -0.2902846630535845
    outer loop
      vertex 4.865000000000002 6.096983872354031 1.2999999970197678
      vertex 11.265 6.151168122887613 1.4786215424537668
      vertex 11.265 6.096983872354031 1.2999999970197678
    endloop
  endfacet
  facet normal 0 0.9359059205060534 -0.3522500645304654
    outer loop
      vertex 4.865000000000002 6.151168122887613 1.4786215424537668
      vertex 11.265 6.257200874388218 1.7603437900543213
      vertex 11.265 6.151168122887613 1.4786215424537668
    endloop
  endfacet
  facet normal -1 0 0
    outer loop
      vertex 11.265 7.80425563454628 1.2999999970197682
      vertex 11.265 6.381432108581064 2.034527972340583
      vertex 11.265 7.816428497433663 1.3268660679459576
    endloop
  endfacet
  facet normal -1 0 0
    outer loop
      vertex 11.265 7.9089705124497405 1.4999999999999996
      vertex 11.265 7.816428497433663 1.3268660679459576
      vertex 11.265 6.469878742785949 2.200000000000001
    endloop
  endfacet
  facet normal -1 0 0
    outer loop
      vertex 11.265 7.9089705124497405 1.4999999999999996
      vertex 11.265 6.469878742785949 2.200000000000001
      vertex 11.265 8.012637883424759 1.666710697114468
    endloop
  endfacet
  facet normal -1 0 0
    outer loop
      vertex 11.265 7.80425563454628 1.2999999970197682
      vertex 11.265 6.096983872354031 1.2999999970197678
      vertex 11.265 6.151168122887613 1.4786215424537668
    endloop
  endfacet
  facet normal -1 0 0
    outer loop
      vertex 11.265 8.469731791065925 2.2
      vertex 11.265 8.385726377367972 2.1213203445076942
      vertex 11.265 6.469878742785949 2.200000000000001
    endloop
  endfacet
  facet normal -1 0 0
    outer loop
      vertex 11.265 8.012637883424759 1.666710697114468
      vertex 11.265 6.469878742785949 2.200000000000001
      vertex 11.265 8.12698669731617 1.8262842893600464
    endloop
  endfacet
  facet normal -1 0 0
    outer loop
      vertex 11.265 8.251527301967144 1.9780374467372894
      vertex 11.265 6.469878742785949 2.200000000000001
      vertex 11.265 8.385726377367972 2.1213203445076942
    endloop
  endfacet
  facet normal -1 0 0
    outer loop
      vertex 11.265 8.12698669731617 1.8262842893600464
      vertex 11.265 6.469878742785949 2.200000000000001
      vertex 11.265 8.251527301967144 1.9780374467372894
    endloop
  endfacet
  facet normal -1 0 0
    outer loop
      vertex 11.265 7.80425563454628 1.2999999970197682
      vertex 11.265 6.257200874388218 1.7603437900543213
      vertex 11.265 6.381432108581064 2.034527972340583
    endloop
  endfacet
  facet normal -1 0 0
    outer loop
      vertex 11.265 7.80425563454628 1.2999999970197682
      vertex 11.265 6.151168122887613 1.4786215424537668
      vertex 11.265 6.257200874388218 1.7603437900543213
    endloop
  endfacet
  facet normal -1 0 0
    outer loop
      vertex 11.265 7.816428497433663 1.3268660679459576
      vertex 11.265 6.381432108581064 2.034527972340583
      vertex 11.265 6.469878742785949 2.200000000000001
    endloop
  endfacet
  facet normal 1 0 0
    outer loop
      vertex 21.865000000000002 7.80425563454628 1.2999999970197682
      vertex 21.865000000000002 7.816428497433663 1.3268660679459576
      vertex 21.865000000000002 6.381432108581064 2.034527972340583
    endloop
  endfacet
  facet normal 1 0 0
    outer loop
      vertex 21.865000000000002 7.9089705124497405 1.4999999999999996
      vertex 21.865000000000002 6.469878742785949 2.200000000000001
      vertex 21.865000000000002 7.816428497433663 1.3268660679459576
    endloop
  endfacet
  facet normal 1 0 0
    outer loop
      vertex 21.865000000000002 7.9089705124497405 1.4999999999999996
      vertex 21.865000000000002 8.012637883424759 1.666710697114468
      vertex 21.865000000000002 6.469878742785949 2.200000000000001
    endloop
  endfacet
  facet normal 1 0 0
    outer loop
      vertex 21.865000000000002 7.80425563454628 1.2999999970197682
      vertex 21.865000000000002 6.151168122887613 1.4786215424537668
      vertex 21.865000000000002 6.096983872354031 1.2999999970197678
    endloop
  endfacet
  facet normal 1 0 0
    outer loop
      vertex 21.865000000000002 8.469731791065925 2.2
      vertex 21.865000000000002 6.469878742785949 2.200000000000001
      vertex 21.865000000000002 8.385726377367972 2.1213203445076942
    endloop
  endfacet
  facet normal 1 0 0
    outer loop
      vertex 21.865000000000002 8.012637883424759 1.666710697114468
      vertex 21.865000000000002 8.12698669731617 1.8262842893600464
      vertex 21.865000000000002 6.469878742785949 2.200000000000001
    endloop
  endfacet
  facet normal 1 0 0
    outer loop
      vertex 21.865000000000002 8.251527301967144 1.9780374467372894
      vertex 21.865000000000002 8.385726377367972 2.1213203445076942
      vertex 21.865000000000002 6.469878742785949 2.200000000000001
    endloop
  endfacet
  facet normal 1 0 0
    outer loop
      vertex 21.865000000000002 8.12698669731617 1.8262842893600464
      vertex 21.865000000000002 8.251527301967144 1.9780374467372894
      vertex 21.865000000000002 6.469878742785949 2.200000000000001
    endloop
  endfacet
  facet normal 1 0 0
    outer loop
      vertex 21.865000000000002 7.80425563454628 1.2999999970197682
      vertex 21.865000000000002 6.381432108581064 2.034527972340583
      vertex 21.865000000000002 6.257200874388218 1.7603437900543213
    endloop
  endfacet
  facet normal 1 0 0
    outer loop
      vertex 21.865000000000002 7.80425563454628 1.2999999970197682
      vertex 21.865000000000002 6.257200874388218 1.7603437900543213
      vertex 21.865000000000002 6.151168122887613 1.4786215424537668
    endloop
  endfacet
  facet normal 1 0 0
    outer loop
      vertex 21.865000000000002 7.816428497433663 1.3268660679459576
      vertex 21.865000000000002 6.469878742785949 2.200000000000001
      vertex 21.865000000000002 6.381432108581064 2.034527972340583
    endloop
  endfacet
  facet normal 0 -0.8128466971527084 0.5824776793388164
    outer loop
      vertex 21.865000000000002 8.012637883424759 1.666710697114468
      vertex 28.265000000000004 8.012637883424759 1.666710697114468
      vertex 21.865000000000002 8.12698669731617 1.8262842893600464
    endloop
  endfacet
  facet normal 0 -0.7298640803691279 0.6835922938323158
    outer loop
      vertex 21.865000000000002 8.251527301967144 1.9780374467372894
      vertex 28.265000000000004 8.251527301967144 1.9780374467372894
      vertex 21.865000000000002 8.385726377367972 2.1213203445076942
    endloop
  endfacet
  facet normal 0 -0.6835922998916273 0.7298640746939634
    outer loop
      vertex 21.865000000000002 8.469731791065925 2.2
      vertex 21.865000000000002 8.385726377367972 2.1213203445076942
      vertex 28.265000000000004 8.469731791065925 2.2
    endloop
  endfacet
  facet normal 0 -0.7730104360012041 0.634393305318734
    outer loop
      vertex 21.865000000000002 8.12698669731617 1.8262842893600464
      vertex 28.265000000000004 8.12698669731617 1.8262842893600464
      vertex 21.865000000000002 8.251527301967144 1.9780374467372894
    endloop
  endfacet
  facet normal 0 -0.9108637673372492 0.4127071568948053
    outer loop
      vertex 21.865000000000002 7.80425563454628 1.2999999970197682
      vertex 28.265000000000004 7.80425563454628 1.2999999970197682
      vertex 21.865000000000002 7.816428497433663 1.3268660679459576
    endloop
  endfacet
  facet normal 0 -0.8819212636659394 0.4713967381027073
    outer loop
      vertex 21.865000000000002 7.9089705124497405 1.4999999999999996
      vertex 21.865000000000002 7.816428497433663 1.3268660679459576
      vertex 28.265000000000004 7.816428497433663 1.3268660679459576
    endloop
  endfacet
  facet normal 0 -0.8492021866926839 0.5280678423425954
    outer loop
      vertex 21.865000000000002 7.9089705124497405 1.4999999999999996
      vertex 28.265000000000004 7.9089705124497405 1.4999999999999996
      vertex 21.865000000000002 8.012637883424759 1.666710697114468
    endloop
  endfacet
  facet normal 0 -2.6011629764193067e-16 1
    outer loop
      vertex 21.865000000000002 7.80425563454628 1.2999999970197682
      vertex 21.865000000000002 6.096983872354031 1.2999999970197678
      vertex 28.265000000000004 6.096983872354031 1.2999999970197678
    endloop
  endfacet
  facet normal 0 0.881921280451199 -0.47139670669969447
    outer loop
      vertex 21.865000000000002 6.381432108581064 2.034527972340583
      vertex 21.865000000000002 6.469878742785949 2.200000000000001
      vertex 28.265000000000004 6.381432108581064 2.034527972340583
    endloop
  endfacet
  facet normal 0 0.9108638281282445 -0.41270702272624316
    outer loop
      vertex 21.865000000000002 6.257200874388218 1.7603437900543213
      vertex 21.865000000000002 6.381432108581064 2.034527972340583
      vertex 28.265000000000004 6.381432108581064 2.034527972340583
    endloop
  endfacet
  facet normal 0 -0.8128466971527084 0.5824776793388164
    outer loop
      vertex 21.865000000000002 8.12698669731617 1.8262842893600464
      vertex 28.265000000000004 8.012637883424759 1.666710697114468
      vertex 28.265000000000004 8.12698669731617 1.8262842893600464
    endloop
  endfacet
  facet normal 0 -0.6835922998916273 0.7298640746939634
    outer loop
      vertex 21.865000000000002 8.385726377367972 2.1213203445076942
      vertex 28.265000000000004 8.385726377367972 2.1213203445076942
      vertex 28.265000000000004 8.469731791065925 2.2
    endloop
  endfacet
  facet normal 0 -0.7298640803691279 0.6835922938323158
    outer loop
      vertex 21.865000000000002 8.385726377367972 2.1213203445076942
      vertex 28.265000000000004 8.251527301967144 1.9780374467372894
      vertex 28.265000000000004 8.385726377367972 2.1213203445076942
    endloop
  endfacet
  facet normal 0 -0.7730104360012041 0.634393305318734
    outer loop
      vertex 21.865000000000002 8.251527301967144 1.9780374467372894
      vertex 28.265000000000004 8.12698669731617 1.8262842893600464
      vertex 28.265000000000004 8.251527301967144 1.9780374467372894
    endloop
  endfacet
  facet normal 0 -0.9108637673372492 0.4127071568948053
    outer loop
      vertex 21.865000000000002 7.816428497433663 1.3268660679459576
      vertex 28.265000000000004 7.80425563454628 1.2999999970197682
      vertex 28.265000000000004 7.816428497433663 1.3268660679459576
    endloop
  endfacet
  facet normal 0 -0.8819212636659394 0.4713967381027073
    outer loop
      vertex 21.865000000000002 7.9089705124497405 1.4999999999999996
      vertex 28.265000000000004 7.816428497433663 1.3268660679459576
      vertex 28.265000000000004 7.9089705124497405 1.4999999999999996
    endloop
  endfacet
  facet normal 0 -0.8492021866926839 0.5280678423425954
    outer loop
      vertex 21.865000000000002 8.012637883424759 1.666710697114468
      vertex 28.265000000000004 7.9089705124497405 1.4999999999999996
      vertex 28.265000000000004 8.012637883424759 1.666710697114468
    endloop
  endfacet
  facet normal 0 -2.6011629764193067e-16 1
    outer loop
      vertex 21.865000000000002 7.80425563454628 1.2999999970197682
      vertex 28.265000000000004 6.096983872354031 1.2999999970197678
      vertex 28.265000000000004 7.80425563454628 1.2999999970197682
    endloop
  endfacet
  facet normal 0 0.9108638281282445 -0.41270702272624316
    outer loop
      vertex 21.865000000000002 6.257200874388218 1.7603437900543213
      vertex 28.265000000000004 6.381432108581064 2.034527972340583
      vertex 28.265000000000004 6.257200874388218 1.7603437900543213
    endloop
  endfacet
  facet normal 0 0.881921280451199 -0.47139670669969447
    outer loop
      vertex 21.865000000000002 6.469878742785949 2.200000000000001
      vertex 28.265000000000004 6.469878742785949 2.200000000000001
      vertex 28.265000000000004 6.381432108581064 2.034527972340583
    endloop
  endfacet
  facet normal 0 0.9569403400399981 -0.2902846630535845
    outer loop
      vertex 21.865000000000002 6.096983872354031 1.2999999970197678
      vertex 21.865000000000002 6.151168122887613 1.4786215424537668
      vertex 28.265000000000004 6.151168122887613 1.4786215424537668
    endloop
  endfacet
  facet normal 0 0.9359059205060533 -0.3522500645304655
    outer loop
      vertex 21.865000000000002 6.151168122887613 1.4786215424537668
      vertex 21.865000000000002 6.257200874388218 1.7603437900543213
      vertex 28.265000000000004 6.257200874388218 1.7603437900543213
    endloop
  endfacet
  facet normal 0 0.9569403400399981 -0.2902846630535845
    outer loop
      vertex 21.865000000000002 6.096983872354031 1.2999999970197678
      vertex 28.265000000000004 6.151168122887613 1.4786215424537668
      vertex 28.265000000000004 6.096983872354031 1.2999999970197678
    endloop
  endfacet
  facet normal 0 0.9359059205060533 -0.3522500645304655
    outer loop
      vertex 21.865000000000002 6.151168122887613 1.4786215424537668
      vertex 28.265000000000004 6.257200874388218 1.7603437900543213
      vertex 28.265000000000004 6.151168122887613 1.4786215424537668
    endloop
  endfacet
  facet normal -1 0 0
    outer loop
      vertex 28.265000000000004 7.80425563454628 1.2999999970197682
      vertex 28.265000000000004 6.381432108581064 2.034527972340583
      vertex 28.265000000000004 7.816428497433663 1.3268660679459576
    endloop
  endfacet
  facet normal -1 0 0
    outer loop
      vertex 28.265000000000004 7.9089705124497405 1.4999999999999996
      vertex 28.265000000000004 7.816428497433663 1.3268660679459576
      vertex 28.265000000000004 6.469878742785949 2.200000000000001
    endloop
  endfacet
  facet normal -1 0 0
    outer loop
      vertex 28.265000000000004 7.9089705124497405 1.4999999999999996
      vertex 28.265000000000004 6.469878742785949 2.200000000000001
      vertex 28.265000000000004 8.012637883424759 1.666710697114468
    endloop
  endfacet
  facet normal -1 0 0
    outer loop
      vertex 28.265000000000004 7.80425563454628 1.2999999970197682
      vertex 28.265000000000004 6.096983872354031 1.2999999970197678
      vertex 28.265000000000004 6.151168122887613 1.4786215424537668
    endloop
  endfacet
  facet normal -1 0 0
    outer loop
      vertex 28.265000000000004 8.469731791065925 2.2
      vertex 28.265000000000004 8.385726377367972 2.1213203445076942
      vertex 28.265000000000004 6.469878742785949 2.200000000000001
    endloop
  endfacet
  facet normal -1 0 0
    outer loop
      vertex 28.265000000000004 8.012637883424759 1.666710697114468
      vertex 28.265000000000004 6.469878742785949 2.200000000000001
      vertex 28.265000000000004 8.12698669731617 1.8262842893600464
    endloop
  endfacet
  facet normal -1 0 0
    outer loop
      vertex 28.265000000000004 8.251527301967144 1.9780374467372894
      vertex 28.265000000000004 6.469878742785949 2.200000000000001
      vertex 28.265000000000004 8.385726377367972 2.1213203445076942
    endloop
  endfacet
  facet normal -1 0 0
    outer loop
      vertex 28.265000000000004 8.12698669731617 1.8262842893600464
      vertex 28.265000000000004 6.469878742785949 2.200000000000001
      vertex 28.265000000000004 8.251527301967144 1.9780374467372894
    endloop
  endfacet
  facet normal -1 0 0
    outer loop
      vertex 28.265000000000004 7.80425563454628 1.2999999970197682
      vertex 28.265000000000004 6.257200874388218 1.7603437900543213
      vertex 28.265000000000004 6.381432108581064 2.034527972340583
    endloop
  endfacet
  facet normal -1 0 0
    outer loop
      vertex 28.265000000000004 7.80425563454628 1.2999999970197682
      vertex 28.265000000000004 6.151168122887613 1.4786215424537668
      vertex 28.265000000000004 6.257200874388218 1.7603437900543213
    endloop
  endfacet
  facet normal -1 0 0
    outer loop
      vertex 28.265000000000004 7.816428497433663 1.3268660679459576
      vertex 28.265000000000004 6.381432108581064 2.034527972340583
      vertex 28.265000000000004 6.469878742785949 2.200000000000001
    endloop
  endfacet
  facet normal -1.6216902564920073e-16 5.000345857717719e-17 1
    outer loop
      vertex 4.865000000000002 8.469731791065925 2.2
      vertex -0.2999999999999998 9.481169872772679 2.1999999999999993
      vertex -0.2999999999999998 0.6000000000000005 2.1999999999999997
    endloop
  endfacet
  facet normal 1 0 0
    outer loop
      vertex -0.2999999999999998 0.6000000000000005 2.1999999999999997
      vertex -0.2999999999999998 9.481169872772679 2.1999999999999993
      vertex -0.2999999999999998 6.636693158027185 8.300000000000002
    endloop
  endfacet
  facet normal 1 0 0
    outer loop
      vertex -0.2999999999999998 0.6000000000000005 2.1999999999999997
      vertex -0.2999999999999998 6.636693158027185 8.300000000000002
      vertex -0.2999999999999998 0.3099999999999999 2.2
    endloop
  endfacet
  facet normal -7.626735701080557e-16 4.441218420843598e-16 1
    outer loop
      vertex 4.865000000000002 8.469731791065925 2.2
      vertex -0.2999999999999998 0.6000000000000005 2.1999999999999997
      vertex 4.865000000000002 6.469878742785949 2.200000000000001
    endloop
  endfacet
  facet normal 0 -2.2696680594765915e-16 1
    outer loop
      vertex 4.865000000000002 6.469878742785949 2.200000000000001
      vertex -0.2999999999999998 0.6000000000000005 2.1999999999999997
      vertex 11.265 6.469878742785949 2.200000000000001
    endloop
  endfacet
  facet normal 1 0 0
    outer loop
      vertex -0.2999999999999998 0.3099999999999999 2.2
      vertex -0.2999999999999998 6.636693158027185 8.300000000000002
      vertex -0.2999999999999998 0.3099999999999996 8.3
    endloop
  endfacet
  facet normal -1.3166000884970725e-17 8.109008746687129e-16 1
    outer loop
      vertex 4.865000000000002 8.469731791065925 2.2
      vertex 33.43000000000001 9.481169872772679 2.1999999999999997
      vertex -0.2999999999999998 9.481169872772679 2.1999999999999993
    endloop
  endfacet
  facet normal 0 4.441218420843598e-16 1
    outer loop
      vertex 11.265 8.469731791065925 2.2
      vertex 11.265 6.469878742785949 2.200000000000001
      vertex 21.865000000000002 8.469731791065925 2.2
    endloop
  endfacet
  facet normal 0 4.390671242086152e-16 1
    outer loop
      vertex 4.865000000000002 8.469731791065925 2.2
      vertex 11.265 8.469731791065925 2.2
      vertex 33.43000000000001 9.481169872772679 2.1999999999999997
    endloop
  endfacet
  facet normal 0 -2.2696680594765915e-16 1
    outer loop
      vertex 11.265 6.469878742785949 2.200000000000001
      vertex -0.2999999999999998 0.6000000000000005 2.1999999999999997
      vertex 33.43000000000001 0.6000000000000005 2.1999999999999997
    endloop
  endfacet
  facet normal 0 4.441218420843598e-16 1
    outer loop
      vertex 11.265 6.469878742785949 2.200000000000001
      vertex 21.865000000000002 6.469878742785949 2.200000000000001
      vertex 21.865000000000002 8.469731791065925 2.2
    endloop
  endfacet
  facet normal 0 4.390671242086152e-16 1
    outer loop
      vertex 11.265 8.469731791065925 2.2
      vertex 21.865000000000002 8.469731791065925 2.2
      vertex 33.43000000000001 9.481169872772679 2.1999999999999997
    endloop
  endfacet
  facet normal 0 -2.2696680594765915e-16 1
    outer loop
      vertex 11.265 6.469878742785949 2.200000000000001
      vertex 33.43000000000001 0.6000000000000005 2.1999999999999997
      vertex 21.865000000000002 6.469878742785949 2.200000000000001
    endloop
  endfacet
  facet normal 0 4.390671242086152e-16 1
    outer loop
      vertex 21.865000000000002 8.469731791065925 2.2
      vertex 28.265000000000004 8.469731791065925 2.2
      vertex 33.43000000000001 9.481169872772679 2.1999999999999997
    endloop
  endfacet
  facet normal 0 -2.2696680594765915e-16 1
    outer loop
      vertex 21.865000000000002 6.469878742785949 2.200000000000001
      vertex 33.43000000000001 0.6000000000000005 2.1999999999999997
      vertex 28.265000000000004 6.469878742785949 2.200000000000001
    endloop
  endfacet
  facet normal 7.626735701080556e-16 4.441218420843598e-16 1
    outer loop
      vertex 28.265000000000004 8.469731791065925 2.2
      vertex 28.265000000000004 6.469878742785949 2.200000000000001
      vertex 33.43000000000001 0.6000000000000005 2.1999999999999997
    endloop
  endfacet
  facet normal 8.598048593418439e-17 0 1
    outer loop
      vertex 28.265000000000004 8.469731791065925 2.2
      vertex 33.43000000000001 0.6000000000000005 2.1999999999999997
      vertex 33.43000000000001 9.481169872772679 2.1999999999999997
    endloop
  endfacet
  facet normal -1 0 0
    outer loop
      vertex 33.43000000000001 0.6000000000000005 2.1999999999999997
      vertex 33.43000000000001 6.636693158027185 8.300000000000002
      vertex 33.43000000000001 9.481169872772679 2.1999999999999997
    endloop
  endfacet
  facet normal -1 0 0
    outer loop
      vertex 33.43000000000001 0.6000000000000005 2.1999999999999997
      vertex 33.43000000000001 0.6000000000000014 2.210000000000001
      vertex 33.43000000000001 6.636693158027185 8.300000000000002
    endloop
  endfacet
  facet normal -1 0 0
    outer loop
      vertex 33.43000000000001 0.6000000000000014 2.210000000000001
      vertex 33.43000000000001 0.3099999999999996 8.3
      vertex 33.43000000000001 6.636693158027185 8.300000000000002
    endloop
  endfacet
  facet normal -1 0 0
    outer loop
      vertex 33.43000000000001 0.5976033057851249 2.2
      vertex 33.43000000000001 0.3099999999999996 8.3
      vertex 33.43000000000001 0.6000000000000014 2.210000000000001
    endloop
  endfacet
  facet normal -1 0 0
    outer loop
      vertex 33.43000000000001 0.5976033057851249 2.2
      vertex 33.43000000000001 0.3099999999999999 2.2
      vertex 33.43000000000001 0.3099999999999996 8.3
    endloop
  endfacet
  facet normal 0 -1 1.1102230246251558e-15
    outer loop
      vertex -0.3099999999999996 0.30999999999999855 0.9999999999999993
      vertex -0.2999999999999998 0.30999999999999855 0.9999999999999993
      vertex -0.2999999999999998 0.3099999999999999 2.2
    endloop
  endfacet
  facet normal 0 1.1664000886324431e-15 1
    outer loop
      vertex -0.3099999999999996 0.30999999999999855 0.9999999999999993
      vertex 2.9114988001048605 -0.16591861293788623 0.9999999999999999
      vertex -0.2999999999999998 0.30999999999999855 0.9999999999999993
    endloop
  endfacet
  facet normal 0 0 1
    outer loop
      vertex -0.3099999999999996 0.30999999999999855 0.9999999999999993
      vertex 1.3823258578777313 -0.5885806381702435 0.9999999999999993
      vertex 3.547563872848846 -0.26149094412575624 0.9999999999999993
    endloop
  endfacet
  facet normal 3.786158376984692e-17 7.13059401818276e-17 1
    outer loop
      vertex -0.3099999999999996 0.30999999999999855 0.9999999999999993
      vertex -0.15348105132579803 -2.8870781064033517 0.9999999999999996
      vertex 1.3823258578777313 -0.5885806381702435 0.9999999999999993
    endloop
  endfacet
  facet normal 3.1168707958883587e-15 2.220446049250313e-16 1
    outer loop
      vertex -0.3099999999999996 0.30999999999999855 0.9999999999999993
      vertex -0.3099999999999996 -4.690000000000001 1.0000000000000004
      vertex -0.15348105132579803 -2.8870781064033517 0.9999999999999996
    endloop
  endfacet
  facet normal 4.2998683727104106e-15 1.309177296617233e-15 1
    outer loop
      vertex 1.3823258578777313 -0.5885806381702435 0.9999999999999993
      vertex 1.8132933154702187 -2.682477138936519 1.0000000000000002
      vertex 1.9857864379882812 -2.485786437988282 0.9999999999999992
    endloop
  endfacet
  facet normal -2.8212259474855554e-15 -1.564920491828343e-16 1
    outer loop
      vertex 1.3823258578777313 -0.5885806381702435 0.9999999999999993
      vertex 1.667949192225933 -2.899999998509884 0.9999999999999998
      vertex 1.8132933154702187 -2.682477138936519 1.0000000000000002
    endloop
  endfacet
  facet normal -1.2064946908608336e-16 1.7721963968587868e-16 1
    outer loop
      vertex 1.3823258578777313 -0.5885806381702435 0.9999999999999993
      vertex -0.15348105132579803 -2.8870781064033517 0.9999999999999996
      vertex 1.667949192225933 -2.899999998509884 0.9999999999999998
    endloop
  endfacet
  facet normal -1.0810105463472065e-16 1.9460056194712745e-15 1
    outer loop
      vertex -0.15348105132579803 -2.8870781064033517 0.9999999999999996
      vertex 1.5522409304976463 -3.134633131325244 1.0000000000000002
      vertex 1.667949192225933 -2.899999998509884 0.9999999999999998
    endloop
  endfacet
  facet normal -6.853772315977421e-16 4.4922006034041926e-17 1
    outer loop
      vertex -0.15348105132579803 -2.8870781064033517 0.9999999999999996
      vertex 1.3999999985098839 -3.899999998509884 1.0000000000000007
      vertex 1.4171102792024612 -3.6389476135373107 1.0000000000000007
    endloop
  endfacet
  facet normal -6.13507433685089e-14 -4.1411751773743514e-13 1
    outer loop
      vertex -0.3099999999999996 0.30999999999999855 0.9999999999999993
      vertex 3.547563872848846 -0.26149094412575624 0.9999999999999993
      vertex 2.9114988001048605 -0.16591861293788623 0.9999999999999999
    endloop
  endfacet
  facet normal 0 1.5208722730892622e-14 1
    outer loop
      vertex 3.547563872848846 -0.26149094412575624 0.9999999999999993
      vertex 3.646112653687588 -0.27609076350927386 0.9999999999999996
      vertex 3.6549404721605736 -0.27609076350927386 0.9999999999999996
    endloop
  endfacet
  facet normal -1.13755091721518e-15 7.530254039690306e-15 1
    outer loop
      vertex 3.547563872848846 -0.26149094412575624 0.9999999999999993
      vertex 1.3823258578777313 -0.5885806381702435 0.9999999999999993
      vertex 3.646112653687588 -0.27609076350927386 0.9999999999999996
    endloop
  endfacet
  facet normal 0 3.2190461418458754e-16 1
    outer loop
      vertex 1.3823258578777313 -0.5885806381702435 0.9999999999999993
      vertex 2.88236191123724 -1.9681483432650566 0.9999999999999998
      vertex 5.755419307649138 -0.5885806381702435 0.9999999999999993
    endloop
  endfacet
  facet normal -5.20950704789936e-16 1.5799638051351348e-17 1
    outer loop
      vertex 1.3823258578777313 -0.5885806381702435 0.9999999999999993
      vertex 2.1824771389365196 -2.313293315470219 0.9999999999999998
      vertex 2.399999998509884 -2.1679491922259335 0.9999999999999999
    endloop
  endfacet
  facet normal -2.1665755845901984e-15 -7.476601967634276e-16 1
    outer loop
      vertex 1.3823258578777313 -0.5885806381702435 0.9999999999999993
      vertex 1.9857864379882812 -2.485786437988282 0.9999999999999992
      vertex 2.1824771389365196 -2.313293315470219 0.9999999999999998
    endloop
  endfacet
  facet normal -1.3153314434817108e-16 2.667228188073412e-16 1
    outer loop
      vertex 1.3823258578777313 -0.5885806381702435 0.9999999999999993
      vertex 2.399999998509884 -2.1679491922259335 0.9999999999999999
      vertex 2.634633131325245 -2.052240930497646 0.9999999999999999
    endloop
  endfacet
  facet normal 2.475273337627264e-16 5.910468414669549e-16 1
    outer loop
      vertex 1.3823258578777313 -0.5885806381702435 0.9999999999999993
      vertex 2.634633131325245 -2.052240930497646 0.9999999999999999
      vertex 2.88236191123724 -1.9681483432650566 0.9999999999999998
    endloop
  endfacet
  facet normal -7.496275845123934e-15 1.593348401172999e-14 1
    outer loop
      vertex 2.88236191123724 -1.9681483432650566 0.9999999999999998
      vertex 3.1389476135373116 -1.9171102792024601 1.0000000000000009
      vertex 5.755419307649138 -0.5885806381702435 0.9999999999999993
    endloop
  endfacet
  facet normal 6.260141866309493e-15 -1.115908241861232e-14 1
    outer loop
      vertex 3.1389476135373116 -1.9171102792024601 1.0000000000000009
      vertex 3.399999998509884 -1.8999999985098848 0.9999999999999994
      vertex 5.755419307649138 -0.5885806381702435 0.9999999999999993
    endloop
  endfacet
  facet normal 0 1.6465210137175656e-15 1
    outer loop
      vertex 3.6549404721605736 -0.27609076350927386 0.9999999999999996
      vertex 3.646112653687588 -0.27609076350927386 0.9999999999999996
      vertex 5.4749682538298465 -0.5458044241004524 1
    endloop
  endfacet
  facet normal -3.723761463017914e-16 5.249602581188552e-16 1
    outer loop
      vertex -0.15348105132579803 -2.8870781064033517 0.9999999999999996
      vertex -0.3099999999999996 -4.690000000000001 1.0000000000000004
      vertex 1.3999999985098839 -3.899999998509884 1.0000000000000007
    endloop
  endfacet
  facet normal 0 -2.81069119628108e-16 1
    outer loop
      vertex -0.3099999999999996 -4.690000000000001 1.0000000000000004
      vertex -0.29999999701976776 -4.690000000000001 1.0000000000000004
      vertex 1.3999999985098839 -3.899999998509884 1.0000000000000007
    endloop
  endfacet
  facet normal 0 -2.81069119628108e-16 1
    outer loop
      vertex -0.29999999701976776 -4.690000000000001 1.0000000000000004
      vertex 1.3999999985098839 -4.690000000000001 1.0000000000000004
      vertex 1.3999999985098839 -3.899999998509884 1.0000000000000007
    endloop
  endfacet
  facet normal 1.3048922672991844e-13 -1 2.2812801875859364e-17
    outer loop
      vertex -0.3099999999999996 0.30999999999999855 0.9999999999999993
      vertex -0.2999999999999998 0.3099999999999999 2.2
      vertex -0.3099999999999996 0.3099999999999987 8.300000000000004
    endloop
  endfacet
  facet normal 1 0 0
    outer loop
      vertex -0.3099999999999996 0.30999999999999855 0.9999999999999993
      vertex -0.3099999999999996 0.3099999999999987 8.300000000000004
      vertex -0.3099999999999996 -4.690000000000001 1.0000000000000004
    endloop
  endfacet
  facet normal 0 1 -1.2166827667124998e-16
    outer loop
      vertex -0.3099999999999996 -4.690000000000001 1.0000000000000004
      vertex -0.3099999999999996 -4.69 8.300000000000002
      vertex -0.29999999701976776 -4.690000000000001 1.0000000000000004
    endloop
  endfacet
  facet normal 8.88178419700144e-14 -1 -4.550094363217854e-17
    outer loop
      vertex -0.2999999999999998 0.3099999999999999 2.2
      vertex -0.2999999999999998 0.3099999999999996 8.3
      vertex -0.3099999999999996 0.3099999999999987 8.300000000000004
    endloop
  endfacet
  facet normal 1 0 0
    outer loop
      vertex -0.3099999999999996 -4.690000000000001 1.0000000000000004
      vertex -0.3099999999999996 0.3099999999999987 8.300000000000004
      vertex -0.3099999999999996 -4.69 8.300000000000002
    endloop
  endfacet
  facet normal 0 1 -1.2166827667124998e-16
    outer loop
      vertex -0.29999999701976776 -4.690000000000001 1.0000000000000004
      vertex -0.3099999999999996 -4.69 8.300000000000002
      vertex -0.29999999701976776 -4.69 8.300000000000002
    endloop
  endfacet
  facet normal 0 1.1664000886324433e-15 1
    outer loop
      vertex -0.2999999999999998 0.30999999999999855 0.9999999999999993
      vertex 2.9114988001048605 -0.16591861293788623 0.9999999999999999
      vertex 33.43000000000001 0.30999999999999855 0.9999999999999993
    endloop
  endfacet
  facet normal 1.8868745003733701e-16 2.9197839265695157e-15 1
    outer loop
      vertex 3.6549404721605736 -0.27609076350927386 0.9999999999999996
      vertex 5.4749682538298465 -0.5458044241004524 1
      vertex 29.37200000137091 -1.8999999985098848 0.9999999999999994
    endloop
  endfacet
  facet normal -1.3671802870215521e-15 -2.453608833448532e-14 1
    outer loop
      vertex 5.4749682538298465 -0.5458044241004524 1
      vertex 5.755419307649138 -0.5885806381702435 0.9999999999999993
      vertex 29.37200000137091 -1.8999999985098848 0.9999999999999994
    endloop
  endfacet
  facet normal 0 8.465812372463548e-17 1
    outer loop
      vertex 3.399999998509884 -1.8999999985098848 0.9999999999999994
      vertex 29.37200000137091 -1.8999999985098848 0.9999999999999994
      vertex 5.755419307649138 -0.5885806381702435 0.9999999999999993
    endloop
  endfacet
  facet normal -1.3750073463806815e-17 -2.861205233937081e-16 1
    outer loop
      vertex 3.6549404721605736 -0.27609076350927386 0.9999999999999996
      vertex 29.37200000137091 -1.8999999985098848 0.9999999999999994
      vertex 30.775538764894012 -0.02731800824403809 1
    endloop
  endfacet
  facet normal -1.4369888941140888e-17 2.087875864049964e-15 1
    outer loop
      vertex 2.9114988001048605 -0.16591861293788623 0.9999999999999999
      vertex 30.775538764894012 -0.02731800824403809 1
      vertex 33.43000000000001 0.30999999999999855 0.9999999999999993
    endloop
  endfacet
  facet normal -5.28838147056856e-15 3.667113217099296e-15 1
    outer loop
      vertex 30.775538764894012 -0.02731800824403809 1
      vertex 29.37200000137091 -1.8999999985098848 0.9999999999999994
      vertex 29.633052386343483 -1.9171102792024601 1.0000000000000009
    endloop
  endfacet
  facet normal 3.9458875787759896e-15 -1.915525026730737e-15 1
    outer loop
      vertex 30.775538764894012 -0.02731800824403809 1
      vertex 29.633052386343483 -1.9171102792024601 1.0000000000000009
      vertex 29.889638088643554 -1.9681483432650566 0.9999999999999998
    endloop
  endfacet
  facet normal -4.216620455406803e-16 7.806250945009465e-17 1
    outer loop
      vertex 30.775538764894012 -0.02731800824403809 1
      vertex 29.889638088643554 -1.9681483432650566 0.9999999999999998
      vertex 30.13736686855555 -2.052240930497646 0.9999999999999999
    endloop
  endfacet
  facet normal -2.3401152403331885e-17 -4.745284059989596e-17 1
    outer loop
      vertex 30.775538764894012 -0.02731800824403809 1
      vertex 30.13736686855555 -2.052240930497646 0.9999999999999999
      vertex 30.37200000137091 -2.1679491922259335 0.9999999999999999
    endloop
  endfacet
  facet normal 4.225183053471876e-16 -1.3151486303423727e-16 1
    outer loop
      vertex 30.775538764894012 -0.02731800824403809 1
      vertex 30.37200000137091 -2.1679491922259335 0.9999999999999999
      vertex 30.589522860944275 -2.313293315470219 0.9999999999999998
    endloop
  endfacet
  facet normal 0 -1 1.1102230246251558e-15
    outer loop
      vertex 33.44 0.30999999999999855 0.9999999999999993
      vertex 33.43000000000001 0.3099999999999999 2.2
      vertex 33.43000000000001 0.30999999999999855 0.9999999999999993
    endloop
  endfacet
  facet normal 2.056664757726244e-16 3.5634067715956655e-16 1
    outer loop
      vertex 30.775538764894012 -0.02731800824403809 1
      vertex 32.853909239172935 -1.8500000014901146 1.0000000000000002
      vertex 33.43000000000001 0.30999999999999855 0.9999999999999993
    endloop
  endfacet
  facet normal -1.792294789311362e-16 -8.254904188627989e-17 1
    outer loop
      vertex 30.775538764894012 -0.02731800824403809 1
      vertex 30.589522860944275 -2.313293315470219 0.9999999999999998
      vertex 32.853909239172935 -1.8500000014901146 1.0000000000000002
    endloop
  endfacet
  facet normal 1.1353670300758214e-16 -1.9657121009443373e-15 1
    outer loop
      vertex 30.958706684410576 -2.682477138936519 1.0000000000000002
      vertex 31.10405080765486 -2.899999998509884 0.9999999999999998
      vertex 33.28348105400801 -2.8870781064033517 0.9999999999999996
    endloop
  endfacet
  facet normal 9.039580644259985e-17 1.9372743568946873e-15 1
    outer loop
      vertex 31.10405080765486 -2.899999998509884 0.9999999999999998
      vertex 31.219759069383148 -3.134633131325244 1.0000000000000002
      vertex 33.28348105400801 -2.8870781064033517 0.9999999999999996
    endloop
  endfacet
  facet normal -7.009799140636962e-16 1.5913301030779386e-15 1
    outer loop
      vertex 31.329370688647035 -3.5106547623872775 0.9999999999999987
      vertex 31.354889720678333 -3.6389476135373098 0.9999999999999989
      vertex 33.39321290701628 -3.4387373700737944 1
    endloop
  endfacet
  facet normal -1.2052834375922195e-15 6.7256006937204914e-15 1
    outer loop
      vertex 31.354889720678333 -3.6389476135373098 0.9999999999999989
      vertex 31.37200000137091 -3.899999998509884 1.0000000000000007
      vertex 33.39321290701628 -3.4387373700737944 1
    endloop
  endfacet
  facet normal 3.727141785778302e-15 -5.828673733845963e-16 1
    outer loop
      vertex 33.43000000000001 0.30999999999999855 0.9999999999999993
      vertex 32.853909239172935 -1.8500000014901146 1.0000000000000002
      vertex 33.10268199443817 -2.3544612377882017 0.999999999999999
    endloop
  endfacet
  facet normal 0 2.220446049250313e-16 1
    outer loop
      vertex 33.44 0.30999999999999855 0.9999999999999993
      vertex 33.43000000000001 0.30999999999999855 0.9999999999999993
      vertex 33.44 -4.690000000000001 1.0000000000000004
    endloop
  endfacet
  facet normal -2.524848396604591e-15 1.8516367479401226e-16 1
    outer loop
      vertex 33.43000000000001 0.30999999999999855 0.9999999999999993
      vertex 33.10268199443817 -2.3544612377882017 0.999999999999999
      vertex 33.28348105400801 -2.8870781064033517 0.9999999999999996
    endloop
  endfacet
  facet normal -3.005433595877646e-15 2.0718842192665538e-16 1
    outer loop
      vertex 33.43000000000001 0.30999999999999855 0.9999999999999993
      vertex 33.28348105400801 -2.8870781064033517 0.9999999999999996
      vertex 33.39321290701628 -3.4387373700737944 1
    endloop
  endfacet
  facet normal -3.754199308600874e-15 2.1453620630783637e-16 1
    outer loop
      vertex 33.43000000000001 0.30999999999999855 0.9999999999999993
      vertex 33.39321290701628 -3.4387373700737944 1
      vertex 33.44 -4.690000000000001 1.0000000000000004
    endloop
  endfacet
  facet normal 0 -2.81069119628108e-16 1
    outer loop
      vertex 31.37200000137091 -3.899999998509884 1.0000000000000007
      vertex 31.37200000137091 -4.690000000000001 1.0000000000000004
      vertex 33.42999999970198 -4.690000000000001 1.0000000000000004
    endloop
  endfacet
  facet normal 2.4647315859880935e-16 3.641289698440739e-16 1
    outer loop
      vertex 31.37200000137091 -3.899999998509884 1.0000000000000007
      vertex 33.44 -4.690000000000001 1.0000000000000004
      vertex 33.39321290701628 -3.4387373700737944 1
    endloop
  endfacet
  facet normal 0 -2.810691196281065e-16 1
    outer loop
      vertex 31.37200000137091 -3.899999998509884 1.0000000000000007
      vertex 33.42999999970198 -4.690000000000001 1.0000000000000004
      vertex 33.44 -4.690000000000001 1.0000000000000004
    endloop
  endfacet
  facet normal -1.1588903352947106e-13 -1 1.444810785471094e-16
    outer loop
      vertex 33.44 0.30999999999999855 0.9999999999999993
      vertex 33.44 0.3099999999999996 8.3
      vertex 33.43000000000001 0.3099999999999999 2.2
    endloop
  endfacet
  facet normal -1 0 0
    outer loop
      vertex 33.44 0.30999999999999855 0.9999999999999993
      vertex 33.44 -4.690000000000001 1.0000000000000004
      vertex 33.44 -4.69 8.300000000000002
    endloop
  endfacet
  facet normal 0 1 -1.2166827667125e-16
    outer loop
      vertex 33.44 -4.690000000000001 1.0000000000000004
      vertex 33.42999999970198 -4.690000000000001 1.0000000000000004
      vertex 33.42999999970198 -4.69 8.300000000000002
    endloop
  endfacet
  facet normal 0 -1 -4.550094363217854e-17
    outer loop
      vertex 33.43000000000001 0.3099999999999999 2.2
      vertex 33.44 0.3099999999999996 8.3
      vertex 33.43000000000001 0.3099999999999996 8.3
    endloop
  endfacet
  facet normal -1 0 0
    outer loop
      vertex 33.44 0.30999999999999855 0.9999999999999993
      vertex 33.44 -4.69 8.300000000000002
      vertex 33.44 0.3099999999999996 8.3
    endloop
  endfacet
  facet normal 0 1 -1.2166827667125e-16
    outer loop
      vertex 33.44 -4.690000000000001 1.0000000000000004
      vertex 33.42999999970198 -4.69 8.300000000000002
      vertex 33.44 -4.69 8.300000000000002
    endloop
  endfacet
  facet normal 1 0 0
    outer loop
      vertex -0.2999999999999998 0.5999999999999989 0.9999999999999996
      vertex -0.2999999999999998 0.6000000000000005 2.1999999999999997
      vertex -0.2999999999999998 0.30999999999999855 0.9999999999999993
    endloop
  endfacet
  facet normal 1 0 0
    outer loop
      vertex -0.2999999999999998 0.30999999999999855 0.9999999999999993
      vertex -0.2999999999999998 0.6000000000000005 2.1999999999999997
      vertex -0.2999999999999998 0.3099999999999999 2.2
    endloop
  endfacet
  facet normal 0 -7.656710514656244e-16 1
    outer loop
      vertex -0.2999999999999998 0.5999999999999989 0.9999999999999996
      vertex -0.2999999999999998 0.30999999999999855 0.9999999999999993
      vertex 33.43000000000001 0.5999999999999989 0.9999999999999996
    endloop
  endfacet
  facet normal 0 -1 1.3877787807814453e-15
    outer loop
      vertex -0.2999999999999998 0.5999999999999989 0.9999999999999996
      vertex 33.43000000000001 0.6000000000000005 2.1999999999999997
      vertex -0.2999999999999998 0.6000000000000005 2.1999999999999997
    endloop
  endfacet
  facet normal 0 -7.656710514656244e-16 1
    outer loop
      vertex -0.2999999999999998 0.30999999999999855 0.9999999999999993
      vertex 33.43000000000001 0.30999999999999855 0.9999999999999993
      vertex 33.43000000000001 0.5999999999999989 0.9999999999999996
    endloop
  endfacet
  facet normal 0 -1 1.3877787807814453e-15
    outer loop
      vertex -0.2999999999999998 0.5999999999999989 0.9999999999999996
      vertex 33.43000000000001 0.5999999999999989 0.9999999999999996
      vertex 33.43000000000001 0.6000000000000005 2.1999999999999997
    endloop
  endfacet
  facet normal -1 0 0
    outer loop
      vertex 33.43000000000001 0.5999999999999989 0.9999999999999996
      vertex 33.43000000000001 0.30999999999999855 0.9999999999999993
      vertex 33.43000000000001 0.6000000000000005 2.1999999999999997
    endloop
  endfacet
  facet normal -1 0 0
    outer loop
      vertex 33.43000000000001 0.30999999999999855 0.9999999999999993
      vertex 33.43000000000001 0.5976033057851249 2.2
      vertex 33.43000000000001 0.6000000000000005 2.1999999999999997
    endloop
  endfacet
  facet normal -1 0 0
    outer loop
      vertex 33.43000000000001 0.30999999999999855 0.9999999999999993
      vertex 33.43000000000001 0.3099999999999999 2.2
      vertex 33.43000000000001 0.5976033057851249 2.2
    endloop
  endfacet
  facet normal -1 0 0
    outer loop
      vertex 33.43000000000001 0.6000000000000005 2.1999999999999997
      vertex 33.43000000000001 0.5976033057851249 2.2
      vertex 33.43000000000001 0.6000000000000014 2.210000000000001
    endloop
  endfacet
  facet normal 0 4.013875140712786e-14 1
    outer loop
      vertex -1.1972348417211247 -41.05444263558534 0.8000000000000007
      vertex -1.2748567449153434 -41.14295345254537 0.8000000000000043
      vertex 0.15317926760888056 -41.14295345254537 0.8000000000000043
    endloop
  endfacet
  facet normal 0 -2.2884736991770592e-14 1
    outer loop
      vertex -1.1972348417211247 -41.05444263558534 0.8000000000000007
      vertex 0.07555736441466188 -41.05444263558534 0.8000000000000007
      vertex -1.10872402476108 -40.976820732391126 0.8000000000000025
    endloop
  endfacet
  facet normal 0 5.047189484007881e-14 1
    outer loop
      vertex -1.3402616020592264 -41.24083873865324 0.7999999999999972
      vertex -1.3923303179133892 -41.346423649524645 0.8000000000000025
      vertex 0.2706528406069264 -41.346423649524645 0.8000000000000025
    endloop
  endfacet
  facet normal 0 -7.258933022651583e-14 1
    outer loop
      vertex -1.3402616020592264 -41.24083873865324 0.7999999999999972
      vertex 0.21858412475276356 -41.24083873865324 0.7999999999999972
      vertex -1.2748567449153434 -41.14295345254537 0.8000000000000043
    endloop
  endfacet
  facet normal 0 -3.186920575276668e-14 1
    outer loop
      vertex -1.3923303179133892 -41.346423649524645 0.8000000000000025
      vertex -1.430171982313393 -41.45790159806097 0.7999999999999989
      vertex 0.3084945050069301 -41.45790159806097 0.7999999999999989
    endloop
  endfacet
  facet normal 0 0 1
    outer loop
      vertex -1.430171982313393 -41.45790159806097 0.7999999999999989
      vertex -1.4531391138896605 -41.5733651656552 0.7999999999999989
      vertex 0.3314616365831977 -41.5733651656552 0.7999999999999989
    endloop
  endfacet
  facet normal 0 7.560665748329804e-14 1
    outer loop
      vertex -1.4531391138896605 -41.5733651656552 0.7999999999999989
      vertex -1.4608387386532318 -41.69083873865323 0.8000000000000078
      vertex 0.33916126134676894 -41.69083873865323 0.8000000000000078
    endloop
  endfacet
  facet normal 0 -9.072798897993569e-14 1
    outer loop
      vertex -1.4608387386532318 -41.69083873865323 0.8000000000000078
      vertex -1.4531391138896605 -41.808312311651285 0.7999999999999972
      vertex 0.3314616365831977 -41.808312311651285 0.7999999999999972
    endloop
  endfacet
  facet normal 0 1.5384565680864012e-14 1
    outer loop
      vertex -1.4531391138896605 -41.808312311651285 0.7999999999999972
      vertex -1.430171982313393 -41.92377587924551 0.7999999999999989
      vertex 0.3084945050069301 -41.92377587924551 0.7999999999999989
    endloop
  endfacet
  facet normal 0 1.5934602876387404e-14 1
    outer loop
      vertex -1.430171982313393 -41.92377587924551 0.7999999999999989
      vertex -1.3923303179133892 -42.03525382778181 0.8000000000000007
      vertex 0.2706528406069264 -42.03525382778181 0.8000000000000007
    endloop
  endfacet
  facet normal 0 0 1
    outer loop
      vertex -1.3923303179133892 -42.03525382778181 0.8000000000000007
      vertex -1.3402616020592264 -42.14083873865324 0.8000000000000007
      vertex 0.21858412475276356 -42.14083873865324 0.8000000000000007
    endloop
  endfacet
  facet normal 0 3.629466511326846e-14 1
    outer loop
      vertex -1.3402616020592264 -42.14083873865324 0.8000000000000007
      vertex -1.2748567449153434 -42.238724024761076 0.8000000000000043
      vertex 0.15317926760888056 -42.238724024761076 0.8000000000000043
    endloop
  endfacet
  facet normal 0 -4.013875140712142e-14 1
    outer loop
      vertex -1.2748567449153434 -42.238724024761076 0.8000000000000043
      vertex -1.1972348417211247 -42.32723484172112 0.8000000000000007
      vertex 0.07555736441466188 -42.32723484172112 0.8000000000000007
    endloop
  endfacet
  facet normal 0 -4.5769473983532803e-14 1
    outer loop
      vertex -1.1972348417211247 -42.32723484172112 0.8000000000000007
      vertex -1.10872402476108 -42.40485674491535 0.7999999999999972
      vertex -0.012953452545382937 -42.40485674491535 0.7999999999999972
    endloop
  endfacet
  facet normal 0 0 1
    outer loop
      vertex -1.10872402476108 -42.40485674491535 0.7999999999999972
      vertex -1.0108387386532316 -42.47026160205923 0.7999999999999972
      vertex -0.11083873865323124 -42.47026160205923 0.7999999999999972
    endloop
  endfacet
  facet normal 0 -7.734343461657322e-14 1
    outer loop
      vertex -0.7937758792454996 -40.821505494993076 0.7999999999999989
      vertex -0.3279015980609632 -40.821505494993076 0.7999999999999989
      vertex -0.6783123116512781 -40.798538363416796 0.8000000000000007
    endloop
  endfacet
  facet normal 0 -6.823125211597715e-14 1
    outer loop
      vertex -1.0108387386532316 -40.91141587524723 0.8000000000000007
      vertex -0.11083873865323124 -40.91141587524723 0.8000000000000007
      vertex -0.9052538277818121 -40.85934715939307 0.8000000000000043
    endloop
  endfacet
  facet normal 0 1.4082547907702448e-13 1
    outer loop
      vertex -0.9052538277818121 -40.85934715939307 0.8000000000000043
      vertex -0.21642364952465076 -40.85934715939307 0.8000000000000043
      vertex -0.7937758792454996 -40.821505494993076 0.7999999999999989
    endloop
  endfacet
  facet normal 0 -4.614138724804048e-13 1
    outer loop
      vertex -0.6783123116512781 -40.798538363416796 0.8000000000000007
      vertex -0.4433651656551847 -40.798538363416796 0.8000000000000007
      vertex -0.5608387386532314 -40.790838738653235 0.8000000000000043
    endloop
  endfacet
  facet normal 0 -7.734343461657322e-14 1
    outer loop
      vertex -0.6783123116512781 -40.798538363416796 0.8000000000000007
      vertex -0.3279015980609632 -40.821505494993076 0.7999999999999989
      vertex -0.4433651656551847 -40.798538363416796 0.8000000000000007
    endloop
  endfacet
  facet normal 0 1.4082547907702448e-13 1
    outer loop
      vertex -0.7937758792454996 -40.821505494993076 0.7999999999999989
      vertex -0.21642364952465076 -40.85934715939307 0.8000000000000043
      vertex -0.3279015980609632 -40.821505494993076 0.7999999999999989
    endloop
  endfacet
  facet normal 0 -6.823125211597716e-14 1
    outer loop
      vertex -0.9052538277818121 -40.85934715939307 0.8000000000000043
      vertex -0.11083873865323124 -40.91141587524723 0.8000000000000007
      vertex -0.21642364952465076 -40.85934715939307 0.8000000000000043
    endloop
  endfacet
  facet normal 0 2.7159402481257812e-14 1
    outer loop
      vertex -1.0108387386532316 -40.91141587524723 0.8000000000000007
      vertex -1.10872402476108 -40.976820732391126 0.8000000000000025
      vertex -0.012953452545382937 -40.976820732391126 0.8000000000000025
    endloop
  endfacet
  facet normal 0 2.7159402481257812e-14 1
    outer loop
      vertex -1.0108387386532316 -40.91141587524723 0.8000000000000007
      vertex -0.012953452545382937 -40.976820732391126 0.8000000000000025
      vertex -0.11083873865323124 -40.91141587524723 0.8000000000000007
    endloop
  endfacet
  facet normal 0 -2.2884736991770592e-14 1
    outer loop
      vertex -1.10872402476108 -40.976820732391126 0.8000000000000025
      vertex 0.07555736441466188 -41.05444263558534 0.8000000000000007
      vertex -0.012953452545382937 -40.976820732391126 0.8000000000000025
    endloop
  endfacet
  facet normal 0 4.013875140712787e-14 1
    outer loop
      vertex -1.1972348417211247 -41.05444263558534 0.8000000000000007
      vertex 0.15317926760888056 -41.14295345254537 0.8000000000000043
      vertex 0.07555736441466188 -41.05444263558534 0.8000000000000007
    endloop
  endfacet
  facet normal 0 -7.258933022651583e-14 1
    outer loop
      vertex -1.2748567449153434 -41.14295345254537 0.8000000000000043
      vertex 0.21858412475276356 -41.24083873865324 0.7999999999999972
      vertex 0.15317926760888056 -41.14295345254537 0.8000000000000043
    endloop
  endfacet
  facet normal 0 5.04718948400788e-14 1
    outer loop
      vertex -1.3402616020592264 -41.24083873865324 0.7999999999999972
      vertex 0.2706528406069264 -41.346423649524645 0.8000000000000025
      vertex 0.21858412475276356 -41.24083873865324 0.7999999999999972
    endloop
  endfacet
  facet normal 0 -3.186920575276668e-14 1
    outer loop
      vertex -1.3923303179133892 -41.346423649524645 0.8000000000000025
      vertex 0.3084945050069301 -41.45790159806097 0.7999999999999989
      vertex 0.2706528406069264 -41.346423649524645 0.8000000000000025
    endloop
  endfacet
  facet normal 0 0 1
    outer loop
      vertex -1.430171982313393 -41.45790159806097 0.7999999999999989
      vertex 0.3314616365831977 -41.5733651656552 0.7999999999999989
      vertex 0.3084945050069301 -41.45790159806097 0.7999999999999989
    endloop
  endfacet
  facet normal 0 7.560665748329804e-14 1
    outer loop
      vertex -1.4531391138896605 -41.5733651656552 0.7999999999999989
      vertex 0.33916126134676894 -41.69083873865323 0.8000000000000078
      vertex 0.3314616365831977 -41.5733651656552 0.7999999999999989
    endloop
  endfacet
  facet normal 0 -9.07279889799357e-14 1
    outer loop
      vertex -1.4608387386532318 -41.69083873865323 0.8000000000000078
      vertex 0.3314616365831977 -41.808312311651285 0.7999999999999972
      vertex 0.33916126134676894 -41.69083873865323 0.8000000000000078
    endloop
  endfacet
  facet normal 0 1.364625042319543e-13 1
    outer loop
      vertex -1.0108387386532316 -42.47026160205923 0.7999999999999972
      vertex -0.9052538277818121 -42.522330317913394 0.8000000000000043
      vertex -0.21642364952465076 -42.522330317913394 0.8000000000000043
    endloop
  endfacet
  facet normal 0 -9.388365271799869e-14 1
    outer loop
      vertex -0.9052538277818121 -42.522330317913394 0.8000000000000043
      vertex -0.7937758792454996 -42.56017198231339 0.8000000000000007
      vertex -0.3279015980609632 -42.56017198231339 0.8000000000000007
    endloop
  endfacet
  facet normal 0 0 1
    outer loop
      vertex -0.7937758792454996 -42.56017198231339 0.8000000000000007
      vertex -0.6783123116512781 -42.58313911388966 0.8000000000000007
      vertex -0.4433651656551847 -42.58313911388966 0.8000000000000007
    endloop
  endfacet
  facet normal 0 1.364625042319543e-13 1
    outer loop
      vertex -1.0108387386532316 -42.47026160205923 0.7999999999999972
      vertex -0.21642364952465076 -42.522330317913394 0.8000000000000043
      vertex -0.11083873865323124 -42.47026160205923 0.7999999999999972
    endloop
  endfacet
  facet normal 0 -9.38836527179987e-14 1
    outer loop
      vertex -0.9052538277818121 -42.522330317913394 0.8000000000000043
      vertex -0.3279015980609632 -42.56017198231339 0.8000000000000007
      vertex -0.21642364952465076 -42.522330317913394 0.8000000000000043
    endloop
  endfacet
  facet normal 0 9.22827744959958e-13 1
    outer loop
      vertex -0.6783123116512781 -42.58313911388966 0.8000000000000007
      vertex -0.5608387386532314 -42.590838738653225 0.8000000000000078
      vertex -0.4433651656551847 -42.58313911388966 0.8000000000000007
    endloop
  endfacet
  facet normal 0 0 1
    outer loop
      vertex -0.7937758792454996 -42.56017198231339 0.8000000000000007
      vertex -0.4433651656551847 -42.58313911388966 0.8000000000000007
      vertex -0.3279015980609632 -42.56017198231339 0.8000000000000007
    endloop
  endfacet
  facet normal 0 1.5384565680864012e-14 1
    outer loop
      vertex -1.4531391138896605 -41.808312311651285 0.7999999999999972
      vertex 0.3084945050069301 -41.92377587924551 0.7999999999999989
      vertex 0.3314616365831977 -41.808312311651285 0.7999999999999972
    endloop
  endfacet
  facet normal 0 1.5934602876387404e-14 1
    outer loop
      vertex -1.430171982313393 -41.92377587924551 0.7999999999999989
      vertex 0.2706528406069264 -42.03525382778181 0.8000000000000007
      vertex 0.3084945050069301 -41.92377587924551 0.7999999999999989
    endloop
  endfacet
  facet normal 0 0 1
    outer loop
      vertex -1.3923303179133892 -42.03525382778181 0.8000000000000007
      vertex 0.21858412475276356 -42.14083873865324 0.8000000000000007
      vertex 0.2706528406069264 -42.03525382778181 0.8000000000000007
    endloop
  endfacet
  facet normal 0 3.6294665113268456e-14 1
    outer loop
      vertex -1.3402616020592264 -42.14083873865324 0.8000000000000007
      vertex 0.15317926760888056 -42.238724024761076 0.8000000000000043
      vertex 0.21858412475276356 -42.14083873865324 0.8000000000000007
    endloop
  endfacet
  facet normal 0 -4.013875140712142e-14 1
    outer loop
      vertex -1.2748567449153434 -42.238724024761076 0.8000000000000043
      vertex 0.07555736441466188 -42.32723484172112 0.8000000000000007
      vertex 0.15317926760888056 -42.238724024761076 0.8000000000000043
    endloop
  endfacet
  facet normal 0 -4.576947398353281e-14 1
    outer loop
      vertex -1.1972348417211247 -42.32723484172112 0.8000000000000007
      vertex -0.012953452545382937 -42.40485674491535 0.7999999999999972
      vertex 0.07555736441466188 -42.32723484172112 0.8000000000000007
    endloop
  endfacet
  facet normal 0 0 1
    outer loop
      vertex -1.10872402476108 -42.40485674491535 0.7999999999999972
      vertex -0.11083873865323124 -42.47026160205923 0.7999999999999972
      vertex -0.012953452545382937 -42.40485674491535 0.7999999999999972
    endloop
  endfacet
  facet normal 0.5555702330196808 -0.8314696123024927 -1.5754525147381419e-15
    outer loop
      vertex -1.0108387386532316 -40.91141587524723 0.8000000000000007
      vertex -1.0108387386532316 -40.91141587524724 8.299999999999999
      vertex -1.10872402476108 -40.976820732391126 0.8000000000000025
    endloop
  endfacet
  facet normal 0.442288690218991 -0.8968727415326934 0
    outer loop
      vertex -1.0108387386532316 -40.91141587524723 0.8000000000000007
      vertex -0.9052538277818121 -40.85934715939307 0.8000000000000043
      vertex -0.9052538277818121 -40.85934715939307 8.299999999999999
    endloop
  endfacet
  facet normal 0.3214394653030685 -0.9469301294951372 0
    outer loop
      vertex -0.9052538277818121 -40.85934715939307 0.8000000000000043
      vertex -0.7937758792454996 -40.821505494993076 0.7999999999999989
      vertex -0.7937758792454996 -40.821505494993076 8.300000000000002
    endloop
  endfacet
  facet normal 0.8314696123025963 -0.5555702330195258 -1.0521010032757046e-15
    outer loop
      vertex -1.3402616020592264 -41.24083873865324 0.7999999999999972
      vertex -1.2748567449153434 -41.14295345254537 0.8000000000000043
      vertex -1.2748567449153434 -41.142953452545385 8.299999999999999
    endloop
  endfacet
  facet normal 0.7518398074789312 -0.6593458151001215 0
    outer loop
      vertex -1.1972348417211247 -41.05444263558534 0.8000000000000007
      vertex -1.1972348417211247 -41.05444263558534 8.300000000000002
      vertex -1.2748567449153434 -41.14295345254537 0.8000000000000043
    endloop
  endfacet
  facet normal 0.6593458151000398 -0.7518398074790029 0
    outer loop
      vertex -1.1972348417211247 -41.05444263558534 0.8000000000000007
      vertex -1.10872402476108 -40.976820732391126 0.8000000000000025
      vertex -1.10872402476108 -40.976820732391126 8.299999999999999
    endloop
  endfacet
  facet normal 0.8968727415326697 -0.442288690219039 0
    outer loop
      vertex -1.3402616020592264 -41.24083873865324 0.7999999999999972
      vertex -1.3402616020592264 -41.24083873865324 8.299999999999997
      vertex -1.3923303179133892 -41.346423649524645 0.8000000000000025
    endloop
  endfacet
  facet normal 0.9469301294951168 -0.3214394653031287 -3.045286360769985e-16
    outer loop
      vertex -1.3923303179133892 -41.346423649524645 0.8000000000000025
      vertex -1.3923303179133892 -41.34642364952465 8.300000000000002
      vertex -1.430171982313393 -41.45790159806097 0.7999999999999989
    endloop
  endfacet
  facet normal 0.9807852804032322 -0.1950903220161199 1.848266815008702e-16
    outer loop
      vertex -1.430171982313393 -41.45790159806097 0.7999999999999989
      vertex -1.430171982313393 -41.457901598060964 8.300000000000002
      vertex -1.4531391138896605 -41.5733651656552 0.7999999999999989
    endloop
  endfacet
  facet normal 0.9978589232386025 -0.06540312923015726 6.19622911606231e-17
    outer loop
      vertex -1.4531391138896605 -41.5733651656552 0.7999999999999989
      vertex -1.4531391138896605 -41.57336516565519 8.299999999999997
      vertex -1.4608387386532318 -41.69083873865323 0.8000000000000078
    endloop
  endfacet
  facet normal 0.9978589232386036 0.06540312923014151 1.2392458232121647e-16
    outer loop
      vertex -1.4608387386532318 -41.69083873865323 0.8000000000000078
      vertex -1.4608387386532318 -41.69083873865324 8.299999999999999
      vertex -1.4531391138896605 -41.808312311651285 0.7999999999999972
    endloop
  endfacet
  facet normal 0.9807852804032321 0.1950903220161199 -1.848266815008703e-16
    outer loop
      vertex -1.4531391138896605 -41.808312311651285 0.7999999999999972
      vertex -1.4531391138896605 -41.80831231165128 8.299999999999997
      vertex -1.430171982313393 -41.92377587924551 0.7999999999999989
    endloop
  endfacet
  facet normal 0.9469301294950919 0.32143946530320217 -3.04528636077068e-16
    outer loop
      vertex -1.430171982313393 -41.92377587924551 0.7999999999999989
      vertex -1.430171982313393 -41.923775879245504 8.3
      vertex -1.3923303179133892 -42.03525382778181 0.8000000000000007
    endloop
  endfacet
  facet normal 0.8968727415327051 0.4422886902189671 4.190200212585819e-16
    outer loop
      vertex -1.3923303179133892 -42.03525382778181 0.8000000000000007
      vertex -1.3923303179133892 -42.035253827781816 8.299999999999999
      vertex -1.3402616020592264 -42.14083873865324 0.8000000000000007
    endloop
  endfacet
  facet normal 0.8314696123025217 0.5555702330196374 0
    outer loop
      vertex -1.3402616020592264 -42.14083873865324 0.8000000000000007
      vertex -1.3402616020592264 -42.14083873865324 8.299999999999999
      vertex -1.2748567449153434 -42.238724024761076 0.8000000000000043
    endloop
  endfacet
  facet normal 0.7518398074789838 0.6593458151000617 6.246578390308953e-16
    outer loop
      vertex -1.2748567449153434 -42.238724024761076 0.8000000000000043
      vertex -1.2748567449153434 -42.23872402476108 8.299999999999997
      vertex -1.1972348417211247 -42.32723484172112 0.8000000000000007
    endloop
  endfacet
  facet normal 0.659345815100108 0.7518398074789431 0
    outer loop
      vertex -1.1972348417211247 -42.32723484172112 0.8000000000000007
      vertex -1.1972348417211247 -42.32723484172112 8.299999999999999
      vertex -1.10872402476108 -42.40485674491535 0.7999999999999972
    endloop
  endfacet
  facet normal 0.5555702330195973 0.8314696123025486 -7.87726257369123e-16
    outer loop
      vertex -1.10872402476108 -42.40485674491535 0.7999999999999972
      vertex -1.10872402476108 -42.40485674491534 8.300000000000002
      vertex -1.0108387386532316 -42.47026160205923 0.7999999999999972
    endloop
  endfacet
  facet normal 0.44228869021899103 0.8968727415326934 8.496885485297349e-16
    outer loop
      vertex -1.0108387386532316 -42.47026160205923 0.7999999999999972
      vertex -1.0108387386532316 -42.47026160205924 8.299999999999997
      vertex -0.9052538277818121 -42.522330317913394 0.8000000000000043
    endloop
  endfacet
  facet normal 0.32143946530312256 0.9469301294951189 0
    outer loop
      vertex -0.9052538277818121 -42.522330317913394 0.8000000000000043
      vertex -0.9052538277818121 -42.522330317913394 8.300000000000002
      vertex -0.7937758792454996 -42.56017198231339 0.8000000000000007
    endloop
  endfacet
  facet normal 0.19509032201611262 0.9807852804032337 0
    outer loop
      vertex -0.7937758792454996 -42.56017198231339 0.8000000000000007
      vertex -0.7937758792454996 -42.56017198231339 8.299999999999999
      vertex -0.6783123116512781 -42.58313911388966 0.8000000000000007
    endloop
  endfacet
  facet normal 0.8968727415326815 -0.442288690219015 -4.190200212586272e-16
    outer loop
      vertex -1.3923303179133892 -41.346423649524645 0.8000000000000025
      vertex -1.3402616020592264 -41.24083873865324 8.299999999999997
      vertex -1.3923303179133892 -41.34642364952465 8.300000000000002
    endloop
  endfacet
  facet normal 0.5555702330195973 -0.8314696123025486 0
    outer loop
      vertex -1.10872402476108 -40.976820732391126 0.8000000000000025
      vertex -1.0108387386532316 -40.91141587524724 8.299999999999999
      vertex -1.10872402476108 -40.976820732391126 8.299999999999999
    endloop
  endfacet
  facet normal 0.6593458151000398 -0.7518398074790029 0
    outer loop
      vertex -1.1972348417211247 -41.05444263558534 0.8000000000000007
      vertex -1.10872402476108 -40.976820732391126 8.299999999999999
      vertex -1.1972348417211247 -41.05444263558534 8.300000000000002
    endloop
  endfacet
  facet normal 0.831469612302559 -0.5555702330195816 0
    outer loop
      vertex -1.3402616020592264 -41.24083873865324 0.7999999999999972
      vertex -1.2748567449153434 -41.142953452545385 8.299999999999999
      vertex -1.3402616020592264 -41.24083873865324 8.299999999999997
    endloop
  endfacet
  facet normal 0.7518398074789837 -0.6593458151000615 -1.24931567806179e-15
    outer loop
      vertex -1.2748567449153434 -41.14295345254537 0.8000000000000043
      vertex -1.1972348417211247 -41.05444263558534 8.300000000000002
      vertex -1.2748567449153434 -41.142953452545385 8.299999999999999
    endloop
  endfacet
  facet normal 0.4422886902190881 -0.8968727415326455 -1.6993770970593797e-15
    outer loop
      vertex -1.0108387386532316 -40.91141587524723 0.8000000000000007
      vertex -0.9052538277818121 -40.85934715939307 8.299999999999999
      vertex -1.0108387386532316 -40.91141587524724 8.299999999999999
    endloop
  endfacet
  facet normal 0.32143946530306844 -0.9469301294951373 0
    outer loop
      vertex -0.9052538277818121 -40.85934715939307 0.8000000000000043
      vertex -0.7937758792454996 -40.821505494993076 8.300000000000002
      vertex -0.9052538277818121 -40.85934715939307 8.299999999999999
    endloop
  endfacet
  facet normal 0.1950903220162287 -0.9807852804032104 0
    outer loop
      vertex -0.7937758792454996 -40.821505494993076 0.7999999999999989
      vertex -0.6783123116512781 -40.798538363416796 8.300000000000002
      vertex -0.7937758792454996 -40.821505494993076 8.300000000000002
    endloop
  endfacet
  facet normal 0.19509032201622872 -0.9807852804032104 0
    outer loop
      vertex -0.7937758792454996 -40.821505494993076 0.7999999999999989
      vertex -0.6783123116512781 -40.798538363416796 0.8000000000000007
      vertex -0.6783123116512781 -40.798538363416796 8.300000000000002
    endloop
  endfacet
  facet normal 0.06540312923005777 -0.9978589232386091 0
    outer loop
      vertex -0.6783123116512781 -40.798538363416796 0.8000000000000007
      vertex -0.5608387386532314 -40.790838738653235 0.8000000000000043
      vertex -0.5608387386532314 -40.790838738653235 8.299999999999999
    endloop
  endfacet
  facet normal -0.06540312923005777 -0.9978589232386091 0
    outer loop
      vertex -0.5608387386532314 -40.790838738653235 0.8000000000000043
      vertex -0.4433651656551847 -40.798538363416796 0.8000000000000007
      vertex -0.4433651656551847 -40.798538363416796 8.300000000000002
    endloop
  endfacet
  facet normal -0.19509032201622867 -0.9807852804032104 0
    outer loop
      vertex -0.4433651656551847 -40.798538363416796 0.8000000000000007
      vertex -0.3279015980609632 -40.821505494993076 0.7999999999999989
      vertex -0.3279015980609632 -40.821505494993076 8.300000000000002
    endloop
  endfacet
  facet normal -0.32143946530306844 -0.9469301294951373 0
    outer loop
      vertex -0.3279015980609632 -40.821505494993076 0.7999999999999989
      vertex -0.21642364952465076 -40.85934715939307 0.8000000000000043
      vertex -0.21642364952465076 -40.85934715939307 8.299999999999999
    endloop
  endfacet
  facet normal -0.44228869021899103 -0.8968727415326935 -1.6984898549616654e-15
    outer loop
      vertex -0.21642364952465076 -40.85934715939307 0.8000000000000043
      vertex -0.11083873865323124 -40.91141587524723 0.8000000000000007
      vertex -0.11083873865323124 -40.91141587524724 8.299999999999999
    endloop
  endfacet
  facet normal -0.5555702330196808 -0.8314696123024927 0
    outer loop
      vertex -0.11083873865323124 -40.91141587524723 0.8000000000000007
      vertex -0.012953452545382937 -40.976820732391126 0.8000000000000025
      vertex -0.012953452545382937 -40.976820732391126 8.299999999999999
    endloop
  endfacet
  facet normal -0.6593458151000398 -0.7518398074790029 0
    outer loop
      vertex -0.012953452545382937 -40.976820732391126 0.8000000000000025
      vertex 0.07555736441466188 -41.05444263558534 0.8000000000000007
      vertex 0.07555736441466188 -41.05444263558534 8.300000000000002
    endloop
  endfacet
  facet normal -0.7518398074789312 -0.6593458151001215 -1.249554132742285e-15
    outer loop
      vertex 0.07555736441466188 -41.05444263558534 0.8000000000000007
      vertex 0.15317926760888056 -41.14295345254537 0.8000000000000043
      vertex 0.15317926760888056 -41.142953452545385 8.299999999999999
    endloop
  endfacet
  facet normal -0.8314696123025963 -0.5555702330195259 0
    outer loop
      vertex 0.15317926760888056 -41.14295345254537 0.8000000000000043
      vertex 0.21858412475276356 -41.24083873865324 0.7999999999999972
      vertex 0.21858412475276356 -41.24083873865324 8.299999999999997
    endloop
  endfacet
  facet normal -0.8968727415326697 -0.442288690219039 -4.1946510588125923e-16
    outer loop
      vertex 0.21858412475276356 -41.24083873865324 0.7999999999999972
      vertex 0.2706528406069264 -41.346423649524645 0.8000000000000025
      vertex 0.2706528406069264 -41.34642364952465 8.300000000000002
    endloop
  endfacet
  facet normal -0.9469301294951169 -0.32143946530312867 3.045297021619758e-16
    outer loop
      vertex 0.2706528406069264 -41.346423649524645 0.8000000000000025
      vertex 0.3084945050069301 -41.45790159806097 0.7999999999999989
      vertex 0.3084945050069301 -41.457901598060964 8.300000000000002
    endloop
  endfacet
  facet normal -0.980785280403232 -0.1950903220161199 1.846825290530842e-16
    outer loop
      vertex 0.3084945050069301 -41.45790159806097 0.7999999999999989
      vertex 0.3314616365831977 -41.5733651656552 0.7999999999999989
      vertex 0.3314616365831977 -41.57336516565519 8.299999999999997
    endloop
  endfacet
  facet normal -0.9978589232386026 -0.06540312923015726 -1.2389938285544807e-16
    outer loop
      vertex 0.3314616365831977 -41.5733651656552 0.7999999999999989
      vertex 0.33916126134676894 -41.69083873865323 0.8000000000000078
      vertex 0.33916126134676894 -41.69083873865324 8.299999999999999
    endloop
  endfacet
  facet normal -0.9978589232386036 0.06540312923014151 -6.188829431033767e-17
    outer loop
      vertex 0.33916126134676894 -41.69083873865323 0.8000000000000078
      vertex 0.3314616365831977 -41.808312311651285 0.7999999999999972
      vertex 0.3314616365831977 -41.80831231165128 8.299999999999997
    endloop
  endfacet
  facet normal -0.9807852804032322 0.19509032201611992 -1.8468252905308412e-16
    outer loop
      vertex 0.3314616365831977 -41.808312311651285 0.7999999999999972
      vertex 0.3084945050069301 -41.92377587924551 0.7999999999999989
      vertex 0.3084945050069301 -41.923775879245504 8.3
    endloop
  endfacet
  facet normal -0.9469301294950918 0.3214394653032022 3.0452970216204567e-16
    outer loop
      vertex 0.3084945050069301 -41.92377587924551 0.7999999999999989
      vertex 0.2706528406069264 -42.03525382778181 0.8000000000000007
      vertex 0.2706528406069264 -42.035253827781816 8.299999999999999
    endloop
  endfacet
  facet normal 0.06540312923011786 0.9978589232386051 0
    outer loop
      vertex -0.6783123116512781 -42.58313911388966 0.8000000000000007
      vertex -0.6783123116512781 -42.58313911388966 8.300000000000004
      vertex -0.5608387386532314 -42.590838738653225 0.8000000000000078
    endloop
  endfacet
  facet normal -0.06540312923011787 0.9978589232386051 9.453618789607827e-16
    outer loop
      vertex -0.5608387386532314 -42.590838738653225 0.8000000000000078
      vertex -0.5608387386532314 -42.59083873865323 8.3
      vertex -0.4433651656551847 -42.58313911388966 0.8000000000000007
    endloop
  endfacet
  facet normal -0.19509032201611257 0.9807852804032335 0
    outer loop
      vertex -0.4433651656551847 -42.58313911388966 0.8000000000000007
      vertex -0.4433651656551847 -42.58313911388966 8.300000000000004
      vertex -0.3279015980609632 -42.56017198231339 0.8000000000000007
    endloop
  endfacet
  facet normal -0.32143946530312256 0.9469301294951189 0
    outer loop
      vertex -0.3279015980609632 -42.56017198231339 0.8000000000000007
      vertex -0.3279015980609632 -42.56017198231339 8.299999999999999
      vertex -0.21642364952465076 -42.522330317913394 0.8000000000000043
    endloop
  endfacet
  facet normal -0.442288690218991 0.8968727415326934 -8.496885485297354e-16
    outer loop
      vertex -0.21642364952465076 -42.522330317913394 0.8000000000000043
      vertex -0.21642364952465076 -42.52233031791339 8.299999999999999
      vertex -0.11083873865323124 -42.47026160205923 0.7999999999999972
    endloop
  endfacet
  facet normal -0.5555702330195973 0.8314696123025486 7.878478101094626e-16
    outer loop
      vertex -0.012953452545382937 -42.40485674491535 0.7999999999999972
      vertex -0.11083873865323124 -42.47026160205923 0.7999999999999972
      vertex -0.11083873865323124 -42.47026160205924 8.299999999999997
    endloop
  endfacet
  facet normal -0.659345815100108 0.7518398074789431 -7.122857515459132e-16
    outer loop
      vertex -0.012953452545382937 -42.40485674491535 0.7999999999999972
      vertex -0.012953452545382937 -42.40485674491534 8.300000000000002
      vertex 0.07555736441466188 -42.32723484172112 0.8000000000000007
    endloop
  endfacet
  facet normal -0.8314696123025217 0.5555702330196374 5.265416785769289e-16
    outer loop
      vertex 0.21858412475276356 -42.14083873865324 0.8000000000000007
      vertex 0.15317926760888056 -42.238724024761076 0.8000000000000043
      vertex 0.15317926760888056 -42.23872402476108 8.299999999999997
    endloop
  endfacet
  facet normal -0.7518398074789837 0.6593458151000616 0
    outer loop
      vertex 0.07555736441466188 -42.32723484172112 0.8000000000000007
      vertex 0.07555736441466188 -42.32723484172112 8.299999999999999
      vertex 0.15317926760888056 -42.238724024761076 0.8000000000000043
    endloop
  endfacet
  facet normal -0.8968727415327051 0.4422886902189671 0
    outer loop
      vertex 0.21858412475276356 -42.14083873865324 0.8000000000000007
      vertex 0.21858412475276356 -42.14083873865324 8.299999999999999
      vertex 0.2706528406069264 -42.03525382778181 0.8000000000000007
    endloop
  endfacet
  facet normal 0.06540312923005777 -0.9978589232386091 0
    outer loop
      vertex -0.6783123116512781 -40.798538363416796 0.8000000000000007
      vertex -0.5608387386532314 -40.790838738653235 8.299999999999999
      vertex -0.6783123116512781 -40.798538363416796 8.300000000000002
    endloop
  endfacet
  facet normal -0.06540312923005777 -0.9978589232386091 0
    outer loop
      vertex -0.5608387386532314 -40.790838738653235 0.8000000000000043
      vertex -0.4433651656551847 -40.798538363416796 8.300000000000002
      vertex -0.5608387386532314 -40.790838738653235 8.299999999999999
    endloop
  endfacet
  facet normal -0.1950903220162287 -0.9807852804032104 0
    outer loop
      vertex -0.4433651656551847 -40.798538363416796 0.8000000000000007
      vertex -0.3279015980609632 -40.821505494993076 8.300000000000002
      vertex -0.4433651656551847 -40.798538363416796 8.300000000000002
    endloop
  endfacet
  facet normal -0.3214394653030684 -0.9469301294951373 0
    outer loop
      vertex -0.3279015980609632 -40.821505494993076 0.7999999999999989
      vertex -0.21642364952465076 -40.85934715939307 8.299999999999999
      vertex -0.3279015980609632 -40.821505494993076 8.300000000000002
    endloop
  endfacet
  facet normal -0.4422886902190881 -0.8968727415326455 0
    outer loop
      vertex -0.21642364952465076 -40.85934715939307 0.8000000000000043
      vertex -0.11083873865323124 -40.91141587524724 8.299999999999999
      vertex -0.21642364952465076 -40.85934715939307 8.299999999999999
    endloop
  endfacet
  facet normal -0.5555702330195973 -0.8314696123025486 -1.5754525147382476e-15
    outer loop
      vertex -0.11083873865323124 -40.91141587524723 0.8000000000000007
      vertex -0.012953452545382937 -40.976820732391126 8.299999999999999
      vertex -0.11083873865323124 -40.91141587524724 8.299999999999999
    endloop
  endfacet
  facet normal -0.6593458151000399 -0.7518398074790029 0
    outer loop
      vertex -0.012953452545382937 -40.976820732391126 0.8000000000000025
      vertex 0.07555736441466188 -41.05444263558534 8.300000000000002
      vertex -0.012953452545382937 -40.976820732391126 8.299999999999999
    endloop
  endfacet
  facet normal -0.7518398074789838 -0.6593458151000617 0
    outer loop
      vertex 0.07555736441466188 -41.05444263558534 0.8000000000000007
      vertex 0.15317926760888056 -41.142953452545385 8.299999999999999
      vertex 0.07555736441466188 -41.05444263558534 8.300000000000002
    endloop
  endfacet
  facet normal -0.831469612302559 -0.5555702330195816 -1.0526837154042937e-15
    outer loop
      vertex 0.15317926760888056 -41.14295345254537 0.8000000000000043
      vertex 0.21858412475276356 -41.24083873865324 8.299999999999997
      vertex 0.15317926760888056 -41.142953452545385 8.299999999999999
    endloop
  endfacet
  facet normal -0.8968727415326815 -0.442288690219015 0
    outer loop
      vertex 0.21858412475276356 -41.24083873865324 0.7999999999999972
      vertex 0.2706528406069264 -41.34642364952465 8.300000000000002
      vertex 0.21858412475276356 -41.24083873865324 8.299999999999997
    endloop
  endfacet
  facet normal 0.9469301294951044 -0.3214394653031654 3.0452863607703316e-16
    outer loop
      vertex -1.430171982313393 -41.45790159806097 0.7999999999999989
      vertex -1.3923303179133892 -41.34642364952465 8.300000000000002
      vertex -1.430171982313393 -41.457901598060964 8.300000000000002
    endloop
  endfacet
  facet normal 0.980785280403232 -0.1950903220161199 1.8482668150087033e-16
    outer loop
      vertex -1.4531391138896605 -41.5733651656552 0.7999999999999989
      vertex -1.430171982313393 -41.457901598060964 8.300000000000002
      vertex -1.4531391138896605 -41.57336516565519 8.299999999999997
    endloop
  endfacet
  facet normal 0.9978589232386034 -0.06540312923014545 -1.2392458232122394e-16
    outer loop
      vertex -1.4608387386532318 -41.69083873865323 0.8000000000000078
      vertex -1.4531391138896605 -41.57336516565519 8.299999999999997
      vertex -1.4608387386532318 -41.69083873865324 8.299999999999999
    endloop
  endfacet
  facet normal 0.9978589232386028 0.06540312923015333 -6.196229116061937e-17
    outer loop
      vertex -1.4531391138896605 -41.808312311651285 0.7999999999999972
      vertex -1.4608387386532318 -41.69083873865324 8.299999999999999
      vertex -1.4531391138896605 -41.80831231165128 8.299999999999997
    endloop
  endfacet
  facet normal 0.9807852804032322 0.19509032201611987 -1.8482668150087026e-16
    outer loop
      vertex -1.430171982313393 -41.92377587924551 0.7999999999999989
      vertex -1.4531391138896605 -41.80831231165128 8.299999999999997
      vertex -1.430171982313393 -41.923775879245504 8.3
    endloop
  endfacet
  facet normal 0.9469301294951044 0.3214394653031655 3.0452863607703336e-16
    outer loop
      vertex -1.3923303179133892 -42.03525382778181 0.8000000000000007
      vertex -1.430171982313393 -41.923775879245504 8.3
      vertex -1.3923303179133892 -42.035253827781816 8.299999999999999
    endloop
  endfacet
  facet normal 0.8968727415326934 0.4422886902189911 0
    outer loop
      vertex -1.3402616020592264 -42.14083873865324 0.8000000000000007
      vertex -1.3923303179133892 -42.035253827781816 8.299999999999999
      vertex -1.3402616020592264 -42.14083873865324 8.299999999999999
    endloop
  endfacet
  facet normal 0.8314696123025404 0.5555702330196095 5.263418577021734e-16
    outer loop
      vertex -1.2748567449153434 -42.238724024761076 0.8000000000000043
      vertex -1.3402616020592264 -42.14083873865324 8.299999999999999
      vertex -1.2748567449153434 -42.23872402476108 8.299999999999997
    endloop
  endfacet
  facet normal 0.7518398074789575 0.6593458151000915 0
    outer loop
      vertex -1.1972348417211247 -42.32723484172112 0.8000000000000007
      vertex -1.2748567449153434 -42.23872402476108 8.299999999999997
      vertex -1.1972348417211247 -42.32723484172112 8.299999999999999
    endloop
  endfacet
  facet normal 0.659345815100074 0.7518398074789729 -7.122857515459415e-16
    outer loop
      vertex -1.10872402476108 -42.40485674491535 0.7999999999999972
      vertex -1.1972348417211247 -42.32723484172112 8.299999999999999
      vertex -1.10872402476108 -42.40485674491534 8.300000000000002
    endloop
  endfacet
  facet normal 0.5555702330196808 0.8314696123024927 7.8772625736907075e-16
    outer loop
      vertex -1.0108387386532316 -42.47026160205923 0.7999999999999972
      vertex -1.10872402476108 -42.40485674491534 8.300000000000002
      vertex -1.0108387386532316 -42.47026160205924 8.299999999999997
    endloop
  endfacet
  facet normal 0.44228869021894246 0.8968727415327172 0
    outer loop
      vertex -0.9052538277818121 -42.522330317913394 0.8000000000000043
      vertex -1.0108387386532316 -42.47026160205924 8.299999999999997
      vertex -0.9052538277818121 -42.522330317913394 8.300000000000002
    endloop
  endfacet
  facet normal 0.32143946530312256 0.9469301294951189 0
    outer loop
      vertex -0.7937758792454996 -42.56017198231339 0.8000000000000007
      vertex -0.9052538277818121 -42.522330317913394 8.300000000000002
      vertex -0.7937758792454996 -42.56017198231339 8.299999999999999
    endloop
  endfacet
  facet normal -0.9469301294951044 -0.3214394653031655 -3.045286360770333e-16
    outer loop
      vertex 0.2706528406069264 -41.346423649524645 0.8000000000000025
      vertex 0.3084945050069301 -41.457901598060964 8.300000000000002
      vertex 0.2706528406069264 -41.34642364952465 8.300000000000002
    endloop
  endfacet
  facet normal -0.9807852804032322 -0.1950903220161199 1.848266815008702e-16
    outer loop
      vertex 0.3084945050069301 -41.45790159806097 0.7999999999999989
      vertex 0.3314616365831977 -41.57336516565519 8.299999999999997
      vertex 0.3084945050069301 -41.457901598060964 8.300000000000002
    endloop
  endfacet
  facet normal -0.6593458151000738 0.7518398074789729 0
    outer loop
      vertex 0.07555736441466188 -42.32723484172112 0.8000000000000007
      vertex -0.012953452545382937 -42.40485674491534 8.300000000000002
      vertex 0.07555736441466188 -42.32723484172112 8.299999999999999
    endloop
  endfacet
  facet normal -0.8314696123025404 0.5555702330196095 0
    outer loop
      vertex 0.21858412475276356 -42.14083873865324 0.8000000000000007
      vertex 0.15317926760888056 -42.23872402476108 8.299999999999997
      vertex 0.21858412475276356 -42.14083873865324 8.299999999999999
    endloop
  endfacet
  facet normal -0.7518398074789574 0.6593458151000915 6.246578390309236e-16
    outer loop
      vertex 0.15317926760888056 -42.238724024761076 0.8000000000000043
      vertex 0.07555736441466188 -42.32723484172112 8.299999999999999
      vertex 0.15317926760888056 -42.23872402476108 8.299999999999997
    endloop
  endfacet
  facet normal -0.9978589232386034 -0.06540312923014545 6.196229116061191e-17
    outer loop
      vertex 0.3314616365831977 -41.5733651656552 0.7999999999999989
      vertex 0.33916126134676894 -41.69083873865324 8.299999999999999
      vertex 0.3314616365831977 -41.57336516565519 8.299999999999997
    endloop
  endfacet
  facet normal -0.9978589232386028 0.06540312923015333 1.2392458232123886e-16
    outer loop
      vertex 0.33916126134676894 -41.69083873865323 0.8000000000000078
      vertex 0.3314616365831977 -41.80831231165128 8.299999999999997
      vertex 0.33916126134676894 -41.69083873865324 8.299999999999999
    endloop
  endfacet
  facet normal -0.9807852804032321 0.1950903220161199 -1.848266815008703e-16
    outer loop
      vertex 0.3314616365831977 -41.808312311651285 0.7999999999999972
      vertex 0.3084945050069301 -41.923775879245504 8.3
      vertex 0.3314616365831977 -41.80831231165128 8.299999999999997
    endloop
  endfacet
  facet normal -0.8968727415326934 0.4422886902189911 4.1902002125860465e-16
    outer loop
      vertex 0.2706528406069264 -42.03525382778181 0.8000000000000007
      vertex 0.21858412475276356 -42.14083873865324 8.299999999999999
      vertex 0.2706528406069264 -42.035253827781816 8.299999999999999
    endloop
  endfacet
  facet normal -0.9469301294951044 0.3214394653031654 -3.045286360770332e-16
    outer loop
      vertex 0.3084945050069301 -41.92377587924551 0.7999999999999989
      vertex 0.2706528406069264 -42.035253827781816 8.299999999999999
      vertex 0.3084945050069301 -41.923775879245504 8.3
    endloop
  endfacet
  facet normal 0.19509032201611257 0.9807852804032335 0
    outer loop
      vertex -0.6783123116512781 -42.58313911388966 0.8000000000000007
      vertex -0.7937758792454996 -42.56017198231339 8.299999999999999
      vertex -0.6783123116512781 -42.58313911388966 8.300000000000004
    endloop
  endfacet
  facet normal 0.06540312923017796 0.9978589232386013 9.45361878960779e-16
    outer loop
      vertex -0.5608387386532314 -42.590838738653225 0.8000000000000078
      vertex -0.6783123116512781 -42.58313911388966 8.300000000000004
      vertex -0.5608387386532314 -42.59083873865323 8.3
    endloop
  endfacet
  facet normal -0.06540312923017796 0.9978589232386013 0
    outer loop
      vertex -0.4433651656551847 -42.58313911388966 0.8000000000000007
      vertex -0.5608387386532314 -42.59083873865323 8.3
      vertex -0.4433651656551847 -42.58313911388966 8.300000000000004
    endloop
  endfacet
  facet normal -0.19509032201611262 0.9807852804032337 0
    outer loop
      vertex -0.3279015980609632 -42.56017198231339 0.8000000000000007
      vertex -0.4433651656551847 -42.58313911388966 8.300000000000004
      vertex -0.3279015980609632 -42.56017198231339 8.299999999999999
    endloop
  endfacet
  facet normal -0.32143946530317663 0.9469301294951006 -8.9711243304682e-16
    outer loop
      vertex -0.21642364952465076 -42.522330317913394 0.8000000000000043
      vertex -0.3279015980609632 -42.56017198231339 8.299999999999999
      vertex -0.21642364952465076 -42.52233031791339 8.299999999999999
    endloop
  endfacet
  facet normal -0.4422886902188939 0.8968727415327412 8.496885485297802e-16
    outer loop
      vertex -0.11083873865323124 -42.47026160205923 0.7999999999999972
      vertex -0.21642364952465076 -42.52233031791339 8.299999999999999
      vertex -0.11083873865323124 -42.47026160205924 8.299999999999997
    endloop
  endfacet
  facet normal -0.5555702330196807 0.8314696123024927 -7.877262573690702e-16
    outer loop
      vertex -0.012953452545382937 -42.40485674491535 0.7999999999999972
      vertex -0.11083873865323124 -42.47026160205924 8.299999999999997
      vertex -0.012953452545382937 -42.40485674491534 8.300000000000002
    endloop
  endfacet
  facet normal 0 -7.734343461657322e-14 1
    outer loop
      vertex 33.45790159806096 -40.821505494993076 0.7999999999999989
      vertex 33.9237758792455 -40.821505494993076 0.7999999999999989
      vertex 33.57336516565519 -40.798538363416796 0.8000000000000007
    endloop
  endfacet
  facet normal 0 -4.614138724804048e-13 1
    outer loop
      vertex 33.57336516565519 -40.798538363416796 0.8000000000000007
      vertex 33.80831231165128 -40.798538363416796 0.8000000000000007
      vertex 33.69083873865323 -40.790838738653235 0.8000000000000043
    endloop
  endfacet
  facet normal 0 -6.823125211597715e-14 1
    outer loop
      vertex 33.240838738653224 -40.91141587524723 0.8000000000000007
      vertex 34.14083873865323 -40.91141587524723 0.8000000000000007
      vertex 33.34642364952465 -40.85934715939307 0.8000000000000043
    endloop
  endfacet
  facet normal 0 1.4082547907702448e-13 1
    outer loop
      vertex 33.34642364952465 -40.85934715939307 0.8000000000000043
      vertex 34.035253827781816 -40.85934715939307 0.8000000000000043
      vertex 33.45790159806096 -40.821505494993076 0.7999999999999989
    endloop
  endfacet
  facet normal 0 -7.734343461657322e-14 1
    outer loop
      vertex 33.57336516565519 -40.798538363416796 0.8000000000000007
      vertex 33.9237758792455 -40.821505494993076 0.7999999999999989
      vertex 33.80831231165128 -40.798538363416796 0.8000000000000007
    endloop
  endfacet
  facet normal 0 1.4082547907702448e-13 1
    outer loop
      vertex 33.45790159806096 -40.821505494993076 0.7999999999999989
      vertex 34.035253827781816 -40.85934715939307 0.8000000000000043
      vertex 33.9237758792455 -40.821505494993076 0.7999999999999989
    endloop
  endfacet
  facet normal 0 -6.823125211597715e-14 1
    outer loop
      vertex 33.34642364952465 -40.85934715939307 0.8000000000000043
      vertex 34.14083873865323 -40.91141587524723 0.8000000000000007
      vertex 34.035253827781816 -40.85934715939307 0.8000000000000043
    endloop
  endfacet
  facet normal 0 2.7159402481257815e-14 1
    outer loop
      vertex 33.240838738653224 -40.91141587524723 0.8000000000000007
      vertex 33.142953452545385 -40.976820732391126 0.8000000000000025
      vertex 34.23872402476108 -40.976820732391126 0.8000000000000025
    endloop
  endfacet
  facet normal 0 -2.2884736991770592e-14 1
    outer loop
      vertex 33.05444263558533 -41.05444263558534 0.8000000000000007
      vertex 34.32723484172112 -41.05444263558534 0.8000000000000007
      vertex 33.142953452545385 -40.976820732391126 0.8000000000000025
    endloop
  endfacet
  facet normal 0 4.013875140712787e-14 1
    outer loop
      vertex 33.05444263558533 -41.05444263558534 0.8000000000000007
      vertex 32.97682073239112 -41.14295345254537 0.8000000000000043
      vertex 34.404856744915335 -41.14295345254537 0.8000000000000043
    endloop
  endfacet
  facet normal 0 -7.258933022651583e-14 1
    outer loop
      vertex 32.91141587524723 -41.24083873865324 0.7999999999999972
      vertex 34.470261602059225 -41.24083873865324 0.7999999999999972
      vertex 32.97682073239112 -41.14295345254537 0.8000000000000043
    endloop
  endfacet
  facet normal 0 5.04718948400788e-14 1
    outer loop
      vertex 32.91141587524723 -41.24083873865324 0.7999999999999972
      vertex 32.85934715939307 -41.346423649524645 0.8000000000000025
      vertex 34.52233031791339 -41.346423649524645 0.8000000000000025
    endloop
  endfacet
  facet normal 0 7.560665748329804e-14 1
    outer loop
      vertex 32.790838738653235 -41.69083873865323 0.8000000000000078
      vertex 34.59083873865323 -41.69083873865323 0.8000000000000078
      vertex 32.798538363416796 -41.5733651656552 0.7999999999999989
    endloop
  endfacet
  facet normal 0 -3.186920575276668e-14 1
    outer loop
      vertex 32.821505494993076 -41.45790159806097 0.7999999999999989
      vertex 34.56017198231339 -41.45790159806097 0.7999999999999989
      vertex 32.85934715939307 -41.346423649524645 0.8000000000000025
    endloop
  endfacet
  facet normal 0 0 1
    outer loop
      vertex 32.821505494993076 -41.45790159806097 0.7999999999999989
      vertex 32.798538363416796 -41.5733651656552 0.7999999999999989
      vertex 34.58313911388966 -41.5733651656552 0.7999999999999989
    endloop
  endfacet
  facet normal 0 -9.072798897993569e-14 1
    outer loop
      vertex 32.790838738653235 -41.69083873865323 0.8000000000000078
      vertex 32.798538363416796 -41.808312311651285 0.7999999999999972
      vertex 34.58313911388966 -41.808312311651285 0.7999999999999972
    endloop
  endfacet
  facet normal 0 1.5384565680864012e-14 1
    outer loop
      vertex 32.798538363416796 -41.808312311651285 0.7999999999999972
      vertex 32.821505494993076 -41.92377587924551 0.7999999999999989
      vertex 34.56017198231339 -41.92377587924551 0.7999999999999989
    endloop
  endfacet
  facet normal 0 1.5934602876387404e-14 1
    outer loop
      vertex 32.821505494993076 -41.92377587924551 0.7999999999999989
      vertex 32.85934715939307 -42.03525382778181 0.8000000000000007
      vertex 34.52233031791339 -42.03525382778181 0.8000000000000007
    endloop
  endfacet
  facet normal 0 0 1
    outer loop
      vertex 32.85934715939307 -42.03525382778181 0.8000000000000007
      vertex 32.91141587524723 -42.14083873865324 0.8000000000000007
      vertex 34.470261602059225 -42.14083873865324 0.8000000000000007
    endloop
  endfacet
  facet normal 0 3.629466511326846e-14 1
    outer loop
      vertex 32.91141587524723 -42.14083873865324 0.8000000000000007
      vertex 32.97682073239112 -42.238724024761076 0.8000000000000043
      vertex 34.404856744915335 -42.238724024761076 0.8000000000000043
    endloop
  endfacet
  facet normal 0 -4.0138751407121424e-14 1
    outer loop
      vertex 32.97682073239112 -42.238724024761076 0.8000000000000043
      vertex 33.05444263558533 -42.32723484172112 0.8000000000000007
      vertex 34.32723484172112 -42.32723484172112 0.8000000000000007
    endloop
  endfacet
  facet normal 0 -4.5769473983532803e-14 1
    outer loop
      vertex 33.05444263558533 -42.32723484172112 0.8000000000000007
      vertex 33.142953452545385 -42.40485674491535 0.7999999999999972
      vertex 34.23872402476108 -42.40485674491535 0.7999999999999972
    endloop
  endfacet
  facet normal 0 0 1
    outer loop
      vertex 33.142953452545385 -42.40485674491535 0.7999999999999972
      vertex 33.240838738653224 -42.47026160205923 0.7999999999999972
      vertex 34.14083873865323 -42.47026160205923 0.7999999999999972
    endloop
  endfacet
  facet normal 0 1.364625042319543e-13 1
    outer loop
      vertex 33.240838738653224 -42.47026160205923 0.7999999999999972
      vertex 33.34642364952465 -42.522330317913394 0.8000000000000043
      vertex 34.035253827781816 -42.522330317913394 0.8000000000000043
    endloop
  endfacet
  facet normal 0 -9.388365271799869e-14 1
    outer loop
      vertex 33.34642364952465 -42.522330317913394 0.8000000000000043
      vertex 33.45790159806096 -42.56017198231339 0.8000000000000007
      vertex 33.9237758792455 -42.56017198231339 0.8000000000000007
    endloop
  endfacet
  facet normal 0 0 1
    outer loop
      vertex 33.45790159806096 -42.56017198231339 0.8000000000000007
      vertex 33.57336516565519 -42.58313911388966 0.8000000000000007
      vertex 33.80831231165128 -42.58313911388966 0.8000000000000007
    endloop
  endfacet
  facet normal 0 9.22827744959958e-13 1
    outer loop
      vertex 33.57336516565519 -42.58313911388966 0.8000000000000007
      vertex 33.69083873865323 -42.590838738653225 0.8000000000000078
      vertex 33.80831231165128 -42.58313911388966 0.8000000000000007
    endloop
  endfacet
  facet normal 0 -9.388365271799869e-14 1
    outer loop
      vertex 33.34642364952465 -42.522330317913394 0.8000000000000043
      vertex 33.9237758792455 -42.56017198231339 0.8000000000000007
      vertex 34.035253827781816 -42.522330317913394 0.8000000000000043
    endloop
  endfacet
  facet normal 0 1.364625042319543e-13 1
    outer loop
      vertex 33.240838738653224 -42.47026160205923 0.7999999999999972
      vertex 34.035253827781816 -42.522330317913394 0.8000000000000043
      vertex 34.14083873865323 -42.47026160205923 0.7999999999999972
    endloop
  endfacet
  facet normal 0 0 1
    outer loop
      vertex 33.142953452545385 -42.40485674491535 0.7999999999999972
      vertex 34.14083873865323 -42.47026160205923 0.7999999999999972
      vertex 34.23872402476108 -42.40485674491535 0.7999999999999972
    endloop
  endfacet
  facet normal 0 0 1
    outer loop
      vertex 33.45790159806096 -42.56017198231339 0.8000000000000007
      vertex 33.80831231165128 -42.58313911388966 0.8000000000000007
      vertex 33.9237758792455 -42.56017198231339 0.8000000000000007
    endloop
  endfacet
  facet normal 0 2.7159402481257812e-14 1
    outer loop
      vertex 33.240838738653224 -40.91141587524723 0.8000000000000007
      vertex 34.23872402476108 -40.976820732391126 0.8000000000000025
      vertex 34.14083873865323 -40.91141587524723 0.8000000000000007
    endloop
  endfacet
  facet normal 0 -2.2884736991770592e-14 1
    outer loop
      vertex 33.142953452545385 -40.976820732391126 0.8000000000000025
      vertex 34.32723484172112 -41.05444263558534 0.8000000000000007
      vertex 34.23872402476108 -40.976820732391126 0.8000000000000025
    endloop
  endfacet
  facet normal 0 4.013875140712787e-14 1
    outer loop
      vertex 33.05444263558533 -41.05444263558534 0.8000000000000007
      vertex 34.404856744915335 -41.14295345254537 0.8000000000000043
      vertex 34.32723484172112 -41.05444263558534 0.8000000000000007
    endloop
  endfacet
  facet normal 0 -7.258933022651583e-14 1
    outer loop
      vertex 32.97682073239112 -41.14295345254537 0.8000000000000043
      vertex 34.470261602059225 -41.24083873865324 0.7999999999999972
      vertex 34.404856744915335 -41.14295345254537 0.8000000000000043
    endloop
  endfacet
  facet normal 0 5.04718948400788e-14 1
    outer loop
      vertex 32.91141587524723 -41.24083873865324 0.7999999999999972
      vertex 34.52233031791339 -41.346423649524645 0.8000000000000025
      vertex 34.470261602059225 -41.24083873865324 0.7999999999999972
    endloop
  endfacet
  facet normal 0 -3.186920575276669e-14 1
    outer loop
      vertex 32.85934715939307 -41.346423649524645 0.8000000000000025
      vertex 34.56017198231339 -41.45790159806097 0.7999999999999989
      vertex 34.52233031791339 -41.346423649524645 0.8000000000000025
    endloop
  endfacet
  facet normal 0 0 1
    outer loop
      vertex 32.821505494993076 -41.45790159806097 0.7999999999999989
      vertex 34.58313911388966 -41.5733651656552 0.7999999999999989
      vertex 34.56017198231339 -41.45790159806097 0.7999999999999989
    endloop
  endfacet
  facet normal 0 7.560665748329804e-14 1
    outer loop
      vertex 32.798538363416796 -41.5733651656552 0.7999999999999989
      vertex 34.59083873865323 -41.69083873865323 0.8000000000000078
      vertex 34.58313911388966 -41.5733651656552 0.7999999999999989
    endloop
  endfacet
  facet normal 0 -9.07279889799357e-14 1
    outer loop
      vertex 32.790838738653235 -41.69083873865323 0.8000000000000078
      vertex 34.58313911388966 -41.808312311651285 0.7999999999999972
      vertex 34.59083873865323 -41.69083873865323 0.8000000000000078
    endloop
  endfacet
  facet normal 0 1.5384565680864012e-14 1
    outer loop
      vertex 32.798538363416796 -41.808312311651285 0.7999999999999972
      vertex 34.56017198231339 -41.92377587924551 0.7999999999999989
      vertex 34.58313911388966 -41.808312311651285 0.7999999999999972
    endloop
  endfacet
  facet normal 0 1.5934602876387404e-14 1
    outer loop
      vertex 32.821505494993076 -41.92377587924551 0.7999999999999989
      vertex 34.52233031791339 -42.03525382778181 0.8000000000000007
      vertex 34.56017198231339 -41.92377587924551 0.7999999999999989
    endloop
  endfacet
  facet normal 0 3.6294665113268456e-14 1
    outer loop
      vertex 32.91141587524723 -42.14083873865324 0.8000000000000007
      vertex 34.404856744915335 -42.238724024761076 0.8000000000000043
      vertex 34.470261602059225 -42.14083873865324 0.8000000000000007
    endloop
  endfacet
  facet normal 0 0 1
    outer loop
      vertex 32.85934715939307 -42.03525382778181 0.8000000000000007
      vertex 34.470261602059225 -42.14083873865324 0.8000000000000007
      vertex 34.52233031791339 -42.03525382778181 0.8000000000000007
    endloop
  endfacet
  facet normal 0 -4.0138751407121424e-14 1
    outer loop
      vertex 32.97682073239112 -42.238724024761076 0.8000000000000043
      vertex 34.32723484172112 -42.32723484172112 0.8000000000000007
      vertex 34.404856744915335 -42.238724024761076 0.8000000000000043
    endloop
  endfacet
  facet normal 0 -4.576947398353281e-14 1
    outer loop
      vertex 33.05444263558533 -42.32723484172112 0.8000000000000007
      vertex 34.23872402476108 -42.40485674491535 0.7999999999999972
      vertex 34.32723484172112 -42.32723484172112 0.8000000000000007
    endloop
  endfacet
  facet normal 0.5555702330197156 -0.8314696123024694 -1.5754525147380977e-15
    outer loop
      vertex 33.240838738653224 -40.91141587524723 0.8000000000000007
      vertex 33.240838738653224 -40.91141587524724 8.299999999999999
      vertex 33.142953452545385 -40.976820732391126 0.8000000000000025
    endloop
  endfacet
  facet normal 0.8314696123025719 -0.5555702330195623 -1.0530833571536153e-15
    outer loop
      vertex 32.91141587524723 -41.24083873865324 0.7999999999999972
      vertex 32.97682073239112 -41.14295345254537 0.8000000000000043
      vertex 32.97682073239112 -41.142953452545385 8.299999999999999
    endloop
  endfacet
  facet normal 0.7518398074789537 -0.6593458151000958 6.246578390309271e-16
    outer loop
      vertex 33.05444263558533 -41.05444263558534 0.8000000000000007
      vertex 33.05444263558533 -41.05444263558533 8.299999999999999
      vertex 32.97682073239112 -41.14295345254537 0.8000000000000043
    endloop
  endfacet
  facet normal 0.6593458151000061 -0.7518398074790325 0
    outer loop
      vertex 33.05444263558533 -41.05444263558534 0.8000000000000007
      vertex 33.142953452545385 -40.976820732391126 0.8000000000000025
      vertex 33.142953452545385 -40.976820732391126 8.299999999999999
    endloop
  endfacet
  facet normal 0.44228869021896106 -0.8968727415327081 0
    outer loop
      vertex 33.240838738653224 -40.91141587524723 0.8000000000000007
      vertex 33.34642364952465 -40.85934715939307 0.8000000000000043
      vertex 33.34642364952465 -40.85934715939307 8.299999999999999
    endloop
  endfacet
  facet normal 0.32143946530308914 -0.9469301294951303 -8.96889090561101e-16
    outer loop
      vertex 33.34642364952465 -40.85934715939307 0.8000000000000043
      vertex 33.45790159806096 -40.821505494993076 0.7999999999999989
      vertex 33.45790159806096 -40.82150549499308 8.299999999999995
    endloop
  endfacet
  facet normal 0.19509032201620996 -0.9807852804032142 0
    outer loop
      vertex 33.45790159806096 -40.821505494993076 0.7999999999999989
      vertex 33.57336516565519 -40.798538363416796 0.8000000000000007
      vertex 33.57336516565519 -40.798538363416796 8.300000000000002
    endloop
  endfacet
  facet normal 0.06540312923006318 -0.9978589232386087 0
    outer loop
      vertex 33.57336516565519 -40.798538363416796 0.8000000000000007
      vertex 33.69083873865323 -40.790838738653235 0.8000000000000043
      vertex 33.69083873865323 -40.790838738653235 8.299999999999999
    endloop
  endfacet
  facet normal -0.0654031292300553 -0.9978589232386093 0
    outer loop
      vertex 33.69083873865323 -40.790838738653235 0.8000000000000043
      vertex 33.80831231165128 -40.798538363416796 0.8000000000000007
      vertex 33.80831231165128 -40.798538363416796 8.300000000000002
    endloop
  endfacet
  facet normal 0.946930129495149 -0.321439465303034 -3.0452970216198646e-16
    outer loop
      vertex 32.821505494993076 -41.45790159806097 0.7999999999999989
      vertex 32.85934715939307 -41.346423649524645 0.8000000000000025
      vertex 32.85934715939307 -41.34642364952465 8.299999999999999
    endloop
  endfacet
  facet normal 0.8968727415326727 -0.4422886902190329 0
    outer loop
      vertex 32.91141587524723 -41.24083873865324 0.7999999999999972
      vertex 32.91141587524723 -41.24083873865324 8.299999999999997
      vertex 32.85934715939307 -41.346423649524645 0.8000000000000025
    endloop
  endfacet
  facet normal 0.9807852804032119 -0.1950903220162215 0
    outer loop
      vertex 32.821505494993076 -41.45790159806097 0.7999999999999989
      vertex 32.821505494993076 -41.45790159806097 8.299999999999995
      vertex 32.798538363416796 -41.5733651656552 0.7999999999999989
    endloop
  endfacet
  facet normal 0.9978589232386085 -0.06540312923006712 6.188829431035295e-17
    outer loop
      vertex 32.790838738653235 -41.69083873865323 0.8000000000000078
      vertex 32.798538363416796 -41.5733651656552 0.7999999999999989
      vertex 32.798538363416796 -41.57336516565519 8.299999999999997
    endloop
  endfacet
  facet normal 0.9978589232386096 0.06540312923005137 1.2392458232104568e-16
    outer loop
      vertex 32.790838738653235 -41.69083873865323 0.8000000000000078
      vertex 32.790838738653235 -41.69083873865324 8.299999999999999
      vertex 32.798538363416796 -41.808312311651285 0.7999999999999972
    endloop
  endfacet
  facet normal 0.9807852804032119 0.1950903220162215 -1.8482668150096658e-16
    outer loop
      vertex 32.798538363416796 -41.808312311651285 0.7999999999999972
      vertex 32.798538363416796 -41.80831231165128 8.299999999999997
      vertex 32.821505494993076 -41.92377587924551 0.7999999999999989
    endloop
  endfacet
  facet normal 0.946930129495124 0.32143946530310746 -3.045286360769783e-16
    outer loop
      vertex 32.821505494993076 -41.92377587924551 0.7999999999999989
      vertex 32.821505494993076 -41.923775879245504 8.3
      vertex 32.85934715939307 -42.03525382778181 0.8000000000000007
    endloop
  endfacet
  facet normal 0.896872741532708 0.442288690218961 4.1902002125857615e-16
    outer loop
      vertex 32.85934715939307 -42.03525382778181 0.8000000000000007
      vertex 32.85934715939307 -42.035253827781816 8.299999999999999
      vertex 32.91141587524723 -42.14083873865324 0.8000000000000007
    endloop
  endfacet
  facet normal 0.8314696123024974 0.5555702330196739 0
    outer loop
      vertex 32.91141587524723 -42.14083873865324 0.8000000000000007
      vertex 32.91141587524723 -42.14083873865324 8.299999999999999
      vertex 32.97682073239112 -42.238724024761076 0.8000000000000043
    endloop
  endfacet
  facet normal 0.7518398074790061 0.6593458151000361 6.24657839030871e-16
    outer loop
      vertex 32.97682073239112 -42.238724024761076 0.8000000000000043
      vertex 32.97682073239112 -42.23872402476108 8.299999999999997
      vertex 33.05444263558533 -42.32723484172112 0.8000000000000007
    endloop
  endfacet
  facet normal 0.6593458151000743 0.7518398074789725 0
    outer loop
      vertex 33.05444263558533 -42.32723484172112 0.8000000000000007
      vertex 33.05444263558533 -42.32723484172112 8.299999999999999
      vertex 33.142953452545385 -42.40485674491535 0.7999999999999972
    endloop
  endfacet
  facet normal 0.5555702330196322 0.8314696123025253 0
    outer loop
      vertex 33.142953452545385 -42.40485674491535 0.7999999999999972
      vertex 33.142953452545385 -42.40485674491535 8.299999999999997
      vertex 33.240838738653224 -42.47026160205923 0.7999999999999972
    endloop
  endfacet
  facet normal 0.4422886902189611 0.8968727415327081 8.496885485297489e-16
    outer loop
      vertex 33.240838738653224 -42.47026160205923 0.7999999999999972
      vertex 33.240838738653224 -42.47026160205924 8.299999999999997
      vertex 33.34642364952465 -42.522330317913394 0.8000000000000043
    endloop
  endfacet
  facet normal 0.3214394653031432 0.9469301294951119 -8.97112433046831e-16
    outer loop
      vertex 33.34642364952465 -42.522330317913394 0.8000000000000043
      vertex 33.34642364952465 -42.52233031791339 8.299999999999999
      vertex 33.45790159806096 -42.56017198231339 0.8000000000000007
    endloop
  endfacet
  facet normal 0.19509032201609386 0.9807852804032374 0
    outer loop
      vertex 33.45790159806096 -42.56017198231339 0.8000000000000007
      vertex 33.45790159806096 -42.56017198231339 8.299999999999999
      vertex 33.57336516565519 -42.58313911388966 0.8000000000000007
    endloop
  endfacet
  facet normal 0.06540312923012329 0.9978589232386048 0
    outer loop
      vertex 33.57336516565519 -42.58313911388966 0.8000000000000007
      vertex 33.57336516565519 -42.58313911388966 8.300000000000004
      vertex 33.69083873865323 -42.590838738653225 0.8000000000000078
    endloop
  endfacet
  facet normal -0.0654031292301154 0.9978589232386054 9.45361878960783e-16
    outer loop
      vertex 33.69083873865323 -42.590838738653225 0.8000000000000078
      vertex 33.69083873865323 -42.59083873865323 8.3
      vertex 33.80831231165128 -42.58313911388966 0.8000000000000007
    endloop
  endfacet
  facet normal -0.19509032201611692 0.9807852804032328 0
    outer loop
      vertex 33.80831231165128 -42.58313911388966 0.8000000000000007
      vertex 33.80831231165128 -42.58313911388966 8.3
      vertex 33.9237758792455 -42.56017198231339 0.8000000000000007
    endloop
  endfacet
  facet normal 0.8968727415326845 -0.44228869021900896 -4.190200212586216e-16
    outer loop
      vertex 32.85934715939307 -41.346423649524645 0.8000000000000025
      vertex 32.91141587524723 -41.24083873865324 8.299999999999997
      vertex 32.85934715939307 -41.34642364952465 8.299999999999999
    endloop
  endfacet
  facet normal 0.659345815099972 -0.7518398074790624 7.122857515460268e-16
    outer loop
      vertex 33.05444263558533 -41.05444263558534 0.8000000000000007
      vertex 33.142953452545385 -40.976820732391126 8.299999999999999
      vertex 33.05444263558533 -41.05444263558533 8.299999999999999
    endloop
  endfacet
  facet normal 0.5555702330196322 -0.8314696123025253 0
    outer loop
      vertex 33.142953452545385 -40.976820732391126 0.8000000000000025
      vertex 33.240838738653224 -40.91141587524724 8.299999999999999
      vertex 33.142953452545385 -40.976820732391126 8.299999999999999
    endloop
  endfacet
  facet normal 0.7518398074790325 -0.6593458151000061 -1.2493156780616849e-15
    outer loop
      vertex 32.97682073239112 -41.14295345254537 0.8000000000000043
      vertex 33.05444263558533 -41.05444263558533 8.299999999999999
      vertex 32.97682073239112 -41.142953452545385 8.299999999999999
    endloop
  endfacet
  facet normal 0.8314696123025346 -0.555570233019618 0
    outer loop
      vertex 32.91141587524723 -41.24083873865324 0.7999999999999972
      vertex 32.97682073239112 -41.142953452545385 8.299999999999999
      vertex 32.91141587524723 -41.24083873865324 8.299999999999997
    endloop
  endfacet
  facet normal 0.32143946530303497 -0.9469301294951487 0
    outer loop
      vertex 33.34642364952465 -40.85934715939307 0.8000000000000043
      vertex 33.45790159806096 -40.82150549499308 8.299999999999995
      vertex 33.34642364952465 -40.85934715939307 8.299999999999999
    endloop
  endfacet
  facet normal 0.44228869021905814 -0.8968727415326602 -1.6993770970594075e-15
    outer loop
      vertex 33.240838738653224 -40.91141587524723 0.8000000000000007
      vertex 33.34642364952465 -40.85934715939307 8.299999999999999
      vertex 33.240838738653224 -40.91141587524724 8.299999999999999
    endloop
  endfacet
  facet normal 0.19509032201626803 -0.9807852804032027 -9.291864751079054e-16
    outer loop
      vertex 33.45790159806096 -40.821505494993076 0.7999999999999989
      vertex 33.57336516565519 -40.798538363416796 8.300000000000002
      vertex 33.45790159806096 -40.82150549499308 8.299999999999995
    endloop
  endfacet
  facet normal 0.0654031292300632 -0.9978589232386089 0
    outer loop
      vertex 33.57336516565519 -40.798538363416796 0.8000000000000007
      vertex 33.69083873865323 -40.790838738653235 8.299999999999999
      vertex 33.57336516565519 -40.798538363416796 8.300000000000002
    endloop
  endfacet
  facet normal -0.06540312923005531 -0.9978589232386093 0
    outer loop
      vertex 33.69083873865323 -40.790838738653235 0.8000000000000043
      vertex 33.80831231165128 -40.798538363416796 8.300000000000002
      vertex 33.69083873865323 -40.790838738653235 8.299999999999999
    endloop
  endfacet
  facet normal -0.1950903220162911 -0.980785280403198 0
    outer loop
      vertex 33.80831231165128 -40.798538363416796 0.8000000000000007
      vertex 33.9237758792455 -40.82150549499308 8.299999999999995
      vertex 33.80831231165128 -40.798538363416796 8.300000000000002
    endloop
  endfacet
  facet normal -0.19509032201623305 -0.9807852804032097 -9.293067685331087e-16
    outer loop
      vertex 33.80831231165128 -40.798538363416796 0.8000000000000007
      vertex 33.9237758792455 -40.821505494993076 0.7999999999999989
      vertex 33.9237758792455 -40.82150549499308 8.299999999999995
    endloop
  endfacet
  facet normal -0.3214394653030523 -0.9469301294951428 -8.968890905609983e-16
    outer loop
      vertex 33.9237758792455 -40.821505494993076 0.7999999999999989
      vertex 34.035253827781816 -40.85934715939307 0.8000000000000043
      vertex 34.035253827781816 -40.859347159393074 8.300000000000002
    endloop
  endfacet
  facet normal -0.44228869021900896 -0.8968727415326845 -1.6994722088396763e-15
    outer loop
      vertex 34.035253827781816 -40.85934715939307 0.8000000000000043
      vertex 34.14083873865323 -40.91141587524723 0.8000000000000007
      vertex 34.14083873865323 -40.91141587524724 8.299999999999999
    endloop
  endfacet
  facet normal -0.5555702330196599 -0.8314696123025067 0
    outer loop
      vertex 34.14083873865323 -40.91141587524723 0.8000000000000007
      vertex 34.23872402476108 -40.976820732391126 0.8000000000000025
      vertex 34.23872402476108 -40.976820732391126 8.299999999999999
    endloop
  endfacet
  facet normal -0.659345815100066 -0.7518398074789799 0
    outer loop
      vertex 34.23872402476108 -40.976820732391126 0.8000000000000025
      vertex 34.32723484172112 -41.05444263558534 0.8000000000000007
      vertex 34.32723484172112 -41.05444263558534 8.300000000000002
    endloop
  endfacet
  facet normal -0.7518398074789537 -0.6593458151000959 -1.2485717788643803e-15
    outer loop
      vertex 34.32723484172112 -41.05444263558534 0.8000000000000007
      vertex 34.404856744915335 -41.14295345254537 0.8000000000000043
      vertex 34.404856744915335 -41.142953452545385 8.299999999999999
    endloop
  endfacet
  facet normal -0.8314696123025719 -0.5555702330195623 0
    outer loop
      vertex 34.404856744915335 -41.14295345254537 0.8000000000000043
      vertex 34.470261602059225 -41.24083873865324 0.7999999999999972
      vertex 34.470261602059225 -41.24083873865324 8.299999999999997
    endloop
  endfacet
  facet normal -0.8968727415326727 -0.4422886902190329 -4.194651058812606e-16
    outer loop
      vertex 34.470261602059225 -41.24083873865324 0.7999999999999972
      vertex 34.52233031791339 -41.346423649524645 0.8000000000000025
      vertex 34.52233031791339 -41.34642364952465 8.300000000000002
    endloop
  endfacet
  facet normal -0.9469301294951122 -0.32143946530314216 3.0452970216197433e-16
    outer loop
      vertex 34.52233031791339 -41.346423649524645 0.8000000000000025
      vertex 34.56017198231339 -41.45790159806097 0.7999999999999989
      vertex 34.56017198231339 -41.457901598060964 8.300000000000002
    endloop
  endfacet
  facet normal -0.980785280403235 -0.19509032201610538 1.8468252905308474e-16
    outer loop
      vertex 34.56017198231339 -41.45790159806097 0.7999999999999989
      vertex 34.58313911388966 -41.5733651656552 0.7999999999999989
      vertex 34.58313911388966 -41.57336516565519 8.299999999999997
    endloop
  endfacet
  facet normal -0.9978589232386007 -0.06540312923018732 -1.2389938285544782e-16
    outer loop
      vertex 34.58313911388966 -41.5733651656552 0.7999999999999989
      vertex 34.59083873865323 -41.69083873865323 0.8000000000000078
      vertex 34.59083873865323 -41.69083873865324 8.299999999999999
    endloop
  endfacet
  facet normal -0.9978589232386017 0.06540312923017157 -6.188829431033754e-17
    outer loop
      vertex 34.59083873865323 -41.69083873865323 0.8000000000000078
      vertex 34.58313911388966 -41.808312311651285 0.7999999999999972
      vertex 34.58313911388966 -41.80831231165128 8.299999999999997
    endloop
  endfacet
  facet normal -0.9469301294950874 0.32143946530321577 3.045297021620442e-16
    outer loop
      vertex 34.56017198231339 -41.92377587924551 0.7999999999999989
      vertex 34.52233031791339 -42.03525382778181 0.8000000000000007
      vertex 34.52233031791339 -42.035253827781816 8.299999999999999
    endloop
  endfacet
  facet normal -0.980785280403235 0.19509032201610538 -1.8468252905308464e-16
    outer loop
      vertex 34.58313911388966 -41.808312311651285 0.7999999999999972
      vertex 34.56017198231339 -41.92377587924551 0.7999999999999989
      vertex 34.56017198231339 -41.923775879245504 8.3
    endloop
  endfacet
  facet normal -0.3214394653031065 0.9469301294951243 0
    outer loop
      vertex 33.9237758792455 -42.56017198231339 0.8000000000000007
      vertex 33.9237758792455 -42.56017198231339 8.299999999999999
      vertex 34.035253827781816 -42.522330317913394 0.8000000000000043
    endloop
  endfacet
  facet normal -0.44228869021900896 0.8968727415326845 0
    outer loop
      vertex 34.035253827781816 -42.522330317913394 0.8000000000000043
      vertex 34.035253827781816 -42.522330317913394 8.300000000000002
      vertex 34.14083873865323 -42.47026160205923 0.7999999999999972
    endloop
  endfacet
  facet normal -0.5555702330195764 0.8314696123025624 7.86865456231491e-16
    outer loop
      vertex 34.23872402476108 -42.40485674491535 0.7999999999999972
      vertex 34.14083873865323 -42.47026160205923 0.7999999999999972
      vertex 34.14083873865323 -42.47026160205924 8.299999999999997
    endloop
  endfacet
  facet normal -0.6593458151001342 0.7518398074789201 0
    outer loop
      vertex 34.23872402476108 -42.40485674491535 0.7999999999999972
      vertex 34.23872402476108 -42.40485674491535 8.299999999999997
      vertex 34.32723484172112 -42.32723484172112 0.8000000000000007
    endloop
  endfacet
  facet normal -0.8314696123024974 0.5555702330196739 5.265416785769135e-16
    outer loop
      vertex 34.470261602059225 -42.14083873865324 0.8000000000000007
      vertex 34.404856744915335 -42.238724024761076 0.8000000000000043
      vertex 34.404856744915335 -42.23872402476108 8.299999999999997
    endloop
  endfacet
  facet normal -0.7518398074790063 0.6593458151000361 0
    outer loop
      vertex 34.32723484172112 -42.32723484172112 0.8000000000000007
      vertex 34.32723484172112 -42.32723484172112 8.299999999999999
      vertex 34.404856744915335 -42.238724024761076 0.8000000000000043
    endloop
  endfacet
  facet normal -0.896872741532708 0.442288690218961 0
    outer loop
      vertex 34.470261602059225 -42.14083873865324 0.8000000000000007
      vertex 34.470261602059225 -42.14083873865324 8.299999999999999
      vertex 34.52233031791339 -42.03525382778181 0.8000000000000007
    endloop
  endfacet
  facet normal -0.3214394653030524 -0.9469301294951428 -8.971124330468601e-16
    outer loop
      vertex 33.9237758792455 -40.821505494993076 0.7999999999999989
      vertex 34.035253827781816 -40.859347159393074 8.300000000000002
      vertex 33.9237758792455 -40.82150549499308 8.299999999999995
    endloop
  endfacet
  facet normal -0.44228869021905753 -0.8968727415326606 -8.496885485297042e-16
    outer loop
      vertex 34.035253827781816 -40.85934715939307 0.8000000000000043
      vertex 34.14083873865323 -40.91141587524724 8.299999999999999
      vertex 34.035253827781816 -40.859347159393074 8.300000000000002
    endloop
  endfacet
  facet normal -0.5555702330195764 -0.8314696123025624 -1.575452514738274e-15
    outer loop
      vertex 34.14083873865323 -40.91141587524723 0.8000000000000007
      vertex 34.23872402476108 -40.976820732391126 8.299999999999999
      vertex 34.14083873865323 -40.91141587524724 8.299999999999999
    endloop
  endfacet
  facet normal -0.659345815100066 -0.7518398074789798 0
    outer loop
      vertex 34.23872402476108 -40.976820732391126 0.8000000000000025
      vertex 34.32723484172112 -41.05444263558534 8.300000000000002
      vertex 34.23872402476108 -40.976820732391126 8.299999999999999
    endloop
  endfacet
  facet normal -0.7518398074790061 -0.659345815100036 0
    outer loop
      vertex 34.32723484172112 -41.05444263558534 0.8000000000000007
      vertex 34.404856744915335 -41.142953452545385 8.299999999999999
      vertex 34.32723484172112 -41.05444263558534 8.300000000000002
    endloop
  endfacet
  facet normal -0.8314696123025346 -0.5555702330196182 -1.052683715404363e-15
    outer loop
      vertex 34.404856744915335 -41.14295345254537 0.8000000000000043
      vertex 34.470261602059225 -41.24083873865324 8.299999999999997
      vertex 34.404856744915335 -41.142953452545385 8.299999999999999
    endloop
  endfacet
  facet normal -0.8968727415326846 -0.44228869021900896 0
    outer loop
      vertex 34.470261602059225 -41.24083873865324 0.7999999999999972
      vertex 34.52233031791339 -41.34642364952465 8.300000000000002
      vertex 34.470261602059225 -41.24083873865324 8.299999999999997
    endloop
  endfacet
  facet normal 0.9469301294951428 -0.3214394653030524 0
    outer loop
      vertex 32.821505494993076 -41.45790159806097 0.7999999999999989
      vertex 32.85934715939307 -41.34642364952465 8.299999999999999
      vertex 32.821505494993076 -41.45790159806097 8.299999999999995
    endloop
  endfacet
  facet normal 0.9807852804032097 -0.19509032201623305 1.8482668150097757e-16
    outer loop
      vertex 32.798538363416796 -41.5733651656552 0.7999999999999989
      vertex 32.821505494993076 -41.45790159806097 8.299999999999995
      vertex 32.798538363416796 -41.57336516565519 8.299999999999997
    endloop
  endfacet
  facet normal 0.9978589232386093 -0.0654031292300553 -1.2392458232105313e-16
    outer loop
      vertex 32.790838738653235 -41.69083873865323 0.8000000000000078
      vertex 32.798538363416796 -41.57336516565519 8.299999999999997
      vertex 32.790838738653235 -41.69083873865324 8.299999999999999
    endloop
  endfacet
  facet normal 0.9978589232386087 0.06540312923006318 -6.196229116053396e-17
    outer loop
      vertex 32.798538363416796 -41.808312311651285 0.7999999999999972
      vertex 32.790838738653235 -41.69083873865324 8.299999999999999
      vertex 32.798538363416796 -41.80831231165128 8.299999999999997
    endloop
  endfacet
  facet normal 0.9807852804032119 0.19509032201622148 -1.8482668150096653e-16
    outer loop
      vertex 32.821505494993076 -41.92377587924551 0.7999999999999989
      vertex 32.798538363416796 -41.80831231165128 8.299999999999997
      vertex 32.821505494993076 -41.923775879245504 8.3
    endloop
  endfacet
  facet normal 0.9469301294951366 0.32143946530307077 3.045286360769437e-16
    outer loop
      vertex 32.85934715939307 -42.03525382778181 0.8000000000000007
      vertex 32.821505494993076 -41.923775879245504 8.3
      vertex 32.85934715939307 -42.035253827781816 8.299999999999999
    endloop
  endfacet
  facet normal 0.8968727415326962 0.442288690218985 0
    outer loop
      vertex 32.91141587524723 -42.14083873865324 0.8000000000000007
      vertex 32.85934715939307 -42.035253827781816 8.299999999999999
      vertex 32.91141587524723 -42.14083873865324 8.299999999999999
    endloop
  endfacet
  facet normal 0.831469612302516 0.555570233019646 5.26341857702208e-16
    outer loop
      vertex 32.97682073239112 -42.238724024761076 0.8000000000000043
      vertex 32.91141587524723 -42.14083873865324 8.299999999999999
      vertex 32.97682073239112 -42.23872402476108 8.299999999999997
    endloop
  endfacet
  facet normal 0.7518398074789799 0.659345815100066 0
    outer loop
      vertex 33.05444263558533 -42.32723484172112 0.8000000000000007
      vertex 32.97682073239112 -42.23872402476108 8.299999999999997
      vertex 33.05444263558533 -42.32723484172112 8.299999999999999
    endloop
  endfacet
  facet normal 0.6593458151000743 0.7518398074789726 0
    outer loop
      vertex 33.142953452545385 -42.40485674491535 0.7999999999999972
      vertex 33.05444263558533 -42.32723484172112 8.299999999999999
      vertex 33.142953452545385 -42.40485674491535 8.299999999999997
    endloop
  endfacet
  facet normal 0.5555702330196739 0.8314696123024974 7.877262573690751e-16
    outer loop
      vertex 33.240838738653224 -42.47026160205923 0.7999999999999972
      vertex 33.142953452545385 -42.40485674491535 8.299999999999997
      vertex 33.240838738653224 -42.47026160205924 8.299999999999997
    endloop
  endfacet
  facet normal 0.44228869021886397 0.8968727415327561 -8.496885485297949e-16
    outer loop
      vertex 33.34642364952465 -42.522330317913394 0.8000000000000043
      vertex 33.240838738653224 -42.47026160205924 8.299999999999997
      vertex 33.34642364952465 -42.52233031791339 8.299999999999999
    endloop
  endfacet
  facet normal 0.3214394653031974 0.9469301294950935 0
    outer loop
      vertex 33.45790159806096 -42.56017198231339 0.8000000000000007
      vertex 33.34642364952465 -42.52233031791339 8.299999999999999
      vertex 33.45790159806096 -42.56017198231339 8.299999999999999
    endloop
  endfacet
  facet normal 0.1950903220160938 0.9807852804032373 0
    outer loop
      vertex 33.57336516565519 -42.58313911388966 0.8000000000000007
      vertex 33.45790159806096 -42.56017198231339 8.299999999999999
      vertex 33.57336516565519 -42.58313911388966 8.300000000000004
    endloop
  endfacet
  facet normal 0.06540312923018338 0.9978589232386008 9.453618789607786e-16
    outer loop
      vertex 33.69083873865323 -42.590838738653225 0.8000000000000078
      vertex 33.57336516565519 -42.58313911388966 8.300000000000004
      vertex 33.69083873865323 -42.59083873865323 8.3
    endloop
  endfacet
  facet normal -0.0654031292301755 0.9978589232386014 0
    outer loop
      vertex 33.80831231165128 -42.58313911388966 0.8000000000000007
      vertex 33.69083873865323 -42.59083873865323 8.3
      vertex 33.80831231165128 -42.58313911388966 8.3
    endloop
  endfacet
  facet normal -0.6593458151001341 0.7518398074789201 0
    outer loop
      vertex 34.32723484172112 -42.32723484172112 0.8000000000000007
      vertex 34.23872402476108 -42.40485674491535 8.299999999999997
      vertex 34.32723484172112 -42.32723484172112 8.299999999999999
    endloop
  endfacet
  facet normal -0.7518398074789799 0.659345815100066 6.246578390308993e-16
    outer loop
      vertex 34.404856744915335 -42.238724024761076 0.8000000000000043
      vertex 34.32723484172112 -42.32723484172112 8.299999999999999
      vertex 34.404856744915335 -42.23872402476108 8.299999999999997
    endloop
  endfacet
  facet normal -0.831469612302516 0.555570233019646 0
    outer loop
      vertex 34.470261602059225 -42.14083873865324 0.8000000000000007
      vertex 34.404856744915335 -42.23872402476108 8.299999999999997
      vertex 34.470261602059225 -42.14083873865324 8.299999999999999
    endloop
  endfacet
  facet normal -0.9469301294950997 -0.32143946530317896 -3.0452863607704613e-16
    outer loop
      vertex 34.52233031791339 -41.346423649524645 0.8000000000000025
      vertex 34.56017198231339 -41.457901598060964 8.300000000000002
      vertex 34.52233031791339 -41.34642364952465 8.300000000000002
    endloop
  endfacet
  facet normal -0.980785280403235 -0.19509032201610538 1.8482668150085646e-16
    outer loop
      vertex 34.56017198231339 -41.45790159806097 0.7999999999999989
      vertex 34.58313911388966 -41.57336516565519 8.299999999999997
      vertex 34.56017198231339 -41.457901598060964 8.300000000000002
    endloop
  endfacet
  facet normal -0.9978589232386014 -0.0654031292301755 6.196229116064038e-17
    outer loop
      vertex 34.58313911388966 -41.5733651656552 0.7999999999999989
      vertex 34.59083873865323 -41.69083873865324 8.299999999999999
      vertex 34.58313911388966 -41.57336516565519 8.299999999999997
    endloop
  endfacet
  facet normal -0.9978589232386008 0.06540312923018338 1.239245823212958e-16
    outer loop
      vertex 34.59083873865323 -41.69083873865323 0.8000000000000078
      vertex 34.58313911388966 -41.80831231165128 8.299999999999997
      vertex 34.59083873865323 -41.69083873865324 8.299999999999999
    endloop
  endfacet
  facet normal -0.980785280403235 0.19509032201610538 -1.8482668150085655e-16
    outer loop
      vertex 34.58313911388966 -41.808312311651285 0.7999999999999972
      vertex 34.56017198231339 -41.923775879245504 8.3
      vertex 34.58313911388966 -41.80831231165128 8.299999999999997
    endloop
  endfacet
  facet normal -0.9469301294950997 0.32143946530317896 -3.0452863607704603e-16
    outer loop
      vertex 34.56017198231339 -41.92377587924551 0.7999999999999989
      vertex 34.52233031791339 -42.035253827781816 8.299999999999999
      vertex 34.56017198231339 -41.923775879245504 8.3
    endloop
  endfacet
  facet normal -0.8968727415326962 0.442288690218985 4.190200212585989e-16
    outer loop
      vertex 34.52233031791339 -42.03525382778181 0.8000000000000007
      vertex 34.470261602059225 -42.14083873865324 8.299999999999999
      vertex 34.52233031791339 -42.035253827781816 8.299999999999999
    endloop
  endfacet
  facet normal -0.555570233019618 0.8314696123025346 0
    outer loop
      vertex 34.23872402476108 -42.40485674491535 0.7999999999999972
      vertex 34.14083873865323 -42.47026160205924 8.299999999999997
      vertex 34.23872402476108 -42.40485674491535 8.299999999999997
    endloop
  endfacet
  facet normal -0.19509032201611695 0.9807852804032328 0
    outer loop
      vertex 33.9237758792455 -42.56017198231339 0.8000000000000007
      vertex 33.80831231165128 -42.58313911388966 8.3
      vertex 33.9237758792455 -42.56017198231339 8.299999999999999
    endloop
  endfacet
  facet normal -0.3214394653031065 0.9469301294951243 0
    outer loop
      vertex 34.035253827781816 -42.522330317913394 0.8000000000000043
      vertex 33.9237758792455 -42.56017198231339 8.299999999999999
      vertex 34.035253827781816 -42.522330317913394 8.300000000000002
    endloop
  endfacet
  facet normal -0.4422886902189604 0.8968727415327085 8.496885485297492e-16
    outer loop
      vertex 34.14083873865323 -42.47026160205923 0.7999999999999972
      vertex 34.035253827781816 -42.522330317913394 8.300000000000002
      vertex 34.14083873865323 -42.47026160205924 8.299999999999997
    endloop
  endfacet
  facet normal 0 -0.8968727415326911 0.4422886902189955
    outer loop
      vertex -0.29999999701976776 -9.660769515458673 4.4
      vertex -3.2000000029802322 -9.591344560986457 4.5407798811618925
      vertex -3.2000000029802322 -9.660769515458673 4.4
    endloop
  endfacet
  facet normal 0 -0.6593458151000736 0.7518398074789733
    outer loop
      vertex -0.29999999701976776 -9.96948628518953 4.047975991650518
      vertex -3.2000000029802322 -9.85147186257614 4.151471862576143
      vertex -3.2000000029802322 -9.96948628518953 4.047975991650518
    endloop
  endfacet
  facet normal 0 -0.5555702330195976 0.8314696123025482
    outer loop
      vertex -0.29999999701976776 -10.1 3.960769515458672
      vertex -3.2000000029802322 -9.96948628518953 4.047975991650518
      vertex -3.2000000029802322 -10.1 3.960769515458672
    endloop
  endfacet
  facet normal 0 -0.44228869021899786 0.89687274153269
    outer loop
      vertex -0.29999999701976776 -10.240779881161894 3.8913445609864543
      vertex -3.2000000029802322 -10.1 3.960769515458672
      vertex -3.2000000029802322 -10.240779881161894 3.8913445609864543
    endloop
  endfacet
  facet normal 0 -0.7518398074789816 0.659345815100064
    outer loop
      vertex -0.29999999701976776 -9.85147186257614 4.151471862576143
      vertex -3.2000000029802322 -9.747975991650518 4.269486285189533
      vertex -3.2000000029802322 -9.85147186257614 4.151471862576143
    endloop
  endfacet
  facet normal 0 -0.8314696123025473 0.5555702330195991
    outer loop
      vertex -0.29999999701976776 -9.747975991650518 4.269486285189533
      vertex -3.2000000029802322 -9.660769515458673 4.4
      vertex -3.2000000029802322 -9.747975991650518 4.269486285189533
    endloop
  endfacet
  facet normal 0 -0.32143946530316525 0.9469301294951045
    outer loop
      vertex -0.29999999701976776 -10.389417145876973 3.840889008453117
      vertex -3.2000000029802322 -10.240779881161894 3.8913445609864543
      vertex -3.2000000029802322 -10.389417145876973 3.840889008453117
    endloop
  endfacet
  facet normal 0 -0.19509032201612497 0.9807852804032311
    outer loop
      vertex -0.29999999701976776 -10.54336856933594 3.8102661663514263
      vertex -3.2000000029802322 -10.389417145876973 3.840889008453117
      vertex -3.2000000029802322 -10.54336856933594 3.8102661663514263
    endloop
  endfacet
  facet normal 0 -0.06540312923014817 0.9978589232386031
    outer loop
      vertex -0.29999999701976776 -10.700000000000001 3.799999999999998
      vertex -3.2000000029802322 -10.54336856933594 3.8102661663514263
      vertex -3.2000000029802322 -10.700000000000001 3.799999999999998
    endloop
  endfacet
  facet normal 0 0.06540312923016298 0.9978589232386021
    outer loop
      vertex -0.29999999701976776 -10.856631430664061 3.8102661663514286
      vertex -3.2000000029802322 -10.700000000000001 3.799999999999998
      vertex -3.2000000029802322 -10.856631430664061 3.8102661663514286
    endloop
  endfacet
  facet normal 0 0.19509032201613147 0.9807852804032299
    outer loop
      vertex -0.29999999701976776 -11.010582854123022 3.8408890084531193
      vertex -3.2000000029802322 -10.856631430664061 3.8102661663514286
      vertex -3.2000000029802322 -11.010582854123022 3.8408890084531193
    endloop
  endfacet
  facet normal 0 -0.946930129495103 0.3214394653031693
    outer loop
      vertex -0.29999999701976776 -9.591344560986457 4.5407798811618925
      vertex -3.2000000029802322 -9.540889008453117 4.689417145876976
      vertex -3.2000000029802322 -9.591344560986457 4.5407798811618925
    endloop
  endfacet
  facet normal 0 -0.9807852804032322 0.19509032201611948
    outer loop
      vertex -0.29999999701976776 -9.540889008453117 4.689417145876976
      vertex -3.2000000029802322 -9.510266166351428 4.843368569335938
      vertex -3.2000000029802322 -9.540889008453117 4.689417145876976
    endloop
  endfacet
  facet normal 0 -0.997858923238603 0.06540312923014927
    outer loop
      vertex -0.29999999701976776 -9.510266166351428 4.843368569335938
      vertex -3.2000000029802322 -9.5 4.999999999999997
      vertex -3.2000000029802322 -9.510266166351428 4.843368569335938
    endloop
  endfacet
  facet normal 0 -0.9978589232386039 -0.06540312923013578
    outer loop
      vertex -0.29999999701976776 -9.5 4.999999999999997
      vertex -3.2000000029802322 -9.510266166351427 5.156631430664062
      vertex -3.2000000029802322 -9.5 4.999999999999997
    endloop
  endfacet
  facet normal 0 -0.9807852804032324 -0.1950903220161184
    outer loop
      vertex -0.29999999701976776 -9.510266166351427 5.156631430664062
      vertex -3.2000000029802322 -9.540889008453115 5.310582854123025
      vertex -3.2000000029802322 -9.510266166351427 5.156631430664062
    endloop
  endfacet
  facet normal 0 -0.9469301294950961 -0.3214394653031897
    outer loop
      vertex -0.29999999701976776 -9.540889008453115 5.310582854123025
      vertex -3.2000000029802322 -9.591344560986458 5.459220118838108
      vertex -3.2000000029802322 -9.540889008453115 5.310582854123025
    endloop
  endfacet
  facet normal 0 -0.8968727415326989 -0.44228869021897954
    outer loop
      vertex -0.29999999701976776 -9.591344560986458 5.459220118838108
      vertex -3.2000000029802322 -9.660769515458671 5.6
      vertex -3.2000000029802322 -9.591344560986458 5.459220118838108
    endloop
  endfacet
  facet normal 0 0.32143946530313283 0.9469301294951155
    outer loop
      vertex -0.29999999701976776 -11.15922011883811 3.891344560986454
      vertex -3.2000000029802322 -11.010582854123022 3.8408890084531193
      vertex -3.2000000029802322 -11.15922011883811 3.891344560986454
    endloop
  endfacet
  facet normal 0 0.44228869021902717 0.8968727415326755
    outer loop
      vertex -0.29999999701976776 -11.299999999999997 3.960769515458674
      vertex -3.2000000029802322 -11.15922011883811 3.891344560986454
      vertex -3.2000000029802322 -11.299999999999997 3.960769515458674
    endloop
  endfacet
  facet normal 0 0.5555702330195781 0.8314696123025613
    outer loop
      vertex -0.29999999701976776 -11.430513714810466 4.047975991650516
      vertex -3.2000000029802322 -11.299999999999997 3.960769515458674
      vertex -3.2000000029802322 -11.430513714810466 4.047975991650516
    endloop
  endfacet
  facet normal 0 0.6593458151000952 0.7518398074789542
    outer loop
      vertex -0.29999999701976776 -11.548528137423855 4.151471862576145
      vertex -3.2000000029802322 -11.430513714810466 4.047975991650516
      vertex -3.2000000029802322 -11.548528137423855 4.151471862576145
    endloop
  endfacet
  facet normal 0 0.7518398074789592 0.6593458151000896
    outer loop
      vertex -0.29999999701976776 -11.652024008349484 4.269486285189535
      vertex -3.2000000029802322 -11.548528137423855 4.151471862576145
      vertex -3.2000000029802322 -11.652024008349484 4.269486285189535
    endloop
  endfacet
  facet normal 0 0.8314696123025491 0.5555702330195965
    outer loop
      vertex -0.29999999701976776 -11.739230484541325 4.399999999999998
      vertex -3.2000000029802322 -11.652024008349484 4.269486285189535
      vertex -3.2000000029802322 -11.739230484541325 4.399999999999998
    endloop
  endfacet
  facet normal 0 0.8968727415326955 0.44228869021898654
    outer loop
      vertex -0.29999999701976776 -11.808655439013542 4.540779881161893
      vertex -3.2000000029802322 -11.739230484541325 4.399999999999998
      vertex -3.2000000029802322 -11.808655439013542 4.540779881161893
    endloop
  endfacet
  facet normal 0 -0.8968727415326911 0.4422886902189955
    outer loop
      vertex -0.29999999701976776 -9.660769515458673 4.4
      vertex -0.29999999701976776 -9.591344560986457 4.5407798811618925
      vertex -3.2000000029802322 -9.591344560986457 4.5407798811618925
    endloop
  endfacet
  facet normal 0 -0.6593458151000736 0.7518398074789733
    outer loop
      vertex -0.29999999701976776 -9.96948628518953 4.047975991650518
      vertex -0.29999999701976776 -9.85147186257614 4.151471862576143
      vertex -3.2000000029802322 -9.85147186257614 4.151471862576143
    endloop
  endfacet
  facet normal 0 -0.5555702330195976 0.8314696123025482
    outer loop
      vertex -0.29999999701976776 -9.96948628518953 4.047975991650518
      vertex -3.2000000029802322 -9.96948628518953 4.047975991650518
      vertex -0.29999999701976776 -10.1 3.960769515458672
    endloop
  endfacet
  facet normal 0 -0.44228869021899786 0.89687274153269
    outer loop
      vertex -0.29999999701976776 -10.1 3.960769515458672
      vertex -3.2000000029802322 -10.1 3.960769515458672
      vertex -0.29999999701976776 -10.240779881161894 3.8913445609864543
    endloop
  endfacet
  facet normal 0 -0.32143946530316525 0.9469301294951045
    outer loop
      vertex -0.29999999701976776 -10.240779881161894 3.8913445609864543
      vertex -3.2000000029802322 -10.240779881161894 3.8913445609864543
      vertex -0.29999999701976776 -10.389417145876973 3.840889008453117
    endloop
  endfacet
  facet normal 0 -0.7518398074789816 0.659345815100064
    outer loop
      vertex -0.29999999701976776 -9.85147186257614 4.151471862576143
      vertex -0.29999999701976776 -9.747975991650518 4.269486285189533
      vertex -3.2000000029802322 -9.747975991650518 4.269486285189533
    endloop
  endfacet
  facet normal 0 -0.8314696123025473 0.5555702330195991
    outer loop
      vertex -0.29999999701976776 -9.660769515458673 4.4
      vertex -3.2000000029802322 -9.660769515458673 4.4
      vertex -0.29999999701976776 -9.747975991650518 4.269486285189533
    endloop
  endfacet
  facet normal 0 -0.19509032201612497 0.9807852804032311
    outer loop
      vertex -0.29999999701976776 -10.389417145876973 3.840889008453117
      vertex -3.2000000029802322 -10.389417145876973 3.840889008453117
      vertex -0.29999999701976776 -10.54336856933594 3.8102661663514263
    endloop
  endfacet
  facet normal 0 -0.06540312923014817 0.9978589232386031
    outer loop
      vertex -0.29999999701976776 -10.54336856933594 3.8102661663514263
      vertex -3.2000000029802322 -10.54336856933594 3.8102661663514263
      vertex -0.29999999701976776 -10.700000000000001 3.799999999999998
    endloop
  endfacet
  facet normal 0 0.06540312923016298 0.9978589232386021
    outer loop
      vertex -0.29999999701976776 -10.700000000000001 3.799999999999998
      vertex -3.2000000029802322 -10.700000000000001 3.799999999999998
      vertex -0.29999999701976776 -10.856631430664061 3.8102661663514286
    endloop
  endfacet
  facet normal 0 0.19509032201613147 0.9807852804032299
    outer loop
      vertex -0.29999999701976776 -10.856631430664061 3.8102661663514286
      vertex -3.2000000029802322 -10.856631430664061 3.8102661663514286
      vertex -0.29999999701976776 -11.010582854123022 3.8408890084531193
    endloop
  endfacet
  facet normal 0 -0.946930129495103 0.3214394653031693
    outer loop
      vertex -0.29999999701976776 -9.591344560986457 4.5407798811618925
      vertex -0.29999999701976776 -9.540889008453117 4.689417145876976
      vertex -3.2000000029802322 -9.540889008453117 4.689417145876976
    endloop
  endfacet
  facet normal 0 -0.9807852804032322 0.19509032201611948
    outer loop
      vertex -0.29999999701976776 -9.510266166351428 4.843368569335938
      vertex -3.2000000029802322 -9.510266166351428 4.843368569335938
      vertex -0.29999999701976776 -9.540889008453117 4.689417145876976
    endloop
  endfacet
  facet normal 0 -0.997858923238603 0.06540312923014927
    outer loop
      vertex -0.29999999701976776 -9.510266166351428 4.843368569335938
      vertex -0.29999999701976776 -9.5 4.999999999999997
      vertex -3.2000000029802322 -9.5 4.999999999999997
    endloop
  endfacet
  facet normal 0 -0.9978589232386039 -0.06540312923013578
    outer loop
      vertex -0.29999999701976776 -9.5 4.999999999999997
      vertex -0.29999999701976776 -9.510266166351427 5.156631430664062
      vertex -3.2000000029802322 -9.510266166351427 5.156631430664062
    endloop
  endfacet
  facet normal 0 -0.9807852804032324 -0.1950903220161184
    outer loop
      vertex -0.29999999701976776 -9.510266166351427 5.156631430664062
      vertex -0.29999999701976776 -9.540889008453115 5.310582854123025
      vertex -3.2000000029802322 -9.540889008453115 5.310582854123025
    endloop
  endfacet
  facet normal 0 -0.9469301294950961 -0.3214394653031897
    outer loop
      vertex -0.29999999701976776 -9.540889008453115 5.310582854123025
      vertex -0.29999999701976776 -9.591344560986458 5.459220118838108
      vertex -3.2000000029802322 -9.591344560986458 5.459220118838108
    endloop
  endfacet
  facet normal 0 -0.8968727415326989 -0.44228869021897954
    outer loop
      vertex -0.29999999701976776 -9.591344560986458 5.459220118838108
      vertex -0.29999999701976776 -9.660769515458671 5.6
      vertex -3.2000000029802322 -9.660769515458671 5.6
    endloop
  endfacet
  facet normal 0 0.32143946530313283 0.9469301294951155
    outer loop
      vertex -0.29999999701976776 -11.010582854123022 3.8408890084531193
      vertex -3.2000000029802322 -11.010582854123022 3.8408890084531193
      vertex -0.29999999701976776 -11.15922011883811 3.891344560986454
    endloop
  endfacet
  facet normal 0 0.44228869021902717 0.8968727415326755
    outer loop
      vertex -0.29999999701976776 -11.15922011883811 3.891344560986454
      vertex -3.2000000029802322 -11.15922011883811 3.891344560986454
      vertex -0.29999999701976776 -11.299999999999997 3.960769515458674
    endloop
  endfacet
  facet normal 0 0.5555702330195781 0.8314696123025613
    outer loop
      vertex -0.29999999701976776 -11.299999999999997 3.960769515458674
      vertex -3.2000000029802322 -11.299999999999997 3.960769515458674
      vertex -0.29999999701976776 -11.430513714810466 4.047975991650516
    endloop
  endfacet
  facet normal 0 0.6593458151000952 0.7518398074789542
    outer loop
      vertex -0.29999999701976776 -11.430513714810466 4.047975991650516
      vertex -3.2000000029802322 -11.430513714810466 4.047975991650516
      vertex -0.29999999701976776 -11.548528137423855 4.151471862576145
    endloop
  endfacet
  facet normal 0 0.7518398074789592 0.6593458151000896
    outer loop
      vertex -0.29999999701976776 -11.548528137423855 4.151471862576145
      vertex -3.2000000029802322 -11.548528137423855 4.151471862576145
      vertex -0.29999999701976776 -11.652024008349484 4.269486285189535
    endloop
  endfacet
  facet normal 0 0.8314696123025491 0.5555702330195965
    outer loop
      vertex -0.29999999701976776 -11.652024008349484 4.269486285189535
      vertex -3.2000000029802322 -11.652024008349484 4.269486285189535
      vertex -0.29999999701976776 -11.739230484541325 4.399999999999998
    endloop
  endfacet
  facet normal 0 0.8968727415326955 0.44228869021898654
    outer loop
      vertex -0.29999999701976776 -11.739230484541325 4.399999999999998
      vertex -3.2000000029802322 -11.739230484541325 4.399999999999998
      vertex -0.29999999701976776 -11.808655439013542 4.540779881161893
    endloop
  endfacet
  facet normal 0 -0.8314696123025439 -0.5555702330196043
    outer loop
      vertex -0.29999999701976776 -9.660769515458671 5.6
      vertex -3.2000000029802322 -9.747975991650517 5.730513714810465
      vertex -3.2000000029802322 -9.660769515458671 5.6
    endloop
  endfacet
  facet normal 0 -0.7518398074789648 -0.6593458151000833
    outer loop
      vertex -0.29999999701976776 -9.747975991650517 5.730513714810465
      vertex -3.2000000029802322 -9.851471862576144 5.848528137423855
      vertex -3.2000000029802322 -9.747975991650517 5.730513714810465
    endloop
  endfacet
  facet normal 0 -0.6593458151000857 -0.7518398074789627
    outer loop
      vertex -0.29999999701976776 -9.851471862576144 5.848528137423855
      vertex -3.2000000029802322 -9.969486285189532 5.952024008349482
      vertex -3.2000000029802322 -9.851471862576144 5.848528137423855
    endloop
  endfacet
  facet normal 0 -0.5555702330195951 -0.83146961230255
    outer loop
      vertex -0.29999999701976776 -9.969486285189532 5.952024008349482
      vertex -3.2000000029802322 -10.1 6.039230484541326
      vertex -3.2000000029802322 -9.969486285189532 5.952024008349482
    endloop
  endfacet
  facet normal 0 -0.4422886902190136 -0.8968727415326823
    outer loop
      vertex -0.29999999701976776 -10.1 6.039230484541326
      vertex -3.2000000029802322 -10.240779881161888 6.108655439013544
      vertex -3.2000000029802322 -10.1 6.039230484541326
    endloop
  endfacet
  facet normal 0 -0.3214394653031455 -0.9469301294951111
    outer loop
      vertex -0.29999999701976776 -10.240779881161888 6.108655439013544
      vertex -3.2000000029802322 -10.389417145876976 6.159110991546881
      vertex -3.2000000029802322 -10.240779881161888 6.108655439013544
    endloop
  endfacet
  facet normal 0 -0.19509032201613147 -0.9807852804032299
    outer loop
      vertex -0.29999999701976776 -10.389417145876976 6.159110991546881
      vertex -3.2000000029802322 -10.543368569335938 6.189733833648572
      vertex -3.2000000029802322 -10.389417145876976 6.159110991546881
    endloop
  endfacet
  facet normal 0 -0.06540312923014327 -0.9978589232386035
    outer loop
      vertex -0.29999999701976776 -10.543368569335938 6.189733833648572
      vertex -3.2000000029802322 -10.699999999999998 6.199999999999999
      vertex -3.2000000029802322 -10.543368569335938 6.189733833648572
    endloop
  endfacet
  facet normal 0 0.9469301294951007 0.32143946530317624
    outer loop
      vertex -0.29999999701976776 -11.859110991546881 4.689417145876973
      vertex -3.2000000029802322 -11.808655439013542 4.540779881161893
      vertex -3.2000000029802322 -11.859110991546881 4.689417145876973
    endloop
  endfacet
  facet normal 0 0.9807852804032305 0.19509032201612822
    outer loop
      vertex -0.29999999701976776 -11.889733833648572 4.843368569335937
      vertex -3.2000000029802322 -11.859110991546881 4.689417145876973
      vertex -3.2000000029802322 -11.889733833648572 4.843368569335937
    endloop
  endfacet
  facet normal 0 0.9978589232386046 0.06540312923012524
    outer loop
      vertex -0.29999999701976776 -11.899999999999997 5
      vertex -3.2000000029802322 -11.889733833648572 4.843368569335937
      vertex -3.2000000029802322 -11.899999999999997 5
    endloop
  endfacet
  facet normal 0 0.9469301294951066 -0.3214394653031592
    outer loop
      vertex -0.29999999701976776 -11.808655439013544 5.459220118838108
      vertex -3.2000000029802322 -11.859110991546881 5.310582854123025
      vertex -3.2000000029802322 -11.808655439013544 5.459220118838108
    endloop
  endfacet
  facet normal 0 0.8314696123025351 -0.5555702330196173
    outer loop
      vertex -0.29999999701976776 -11.652024008349478 5.730513714810464
      vertex -3.2000000029802322 -11.739230484541325 5.6000000000000005
      vertex -3.2000000029802322 -11.652024008349478 5.730513714810464
    endloop
  endfacet
  facet normal 0 0.8968727415326866 -0.44228869021900463
    outer loop
      vertex -0.29999999701976776 -11.739230484541325 5.6000000000000005
      vertex -3.2000000029802322 -11.808655439013544 5.459220118838108
      vertex -3.2000000029802322 -11.739230484541325 5.6000000000000005
    endloop
  endfacet
  facet normal 0 0.9978589232386046 -0.06540312923012524
    outer loop
      vertex -0.29999999701976776 -11.889733833648572 5.156631430664063
      vertex -3.2000000029802322 -11.899999999999997 5
      vertex -3.2000000029802322 -11.889733833648572 5.156631430664063
    endloop
  endfacet
  facet normal 0 0.9807852804032301 -0.19509032201613039
    outer loop
      vertex -0.29999999701976776 -11.859110991546881 5.310582854123025
      vertex -3.2000000029802322 -11.889733833648572 5.156631430664063
      vertex -3.2000000029802322 -11.859110991546881 5.310582854123025
    endloop
  endfacet
  facet normal 0 0.06540312923013689 -0.9978589232386039
    outer loop
      vertex -0.29999999701976776 -10.699999999999998 6.199999999999999
      vertex -3.2000000029802322 -10.85663143066406 6.189733833648573
      vertex -3.2000000029802322 -10.699999999999998 6.199999999999999
    endloop
  endfacet
  facet normal 0 0.19509032201613805 -0.9807852804032285
    outer loop
      vertex -0.29999999701976776 -10.85663143066406 6.189733833648573
      vertex -3.2000000029802322 -11.010582854123024 6.15911099154688
      vertex -3.2000000029802322 -10.85663143066406 6.189733833648573
    endloop
  endfacet
  facet normal 0 0.3214394653031441 -0.9469301294951117
    outer loop
      vertex -0.29999999701976776 -11.010582854123024 6.15911099154688
      vertex -3.2000000029802322 -11.159220118838105 6.108655439013546
      vertex -3.2000000029802322 -11.010582854123024 6.15911099154688
    endloop
  endfacet
  facet normal 0 0.44228869021901374 -0.8968727415326823
    outer loop
      vertex -0.29999999701976776 -11.159220118838105 6.108655439013546
      vertex -3.2000000029802322 -11.299999999999997 6.039230484541326
      vertex -3.2000000029802322 -11.159220118838105 6.108655439013546
    endloop
  endfacet
  facet normal 0 0.659345815100052 -0.7518398074789922
    outer loop
      vertex -0.29999999701976776 -11.430513714810466 5.952024008349479
      vertex -3.2000000029802322 -11.548528137423858 5.848528137423859
      vertex -3.2000000029802322 -11.430513714810466 5.952024008349479
    endloop
  endfacet
  facet normal 0 0.7518398074789996 -0.6593458151000436
    outer loop
      vertex -0.29999999701976776 -11.548528137423858 5.848528137423859
      vertex -3.2000000029802322 -11.652024008349478 5.730513714810464
      vertex -3.2000000029802322 -11.548528137423858 5.848528137423859
    endloop
  endfacet
  facet normal 0 0.5555702330196016 -0.8314696123025456
    outer loop
      vertex -0.29999999701976776 -11.299999999999997 6.039230484541326
      vertex -3.2000000029802322 -11.430513714810466 5.952024008349479
      vertex -3.2000000029802322 -11.299999999999997 6.039230484541326
    endloop
  endfacet
  facet normal 0 -0.8314696123025439 -0.5555702330196043
    outer loop
      vertex -0.29999999701976776 -9.660769515458671 5.6
      vertex -0.29999999701976776 -9.747975991650517 5.730513714810465
      vertex -3.2000000029802322 -9.747975991650517 5.730513714810465
    endloop
  endfacet
  facet normal 0 -0.7518398074789648 -0.6593458151000833
    outer loop
      vertex -0.29999999701976776 -9.747975991650517 5.730513714810465
      vertex -0.29999999701976776 -9.851471862576144 5.848528137423855
      vertex -3.2000000029802322 -9.851471862576144 5.848528137423855
    endloop
  endfacet
  facet normal 0 -0.6593458151000857 -0.7518398074789627
    outer loop
      vertex -0.29999999701976776 -9.851471862576144 5.848528137423855
      vertex -0.29999999701976776 -9.969486285189532 5.952024008349482
      vertex -3.2000000029802322 -9.969486285189532 5.952024008349482
    endloop
  endfacet
  facet normal 0 -0.5555702330195951 -0.83146961230255
    outer loop
      vertex -0.29999999701976776 -9.969486285189532 5.952024008349482
      vertex -0.29999999701976776 -10.1 6.039230484541326
      vertex -3.2000000029802322 -10.1 6.039230484541326
    endloop
  endfacet
  facet normal 0 -0.4422886902190136 -0.8968727415326823
    outer loop
      vertex -0.29999999701976776 -10.1 6.039230484541326
      vertex -0.29999999701976776 -10.240779881161888 6.108655439013544
      vertex -3.2000000029802322 -10.240779881161888 6.108655439013544
    endloop
  endfacet
  facet normal 0 -0.3214394653031455 -0.9469301294951111
    outer loop
      vertex -0.29999999701976776 -10.240779881161888 6.108655439013544
      vertex -0.29999999701976776 -10.389417145876976 6.159110991546881
      vertex -3.2000000029802322 -10.389417145876976 6.159110991546881
    endloop
  endfacet
  facet normal 0 -0.19509032201613147 -0.9807852804032299
    outer loop
      vertex -0.29999999701976776 -10.389417145876976 6.159110991546881
      vertex -0.29999999701976776 -10.543368569335938 6.189733833648572
      vertex -3.2000000029802322 -10.543368569335938 6.189733833648572
    endloop
  endfacet
  facet normal 0 0.9469301294951007 0.32143946530317624
    outer loop
      vertex -0.29999999701976776 -11.808655439013542 4.540779881161893
      vertex -3.2000000029802322 -11.808655439013542 4.540779881161893
      vertex -0.29999999701976776 -11.859110991546881 4.689417145876973
    endloop
  endfacet
  facet normal 0 0.9807852804032305 0.19509032201612822
    outer loop
      vertex -0.29999999701976776 -11.859110991546881 4.689417145876973
      vertex -3.2000000029802322 -11.859110991546881 4.689417145876973
      vertex -0.29999999701976776 -11.889733833648572 4.843368569335937
    endloop
  endfacet
  facet normal 0 0.9978589232386046 0.06540312923012524
    outer loop
      vertex -0.29999999701976776 -11.889733833648572 4.843368569335937
      vertex -3.2000000029802322 -11.889733833648572 4.843368569335937
      vertex -0.29999999701976776 -11.899999999999997 5
    endloop
  endfacet
  facet normal 0 0.9978589232386046 -0.06540312923012524
    outer loop
      vertex -0.29999999701976776 -11.899999999999997 5
      vertex -3.2000000029802322 -11.899999999999997 5
      vertex -0.29999999701976776 -11.889733833648572 5.156631430664063
    endloop
  endfacet
  facet normal 0 0.9469301294951066 -0.3214394653031592
    outer loop
      vertex -0.29999999701976776 -11.859110991546881 5.310582854123025
      vertex -3.2000000029802322 -11.859110991546881 5.310582854123025
      vertex -0.29999999701976776 -11.808655439013544 5.459220118838108
    endloop
  endfacet
  facet normal 0 0.8968727415326866 -0.44228869021900463
    outer loop
      vertex -0.29999999701976776 -11.808655439013544 5.459220118838108
      vertex -3.2000000029802322 -11.808655439013544 5.459220118838108
      vertex -0.29999999701976776 -11.739230484541325 5.6000000000000005
    endloop
  endfacet
  facet normal 0 0.8314696123025351 -0.5555702330196173
    outer loop
      vertex -0.29999999701976776 -11.739230484541325 5.6000000000000005
      vertex -3.2000000029802322 -11.739230484541325 5.6000000000000005
      vertex -0.29999999701976776 -11.652024008349478 5.730513714810464
    endloop
  endfacet
  facet normal 0 0.9807852804032301 -0.19509032201613039
    outer loop
      vertex -0.29999999701976776 -11.889733833648572 5.156631430664063
      vertex -3.2000000029802322 -11.889733833648572 5.156631430664063
      vertex -0.29999999701976776 -11.859110991546881 5.310582854123025
    endloop
  endfacet
  facet normal 0 -0.06540312923014327 -0.9978589232386035
    outer loop
      vertex -0.29999999701976776 -10.543368569335938 6.189733833648572
      vertex -0.29999999701976776 -10.699999999999998 6.199999999999999
      vertex -3.2000000029802322 -10.699999999999998 6.199999999999999
    endloop
  endfacet
  facet normal 0 0.06540312923013689 -0.9978589232386039
    outer loop
      vertex -0.29999999701976776 -10.699999999999998 6.199999999999999
      vertex -0.29999999701976776 -10.85663143066406 6.189733833648573
      vertex -3.2000000029802322 -10.85663143066406 6.189733833648573
    endloop
  endfacet
  facet normal 0 0.19509032201613805 -0.9807852804032285
    outer loop
      vertex -0.29999999701976776 -10.85663143066406 6.189733833648573
      vertex -0.29999999701976776 -11.010582854123024 6.15911099154688
      vertex -3.2000000029802322 -11.010582854123024 6.15911099154688
    endloop
  endfacet
  facet normal 0 0.3214394653031441 -0.9469301294951117
    outer loop
      vertex -0.29999999701976776 -11.010582854123024 6.15911099154688
      vertex -0.29999999701976776 -11.159220118838105 6.108655439013546
      vertex -3.2000000029802322 -11.159220118838105 6.108655439013546
    endloop
  endfacet
  facet normal 0 0.44228869021901374 -0.8968727415326823
    outer loop
      vertex -0.29999999701976776 -11.299999999999997 6.039230484541326
      vertex -3.2000000029802322 -11.299999999999997 6.039230484541326
      vertex -0.29999999701976776 -11.159220118838105 6.108655439013546
    endloop
  endfacet
  facet normal 0 0.7518398074789996 -0.6593458151000436
    outer loop
      vertex -0.29999999701976776 -11.548528137423858 5.848528137423859
      vertex -0.29999999701976776 -11.652024008349478 5.730513714810464
      vertex -3.2000000029802322 -11.652024008349478 5.730513714810464
    endloop
  endfacet
  facet normal 0 0.659345815100052 -0.7518398074789922
    outer loop
      vertex -0.29999999701976776 -11.430513714810466 5.952024008349479
      vertex -0.29999999701976776 -11.548528137423858 5.848528137423859
      vertex -3.2000000029802322 -11.548528137423858 5.848528137423859
    endloop
  endfacet
  facet normal 0 0.5555702330196016 -0.8314696123025456
    outer loop
      vertex -0.29999999701976776 -11.299999999999997 6.039230484541326
      vertex -0.29999999701976776 -11.430513714810466 5.952024008349479
      vertex -3.2000000029802322 -11.430513714810466 5.952024008349479
    endloop
  endfacet
  facet normal 0 -0.6593458151000968 0.7518398074789528
    outer loop
      vertex -0.29999999701976776 -19.069486285189534 4.047975991650518
      vertex -3.2000000029802322 -18.95147186257615 4.151471862576145
      vertex -3.2000000029802322 -19.069486285189534 4.047975991650518
    endloop
  endfacet
  facet normal 0 -0.7518398074789487 0.6593458151001017
    outer loop
      vertex -0.29999999701976776 -18.95147186257615 4.151471862576145
      vertex -3.2000000029802322 -18.847975991650518 4.269486285189533
      vertex -3.2000000029802322 -18.95147186257615 4.151471862576145
    endloop
  endfacet
  facet normal 0 -0.8968727415326967 0.44228869021898415
    outer loop
      vertex -0.29999999701976776 -18.760769515458673 4.399999999999999
      vertex -3.2000000029802322 -18.691344560986458 4.540779881161892
      vertex -3.2000000029802322 -18.760769515458673 4.399999999999999
    endloop
  endfacet
  facet normal 0 -0.8314696123025439 0.5555702330196043
    outer loop
      vertex -0.29999999701976776 -18.847975991650518 4.269486285189533
      vertex -3.2000000029802322 -18.760769515458673 4.399999999999999
      vertex -3.2000000029802322 -18.847975991650518 4.269486285189533
    endloop
  endfacet
  facet normal 0 -0.9978589232386033 -0.06540312923014668
    outer loop
      vertex -0.29999999701976776 -18.6 4.999999999999999
      vertex -3.2000000029802322 -18.61026616635143 5.156631430664064
      vertex -3.2000000029802322 -18.6 4.999999999999999
    endloop
  endfacet
  facet normal 0 -0.9469301294951018 0.32143946530317274
    outer loop
      vertex -0.29999999701976776 -18.691344560986458 4.540779881161892
      vertex -3.2000000029802322 -18.64088900845312 4.689417145876973
      vertex -3.2000000029802322 -18.691344560986458 4.540779881161892
    endloop
  endfacet
  facet normal 0 -0.9807852804032331 0.19509032201611515
    outer loop
      vertex -0.29999999701976776 -18.64088900845312 4.689417145876973
      vertex -3.2000000029802322 -18.61026616635143 4.843368569335939
      vertex -3.2000000029802322 -18.64088900845312 4.689417145876973
    endloop
  endfacet
  facet normal 0 -0.9978589232386031 0.06540312923014889
    outer loop
      vertex -0.29999999701976776 -18.61026616635143 4.843368569335939
      vertex -3.2000000029802322 -18.6 4.999999999999999
      vertex -3.2000000029802322 -18.61026616635143 4.843368569335939
    endloop
  endfacet
  facet normal 0 -0.9807852804032361 -0.19509032201609988
    outer loop
      vertex -0.29999999701976776 -18.61026616635143 5.156631430664064
      vertex -3.2000000029802322 -18.640889008453115 5.310582854123025
      vertex -3.2000000029802322 -18.61026616635143 5.156631430664064
    endloop
  endfacet
  facet normal 0 -0.9469301294950956 -0.3214394653031914
    outer loop
      vertex -0.29999999701976776 -18.640889008453115 5.310582854123025
      vertex -3.2000000029802322 -18.691344560986458 5.4592201188381075
      vertex -3.2000000029802322 -18.640889008453115 5.310582854123025
    endloop
  endfacet
  facet normal 0 -0.8968727415326957 -0.4422886902189864
    outer loop
      vertex -0.29999999701976776 -18.691344560986458 5.4592201188381075
      vertex -3.2000000029802322 -18.760769515458673 5.6
      vertex -3.2000000029802322 -18.691344560986458 5.4592201188381075
    endloop
  endfacet
  facet normal 0 -0.6593458151000968 0.7518398074789528
    outer loop
      vertex -0.29999999701976776 -18.95147186257615 4.151471862576145
      vertex -3.2000000029802322 -18.95147186257615 4.151471862576145
      vertex -0.29999999701976776 -19.069486285189534 4.047975991650518
    endloop
  endfacet
  facet normal 0 -0.8968727415326967 0.44228869021898415
    outer loop
      vertex -0.29999999701976776 -18.760769515458673 4.399999999999999
      vertex -0.29999999701976776 -18.691344560986458 4.540779881161892
      vertex -3.2000000029802322 -18.691344560986458 4.540779881161892
    endloop
  endfacet
  facet normal 0 -0.7518398074789487 0.6593458151001017
    outer loop
      vertex -0.29999999701976776 -18.95147186257615 4.151471862576145
      vertex -0.29999999701976776 -18.847975991650518 4.269486285189533
      vertex -3.2000000029802322 -18.847975991650518 4.269486285189533
    endloop
  endfacet
  facet normal 0 -0.8314696123025439 0.5555702330196043
    outer loop
      vertex -0.29999999701976776 -18.760769515458673 4.399999999999999
      vertex -3.2000000029802322 -18.760769515458673 4.399999999999999
      vertex -0.29999999701976776 -18.847975991650518 4.269486285189533
    endloop
  endfacet
  facet normal 0 -0.9978589232386031 0.06540312923014889
    outer loop
      vertex -0.29999999701976776 -18.61026616635143 4.843368569335939
      vertex -0.29999999701976776 -18.6 4.999999999999999
      vertex -3.2000000029802322 -18.6 4.999999999999999
    endloop
  endfacet
  facet normal 0 -0.9978589232386033 -0.06540312923014668
    outer loop
      vertex -0.29999999701976776 -18.6 4.999999999999999
      vertex -0.29999999701976776 -18.61026616635143 5.156631430664064
      vertex -3.2000000029802322 -18.61026616635143 5.156631430664064
    endloop
  endfacet
  facet normal 0 -0.9469301294951018 0.32143946530317274
    outer loop
      vertex -0.29999999701976776 -18.691344560986458 4.540779881161892
      vertex -0.29999999701976776 -18.64088900845312 4.689417145876973
      vertex -3.2000000029802322 -18.64088900845312 4.689417145876973
    endloop
  endfacet
  facet normal 0 -0.9807852804032331 0.19509032201611515
    outer loop
      vertex -0.29999999701976776 -18.64088900845312 4.689417145876973
      vertex -0.29999999701976776 -18.61026616635143 4.843368569335939
      vertex -3.2000000029802322 -18.61026616635143 4.843368569335939
    endloop
  endfacet
  facet normal 0 -0.9807852804032361 -0.19509032201609988
    outer loop
      vertex -0.29999999701976776 -18.61026616635143 5.156631430664064
      vertex -0.29999999701976776 -18.640889008453115 5.310582854123025
      vertex -3.2000000029802322 -18.640889008453115 5.310582854123025
    endloop
  endfacet
  facet normal 0 -0.9469301294950956 -0.3214394653031914
    outer loop
      vertex -0.29999999701976776 -18.640889008453115 5.310582854123025
      vertex -0.29999999701976776 -18.691344560986458 5.4592201188381075
      vertex -3.2000000029802322 -18.691344560986458 5.4592201188381075
    endloop
  endfacet
  facet normal 0 -0.8968727415326957 -0.4422886902189864
    outer loop
      vertex -0.29999999701976776 -18.691344560986458 5.4592201188381075
      vertex -0.29999999701976776 -18.760769515458673 5.6
      vertex -3.2000000029802322 -18.760769515458673 5.6
    endloop
  endfacet
  facet normal 0 -0.8314696123025456 -0.5555702330196016
    outer loop
      vertex -0.29999999701976776 -18.760769515458673 5.6
      vertex -3.2000000029802322 -18.847975991650518 5.730513714810466
      vertex -3.2000000029802322 -18.760769515458673 5.6
    endloop
  endfacet
  facet normal 0 -0.7518398074789722 -0.6593458151000748
    outer loop
      vertex -0.29999999701976776 -18.847975991650518 5.730513714810466
      vertex -3.2000000029802322 -18.951471862576145 5.848528137423859
      vertex -3.2000000029802322 -18.847975991650518 5.730513714810466
    endloop
  endfacet
  facet normal 0 -0.6593458151000825 -0.7518398074789655
    outer loop
      vertex -0.29999999701976776 -18.951471862576145 5.848528137423859
      vertex -3.2000000029802322 -19.069486285189534 5.952024008349484
      vertex -3.2000000029802322 -18.951471862576145 5.848528137423859
    endloop
  endfacet
  facet normal 0 -0.5555702330196107 -0.8314696123025396
    outer loop
      vertex -0.29999999701976776 -19.069486285189534 5.952024008349484
      vertex -3.2000000029802322 -19.199999999999996 6.039230484541329
      vertex -3.2000000029802322 -19.069486285189534 5.952024008349484
    endloop
  endfacet
  facet normal 0 -0.44228869021899564 -0.896872741532691
    outer loop
      vertex -0.29999999701976776 -19.199999999999996 6.039230484541329
      vertex -3.2000000029802322 -19.34077988116189 6.108655439013546
      vertex -3.2000000029802322 -19.199999999999996 6.039230484541329
    endloop
  endfacet
  facet normal 0 -0.32143946530314044 -0.9469301294951129
    outer loop
      vertex -0.29999999701976776 -19.34077988116189 6.108655439013546
      vertex -3.2000000029802322 -19.489417145876978 6.159110991546882
      vertex -3.2000000029802322 -19.34077988116189 6.108655439013546
    endloop
  endfacet
  facet normal 0 -0.19509032201615428 -0.9807852804032252
    outer loop
      vertex -0.29999999701976776 -19.489417145876978 6.159110991546882
      vertex -3.2000000029802322 -19.643368569335934 6.189733833648575
      vertex -3.2000000029802322 -19.489417145876978 6.159110991546882
    endloop
  endfacet
  facet normal 0 -0.06540312923014178 -0.9978589232386036
    outer loop
      vertex -0.29999999701976776 -19.643368569335934 6.189733833648575
      vertex -3.2000000029802322 -19.799999999999997 6.200000000000003
      vertex -3.2000000029802322 -19.643368569335934 6.189733833648575
    endloop
  endfacet
  facet normal 0 0.06540312923014742 -0.9978589232386031
    outer loop
      vertex -0.29999999701976776 -19.799999999999997 6.200000000000003
      vertex -3.2000000029802322 -19.95663143066406 6.1897338336485745
      vertex -3.2000000029802322 -19.799999999999997 6.200000000000003
    endloop
  endfacet
  facet normal 0 0.19509032201613363 -0.9807852804032293
    outer loop
      vertex -0.29999999701976776 -19.95663143066406 6.1897338336485745
      vertex -3.2000000029802322 -20.11058285412302 6.159110991546884
      vertex -3.2000000029802322 -19.95663143066406 6.1897338336485745
    endloop
  endfacet
  facet normal 0 -0.8314696123025456 -0.5555702330196016
    outer loop
      vertex -0.29999999701976776 -18.760769515458673 5.6
      vertex -0.29999999701976776 -18.847975991650518 5.730513714810466
      vertex -3.2000000029802322 -18.847975991650518 5.730513714810466
    endloop
  endfacet
  facet normal 0 -0.7518398074789722 -0.6593458151000748
    outer loop
      vertex -0.29999999701976776 -18.847975991650518 5.730513714810466
      vertex -0.29999999701976776 -18.951471862576145 5.848528137423859
      vertex -3.2000000029802322 -18.951471862576145 5.848528137423859
    endloop
  endfacet
  facet normal 0 -0.6593458151000825 -0.7518398074789655
    outer loop
      vertex -0.29999999701976776 -18.951471862576145 5.848528137423859
      vertex -0.29999999701976776 -19.069486285189534 5.952024008349484
      vertex -3.2000000029802322 -19.069486285189534 5.952024008349484
    endloop
  endfacet
  facet normal 0 -0.5555702330196107 -0.8314696123025396
    outer loop
      vertex -0.29999999701976776 -19.069486285189534 5.952024008349484
      vertex -0.29999999701976776 -19.199999999999996 6.039230484541329
      vertex -3.2000000029802322 -19.199999999999996 6.039230484541329
    endloop
  endfacet
  facet normal 0 -0.44228869021899564 -0.896872741532691
    outer loop
      vertex -0.29999999701976776 -19.199999999999996 6.039230484541329
      vertex -0.29999999701976776 -19.34077988116189 6.108655439013546
      vertex -3.2000000029802322 -19.34077988116189 6.108655439013546
    endloop
  endfacet
  facet normal 0 -0.32143946530314044 -0.9469301294951129
    outer loop
      vertex -0.29999999701976776 -19.34077988116189 6.108655439013546
      vertex -0.29999999701976776 -19.489417145876978 6.159110991546882
      vertex -3.2000000029802322 -19.489417145876978 6.159110991546882
    endloop
  endfacet
  facet normal 0 -0.19509032201615428 -0.9807852804032252
    outer loop
      vertex -0.29999999701976776 -19.489417145876978 6.159110991546882
      vertex -0.29999999701976776 -19.643368569335934 6.189733833648575
      vertex -3.2000000029802322 -19.643368569335934 6.189733833648575
    endloop
  endfacet
  facet normal 0 -0.06540312923014178 -0.9978589232386036
    outer loop
      vertex -0.29999999701976776 -19.643368569335934 6.189733833648575
      vertex -0.29999999701976776 -19.799999999999997 6.200000000000003
      vertex -3.2000000029802322 -19.799999999999997 6.200000000000003
    endloop
  endfacet
  facet normal 0 0.06540312923014742 -0.9978589232386031
    outer loop
      vertex -0.29999999701976776 -19.799999999999997 6.200000000000003
      vertex -0.29999999701976776 -19.95663143066406 6.1897338336485745
      vertex -3.2000000029802322 -19.95663143066406 6.1897338336485745
    endloop
  endfacet
  facet normal 0 -0.5555702330195991 0.8314696123025473
    outer loop
      vertex -0.29999999701976776 -19.199999999999996 3.9607695154586766
      vertex -3.2000000029802322 -19.069486285189534 4.047975991650518
      vertex -3.2000000029802322 -19.199999999999996 3.9607695154586766
    endloop
  endfacet
  facet normal 0 -0.4422886902190094 0.8968727415326844
    outer loop
      vertex -0.29999999701976776 -19.340779881161893 3.8913445609864548
      vertex -3.2000000029802322 -19.199999999999996 3.9607695154586766
      vertex -3.2000000029802322 -19.340779881161893 3.8913445609864548
    endloop
  endfacet
  facet normal 0 -0.3214394653031626 0.9469301294951054
    outer loop
      vertex -0.29999999701976776 -19.489417145876978 3.840889008453116
      vertex -3.2000000029802322 -19.340779881161893 3.8913445609864548
      vertex -3.2000000029802322 -19.489417145876978 3.840889008453116
    endloop
  endfacet
  facet normal 0 -0.1950903220161184 0.9807852804032324
    outer loop
      vertex -0.29999999701976776 -19.64336856933594 3.8102661663514272
      vertex -3.2000000029802322 -19.489417145876978 3.840889008453116
      vertex -3.2000000029802322 -19.64336856933594 3.8102661663514272
    endloop
  endfacet
  facet normal 0 -0.06540312923014327 0.9978589232386035
    outer loop
      vertex -0.29999999701976776 -19.8 3.8
      vertex -3.2000000029802322 -19.64336856933594 3.8102661663514272
      vertex -3.2000000029802322 -19.8 3.8
    endloop
  endfacet
  facet normal 0 0.06540312923012905 0.9978589232386045
    outer loop
      vertex -0.29999999701976776 -19.956631430664068 3.8102661663514255
      vertex -3.2000000029802322 -19.8 3.8
      vertex -3.2000000029802322 -19.956631430664068 3.8102661663514255
    endloop
  endfacet
  facet normal 0 0.19509032201615428 0.9807852804032252
    outer loop
      vertex -0.29999999701976776 -20.110582854123024 3.840889008453119
      vertex -3.2000000029802322 -19.956631430664068 3.8102661663514255
      vertex -3.2000000029802322 -20.110582854123024 3.840889008453119
    endloop
  endfacet
  facet normal 0 0.3214394653031321 0.9469301294951156
    outer loop
      vertex -0.29999999701976776 -20.25922011883811 3.891344560986452
      vertex -3.2000000029802322 -20.110582854123024 3.840889008453119
      vertex -3.2000000029802322 -20.25922011883811 3.891344560986452
    endloop
  endfacet
  facet normal 0 0.4422886902190048 0.8968727415326865
    outer loop
      vertex -0.29999999701976776 -20.400000000000006 3.960769515458673
      vertex -3.2000000029802322 -20.25922011883811 3.891344560986452
      vertex -3.2000000029802322 -20.400000000000006 3.960769515458673
    endloop
  endfacet
  facet normal 0 0.5555702330196435 0.8314696123025177
    outer loop
      vertex -0.29999999701976776 -20.53051371481046 4.04797599165052
      vertex -3.2000000029802322 -20.400000000000006 3.960769515458673
      vertex -3.2000000029802322 -20.53051371481046 4.04797599165052
    endloop
  endfacet
  facet normal 0 0.6593458151000584 0.7518398074789866
    outer loop
      vertex -0.29999999701976776 -20.648528137423853 4.151471862576142
      vertex -3.2000000029802322 -20.53051371481046 4.04797599165052
      vertex -3.2000000029802322 -20.648528137423853 4.151471862576142
    endloop
  endfacet
  facet normal 0 0.7518398074789819 0.6593458151000636
    outer loop
      vertex -0.29999999701976776 -20.75202400834948 4.269486285189538
      vertex -3.2000000029802322 -20.648528137423853 4.151471862576142
      vertex -3.2000000029802322 -20.75202400834948 4.269486285189538
    endloop
  endfacet
  facet normal 0 0.8314696123025281 0.5555702330196277
    outer loop
      vertex -0.29999999701976776 -20.83923048454133 4.400000000000001
      vertex -3.2000000029802322 -20.75202400834948 4.269486285189538
      vertex -3.2000000029802322 -20.83923048454133 4.400000000000001
    endloop
  endfacet
  facet normal 0 0.8968727415327057 0.44228869021896594
    outer loop
      vertex -0.29999999701976776 -20.90865543901354 4.540779881161894
      vertex -3.2000000029802322 -20.83923048454133 4.400000000000001
      vertex -3.2000000029802322 -20.90865543901354 4.540779881161894
    endloop
  endfacet
  facet normal 0 -0.5555702330195991 0.8314696123025473
    outer loop
      vertex -0.29999999701976776 -19.069486285189534 4.047975991650518
      vertex -3.2000000029802322 -19.069486285189534 4.047975991650518
      vertex -0.29999999701976776 -19.199999999999996 3.9607695154586766
    endloop
  endfacet
  facet normal 0 -0.4422886902190094 0.8968727415326844
    outer loop
      vertex -0.29999999701976776 -19.199999999999996 3.9607695154586766
      vertex -3.2000000029802322 -19.199999999999996 3.9607695154586766
      vertex -0.29999999701976776 -19.340779881161893 3.8913445609864548
    endloop
  endfacet
  facet normal 0 -0.3214394653031626 0.9469301294951054
    outer loop
      vertex -0.29999999701976776 -19.340779881161893 3.8913445609864548
      vertex -3.2000000029802322 -19.340779881161893 3.8913445609864548
      vertex -0.29999999701976776 -19.489417145876978 3.840889008453116
    endloop
  endfacet
  facet normal 0 -0.1950903220161184 0.9807852804032324
    outer loop
      vertex -0.29999999701976776 -19.489417145876978 3.840889008453116
      vertex -3.2000000029802322 -19.489417145876978 3.840889008453116
      vertex -0.29999999701976776 -19.64336856933594 3.8102661663514272
    endloop
  endfacet
  facet normal 0 -0.06540312923014327 0.9978589232386035
    outer loop
      vertex -0.29999999701976776 -19.64336856933594 3.8102661663514272
      vertex -3.2000000029802322 -19.64336856933594 3.8102661663514272
      vertex -0.29999999701976776 -19.8 3.8
    endloop
  endfacet
  facet normal 0 0.06540312923012905 0.9978589232386045
    outer loop
      vertex -0.29999999701976776 -19.8 3.8
      vertex -3.2000000029802322 -19.8 3.8
      vertex -0.29999999701976776 -19.956631430664068 3.8102661663514255
    endloop
  endfacet
  facet normal 0 0.19509032201615428 0.9807852804032252
    outer loop
      vertex -0.29999999701976776 -19.956631430664068 3.8102661663514255
      vertex -3.2000000029802322 -19.956631430664068 3.8102661663514255
      vertex -0.29999999701976776 -20.110582854123024 3.840889008453119
    endloop
  endfacet
  facet normal 0 0.3214394653031321 0.9469301294951156
    outer loop
      vertex -0.29999999701976776 -20.110582854123024 3.840889008453119
      vertex -3.2000000029802322 -20.110582854123024 3.840889008453119
      vertex -0.29999999701976776 -20.25922011883811 3.891344560986452
    endloop
  endfacet
  facet normal 0 0.4422886902190048 0.8968727415326865
    outer loop
      vertex -0.29999999701976776 -20.25922011883811 3.891344560986452
      vertex -3.2000000029802322 -20.25922011883811 3.891344560986452
      vertex -0.29999999701976776 -20.400000000000006 3.960769515458673
    endloop
  endfacet
  facet normal 0 0.5555702330196435 0.8314696123025177
    outer loop
      vertex -0.29999999701976776 -20.400000000000006 3.960769515458673
      vertex -3.2000000029802322 -20.400000000000006 3.960769515458673
      vertex -0.29999999701976776 -20.53051371481046 4.04797599165052
    endloop
  endfacet
  facet normal 0 0.6593458151000584 0.7518398074789866
    outer loop
      vertex -0.29999999701976776 -20.53051371481046 4.04797599165052
      vertex -3.2000000029802322 -20.53051371481046 4.04797599165052
      vertex -0.29999999701976776 -20.648528137423853 4.151471862576142
    endloop
  endfacet
  facet normal 0 0.7518398074789819 0.6593458151000636
    outer loop
      vertex -0.29999999701976776 -20.648528137423853 4.151471862576142
      vertex -3.2000000029802322 -20.648528137423853 4.151471862576142
      vertex -0.29999999701976776 -20.75202400834948 4.269486285189538
    endloop
  endfacet
  facet normal 0 0.8314696123025281 0.5555702330196277
    outer loop
      vertex -0.29999999701976776 -20.75202400834948 4.269486285189538
      vertex -3.2000000029802322 -20.75202400834948 4.269486285189538
      vertex -0.29999999701976776 -20.83923048454133 4.400000000000001
    endloop
  endfacet
  facet normal 0 0.8968727415327057 0.44228869021896594
    outer loop
      vertex -0.29999999701976776 -20.83923048454133 4.400000000000001
      vertex -3.2000000029802322 -20.83923048454133 4.400000000000001
      vertex -0.29999999701976776 -20.90865543901354 4.540779881161894
    endloop
  endfacet
  facet normal 0 0.9469301294950931 0.3214394653031982
    outer loop
      vertex -0.29999999701976776 -20.90865543901354 4.540779881161894
      vertex -3.2000000029802322 -20.90865543901354 4.540779881161894
      vertex -0.29999999701976776 -20.959110991546883 4.689417145876973
    endloop
  endfacet
  facet normal 0 0.9469301294950931 0.3214394653031982
    outer loop
      vertex -0.29999999701976776 -20.959110991546883 4.689417145876973
      vertex -3.2000000029802322 -20.90865543901354 4.540779881161894
      vertex -3.2000000029802322 -20.959110991546883 4.689417145876973
    endloop
  endfacet
  facet normal 0 0.9807852804032329 0.19509032201611626
    outer loop
      vertex -0.29999999701976776 -20.98973383364857 4.843368569335938
      vertex -3.2000000029802322 -20.959110991546883 4.689417145876973
      vertex -3.2000000029802322 -20.98973383364857 4.843368569335938
    endloop
  endfacet
  facet normal 0 0.9978589232386016 0.0654031292301718
    outer loop
      vertex -0.29999999701976776 -21.000000000000004 4.999999999999997
      vertex -3.2000000029802322 -20.98973383364857 4.843368569335938
      vertex -3.2000000029802322 -21.000000000000004 4.999999999999997
    endloop
  endfacet
  facet normal 0 0.9978589232386018 -0.06540312923016922
    outer loop
      vertex -0.29999999701976776 -20.98973383364857 5.156631430664063
      vertex -3.2000000029802322 -21.000000000000004 4.999999999999997
      vertex -3.2000000029802322 -20.98973383364857 5.156631430664063
    endloop
  endfacet
  facet normal 0 0.9807852804032279 -0.1950903220161413
    outer loop
      vertex -0.29999999701976776 -20.95911099154688 5.310582854123025
      vertex -3.2000000029802322 -20.98973383364857 5.156631430664063
      vertex -3.2000000029802322 -20.95911099154688 5.310582854123025
    endloop
  endfacet
  facet normal 0 0.9469301294951081 -0.3214394653031542
    outer loop
      vertex -0.29999999701976776 -20.908655439013543 5.459220118838106
      vertex -3.2000000029802322 -20.95911099154688 5.310582854123025
      vertex -3.2000000029802322 -20.908655439013543 5.459220118838106
    endloop
  endfacet
  facet normal 0 0.8968727415326888 -0.44228869021900014
    outer loop
      vertex -0.29999999701976776 -20.839230484541325 5.6
      vertex -3.2000000029802322 -20.908655439013543 5.459220118838106
      vertex -3.2000000029802322 -20.839230484541325 5.6
    endloop
  endfacet
  facet normal 0 0.8314696123025439 -0.5555702330196043
    outer loop
      vertex -0.29999999701976776 -20.75202400834948 5.730513714810465
      vertex -3.2000000029802322 -20.839230484541325 5.6
      vertex -3.2000000029802322 -20.75202400834948 5.730513714810465
    endloop
  endfacet
  facet normal 0 0.3214394653031524 -0.9469301294951088
    outer loop
      vertex -0.29999999701976776 -20.11058285412302 6.159110991546884
      vertex -3.2000000029802322 -20.259220118838105 6.108655439013547
      vertex -3.2000000029802322 -20.11058285412302 6.159110991546884
    endloop
  endfacet
  facet normal 0 0.44228869021900946 -0.8968727415326843
    outer loop
      vertex -0.29999999701976776 -20.259220118838105 6.108655439013547
      vertex -3.2000000029802322 -20.400000000000006 6.039230484541323
      vertex -3.2000000029802322 -20.259220118838105 6.108655439013547
    endloop
  endfacet
  facet normal 0 0.5555702330196068 -0.8314696123025421
    outer loop
      vertex -0.29999999701976776 -20.400000000000006 6.039230484541323
      vertex -3.2000000029802322 -20.530513714810468 5.95202400834948
      vertex -3.2000000029802322 -20.400000000000006 6.039230484541323
    endloop
  endfacet
  facet normal 0 0.6593458151000681 -0.7518398074789782
    outer loop
      vertex -0.29999999701976776 -20.530513714810468 5.95202400834948
      vertex -3.2000000029802322 -20.64852813742386 5.848528137423855
      vertex -3.2000000029802322 -20.530513714810468 5.95202400834948
    endloop
  endfacet
  facet normal 0 0.7518398074789873 -0.6593458151000576
    outer loop
      vertex -0.29999999701976776 -20.64852813742386 5.848528137423855
      vertex -3.2000000029802322 -20.75202400834948 5.730513714810465
      vertex -3.2000000029802322 -20.64852813742386 5.848528137423855
    endloop
  endfacet
  facet normal 0 0.9807852804032329 0.19509032201611626
    outer loop
      vertex -0.29999999701976776 -20.959110991546883 4.689417145876973
      vertex -3.2000000029802322 -20.959110991546883 4.689417145876973
      vertex -0.29999999701976776 -20.98973383364857 4.843368569335938
    endloop
  endfacet
  facet normal 0 0.9978589232386016 0.0654031292301718
    outer loop
      vertex -0.29999999701976776 -20.98973383364857 4.843368569335938
      vertex -3.2000000029802322 -20.98973383364857 4.843368569335938
      vertex -0.29999999701976776 -21.000000000000004 4.999999999999997
    endloop
  endfacet
  facet normal 0 0.9978589232386018 -0.06540312923016922
    outer loop
      vertex -0.29999999701976776 -21.000000000000004 4.999999999999997
      vertex -3.2000000029802322 -21.000000000000004 4.999999999999997
      vertex -0.29999999701976776 -20.98973383364857 5.156631430664063
    endloop
  endfacet
  facet normal 0 0.7518398074789873 -0.6593458151000576
    outer loop
      vertex -0.29999999701976776 -20.64852813742386 5.848528137423855
      vertex -0.29999999701976776 -20.75202400834948 5.730513714810465
      vertex -3.2000000029802322 -20.75202400834948 5.730513714810465
    endloop
  endfacet
  facet normal 0 0.9469301294951081 -0.3214394653031542
    outer loop
      vertex -0.29999999701976776 -20.95911099154688 5.310582854123025
      vertex -3.2000000029802322 -20.95911099154688 5.310582854123025
      vertex -0.29999999701976776 -20.908655439013543 5.459220118838106
    endloop
  endfacet
  facet normal 0 0.9807852804032279 -0.1950903220161413
    outer loop
      vertex -0.29999999701976776 -20.95911099154688 5.310582854123025
      vertex -0.29999999701976776 -20.98973383364857 5.156631430664063
      vertex -3.2000000029802322 -20.98973383364857 5.156631430664063
    endloop
  endfacet
  facet normal 0 0.8968727415326888 -0.44228869021900014
    outer loop
      vertex -0.29999999701976776 -20.908655439013543 5.459220118838106
      vertex -3.2000000029802322 -20.908655439013543 5.459220118838106
      vertex -0.29999999701976776 -20.839230484541325 5.6
    endloop
  endfacet
  facet normal 0 0.8314696123025439 -0.5555702330196043
    outer loop
      vertex -0.29999999701976776 -20.839230484541325 5.6
      vertex -3.2000000029802322 -20.839230484541325 5.6
      vertex -0.29999999701976776 -20.75202400834948 5.730513714810465
    endloop
  endfacet
  facet normal 0 0.19509032201613363 -0.9807852804032293
    outer loop
      vertex -0.29999999701976776 -19.95663143066406 6.1897338336485745
      vertex -0.29999999701976776 -20.11058285412302 6.159110991546884
      vertex -3.2000000029802322 -20.11058285412302 6.159110991546884
    endloop
  endfacet
  facet normal 0 0.3214394653031524 -0.9469301294951088
    outer loop
      vertex -0.29999999701976776 -20.11058285412302 6.159110991546884
      vertex -0.29999999701976776 -20.259220118838105 6.108655439013547
      vertex -3.2000000029802322 -20.259220118838105 6.108655439013547
    endloop
  endfacet
  facet normal 0 0.44228869021900946 -0.8968727415326843
    outer loop
      vertex -0.29999999701976776 -20.259220118838105 6.108655439013547
      vertex -0.29999999701976776 -20.400000000000006 6.039230484541323
      vertex -3.2000000029802322 -20.400000000000006 6.039230484541323
    endloop
  endfacet
  facet normal 0 0.5555702330196068 -0.8314696123025421
    outer loop
      vertex -0.29999999701976776 -20.530513714810468 5.95202400834948
      vertex -3.2000000029802322 -20.530513714810468 5.95202400834948
      vertex -0.29999999701976776 -20.400000000000006 6.039230484541323
    endloop
  endfacet
  facet normal 0 0.6593458151000681 -0.7518398074789782
    outer loop
      vertex -0.29999999701976776 -20.530513714810468 5.95202400834948
      vertex -0.29999999701976776 -20.64852813742386 5.848528137423855
      vertex -3.2000000029802322 -20.64852813742386 5.848528137423855
    endloop
  endfacet
  facet normal 0 -0.6593458151000793 0.7518398074789684
    outer loop
      vertex -0.29999999701976776 -28.36948628518954 4.047975991650514
      vertex -3.2000000029802322 -28.251471862576146 4.151471862576145
      vertex -3.2000000029802322 -28.36948628518954 4.047975991650514
    endloop
  endfacet
  facet normal 0 -0.5555702330196068 0.8314696123025421
    outer loop
      vertex -0.29999999701976776 -28.500000000000004 3.9607695154586704
      vertex -3.2000000029802322 -28.36948628518954 4.047975991650514
      vertex -3.2000000029802322 -28.500000000000004 3.9607695154586704
    endloop
  endfacet
  facet normal 0 -0.8314696123025473 0.5555702330195991
    outer loop
      vertex -0.29999999701976776 -28.147975991650515 4.269486285189535
      vertex -3.2000000029802322 -28.06076951545867 4.400000000000002
      vertex -3.2000000029802322 -28.147975991650515 4.269486285189535
    endloop
  endfacet
  facet normal 0 -0.8968727415326957 0.4422886902189864
    outer loop
      vertex -0.29999999701976776 -28.06076951545867 4.400000000000002
      vertex -3.2000000029802322 -27.991344560986455 4.540779881161894
      vertex -3.2000000029802322 -28.06076951545867 4.400000000000002
    endloop
  endfacet
  facet normal 0 -0.7518398074789536 0.659345815100096
    outer loop
      vertex -0.29999999701976776 -28.251471862576146 4.151471862576145
      vertex -3.2000000029802322 -28.147975991650515 4.269486285189535
      vertex -3.2000000029802322 -28.251471862576146 4.151471862576145
    endloop
  endfacet
  facet normal 0 -0.44228869021899087 0.8968727415326935
    outer loop
      vertex -0.29999999701976776 -28.64077988116189 3.8913445609864574
      vertex -3.2000000029802322 -28.500000000000004 3.9607695154586704
      vertex -3.2000000029802322 -28.64077988116189 3.8913445609864574
    endloop
  endfacet
  facet normal 0 -0.32143946530317086 0.9469301294951025
    outer loop
      vertex -0.29999999701976776 -28.78941714587698 3.840889008453116
      vertex -3.2000000029802322 -28.64077988116189 3.8913445609864574
      vertex -3.2000000029802322 -28.78941714587698 3.840889008453116
    endloop
  endfacet
  facet normal 0 -0.19509032201611184 0.9807852804032337
    outer loop
      vertex -0.29999999701976776 -28.943368569335938 3.810266166351429
      vertex -3.2000000029802322 -28.78941714587698 3.840889008453116
      vertex -3.2000000029802322 -28.943368569335938 3.810266166351429
    endloop
  endfacet
  facet normal 0 -0.06540312923015038 0.9978589232386029
    outer loop
      vertex -0.29999999701976776 -29.099999999999994 3.8000000000000007
      vertex -3.2000000029802322 -28.943368569335938 3.810266166351429
      vertex -3.2000000029802322 -29.099999999999994 3.8000000000000007
    endloop
  endfacet
  facet normal 0 0.06540312923014446 0.9978589232386034
    outer loop
      vertex -0.29999999701976776 -29.256631430664065 3.810266166351429
      vertex -3.2000000029802322 -29.099999999999994 3.8000000000000007
      vertex -3.2000000029802322 -29.256631430664065 3.810266166351429
    endloop
  endfacet
  facet normal 0 -0.9807852804032281 0.19509032201614018
    outer loop
      vertex -0.29999999701976776 -27.940889008453123 4.689417145876975
      vertex -3.2000000029802322 -27.91026616635143 4.843368569335938
      vertex -3.2000000029802322 -27.940889008453123 4.689417145876975
    endloop
  endfacet
  facet normal 0 -0.9978589232386046 0.06540312923012562
    outer loop
      vertex -0.29999999701976776 -27.91026616635143 4.843368569335938
      vertex -3.2000000029802322 -27.900000000000006 5
      vertex -3.2000000029802322 -27.91026616635143 4.843368569335938
    endloop
  endfacet
  facet normal 0 -0.9978589232386031 -0.06540312923014817
    outer loop
      vertex -0.29999999701976776 -27.900000000000006 5
      vertex -3.2000000029802322 -27.910266166351434 5.156631430664062
      vertex -3.2000000029802322 -27.900000000000006 5
    endloop
  endfacet
  facet normal 0 -0.9807852804032363 -0.1950903220160988
    outer loop
      vertex -0.29999999701976776 -27.910266166351434 5.156631430664062
      vertex -3.2000000029802322 -27.94088900845312 5.310582854123023
      vertex -3.2000000029802322 -27.910266166351434 5.156631430664062
    endloop
  endfacet
  facet normal 0 -0.9469301294951117 -0.3214394653031439
    outer loop
      vertex -0.29999999701976776 -27.94088900845312 5.310582854123023
      vertex -3.2000000029802322 -27.991344560986455 5.459220118838109
      vertex -3.2000000029802322 -27.94088900845312 5.310582854123023
    endloop
  endfacet
  facet normal 0 -0.8968727415326844 -0.44228869021900913
    outer loop
      vertex -0.29999999701976776 -27.991344560986455 5.459220118838109
      vertex -3.2000000029802322 -28.060769515458674 5.6
      vertex -3.2000000029802322 -27.991344560986455 5.459220118838109
    endloop
  endfacet
  facet normal 0 -0.9469301294951151 0.32143946530313394
    outer loop
      vertex -0.29999999701976776 -27.991344560986455 4.540779881161894
      vertex -3.2000000029802322 -27.940889008453123 4.689417145876975
      vertex -3.2000000029802322 -27.991344560986455 4.540779881161894
    endloop
  endfacet
  facet normal 0 -0.5555702330196068 0.8314696123025421
    outer loop
      vertex -0.29999999701976776 -28.36948628518954 4.047975991650514
      vertex -3.2000000029802322 -28.36948628518954 4.047975991650514
      vertex -0.29999999701976776 -28.500000000000004 3.9607695154586704
    endloop
  endfacet
  facet normal 0 -0.7518398074789536 0.659345815100096
    outer loop
      vertex -0.29999999701976776 -28.147975991650515 4.269486285189535
      vertex -3.2000000029802322 -28.147975991650515 4.269486285189535
      vertex -0.29999999701976776 -28.251471862576146 4.151471862576145
    endloop
  endfacet
  facet normal 0 -0.8968727415326957 0.4422886902189864
    outer loop
      vertex -0.29999999701976776 -27.991344560986455 4.540779881161894
      vertex -3.2000000029802322 -27.991344560986455 4.540779881161894
      vertex -0.29999999701976776 -28.06076951545867 4.400000000000002
    endloop
  endfacet
  facet normal 0 -0.8314696123025473 0.5555702330195991
    outer loop
      vertex -0.29999999701976776 -28.147975991650515 4.269486285189535
      vertex -0.29999999701976776 -28.06076951545867 4.400000000000002
      vertex -3.2000000029802322 -28.06076951545867 4.400000000000002
    endloop
  endfacet
  facet normal 0 -0.6593458151000793 0.7518398074789684
    outer loop
      vertex -0.29999999701976776 -28.251471862576146 4.151471862576145
      vertex -3.2000000029802322 -28.251471862576146 4.151471862576145
      vertex -0.29999999701976776 -28.36948628518954 4.047975991650514
    endloop
  endfacet
  facet normal 0 -0.44228869021899087 0.8968727415326935
    outer loop
      vertex -0.29999999701976776 -28.500000000000004 3.9607695154586704
      vertex -3.2000000029802322 -28.500000000000004 3.9607695154586704
      vertex -0.29999999701976776 -28.64077988116189 3.8913445609864574
    endloop
  endfacet
  facet normal 0 -0.32143946530317086 0.9469301294951025
    outer loop
      vertex -0.29999999701976776 -28.64077988116189 3.8913445609864574
      vertex -3.2000000029802322 -28.64077988116189 3.8913445609864574
      vertex -0.29999999701976776 -28.78941714587698 3.840889008453116
    endloop
  endfacet
  facet normal 0 -0.19509032201611184 0.9807852804032337
    outer loop
      vertex -0.29999999701976776 -28.78941714587698 3.840889008453116
      vertex -3.2000000029802322 -28.78941714587698 3.840889008453116
      vertex -0.29999999701976776 -28.943368569335938 3.810266166351429
    endloop
  endfacet
  facet normal 0 -0.06540312923015038 0.9978589232386029
    outer loop
      vertex -0.29999999701976776 -28.943368569335938 3.810266166351429
      vertex -3.2000000029802322 -28.943368569335938 3.810266166351429
      vertex -0.29999999701976776 -29.099999999999994 3.8000000000000007
    endloop
  endfacet
  facet normal 0 0.06540312923014446 0.9978589232386034
    outer loop
      vertex -0.29999999701976776 -29.099999999999994 3.8000000000000007
      vertex -3.2000000029802322 -29.099999999999994 3.8000000000000007
      vertex -0.29999999701976776 -29.256631430664065 3.810266166351429
    endloop
  endfacet
  facet normal 0 0.1950903220161184 0.9807852804032324
    outer loop
      vertex -0.29999999701976776 -29.256631430664065 3.810266166351429
      vertex -3.2000000029802322 -29.256631430664065 3.810266166351429
      vertex -0.29999999701976776 -29.410582854123028 3.840889008453118
    endloop
  endfacet
  facet normal 0 -0.9469301294951151 0.32143946530313394
    outer loop
      vertex -0.29999999701976776 -27.991344560986455 4.540779881161894
      vertex -0.29999999701976776 -27.940889008453123 4.689417145876975
      vertex -3.2000000029802322 -27.940889008453123 4.689417145876975
    endloop
  endfacet
  facet normal 0 -0.9807852804032281 0.19509032201614018
    outer loop
      vertex -0.29999999701976776 -27.940889008453123 4.689417145876975
      vertex -0.29999999701976776 -27.91026616635143 4.843368569335938
      vertex -3.2000000029802322 -27.91026616635143 4.843368569335938
    endloop
  endfacet
  facet normal 0 -0.9978589232386046 0.06540312923012562
    outer loop
      vertex -0.29999999701976776 -27.900000000000006 5
      vertex -3.2000000029802322 -27.900000000000006 5
      vertex -0.29999999701976776 -27.91026616635143 4.843368569335938
    endloop
  endfacet
  facet normal 0 -0.9978589232386031 -0.06540312923014817
    outer loop
      vertex -0.29999999701976776 -27.900000000000006 5
      vertex -0.29999999701976776 -27.910266166351434 5.156631430664062
      vertex -3.2000000029802322 -27.910266166351434 5.156631430664062
    endloop
  endfacet
  facet normal 0 -0.9807852804032363 -0.1950903220160988
    outer loop
      vertex -0.29999999701976776 -27.910266166351434 5.156631430664062
      vertex -0.29999999701976776 -27.94088900845312 5.310582854123023
      vertex -3.2000000029802322 -27.94088900845312 5.310582854123023
    endloop
  endfacet
  facet normal 0 -0.9469301294951117 -0.3214394653031439
    outer loop
      vertex -0.29999999701976776 -27.94088900845312 5.310582854123023
      vertex -0.29999999701976776 -27.991344560986455 5.459220118838109
      vertex -3.2000000029802322 -27.991344560986455 5.459220118838109
    endloop
  endfacet
  facet normal 0 -0.8968727415326844 -0.44228869021900913
    outer loop
      vertex -0.29999999701976776 -27.991344560986455 5.459220118838109
      vertex -0.29999999701976776 -28.060769515458674 5.6
      vertex -3.2000000029802322 -28.060769515458674 5.6
    endloop
  endfacet
  facet normal 0 0.1950903220161184 0.9807852804032324
    outer loop
      vertex -0.29999999701976776 -29.410582854123028 3.840889008453118
      vertex -3.2000000029802322 -29.256631430664065 3.810266166351429
      vertex -3.2000000029802322 -29.410582854123028 3.840889008453118
    endloop
  endfacet
  facet normal 0 0.3214394653031611 0.9469301294951058
    outer loop
      vertex -0.29999999701976776 -29.559220118838105 3.891344560986454
      vertex -3.2000000029802322 -29.410582854123028 3.840889008453118
      vertex -3.2000000029802322 -29.559220118838105 3.891344560986454
    endloop
  endfacet
  facet normal 0 0.44228869021900025 0.8968727415326888
    outer loop
      vertex -0.29999999701976776 -29.700000000000003 3.960769515458674
      vertex -3.2000000029802322 -29.559220118838105 3.891344560986454
      vertex -3.2000000029802322 -29.700000000000003 3.960769515458674
    endloop
  endfacet
  facet normal 0 0.5555702330196173 0.831469612302535
    outer loop
      vertex -0.29999999701976776 -29.83051371481046 4.047975991650517
      vertex -3.2000000029802322 -29.700000000000003 3.960769515458674
      vertex -3.2000000029802322 -29.83051371481046 4.047975991650517
    endloop
  endfacet
  facet normal 0 0.6593458151001017 0.7518398074789487
    outer loop
      vertex -0.29999999701976776 -29.94852813742385 4.151471862576148
      vertex -3.2000000029802322 -29.83051371481046 4.047975991650517
      vertex -3.2000000029802322 -29.94852813742385 4.151471862576148
    endloop
  endfacet
  facet normal 0 0.7518398074789212 0.6593458151001328
    outer loop
      vertex -0.29999999701976776 -30.052024008349488 4.269486285189535
      vertex -3.2000000029802322 -29.94852813742385 4.151471862576148
      vertex -3.2000000029802322 -30.052024008349488 4.269486285189535
    endloop
  endfacet
  facet normal 0 0.8314696123025543 0.5555702330195885
    outer loop
      vertex -0.29999999701976776 -30.13923048454133 4.4
      vertex -3.2000000029802322 -30.052024008349488 4.269486285189535
      vertex -3.2000000029802322 -30.13923048454133 4.4
    endloop
  endfacet
  facet normal 0 0.8968727415326957 0.4422886902189864
    outer loop
      vertex -0.29999999701976776 -30.208655439013544 4.5407798811618925
      vertex -3.2000000029802322 -30.13923048454133 4.4
      vertex -3.2000000029802322 -30.208655439013544 4.5407798811618925
    endloop
  endfacet
  facet normal 0 0.3214394653031611 0.9469301294951058
    outer loop
      vertex -0.29999999701976776 -29.410582854123028 3.840889008453118
      vertex -3.2000000029802322 -29.410582854123028 3.840889008453118
      vertex -0.29999999701976776 -29.559220118838105 3.891344560986454
    endloop
  endfacet
  facet normal 0 0.44228869021900025 0.8968727415326888
    outer loop
      vertex -0.29999999701976776 -29.559220118838105 3.891344560986454
      vertex -3.2000000029802322 -29.559220118838105 3.891344560986454
      vertex -0.29999999701976776 -29.700000000000003 3.960769515458674
    endloop
  endfacet
  facet normal 0 0.5555702330196173 0.831469612302535
    outer loop
      vertex -0.29999999701976776 -29.700000000000003 3.960769515458674
      vertex -3.2000000029802322 -29.700000000000003 3.960769515458674
      vertex -0.29999999701976776 -29.83051371481046 4.047975991650517
    endloop
  endfacet
  facet normal 0 0.6593458151001017 0.7518398074789487
    outer loop
      vertex -0.29999999701976776 -29.83051371481046 4.047975991650517
      vertex -3.2000000029802322 -29.83051371481046 4.047975991650517
      vertex -0.29999999701976776 -29.94852813742385 4.151471862576148
    endloop
  endfacet
  facet normal 0 0.7518398074789212 0.6593458151001328
    outer loop
      vertex -0.29999999701976776 -29.94852813742385 4.151471862576148
      vertex -3.2000000029802322 -29.94852813742385 4.151471862576148
      vertex -0.29999999701976776 -30.052024008349488 4.269486285189535
    endloop
  endfacet
  facet normal 0 0.8314696123025543 0.5555702330195885
    outer loop
      vertex -0.29999999701976776 -30.052024008349488 4.269486285189535
      vertex -3.2000000029802322 -30.052024008349488 4.269486285189535
      vertex -0.29999999701976776 -30.13923048454133 4.4
    endloop
  endfacet
  facet normal 0 0.8968727415326957 0.4422886902189864
    outer loop
      vertex -0.29999999701976776 -30.13923048454133 4.4
      vertex -3.2000000029802322 -30.13923048454133 4.4
      vertex -0.29999999701976776 -30.208655439013544 4.5407798811618925
    endloop
  endfacet
  facet normal 0 -0.8314696123025404 -0.5555702330196095
    outer loop
      vertex -0.29999999701976776 -28.060769515458674 5.6
      vertex -3.2000000029802322 -28.14797599165052 5.7305137148104635
      vertex -3.2000000029802322 -28.060769515458674 5.6
    endloop
  endfacet
  facet normal 0 -0.7518398074789971 -0.6593458151000464
    outer loop
      vertex -0.29999999701976776 -28.14797599165052 5.7305137148104635
      vertex -3.2000000029802322 -28.25147186257614 5.848528137423857
      vertex -3.2000000029802322 -28.14797599165052 5.7305137148104635
    endloop
  endfacet
  facet normal 0 -0.6593458151000552 -0.7518398074789893
    outer loop
      vertex -0.29999999701976776 -28.25147186257614 5.848528137423857
      vertex -3.2000000029802322 -28.369486285189538 5.952024008349484
      vertex -3.2000000029802322 -28.25147186257614 5.848528137423857
    endloop
  endfacet
  facet normal 0 -0.5555702330195808 -0.8314696123025597
    outer loop
      vertex -0.29999999701976776 -28.369486285189538 5.952024008349484
      vertex -3.2000000029802322 -28.500000000000004 6.039230484541324
      vertex -3.2000000029802322 -28.369486285189538 5.952024008349484
    endloop
  endfacet
  facet normal 0 -0.44228869021899103 -0.8968727415326933
    outer loop
      vertex -0.29999999701976776 -28.500000000000004 6.039230484541324
      vertex -3.2000000029802322 -28.640779881161897 6.108655439013541
      vertex -3.2000000029802322 -28.500000000000004 6.039230484541324
    endloop
  endfacet
  facet normal 0 -0.32143946530319845 -0.9469301294950931
    outer loop
      vertex -0.29999999701976776 -28.640779881161897 6.108655439013541
      vertex -3.2000000029802322 -28.78941714587697 6.159110991546882
      vertex -3.2000000029802322 -28.640779881161897 6.108655439013541
    endloop
  endfacet
  facet normal 0 -0.19509032201610974 -0.9807852804032341
    outer loop
      vertex -0.29999999701976776 -28.78941714587697 6.159110991546882
      vertex -3.2000000029802322 -28.94336856933594 6.189733833648571
      vertex -3.2000000029802322 -28.78941714587697 6.159110991546882
    endloop
  endfacet
  facet normal 0 -0.06540312923018565 -0.9978589232386007
    outer loop
      vertex -0.29999999701976776 -28.94336856933594 6.189733833648571
      vertex -3.2000000029802322 -29.099999999999994 6.200000000000005
      vertex -3.2000000029802322 -28.94336856933594 6.189733833648571
    endloop
  endfacet
  facet normal 0 0.06540312923016701 -0.9978589232386019
    outer loop
      vertex -0.29999999701976776 -29.099999999999994 6.200000000000005
      vertex -3.2000000029802322 -29.256631430664065 6.189733833648573
      vertex -3.2000000029802322 -29.099999999999994 6.200000000000005
    endloop
  endfacet
  facet normal 0 0.19509032201612497 -0.9807852804032311
    outer loop
      vertex -0.29999999701976776 -29.256631430664065 6.189733833648573
      vertex -3.2000000029802322 -29.41058285412303 6.159110991546882
      vertex -3.2000000029802322 -29.256631430664065 6.189733833648573
    endloop
  endfacet
  facet normal 0 0.32143946530317125 -0.9469301294951024
    outer loop
      vertex -0.29999999701976776 -29.41058285412303 6.159110991546882
      vertex -3.2000000029802322 -29.55922011883811 6.108655439013544
      vertex -3.2000000029802322 -29.41058285412303 6.159110991546882
    endloop
  endfacet
  facet normal 0 0.659345815100052 -0.7518398074789922
    outer loop
      vertex -0.29999999701976776 -29.83051371481046 5.952024008349481
      vertex -3.2000000029802322 -29.948528137423853 5.848528137423861
      vertex -3.2000000029802322 -29.83051371481046 5.952024008349481
    endloop
  endfacet
  facet normal 0 0.44228869021899997 -0.8968727415326888
    outer loop
      vertex -0.29999999701976776 -29.55922011883811 6.108655439013544
      vertex -3.2000000029802322 -29.7 6.039230484541328
      vertex -3.2000000029802322 -29.55922011883811 6.108655439013544
    endloop
  endfacet
  facet normal 0 0.5555702330196226 -0.8314696123025317
    outer loop
      vertex -0.29999999701976776 -29.7 6.039230484541328
      vertex -3.2000000029802322 -29.83051371481046 5.952024008349481
      vertex -3.2000000029802322 -29.7 6.039230484541328
    endloop
  endfacet
  facet normal 0 0.7518398074789733 -0.6593458151000736
    outer loop
      vertex -0.29999999701976776 -29.948528137423853 5.848528137423861
      vertex -3.2000000029802322 -30.052024008349484 5.7305137148104635
      vertex -3.2000000029802322 -29.948528137423853 5.848528137423861
    endloop
  endfacet
  facet normal 0 0.8314696123025404 -0.5555702330196095
    outer loop
      vertex -0.29999999701976776 -30.052024008349484 5.7305137148104635
      vertex -3.2000000029802322 -30.13923048454133 5.6
      vertex -3.2000000029802322 -30.052024008349484 5.7305137148104635
    endloop
  endfacet
  facet normal 0 -0.8314696123025404 -0.5555702330196095
    outer loop
      vertex -0.29999999701976776 -28.060769515458674 5.6
      vertex -0.29999999701976776 -28.14797599165052 5.7305137148104635
      vertex -3.2000000029802322 -28.14797599165052 5.7305137148104635
    endloop
  endfacet
  facet normal 0 -0.7518398074789971 -0.6593458151000464
    outer loop
      vertex -0.29999999701976776 -28.14797599165052 5.7305137148104635
      vertex -0.29999999701976776 -28.25147186257614 5.848528137423857
      vertex -3.2000000029802322 -28.25147186257614 5.848528137423857
    endloop
  endfacet
  facet normal 0 -0.6593458151000552 -0.7518398074789893
    outer loop
      vertex -0.29999999701976776 -28.25147186257614 5.848528137423857
      vertex -0.29999999701976776 -28.369486285189538 5.952024008349484
      vertex -3.2000000029802322 -28.369486285189538 5.952024008349484
    endloop
  endfacet
  facet normal 0 -0.5555702330195808 -0.8314696123025597
    outer loop
      vertex -0.29999999701976776 -28.369486285189538 5.952024008349484
      vertex -0.29999999701976776 -28.500000000000004 6.039230484541324
      vertex -3.2000000029802322 -28.500000000000004 6.039230484541324
    endloop
  endfacet
  facet normal 0 -0.44228869021899103 -0.8968727415326933
    outer loop
      vertex -0.29999999701976776 -28.500000000000004 6.039230484541324
      vertex -0.29999999701976776 -28.640779881161897 6.108655439013541
      vertex -3.2000000029802322 -28.640779881161897 6.108655439013541
    endloop
  endfacet
  facet normal 0 -0.32143946530319845 -0.9469301294950931
    outer loop
      vertex -0.29999999701976776 -28.640779881161897 6.108655439013541
      vertex -0.29999999701976776 -28.78941714587697 6.159110991546882
      vertex -3.2000000029802322 -28.78941714587697 6.159110991546882
    endloop
  endfacet
  facet normal 0 -0.19509032201610974 -0.9807852804032341
    outer loop
      vertex -0.29999999701976776 -28.78941714587697 6.159110991546882
      vertex -0.29999999701976776 -28.94336856933594 6.189733833648571
      vertex -3.2000000029802322 -28.94336856933594 6.189733833648571
    endloop
  endfacet
  facet normal 0 0.8314696123025404 -0.5555702330196095
    outer loop
      vertex -0.29999999701976776 -30.13923048454133 5.6
      vertex -3.2000000029802322 -30.13923048454133 5.6
      vertex -0.29999999701976776 -30.052024008349484 5.7305137148104635
    endloop
  endfacet
  facet normal 0 -0.06540312923018565 -0.9978589232386007
    outer loop
      vertex -0.29999999701976776 -28.94336856933594 6.189733833648571
      vertex -0.29999999701976776 -29.099999999999994 6.200000000000005
      vertex -3.2000000029802322 -29.099999999999994 6.200000000000005
    endloop
  endfacet
  facet normal 0 0.06540312923016701 -0.9978589232386019
    outer loop
      vertex -0.29999999701976776 -29.099999999999994 6.200000000000005
      vertex -0.29999999701976776 -29.256631430664065 6.189733833648573
      vertex -3.2000000029802322 -29.256631430664065 6.189733833648573
    endloop
  endfacet
  facet normal 0 0.19509032201612497 -0.9807852804032311
    outer loop
      vertex -0.29999999701976776 -29.256631430664065 6.189733833648573
      vertex -0.29999999701976776 -29.41058285412303 6.159110991546882
      vertex -3.2000000029802322 -29.41058285412303 6.159110991546882
    endloop
  endfacet
  facet normal 0 0.32143946530317125 -0.9469301294951024
    outer loop
      vertex -0.29999999701976776 -29.41058285412303 6.159110991546882
      vertex -0.29999999701976776 -29.55922011883811 6.108655439013544
      vertex -3.2000000029802322 -29.55922011883811 6.108655439013544
    endloop
  endfacet
  facet normal 0 0.44228869021899997 -0.8968727415326888
    outer loop
      vertex -0.29999999701976776 -29.55922011883811 6.108655439013544
      vertex -0.29999999701976776 -29.7 6.039230484541328
      vertex -3.2000000029802322 -29.7 6.039230484541328
    endloop
  endfacet
  facet normal 0 0.5555702330196226 -0.8314696123025317
    outer loop
      vertex -0.29999999701976776 -29.7 6.039230484541328
      vertex -0.29999999701976776 -29.83051371481046 5.952024008349481
      vertex -3.2000000029802322 -29.83051371481046 5.952024008349481
    endloop
  endfacet
  facet normal 0 0.7518398074789733 -0.6593458151000736
    outer loop
      vertex -0.29999999701976776 -29.948528137423853 5.848528137423861
      vertex -0.29999999701976776 -30.052024008349484 5.7305137148104635
      vertex -3.2000000029802322 -30.052024008349484 5.7305137148104635
    endloop
  endfacet
  facet normal 0 0.659345815100052 -0.7518398074789922
    outer loop
      vertex -0.29999999701976776 -29.948528137423853 5.848528137423861
      vertex -3.2000000029802322 -29.948528137423853 5.848528137423861
      vertex -0.29999999701976776 -29.83051371481046 5.952024008349481
    endloop
  endfacet
  facet normal 0 0.9469301294951117 0.3214394653031439
    outer loop
      vertex -0.29999999701976776 -30.25911099154688 4.689417145876979
      vertex -3.2000000029802322 -30.208655439013544 4.5407798811618925
      vertex -3.2000000029802322 -30.25911099154688 4.689417145876979
    endloop
  endfacet
  facet normal 0 0.9807852804032315 0.19509032201612272
    outer loop
      vertex -0.29999999701976776 -30.28973383364857 4.843368569335938
      vertex -3.2000000029802322 -30.25911099154688 4.689417145876979
      vertex -3.2000000029802322 -30.28973383364857 4.843368569335938
    endloop
  endfacet
  facet normal 0 0.9978589232386017 0.06540312923017144
    outer loop
      vertex -0.29999999701976776 -30.3 4.999999999999998
      vertex -3.2000000029802322 -30.28973383364857 4.843368569335938
      vertex -3.2000000029802322 -30.3 4.999999999999998
    endloop
  endfacet
  facet normal 0 0.9978589232386018 -0.06540312923016922
    outer loop
      vertex -0.29999999701976776 -30.28973383364857 5.1566314306640635
      vertex -3.2000000029802322 -30.3 4.999999999999998
      vertex -3.2000000029802322 -30.28973383364857 5.1566314306640635
    endloop
  endfacet
  facet normal 0 0.9807852804032324 -0.1950903220161184
    outer loop
      vertex -0.29999999701976776 -30.25911099154688 5.310582854123027
      vertex -3.2000000029802322 -30.28973383364857 5.1566314306640635
      vertex -3.2000000029802322 -30.25911099154688 5.310582854123027
    endloop
  endfacet
  facet normal 0 0.9469301294951151 -0.32143946530313394
    outer loop
      vertex -0.29999999701976776 -30.208655439013548 5.4592201188381075
      vertex -3.2000000029802322 -30.25911099154688 5.310582854123027
      vertex -3.2000000029802322 -30.208655439013548 5.4592201188381075
    endloop
  endfacet
  facet normal 0 0.8968727415326866 -0.44228869021900463
    outer loop
      vertex -0.29999999701976776 -30.13923048454133 5.6
      vertex -3.2000000029802322 -30.208655439013548 5.4592201188381075
      vertex -3.2000000029802322 -30.13923048454133 5.6
    endloop
  endfacet
  facet normal 0 0.9469301294951117 0.3214394653031439
    outer loop
      vertex -0.29999999701976776 -30.208655439013544 4.5407798811618925
      vertex -3.2000000029802322 -30.208655439013544 4.5407798811618925
      vertex -0.29999999701976776 -30.25911099154688 4.689417145876979
    endloop
  endfacet
  facet normal 0 0.9807852804032315 0.19509032201612272
    outer loop
      vertex -0.29999999701976776 -30.25911099154688 4.689417145876979
      vertex -3.2000000029802322 -30.25911099154688 4.689417145876979
      vertex -0.29999999701976776 -30.28973383364857 4.843368569335938
    endloop
  endfacet
  facet normal 0 0.9978589232386017 0.06540312923017144
    outer loop
      vertex -0.29999999701976776 -30.28973383364857 4.843368569335938
      vertex -3.2000000029802322 -30.28973383364857 4.843368569335938
      vertex -0.29999999701976776 -30.3 4.999999999999998
    endloop
  endfacet
  facet normal 0 0.9978589232386018 -0.06540312923016922
    outer loop
      vertex -0.29999999701976776 -30.3 4.999999999999998
      vertex -3.2000000029802322 -30.3 4.999999999999998
      vertex -0.29999999701976776 -30.28973383364857 5.1566314306640635
    endloop
  endfacet
  facet normal 0 0.9807852804032324 -0.1950903220161184
    outer loop
      vertex -0.29999999701976776 -30.28973383364857 5.1566314306640635
      vertex -3.2000000029802322 -30.28973383364857 5.1566314306640635
      vertex -0.29999999701976776 -30.25911099154688 5.310582854123027
    endloop
  endfacet
  facet normal 0 0.9469301294951151 -0.32143946530313394
    outer loop
      vertex -0.29999999701976776 -30.25911099154688 5.310582854123027
      vertex -3.2000000029802322 -30.25911099154688 5.310582854123027
      vertex -0.29999999701976776 -30.208655439013548 5.4592201188381075
    endloop
  endfacet
  facet normal 0 0.8968727415326866 -0.44228869021900463
    outer loop
      vertex -0.29999999701976776 -30.13923048454133 5.6
      vertex -0.29999999701976776 -30.208655439013548 5.4592201188381075
      vertex -3.2000000029802322 -30.208655439013548 5.4592201188381075
    endloop
  endfacet
  facet normal 0 -1 4.332577657073778e-16
    outer loop
      vertex 33.42999999970198 -15.4 3.799999999999998
      vertex 34.47999999999999 -15.4 3.799999999999998
      vertex 33.42999999970198 -15.399999999999999 7.900000000000001
    endloop
  endfacet
  facet normal 0 -1 4.332577657073778e-16
    outer loop
      vertex 34.47999999999999 -15.4 3.799999999999998
      vertex 34.47999999999999 -15.399999999999999 7.900000000000001
      vertex 33.42999999970198 -15.399999999999999 7.900000000000001
    endloop
  endfacet
  facet normal 0 -9.063045098980867e-17 1
    outer loop
      vertex 33.42999999970198 -15.4 3.799999999999998
      vertex 34.47999999999999 -25.200000000000003 3.799999999999997
      vertex 34.47999999999999 -15.4 3.799999999999998
    endloop
  endfacet
  facet normal 0 9.063045098980865e-17 -1
    outer loop
      vertex 33.42999999970198 -15.399999999999999 7.900000000000001
      vertex 34.47999999999999 -15.399999999999999 7.900000000000001
      vertex 33.42999999970198 -25.200000000000003 7.9
    endloop
  endfacet
  facet normal 0 -9.063045098980867e-17 1
    outer loop
      vertex 33.42999999970198 -15.4 3.799999999999998
      vertex 33.42999999970198 -25.200000000000003 3.799999999999997
      vertex 34.47999999999999 -25.200000000000003 3.799999999999997
    endloop
  endfacet
  facet normal 0 1 0
    outer loop
      vertex 33.42999999970198 -25.200000000000003 3.799999999999997
      vertex 33.42999999970198 -25.200000000000003 7.9
      vertex 34.47999999999999 -25.200000000000003 7.9
    endloop
  endfacet
  facet normal 0 9.063045098980865e-17 -1
    outer loop
      vertex 34.47999999999999 -15.399999999999999 7.900000000000001
      vertex 34.47999999999999 -25.200000000000003 7.9
      vertex 33.42999999970198 -25.200000000000003 7.9
    endloop
  endfacet
  facet normal 0 1 0
    outer loop
      vertex 33.42999999970198 -25.200000000000003 3.799999999999997
      vertex 34.47999999999999 -25.200000000000003 7.9
      vertex 34.47999999999999 -25.200000000000003 3.799999999999997
    endloop
  endfacet
  facet normal 1 0 0
    outer loop
      vertex 34.47999999999999 -13.799999999999997 2.0999999999999996
      vertex 34.47999999999999 -13.799999999999999 8.3
      vertex 34.47999999999999 -15.4 3.799999999999998
    endloop
  endfacet
  facet normal 0 -1 -2.8650916764520163e-16
    outer loop
      vertex 34.47999999999999 -13.799999999999997 2.0999999999999996
      vertex 36.32999999821186 -13.799999999999997 2.0999999999999996
      vertex 34.47999999999999 -13.799999999999999 8.3
    endloop
  endfacet
  facet normal 1 0 0
    outer loop
      vertex 34.47999999999999 -13.799999999999997 2.0999999999999996
      vertex 34.47999999999999 -15.4 3.799999999999998
      vertex 34.47999999999999 -25.200000000000003 3.799999999999997
    endloop
  endfacet
  facet normal 0 1.3664283380001927e-16 1
    outer loop
      vertex 34.47999999999999 -13.799999999999997 2.0999999999999996
      vertex 36.32999999821186 -26.799999999999997 2.1000000000000014
      vertex 36.32999999821186 -13.799999999999997 2.0999999999999996
    endloop
  endfacet
  facet normal 1 0 0
    outer loop
      vertex 34.47999999999999 -15.4 3.799999999999998
      vertex 34.47999999999999 -13.799999999999999 8.3
      vertex 34.47999999999999 -15.399999999999999 7.900000000000001
    endloop
  endfacet
  facet normal 0 -1 -2.8650916764520163e-16
    outer loop
      vertex 36.32999999821186 -13.799999999999997 2.0999999999999996
      vertex 36.32999999821186 -13.799999999999999 8.3
      vertex 34.47999999999999 -13.799999999999999 8.3
    endloop
  endfacet
  facet normal 1 0 0
    outer loop
      vertex 34.47999999999999 -15.399999999999999 7.900000000000001
      vertex 34.47999999999999 -13.799999999999999 8.3
      vertex 34.47999999999999 -25.200000000000003 7.9
    endloop
  endfacet
  facet normal 1 0 0
    outer loop
      vertex 34.47999999999999 -13.799999999999997 2.0999999999999996
      vertex 34.47999999999999 -25.200000000000003 3.799999999999997
      vertex 34.47999999999999 -26.799999999999997 2.1000000000000014
    endloop
  endfacet
  facet normal 0 1.3664283380001927e-16 1
    outer loop
      vertex 34.47999999999999 -13.799999999999997 2.0999999999999996
      vertex 34.47999999999999 -26.799999999999997 2.1000000000000014
      vertex 36.32999999821186 -26.799999999999997 2.1000000000000014
    endloop
  endfacet
  facet normal 1 0 0
    outer loop
      vertex 34.47999999999999 -25.200000000000003 7.9
      vertex 34.47999999999999 -13.799999999999999 8.3
      vertex 34.47999999999999 -26.8 8.300000000000004
    endloop
  endfacet
  facet normal 1 0 0
    outer loop
      vertex 34.47999999999999 -26.799999999999997 2.1000000000000014
      vertex 34.47999999999999 -25.200000000000003 3.799999999999997
      vertex 34.47999999999999 -25.200000000000003 7.9
    endloop
  endfacet
  facet normal 1 0 0
    outer loop
      vertex 34.47999999999999 -26.799999999999997 2.1000000000000014
      vertex 34.47999999999999 -25.200000000000003 7.9
      vertex 34.47999999999999 -26.8 8.300000000000004
    endloop
  endfacet
  facet normal 1.1004162594364288e-30 1 5.730183352904031e-16
    outer loop
      vertex 34.47999999999999 -26.799999999999997 2.1000000000000014
      vertex 34.47999999999999 -26.8 8.300000000000004
      vertex 36.32999999821186 -26.8 8.3
    endloop
  endfacet
  facet normal 0 1 5.730183352904035e-16
    outer loop
      vertex 34.47999999999999 -26.799999999999997 2.1000000000000014
      vertex 36.32999999821186 -26.8 8.3
      vertex 36.32999999821186 -26.799999999999997 2.1000000000000014
    endloop
  endfacet
endsolid OpenSCAD_Model
