solid OpenSCAD_Model
  facet normal -0.5879378045375031 -0.3928474771444003 -0.7071067795580104
    outer loop
      vertex 1.2302052602171898 2.4008582830429077 0
      vertex 1.4626311138272285 2.053008407354355 0
      vertex 0.5358983874320984 2 0.8
    endloop
  endfacet
  facet normal -0.6341847963390724 -0.3127453402345845 -0.7071067785376712
    outer loop
      vertex 1.2302052602171898 2.4008582830429077 0
      vertex 0.5358983874320984 2 0.8
      vertex 1.0451713651418686 2.7760698944330215 0
    endloop
  endfacet
  facet normal -0.5316310267222301 -0.46622789670901366 -0.7071067810144072
    outer loop
      vertex 0.8265866413712502 1.5649542808532715 0.8
      vertex 1.4626311138272285 2.053008407354355 0
      vertex 1.7384720742702484 1.7384720742702484 0
    endloop
  endfacet
  facet normal -0.634184801957357 -0.3127453341346249 -0.7071067761967281
    outer loop
      vertex 0.3044818714261055 2.4692662730813026 0.8
      vertex 1.0451713651418686 2.7760698944330215 0
      vertex 0.5358983874320984 2 0.8
    endloop
  endfacet
  facet normal -0.5879378041711246 -0.3928474783168277 -0.7071067792112773
    outer loop
      vertex 0.5358983874320984 2 0.8
      vertex 1.4626311138272285 2.053008407354355 0
      vertex 0.8265866413712502 1.5649542808532715 0.8
    endloop
  endfacet
  facet normal -0.5316310233041708 -0.466227904088166 -0.7071067787188271
    outer loop
      vertex 1.1715728789567947 1.1715728789567947 0.8
      vertex 0.8265866413712502 1.5649542808532715 0.8
      vertex 1.7384720742702484 1.7384720742702484 0
    endloop
  endfacet
  facet normal -0.669580719983445 -0.22729201950813954 -0.7071067792733731
    outer loop
      vertex 1.0451713651418686 2.7760698944330215 0
      vertex 0.13629669696092606 2.9647238180041313 0.8
      vertex 0.9106953963637352 3.172223336994648 0
    endloop
  endfacet
  facet normal -0.6935199246747134 -0.13794969361799314 -0.7071067784358185
    outer loop
      vertex 0.8290782943367958 3.5825402066111565 0
      vertex 0.9106953963637352 3.172223336994648 0
      vertex 0.13629669696092606 2.9647238180041313 0.8
    endloop
  endfacet
  facet normal -0.7055928118365679 -0.046246993305941474 -0.7071067808292647
    outer loop
      vertex 0.8290782943367958 3.5825402066111565 0
      vertex 0 4 0.8
      vertex 0.7999999970197678 4.02618931978941 0
    endloop
  endfacet
  facet normal 0 0 -1
    outer loop
      vertex 1.2302052602171898 2.4008582830429077 0
      vertex 1.0451713651418686 2.7760698944330215 0
      vertex 0.9106953963637352 3.172223336994648 0
    endloop
  endfacet
  facet normal 0 0 -1
    outer loop
      vertex 0.8290782943367958 3.5825402066111565 0
      vertex 0.7999999970197678 4.02618931978941 0
      vertex 0.9106953963637352 3.172223336994648 0
    endloop
  endfacet
  facet normal 0 0 -1
    outer loop
      vertex 1.2302052602171898 2.4008582830429077 0
      vertex 0.9106953963637352 3.172223336994648 0
      vertex 0.7999999970197678 4.02618931978941 0
    endloop
  endfacet
  facet normal -0.6935199247146385 -0.13794969354177283 -0.7071067784115302
    outer loop
      vertex 0.8290782943367958 3.5825402066111565 0
      vertex 0.13629669696092606 2.9647238180041313 0.8
      vertex 0.03422055393457413 3.4778952300548553 0.8
    endloop
  endfacet
  facet normal -0.7055928123044158 -0.04624699539107448 -0.7071067802260441
    outer loop
      vertex 0.8290782943367958 3.5825402066111565 0
      vertex 0.03422055393457413 3.4778952300548553 0.8
      vertex 0 4 0.8
    endloop
  endfacet
  facet normal -0.6695807196362864 -0.22729202795385758 -0.707106776887321
    outer loop
      vertex 0.3044818714261055 2.4692662730813026 0.8
      vertex 0.13629669696092606 2.9647238180041313 0.8
      vertex 1.0451713651418686 2.7760698944330215 0
    endloop
  endfacet
  facet normal -0.3928474771444003 -0.5879378045375031 -0.7071067795580104
    outer loop
      vertex 2.053008407354355 1.4626311138272285 0
      vertex 2.4008582830429077 1.2302052602171898 0
      vertex 2 0.5358983874320984 0.8
    endloop
  endfacet
  facet normal 0 0 -1
    outer loop
      vertex 1.2302052602171898 2.4008582830429077 0
      vertex 1.7384720742702484 1.7384720742702484 0
      vertex 1.4626311138272285 2.053008407354355 0
    endloop
  endfacet
  facet normal 0 0 -1
    outer loop
      vertex 1.2302052602171898 2.4008582830429077 0
      vertex 2.7760698944330215 1.0451713651418686 0
      vertex 1.7384720742702484 1.7384720742702484 0
    endloop
  endfacet
  facet normal -0.4662278967090136 -0.53163102672223 -0.7071067810144073
    outer loop
      vertex 1.7384720742702484 1.7384720742702484 0
      vertex 2.053008407354355 1.4626311138272285 0
      vertex 1.5649542808532715 0.8265866413712502 0.8
    endloop
  endfacet
  facet normal 0 0 -1
    outer loop
      vertex 2.053008407354355 1.4626311138272285 0
      vertex 2.7760698944330215 1.0451713651418686 0
      vertex 2.4008582830429077 1.2302052602171898 0
    endloop
  endfacet
  facet normal -0.3127453402345845 -0.6341847963390724 -0.7071067785376712
    outer loop
      vertex 2.4008582830429077 1.2302052602171898 0
      vertex 2.7760698944330215 1.0451713651418686 0
      vertex 2 0.5358983874320984 0.8
    endloop
  endfacet
  facet normal 0 0 -1
    outer loop
      vertex 1.7384720742702484 1.7384720742702484 0
      vertex 2.7760698944330215 1.0451713651418686 0
      vertex 2.053008407354355 1.4626311138272285 0
    endloop
  endfacet
  facet normal 0 0 -1
    outer loop
      vertex 1.2302052602171898 2.4008582830429077 0
      vertex 4.02618932723999 0.7999999970197678 0
      vertex 2.7760698944330215 1.0451713651418686 0
    endloop
  endfacet
  facet normal -0.466227904088166 -0.5316310233041708 -0.7071067787188271
    outer loop
      vertex 1.1715728789567947 1.1715728789567947 0.8
      vertex 1.7384720742702484 1.7384720742702484 0
      vertex 1.5649542808532715 0.8265866413712502 0.8
    endloop
  endfacet
  facet normal -0.3928474783168277 -0.5879378041711245 -0.7071067792112772
    outer loop
      vertex 2.053008407354355 1.4626311138272285 0
      vertex 2 0.5358983874320984 0.8
      vertex 1.5649542808532715 0.8265866413712502 0.8
    endloop
  endfacet
  facet normal -0.31274533413462485 -0.634184801957357 -0.7071067761967281
    outer loop
      vertex 2.7760698944330215 1.0451713651418686 0
      vertex 2.4692662730813026 0.3044818714261055 0.8
      vertex 2 0.5358983874320984 0.8
    endloop
  endfacet
  facet normal -0.2272920279538577 -0.6695807196362863 -0.707106776887321
    outer loop
      vertex 2.7760698944330215 1.0451713651418686 0
      vertex 2.9647238180041313 0.13629669696092606 0.8
      vertex 2.4692662730813026 0.3044818714261055 0.8
    endloop
  endfacet
  facet normal 0 0 -1
    outer loop
      vertex 1.2302052602171898 2.4008582830429077 0
      vertex 3.0342205545047585 6.477895231119794 0
      vertex 3.1362966948437268 5.964723819589917 0
    endloop
  endfacet
  facet normal 0 0 -1
    outer loop
      vertex 1.2302052602171898 2.4008582830429077 0
      vertex 3.304481869954853 5.469266270539641 0
      vertex 3.5358983848622456 5 0
    endloop
  endfacet
  facet normal 0 0 -1
    outer loop
      vertex 1.2302052602171898 2.4008582830429077 0
      vertex 3.5358983848622456 5 0
      vertex 3.8265866388350593 4.564954283965117 0
    endloop
  endfacet
  facet normal 0 0 -1
    outer loop
      vertex 1.2302052602171898 2.4008582830429077 0
      vertex 3.1362966948437268 5.964723819589917 0
      vertex 3.304481869954853 5.469266270539641 0
    endloop
  endfacet
  facet normal 0 0 -1
    outer loop
      vertex 1.2302052602171898 2.4008582830429077 0
      vertex 3 7 0
      vertex 3.0342205545047585 6.477895231119794 0
    endloop
  endfacet
  facet normal 0 0 -1
    outer loop
      vertex 2.7760698944330215 1.0451713651418686 0
      vertex 3.5825402066111565 0.8290782943367958 0
      vertex 3.172223336994648 0.9106953963637352 0
    endloop
  endfacet
  facet normal 0 0 -1
    outer loop
      vertex 2.7760698944330215 1.0451713651418686 0
      vertex 4.02618932723999 0.7999999970197678 0
      vertex 3.5825402066111565 0.8290782943367958 0
    endloop
  endfacet
  facet normal -0.22729201950813954 -0.669580719983445 -0.7071067792733731
    outer loop
      vertex 2.7760698944330215 1.0451713651418686 0
      vertex 3.172223336994648 0.9106953963637352 0
      vertex 2.9647238180041313 0.13629669696092606 0.8
    endloop
  endfacet
  facet normal -0.13794969361799314 -0.6935199246747134 -0.7071067784358185
    outer loop
      vertex 3.172223336994648 0.9106953963637352 0
      vertex 3.5825402066111565 0.8290782943367958 0
      vertex 2.9647238180041313 0.13629669696092606 0.8
    endloop
  endfacet
  facet normal -0.046246992517683744 -0.705592811659704 -0.7071067810573046
    outer loop
      vertex 3.5825402066111565 0.8290782943367958 0
      vertex 4.02618932723999 0.7999999970197678 0
      vertex 4 0 0.8
    endloop
  endfacet
  facet normal -0.13794969354177283 -0.6935199247146385 -0.7071067784115302
    outer loop
      vertex 3.5825402066111565 0.8290782943367958 0
      vertex 3.4778952300548553 0.03422055393457413 0.8
      vertex 2.9647238180041313 0.13629669696092606 0.8
    endloop
  endfacet
  facet normal -0.04624699539107448 -0.7055928123044158 -0.7071067802260441
    outer loop
      vertex 3.5825402066111565 0.8290782943367958 0
      vertex 4 0 0.8
      vertex 3.4778952300548553 0.03422055393457413 0.8
    endloop
  endfacet
  facet normal 0 0 -1
    outer loop
      vertex 1.2302052602171898 2.4008582830429077 0
      vertex 3.8265866388350593 4.564954283965117 0
      vertex 4.17157287525381 4.17157287525381 0
    endloop
  endfacet
  facet normal 0 0 -1
    outer loop
      vertex 1.2302052602171898 2.4008582830429077 0
      vertex 4.17157287525381 4.17157287525381 0
      vertex 4.564954283965117 3.8265866388350593 0
    endloop
  endfacet
  facet normal 0 0 -1
    outer loop
      vertex 1.2302052602171898 2.4008582830429077 0
      vertex 5 3.5358983848622456 0
      vertex 5.469266270539641 3.304481869954853 0
    endloop
  endfacet
  facet normal 0 0 -1
    outer loop
      vertex 1.2302052602171898 2.4008582830429077 0
      vertex 4.564954283965117 3.8265866388350593 0
      vertex 5 3.5358983848622456 0
    endloop
  endfacet
  facet normal 0 0 -1
    outer loop
      vertex 1.2302052602171898 2.4008582830429077 0
      vertex 5.469266270539641 3.304481869954853 0
      vertex 5.964723819589917 3.1362966948437268 0
    endloop
  endfacet
  facet normal 0 0 -1
    outer loop
      vertex 1.2302052602171898 2.4008582830429077 0
      vertex 5.964723819589917 3.1362966948437268 0
      vertex 6.477895231119794 3.0342205545047585 0
    endloop
  endfacet
  facet normal 0 0 -1
    outer loop
      vertex 1.2302052602171898 2.4008582830429077 0
      vertex 13.506494808074136 1.918510203011285 0
      vertex 4.02618932723999 0.7999999970197678 0
    endloop
  endfacet
  facet normal 0 0 -1
    outer loop
      vertex 1.2302052602171898 2.4008582830429077 0
      vertex 6.477895231119794 3.0342205545047585 0
      vertex 13.71332595550318 2.5079789731840636 0
    endloop
  endfacet
  facet normal 0 0 -1
    outer loop
      vertex 1.2302052602171898 2.4008582830429077 0
      vertex 13.71332595550318 2.5079789731840636 0
      vertex 13.506494808074136 1.918510203011285 0
    endloop
  endfacet
  facet normal 0 0 -1
    outer loop
      vertex 13.71332595550318 2.5079789731840636 0
      vertex 6.477895231119794 3.0342205545047585 0
      vertex 7 3 0
    endloop
  endfacet
  facet normal 0 0 -1
    outer loop
      vertex 13.71332595550318 2.5079789731840636 0
      vertex 7 3 0
      vertex 7.522104768880206 3.0342205545047585 0
    endloop
  endfacet
  facet normal 0 0 -1
    outer loop
      vertex 13.71332595550318 2.5079789731840636 0
      vertex 7.522104768880206 3.0342205545047585 0
      vertex 8.035276180410083 3.1362966948437268 0
    endloop
  endfacet
  facet normal 0 0 -1
    outer loop
      vertex 4.02618932723999 0.7999999970197678 0
      vertex 13.506494808074136 1.918510203011285 0
      vertex 13.977599848528017 1.9 0
    endloop
  endfacet
  facet normal 0 0 -1
    outer loop
      vertex 13.71332595550318 2.5079789731840636 0
      vertex 8.035276180410083 3.1362966948437268 0
      vertex 8.530733729460358 3.304481869954853 0
    endloop
  endfacet
  facet normal 0 0 -1
    outer loop
      vertex 13.71332595550318 2.5079789731840636 0
      vertex 8.530733729460358 3.304481869954853 0
      vertex 9 3.5358983848622456 0
    endloop
  endfacet
  facet normal 0 0 -1
    outer loop
      vertex 13.71332595550318 2.5079789731840636 0
      vertex 9 3.5358983848622456 0
      vertex 9.435045716034882 3.8265866388350593 0
    endloop
  endfacet
  facet normal 0 0 -1
    outer loop
      vertex 13.71332595550318 2.5079789731840636 0
      vertex 9.435045716034882 3.8265866388350593 0
      vertex 9.82842712474619 4.17157287525381 0
    endloop
  endfacet
  facet normal 0 0 -1
    outer loop
      vertex 13.71332595550318 2.5079789731840636 0
      vertex 9.82842712474619 4.17157287525381 0
      vertex 10.17341336116494 4.564954283965117 0
    endloop
  endfacet
  facet normal 0 0 -1
    outer loop
      vertex 13.71332595550318 2.5079789731840636 0
      vertex 10.17341336116494 4.564954283965117 0
      vertex 10.464101615137753 5 0
    endloop
  endfacet
  facet normal -0.831469614167989 -0.5555702302277682 0
    outer loop
      vertex 0.5358983874320984 2 0.8
      vertex 0.8265866413712502 1.5649542808532715 0.8
      vertex 0.5358983874320984 2 15.200000000000001
    endloop
  endfacet
  facet normal -0.8968727416500544 -0.4422886899810064 0
    outer loop
      vertex 0.3044818714261055 2.4692662730813026 0.8
      vertex 0.5358983874320984 2 0.8
      vertex 0.3044818714261055 2.4692662730813026 15.200000000000001
    endloop
  endfacet
  facet normal -0.6593458228172266 -0.7518398007112117 0
    outer loop
      vertex 1.1715728789567947 1.1715728789567947 0.8
      vertex 1.5649542808532715 0.8265866413712502 0.8
      vertex 1.1715728789567947 1.1715728789567947 15.200000000000001
    endloop
  endfacet
  facet normal -0.7518398007112117 -0.6593458228172266 0
    outer loop
      vertex 1.1715728789567947 1.1715728789567947 0.8
      vertex 1.1715728789567947 1.1715728789567947 15.200000000000001
      vertex 0.8265866413712502 1.5649542808532715 0.8
    endloop
  endfacet
  facet normal -0.9807852794583503 -0.19509032676636193 0
    outer loop
      vertex 0.13629669696092606 2.9647238180041313 0.8
      vertex 0.13629669696092606 2.9647238180041313 15.200000000000001
      vertex 0.03422055393457413 3.4778952300548553 0.8
    endloop
  endfacet
  facet normal -0.946930129055815 -0.3214394665972703 0
    outer loop
      vertex 0.3044818714261055 2.4692662730813026 0.8
      vertex 0.13629669696092606 2.9647238180041313 15.200000000000001
      vertex 0.13629669696092606 2.9647238180041313 0.8
    endloop
  endfacet
  facet normal -0.9978589233184303 -0.06540312801222276 0
    outer loop
      vertex 0.03422055393457413 3.4778952300548553 0.8
      vertex 0.03422055393457413 3.4778952300548553 15.200000000000001
      vertex 0 4 0.8
    endloop
  endfacet
  facet normal -0.5555702302277682 -0.831469614167989 0
    outer loop
      vertex 1.5649542808532715 0.8265866413712502 0.8
      vertex 2 0.5358983874320984 0.8
      vertex 2 0.5358983874320984 15.200000000000001
    endloop
  endfacet
  facet normal -0.4422886899810064 -0.8968727416500544 0
    outer loop
      vertex 2 0.5358983874320984 0.8
      vertex 2.4692662730813026 0.3044818714261055 0.8
      vertex 2 0.5358983874320984 15.200000000000001
    endloop
  endfacet
  facet normal -0.3214394665972703 -0.946930129055815 0
    outer loop
      vertex 2.4692662730813026 0.3044818714261055 0.8
      vertex 2.9647238180041313 0.13629669696092606 0.8
      vertex 2.9647238180041313 0.13629669696092606 15.200000000000001
    endloop
  endfacet
  facet normal -0.19509032676636193 -0.9807852794583503 0
    outer loop
      vertex 2.9647238180041313 0.13629669696092606 0.8
      vertex 3.4778952300548553 0.03422055393457413 0.8
      vertex 2.9647238180041313 0.13629669696092606 15.200000000000001
    endloop
  endfacet
  facet normal -0.06540312801222276 -0.9978589233184303 0
    outer loop
      vertex 3.4778952300548553 0.03422055393457413 0.8
      vertex 4 0 0.8
      vertex 4 0 15.200000000000001
    endloop
  endfacet
  facet normal 0 0 -1
    outer loop
      vertex 1.2302052602171898 2.4008582830429077 0
      vertex 0.7999999970197678 4.02618931978941 0
      vertex 1.0451713651418686 78.2239300981164 0
    endloop
  endfacet
  facet normal -0.7071067825036366 0 -0.7071067798694585
    outer loop
      vertex 0.7999999970197678 4.02618931978941 0
      vertex 0 4 0.8
      vertex 0 77 0.8
    endloop
  endfacet
  facet normal 0 0 -1
    outer loop
      vertex 1.2302052602171898 2.4008582830429077 0
      vertex 1.0451713651418686 78.2239300981164 0
      vertex 3 7 0
    endloop
  endfacet
  facet normal 0 0 -1
    outer loop
      vertex 1.0451713651418686 78.2239300981164 0
      vertex 3.0342205545047585 7.522104768880206 0
      vertex 3 7 0
    endloop
  endfacet
  facet normal 0 0 -1
    outer loop
      vertex 1.0451713651418686 78.2239300981164 0
      vertex 3.1362966948437268 8.035276180410083 0
      vertex 3.0342205545047585 7.522104768880206 0
    endloop
  endfacet
  facet normal 0 0 -1
    outer loop
      vertex 1.0451713651418686 78.2239300981164 0
      vertex 3.304481869954853 8.530733729460358 0
      vertex 3.1362966948437268 8.035276180410083 0
    endloop
  endfacet
  facet normal 0 0 -1
    outer loop
      vertex 1.0451713651418686 78.2239300981164 0
      vertex 3.5358983848622456 9 0
      vertex 3.304481869954853 8.530733729460358 0
    endloop
  endfacet
  facet normal 0 0 -1
    outer loop
      vertex 1.0451713651418686 78.2239300981164 0
      vertex 3.8265866388350593 9.435045716034882 0
      vertex 3.5358983848622456 9 0
    endloop
  endfacet
  facet normal 0 0 -1
    outer loop
      vertex 1.0451713651418686 78.2239300981164 0
      vertex 4.17157287525381 9.82842712474619 0
      vertex 3.8265866388350593 9.435045716034882 0
    endloop
  endfacet
  facet normal 0 0 -1
    outer loop
      vertex 1.0451713651418686 78.2239300981164 0
      vertex 4.564954283965117 10.17341336116494 0
      vertex 4.17157287525381 9.82842712474619 0
    endloop
  endfacet
  facet normal 0 0 -1
    outer loop
      vertex 1.0451713651418686 78.2239300981164 0
      vertex 5 10.464101615137753 0
      vertex 4.564954283965117 10.17341336116494 0
    endloop
  endfacet
  facet normal 0 0 -1
    outer loop
      vertex 1.0451713651418686 78.2239300981164 0
      vertex 5.469266270539641 10.695518130045148 0
      vertex 5 10.464101615137753 0
    endloop
  endfacet
  facet normal 0 0 -1
    outer loop
      vertex 1.0451713651418686 78.2239300981164 0
      vertex 5.964723819589917 10.863703305156273 0
      vertex 5.469266270539641 10.695518130045148 0
    endloop
  endfacet
  facet normal 0 0 -1
    outer loop
      vertex 1.0451713651418686 78.2239300981164 0
      vertex 6.477895231119794 10.965779445495242 0
      vertex 5.964723819589917 10.863703305156273 0
    endloop
  endfacet
  facet normal 0 0 -1
    outer loop
      vertex 1.0451713651418686 78.2239300981164 0
      vertex 7 11 0
      vertex 6.477895231119794 10.965779445495242 0
    endloop
  endfacet
  facet normal 0 0 -1
    outer loop
      vertex 1.0451713651418686 78.2239300981164 0
      vertex 7.522104768880206 10.965779445495242 0
      vertex 7 11 0
    endloop
  endfacet
  facet normal 0 0 -1
    outer loop
      vertex 1.0451713651418686 78.2239300981164 0
      vertex 8.035276180410083 10.863703305156273 0
      vertex 7.522104768880206 10.965779445495242 0
    endloop
  endfacet
  facet normal 0 0 -1
    outer loop
      vertex 13.71332595550318 2.5079789731840636 0
      vertex 10.464101615137753 9 0
      vertex 1.0451713651418686 78.2239300981164 0
    endloop
  endfacet
  facet normal 0 0 -1
    outer loop
      vertex 13.71332595550318 2.5079789731840636 0
      vertex 1.0451713651418686 78.2239300981164 0
      vertex 15.5 2.5233108570435268 0
    endloop
  endfacet
  facet normal 0 0 -1
    outer loop
      vertex 1.0451713651418686 78.2239300981164 0
      vertex 9.82842712474619 9.82842712474619 0
      vertex 9.435045716034882 10.17341336116494 0
    endloop
  endfacet
  facet normal 0 0 -1
    outer loop
      vertex 1.0451713651418686 78.2239300981164 0
      vertex 10.17341336116494 9.435045716034882 0
      vertex 9.82842712474619 9.82842712474619 0
    endloop
  endfacet
  facet normal 0 0 -1
    outer loop
      vertex 1.0451713651418686 78.2239300981164 0
      vertex 8.530733729460358 10.695518130045148 0
      vertex 8.035276180410083 10.863703305156273 0
    endloop
  endfacet
  facet normal 0 0 -1
    outer loop
      vertex 1.0451713651418686 78.2239300981164 0
      vertex 9 10.464101615137753 0
      vertex 8.530733729460358 10.695518130045148 0
    endloop
  endfacet
  facet normal 0 0 -1
    outer loop
      vertex 1.0451713651418686 78.2239300981164 0
      vertex 9.435045716034882 10.17341336116494 0
      vertex 9 10.464101615137753 0
    endloop
  endfacet
  facet normal 0 0 -1
    outer loop
      vertex 1.0451713651418686 78.2239300981164 0
      vertex 10.464101615137753 9 0
      vertex 10.17341336116494 9.435045716034882 0
    endloop
  endfacet
  facet normal -1 0 0
    outer loop
      vertex 0 4 0.8
      vertex 0 4 15.200000000000001
      vertex 0 77 0.8
    endloop
  endfacet
  facet normal 0 0 -1
    outer loop
      vertex 13.71332595550318 2.5079789731840636 0
      vertex 10.464101615137753 5 0
      vertex 10.695518130045148 5.469266270539641 0
    endloop
  endfacet
  facet normal 0 0 -1
    outer loop
      vertex 13.71332595550318 2.5079789731840636 0
      vertex 10.695518130045148 5.469266270539641 0
      vertex 10.863703305156273 5.964723819589917 0
    endloop
  endfacet
  facet normal 0 0 -1
    outer loop
      vertex 13.71332595550318 2.5079789731840636 0
      vertex 10.863703305156273 5.964723819589917 0
      vertex 10.965779445495242 6.477895231119794 0
    endloop
  endfacet
  facet normal 0 0 -1
    outer loop
      vertex 13.71332595550318 2.5079789731840636 0
      vertex 10.965779445495242 7.522104768880206 0
      vertex 10.863703305156273 8.035276180410083 0
    endloop
  endfacet
  facet normal 0 0 -1
    outer loop
      vertex 13.71332595550318 2.5079789731840636 0
      vertex 10.965779445495242 6.477895231119794 0
      vertex 11 7 0
    endloop
  endfacet
  facet normal 0 0 -1
    outer loop
      vertex 13.71332595550318 2.5079789731840636 0
      vertex 11 7 0
      vertex 10.965779445495242 7.522104768880206 0
    endloop
  endfacet
  facet normal 0 0 -1
    outer loop
      vertex 13.71332595550318 2.5079789731840636 0
      vertex 10.695518130045148 8.530733729460358 0
      vertex 10.464101615137753 9 0
    endloop
  endfacet
  facet normal 0 0 -1
    outer loop
      vertex 13.71332595550318 2.5079789731840636 0
      vertex 10.863703305156273 8.035276180410083 0
      vertex 10.695518130045148 8.530733729460358 0
    endloop
  endfacet
  facet normal 0 -0.7071067825036366 -0.7071067798694586
    outer loop
      vertex 4.02618932723999 0.7999999970197678 0
      vertex 41.97381067276001 0.7999999970197678 0
      vertex 4 0 0.8
    endloop
  endfacet
  facet normal 0 0 -1
    outer loop
      vertex 4.02618932723999 0.7999999970197678 0
      vertex 13.977599848528017 1.9 0
      vertex 41.97381067276001 0.7999999970197678 0
    endloop
  endfacet
  facet normal 0 0 -1
    outer loop
      vertex 15.5 2.5233108570435268 0
      vertex 4.17157287525381 71.17157287525382 0
      vertex 35.034220554504756 6.477895231119794 0
    endloop
  endfacet
  facet normal -0.8968727416500544 -0.4422886899810064 0
    outer loop
      vertex 0.5358983874320984 2 0.8
      vertex 0.5358983874320984 2 15.200000000000001
      vertex 0.3044818714261055 2.4692662730813026 15.200000000000001
    endloop
  endfacet
  facet normal -0.6593458228172266 -0.7518398007112117 0
    outer loop
      vertex 1.5649542808532715 0.8265866413712502 0.8
      vertex 1.5649542808532715 0.8265866413712502 15.200000000000001
      vertex 1.1715728789567947 1.1715728789567947 15.200000000000001
    endloop
  endfacet
  facet normal -0.831469614167989 -0.5555702302277682 0
    outer loop
      vertex 0.8265866413712502 1.5649542808532715 0.8
      vertex 0.8265866413712502 1.5649542808532715 15.200000000000001
      vertex 0.5358983874320984 2 15.200000000000001
    endloop
  endfacet
  facet normal -0.7518398007112117 -0.6593458228172266 0
    outer loop
      vertex 0.8265866413712502 1.5649542808532715 0.8
      vertex 1.1715728789567947 1.1715728789567947 15.200000000000001
      vertex 0.8265866413712502 1.5649542808532715 15.200000000000001
    endloop
  endfacet
  facet normal -0.946930129055815 -0.3214394665972703 0
    outer loop
      vertex 0.3044818714261055 2.4692662730813026 0.8
      vertex 0.3044818714261055 2.4692662730813026 15.200000000000001
      vertex 0.13629669696092606 2.9647238180041313 15.200000000000001
    endloop
  endfacet
  facet normal -0.9807852794583503 -0.19509032676636193 0
    outer loop
      vertex 0.03422055393457413 3.4778952300548553 0.8
      vertex 0.13629669696092606 2.9647238180041313 15.200000000000001
      vertex 0.03422055393457413 3.4778952300548553 15.200000000000001
    endloop
  endfacet
  facet normal -0.9978589233184303 -0.06540312801222276 0
    outer loop
      vertex 0 4 0.8
      vertex 0.03422055393457413 3.4778952300548553 15.200000000000001
      vertex 0 4 15.200000000000001
    endloop
  endfacet
  facet normal -0.5555702302277682 -0.831469614167989 0
    outer loop
      vertex 1.5649542808532715 0.8265866413712502 0.8
      vertex 2 0.5358983874320984 15.200000000000001
      vertex 1.5649542808532715 0.8265866413712502 15.200000000000001
    endloop
  endfacet
  facet normal -0.4422886899810064 -0.8968727416500544 0
    outer loop
      vertex 2.4692662730813026 0.3044818714261055 0.8
      vertex 2.4692662730813026 0.3044818714261055 15.200000000000001
      vertex 2 0.5358983874320984 15.200000000000001
    endloop
  endfacet
  facet normal -0.3214394665972703 -0.946930129055815 0
    outer loop
      vertex 2.4692662730813026 0.3044818714261055 0.8
      vertex 2.9647238180041313 0.13629669696092606 15.200000000000001
      vertex 2.4692662730813026 0.3044818714261055 15.200000000000001
    endloop
  endfacet
  facet normal -0.19509032676636193 -0.9807852794583503 0
    outer loop
      vertex 3.4778952300548553 0.03422055393457413 0.8
      vertex 3.4778952300548553 0.03422055393457413 15.200000000000001
      vertex 2.9647238180041313 0.13629669696092606 15.200000000000001
    endloop
  endfacet
  facet normal -0.06540312801222276 -0.9978589233184303 0
    outer loop
      vertex 3.4778952300548553 0.03422055393457413 0.8
      vertex 4 0 15.200000000000001
      vertex 3.4778952300548553 0.03422055393457413 15.200000000000001
    endloop
  endfacet
  facet normal 0 0 1
    outer loop
      vertex 0.3044818714261055 2.4692662730813026 15.200000000000001
      vertex 0.5358983874320984 2 15.200000000000001
      vertex 0.13629669696092606 2.9647238180041313 15.200000000000001
    endloop
  endfacet
  facet normal 0 0 1
    outer loop
      vertex 0.5358983874320984 2 15.200000000000001
      vertex 1.1715728789567947 1.1715728789567947 15.200000000000001
      vertex 2 0.5358983874320984 15.200000000000001
    endloop
  endfacet
  facet normal 0 0 1
    outer loop
      vertex 0.5358983874320984 2 15.200000000000001
      vertex 0.8265866413712502 1.5649542808532715 15.200000000000001
      vertex 1.1715728789567947 1.1715728789567947 15.200000000000001
    endloop
  endfacet
  facet normal 0 0 1
    outer loop
      vertex 0.5358983874320984 2 15.200000000000001
      vertex 0 4 15.200000000000001
      vertex 0.13629669696092606 2.9647238180041313 15.200000000000001
    endloop
  endfacet
  facet normal 0 0 1
    outer loop
      vertex 0.13629669696092606 2.9647238180041313 15.200000000000001
      vertex 0 4 15.200000000000001
      vertex 0.03422055393457413 3.4778952300548553 15.200000000000001
    endloop
  endfacet
  facet normal 0 0 1
    outer loop
      vertex 1.1715728789567947 1.1715728789567947 15.200000000000001
      vertex 1.5649542808532715 0.8265866413712502 15.200000000000001
      vertex 2 0.5358983874320984 15.200000000000001
    endloop
  endfacet
  facet normal 0 0 1
    outer loop
      vertex 2 0.5358983874320984 15.200000000000001
      vertex 2.4692662730813026 0.3044818714261055 15.200000000000001
      vertex 2.9647238180041313 0.13629669696092606 15.200000000000001
    endloop
  endfacet
  facet normal 0 0 1
    outer loop
      vertex 0.5358983874320984 2 15.200000000000001
      vertex 2 0.5358983874320984 15.200000000000001
      vertex 4 0 15.200000000000001
    endloop
  endfacet
  facet normal 0 0 1
    outer loop
      vertex 0.5358983874320984 2 15.200000000000001
      vertex 3.2000000029802322 2.6143593564629555 15.200000000000001
      vertex 3.025981716811657 2.7306346520781517 15.200000000000001
    endloop
  endfacet
  facet normal 0 0 1
    outer loop
      vertex 0.5358983874320984 2 15.200000000000001
      vertex 3.387706510722637 2.521792747080326 15.200000000000001
      vertex 3.2000000029802322 2.6143593564629555 15.200000000000001
    endloop
  endfacet
  facet normal 0 0 1
    outer loop
      vertex 0.5358983874320984 2 15.200000000000001
      vertex 3.5858895257115364 2.454518675804138 15.200000000000001
      vertex 3.387706510722637 2.521792747080326 15.200000000000001
    endloop
  endfacet
  facet normal 0 0 1
    outer loop
      vertex 0.5358983874320984 2 15.200000000000001
      vertex 3.7911580950021744 2.4136882200837135 15.200000000000001
      vertex 3.5858895257115364 2.454518675804138 15.200000000000001
    endloop
  endfacet
  facet normal 0 0 1
    outer loop
      vertex 0.5358983874320984 2 15.200000000000001
      vertex 4 2.399999998509884 15.200000000000001
      vertex 3.7911580950021744 2.4136882200837135 15.200000000000001
    endloop
  endfacet
  facet normal 0 0 1
    outer loop
      vertex 0.5358983874320984 2 15.200000000000001
      vertex 2.4136882200837135 3.7911580950021744 15.200000000000001
      vertex 2.399999998509884 4 15.200000000000001
    endloop
  endfacet
  facet normal 0 0 1
    outer loop
      vertex 0.5358983874320984 2 15.200000000000001
      vertex 2.7306346520781517 3.025981716811657 15.200000000000001
      vertex 2.6143593564629555 3.2000000029802322 15.200000000000001
    endloop
  endfacet
  facet normal 0 0 1
    outer loop
      vertex 0.5358983874320984 2 15.200000000000001
      vertex 2.521792747080326 3.387706510722637 15.200000000000001
      vertex 2.454518675804138 3.5858895257115364 15.200000000000001
    endloop
  endfacet
  facet normal 0 0 1
    outer loop
      vertex 0.5358983874320984 2 15.200000000000001
      vertex 2.454518675804138 3.5858895257115364 15.200000000000001
      vertex 2.4136882200837135 3.7911580950021744 15.200000000000001
    endloop
  endfacet
  facet normal 0 0 1
    outer loop
      vertex 0.5358983874320984 2 15.200000000000001
      vertex 2.6143593564629555 3.2000000029802322 15.200000000000001
      vertex 2.521792747080326 3.387706510722637 15.200000000000001
    endloop
  endfacet
  facet normal 0 0 1
    outer loop
      vertex 0.5358983874320984 2 15.200000000000001
      vertex 2.8686291500926018 2.8686291500926018 15.200000000000001
      vertex 2.7306346520781517 3.025981716811657 15.200000000000001
    endloop
  endfacet
  facet normal 0 0 1
    outer loop
      vertex 0.5358983874320984 2 15.200000000000001
      vertex 3.025981716811657 2.7306346520781517 15.200000000000001
      vertex 2.8686291500926018 2.8686291500926018 15.200000000000001
    endloop
  endfacet
  facet normal 0 0 1
    outer loop
      vertex 2 0.5358983874320984 15.200000000000001
      vertex 2.9647238180041313 0.13629669696092606 15.200000000000001
      vertex 4 0 15.200000000000001
    endloop
  endfacet
  facet normal 0 0 1
    outer loop
      vertex 2.9647238180041313 0.13629669696092606 15.200000000000001
      vertex 3.4778952300548553 0.03422055393457413 15.200000000000001
      vertex 4 0 15.200000000000001
    endloop
  endfacet
  facet normal 0 0 1
    outer loop
      vertex 0.5358983874320984 2 15.200000000000001
      vertex 0.3044818714261055 78.5307337269187 15.200000000000001
      vertex 0 4 15.200000000000001
    endloop
  endfacet
  facet normal 0 0 1
    outer loop
      vertex 0.5358983874320984 2 15.200000000000001
      vertex 2.399999998509884 4 15.200000000000001
      vertex 2.399999998509884 77 15.200000000000001
    endloop
  endfacet
  facet normal 0 -1 0
    outer loop
      vertex 4 0 0.8
      vertex 42 0 15.200000000000001
      vertex 4 0 15.200000000000001
    endloop
  endfacet
  facet normal 0 0 1
    outer loop
      vertex 0.5358983874320984 2 15.200000000000001
      vertex 4 0 15.200000000000001
      vertex 42 0 15.200000000000001
    endloop
  endfacet
  facet normal 0 0 1
    outer loop
      vertex 0.5358983874320984 2 15.200000000000001
      vertex 42 0 15.200000000000001
      vertex 4 2.399999998509884 15.200000000000001
    endloop
  endfacet
  facet normal 0 0 1
    outer loop
      vertex 4 2.399999998509884 15.200000000000001
      vertex 42 0 15.200000000000001
      vertex 13.5 2.399999998509884 15.200000000000001
    endloop
  endfacet
  facet normal -0.7071067825036365 0 -0.7071067798694585
    outer loop
      vertex 0.7999999970197678 4.02618931978941 0
      vertex 0 77 0.8
      vertex 0.7999999970197678 76.97381067276001 0
    endloop
  endfacet
  facet normal 0 0 -1
    outer loop
      vertex 0.7999999970197678 4.02618931978941 0
      vertex 0.7999999970197678 76.97381067276001 0
      vertex 1.0451713651418686 78.2239300981164 0
    endloop
  endfacet
  facet normal 0 0 -1
    outer loop
      vertex 15.5 2.5233108570435268 0
      vertex 3.1362966948437268 72.96472381958992 0
      vertex 3.304481869954853 72.46926627053963 0
    endloop
  endfacet
  facet normal 0 0 -1
    outer loop
      vertex 15.5 2.5233108570435268 0
      vertex 3.304481869954853 72.46926627053963 0
      vertex 3.5358983848622456 72 0
    endloop
  endfacet
  facet normal 0 0 -1
    outer loop
      vertex 15.5 2.5233108570435268 0
      vertex 3.5358983848622456 72 0
      vertex 3.8265866388350593 71.56495428396512 0
    endloop
  endfacet
  facet normal 0 0 -1
    outer loop
      vertex 15.5 2.5233108570435268 0
      vertex 3.8265866388350593 71.56495428396512 0
      vertex 4.17157287525381 71.17157287525382 0
    endloop
  endfacet
  facet normal 0 0 -1
    outer loop
      vertex 15.5 2.5233108570435268 0
      vertex 3.0342205545047585 73.47789523111979 0
      vertex 3.1362966948437268 72.96472381958992 0
    endloop
  endfacet
  facet normal 0 0 -1
    outer loop
      vertex 15.5 2.5233108570435268 0
      vertex 1.0451713651418686 78.2239300981164 0
      vertex 3.0342205545047585 73.47789523111979 0
    endloop
  endfacet
  facet normal 0 0 -1
    outer loop
      vertex 1.0451713651418686 78.2239300981164 0
      vertex 3 74 0
      vertex 3.0342205545047585 73.47789523111979 0
    endloop
  endfacet
  facet normal 0 0 -1
    outer loop
      vertex 1.0451713651418686 78.2239300981164 0
      vertex 3.0342205545047585 74.52210476888021 0
      vertex 3 74 0
    endloop
  endfacet
  facet normal 0 0 -1
    outer loop
      vertex 1.0451713651418686 78.2239300981164 0
      vertex 3.1362966948437268 75.03527618041008 0
      vertex 3.0342205545047585 74.52210476888021 0
    endloop
  endfacet
  facet normal -0.7055928116216746 0.04624699329185663 -0.7071067810446191
    outer loop
      vertex 0.7999999970197678 76.97381067276001 0
      vertex 0 77 0.8
      vertex 0.8290782943367958 77.41745978593826 0
    endloop
  endfacet
  facet normal -0.6935199240446781 0.13794969349267136 -0.7071067790781969
    outer loop
      vertex 0.8290782943367958 77.41745978593826 0
      vertex 0.13629669696092606 78.03527618199587 0.8
      vertex 0.9106953963637352 77.82777665555477 0
    endloop
  endfacet
  facet normal -0.6695807189812039 0.22729201916792455 -0.7071067803317841
    outer loop
      vertex 0.9106953963637352 77.82777665555477 0
      vertex 0.13629669696092606 78.03527618199587 0.8
      vertex 1.0451713651418686 78.2239300981164 0
    endloop
  endfacet
  facet normal 0 0 -1
    outer loop
      vertex 0.7999999970197678 76.97381067276001 0
      vertex 0.8290782943367958 77.41745978593826 0
      vertex 1.0451713651418686 78.2239300981164 0
    endloop
  endfacet
  facet normal 0 0 -1
    outer loop
      vertex 0.8290782943367958 77.41745978593826 0
      vertex 0.9106953963637352 77.82777665555477 0
      vertex 1.0451713651418686 78.2239300981164 0
    endloop
  endfacet
  facet normal -0.7055928120895227 0.04624699537698963 -0.7071067804413985
    outer loop
      vertex 0.8290782943367958 77.41745978593826 0
      vertex 0 77 0.8
      vertex 0.03422055393457413 77.52210476994514 0.8
    endloop
  endfacet
  facet normal -0.6935199240846034 0.13794969341645102 -0.7071067790539086
    outer loop
      vertex 0.8290782943367958 77.41745978593826 0
      vertex 0.03422055393457413 77.52210476994514 0.8
      vertex 0.13629669696092606 78.03527618199587 0.8
    endloop
  endfacet
  facet normal -0.6695807186340451 0.22729202761364264 -0.7071067779457322
    outer loop
      vertex 1.0451713651418686 78.2239300981164 0
      vertex 0.13629669696092606 78.03527618199587 0.8
      vertex 0.3044818714261055 78.5307337269187 0.8
    endloop
  endfacet
  facet normal 0 0 -1
    outer loop
      vertex 1.0451713651418686 78.2239300981164 0
      vertex 1.2302052602171898 78.59914170950651 0
      vertex 1.4626311138272285 78.94699158519506 0
    endloop
  endfacet
  facet normal 0 0 -1
    outer loop
      vertex 1.0451713651418686 78.2239300981164 0
      vertex 1.4626311138272285 78.94699158519506 0
      vertex 1.7384720742702484 79.26152791827917 0
    endloop
  endfacet
  facet normal -0.6341847950329261 0.31274533959046447 -0.7071067799940052
    outer loop
      vertex 1.0451713651418686 78.2239300981164 0
      vertex 0.5358983874320984 79 0.8
      vertex 1.2302052602171898 78.59914170950651 0
    endloop
  endfacet
  facet normal -0.5879378030164636 0.39284747612807425 -0.707106781387349
    outer loop
      vertex 1.2302052602171898 78.59914170950651 0
      vertex 0.5358983874320984 79 0.8
      vertex 1.4626311138272285 78.94699158519506 0
    endloop
  endfacet
  facet normal -0.5316310250899535 0.4662278952775457 -0.7071067831854501
    outer loop
      vertex 0.8265866413712502 79.43504571914673 0.8
      vertex 1.7384720742702484 79.26152791827917 0
      vertex 1.4626311138272285 78.94699158519506 0
    endloop
  endfacet
  facet normal -0.6341848006512107 0.31274533349050476 -0.7071067776530621
    outer loop
      vertex 1.0451713651418686 78.2239300981164 0
      vertex 0.3044818714261055 78.5307337269187 0.8
      vertex 0.5358983874320984 79 0.8
    endloop
  endfacet
  facet normal -0.5879378026500851 0.39284747730050157 -0.7071067810406159
    outer loop
      vertex 0.5358983874320984 79 0.8
      vertex 0.8265866413712502 79.43504571914673 0.8
      vertex 1.4626311138272285 78.94699158519506 0
    endloop
  endfacet
  facet normal -0.5316310216718944 0.46622790265669795 -0.7071067808898699
    outer loop
      vertex 0.8265866413712502 79.43504571914673 0.8
      vertex 1.1715728789567947 79.8284271210432 0.8
      vertex 1.7384720742702484 79.26152791827917 0
    endloop
  endfacet
  facet normal 0 0 -1
    outer loop
      vertex 1.0451713651418686 78.2239300981164 0
      vertex 3.304481869954853 75.53073372946037 0
      vertex 3.1362966948437268 75.03527618041008 0
    endloop
  endfacet
  facet normal 0 0 -1
    outer loop
      vertex 1.0451713651418686 78.2239300981164 0
      vertex 3.5358983848622456 76 0
      vertex 3.304481869954853 75.53073372946037 0
    endloop
  endfacet
  facet normal 0 0 -1
    outer loop
      vertex 1.0451713651418686 78.2239300981164 0
      vertex 3.8265866388350593 76.43504571603488 0
      vertex 3.5358983848622456 76 0
    endloop
  endfacet
  facet normal 0 0 -1
    outer loop
      vertex 1.0451713651418686 78.2239300981164 0
      vertex 1.7384720742702484 79.26152791827917 0
      vertex 2.4008582830429077 79.76979473233223 0
    endloop
  endfacet
  facet normal 0 0 -1
    outer loop
      vertex 1.7384720742702484 79.26152791827917 0
      vertex 2.053008407354355 79.53736887872219 0
      vertex 2.4008582830429077 79.76979473233223 0
    endloop
  endfacet
  facet normal -0.4662278950767372 0.5316310248609755 -0.7071067834900071
    outer loop
      vertex 1.7384720742702484 79.26152791827917 0
      vertex 1.5649542808532715 80.17341335862875 0.8
      vertex 2.053008407354355 79.53736887872219 0
    endloop
  endfacet
  facet normal -0.39284747562336086 0.5879378022611066 -0.7071067822958091
    outer loop
      vertex 2.053008407354355 79.53736887872219 0
      vertex 2 80.4641016125679 0.8
      vertex 2.4008582830429077 79.76979473233223 0
    endloop
  endfacet
  facet normal 0 0 -1
    outer loop
      vertex 1.0451713651418686 78.2239300981164 0
      vertex 2.4008582830429077 79.76979473233223 0
      vertex 4.02618932723999 80.20000000298023 0
    endloop
  endfacet
  facet normal 0 0 -1
    outer loop
      vertex 2.4008582830429077 79.76979473233223 0
      vertex 2.7760698944330215 79.95482862740755 0
      vertex 3.172223336994648 80.08930459618568 0
    endloop
  endfacet
  facet normal -0.31274533892843825 0.6341847936904699 -0.7071067814908243
    outer loop
      vertex 2.4008582830429077 79.76979473233223 0
      vertex 2 80.4641016125679 0.8
      vertex 2.7760698944330215 79.95482862740755 0
    endloop
  endfacet
  facet normal -0.4662279024558896 0.5316310214429163 -0.7071067811944269
    outer loop
      vertex 1.1715728789567947 79.8284271210432 0.8
      vertex 1.5649542808532715 80.17341335862875 0.8
      vertex 1.7384720742702484 79.26152791827917 0
    endloop
  endfacet
  facet normal -0.39284747679578824 0.5879378018947281 -0.707106781949076
    outer loop
      vertex 2.053008407354355 79.53736887872219 0
      vertex 1.5649542808532715 80.17341335862875 0.8
      vertex 2 80.4641016125679 0.8
    endloop
  endfacet
  facet normal -0.3127453328284787 0.6341847993087545 -0.7071067791498812
    outer loop
      vertex 2.7760698944330215 79.95482862740755 0
      vertex 2 80.4641016125679 0.8
      vertex 2.4692662730813026 80.6955181285739 0.8
    endloop
  endfacet
  facet normal -0.22729202695161627 0.6695807166837788 -0.7071067800052994
    outer loop
      vertex 2.7760698944330215 79.95482862740755 0
      vertex 2.4692662730813026 80.6955181285739 0.8
      vertex 2.9647238180041313 80.86370330303907 0.8
    endloop
  endfacet
  facet normal 0 0 -1
    outer loop
      vertex 1.0451713651418686 78.2239300981164 0
      vertex 4.17157287525381 76.82842712474618 0
      vertex 3.8265866388350593 76.43504571603488 0
    endloop
  endfacet
  facet normal 0 0 -1
    outer loop
      vertex 1.0451713651418686 78.2239300981164 0
      vertex 4.564954283965117 77.17341336116495 0
      vertex 4.17157287525381 76.82842712474618 0
    endloop
  endfacet
  facet normal 0 0 -1
    outer loop
      vertex 1.0451713651418686 78.2239300981164 0
      vertex 5 77.46410161513775 0
      vertex 4.564954283965117 77.17341336116495 0
    endloop
  endfacet
  facet normal 0 0 -1
    outer loop
      vertex 1.0451713651418686 78.2239300981164 0
      vertex 5.469266270539641 77.69551813004514 0
      vertex 5 77.46410161513775 0
    endloop
  endfacet
  facet normal 0 0 -1
    outer loop
      vertex 1.0451713651418686 78.2239300981164 0
      vertex 5.964723819589917 77.86370330515628 0
      vertex 5.469266270539641 77.69551813004514 0
    endloop
  endfacet
  facet normal 0 0 -1
    outer loop
      vertex 2.4008582830429077 79.76979473233223 0
      vertex 3.172223336994648 80.08930459618568 0
      vertex 4.02618932723999 80.20000000298023 0
    endloop
  endfacet
  facet normal 0 0 -1
    outer loop
      vertex 3.172223336994648 80.08930459618568 0
      vertex 3.5825402066111565 80.17092169821262 0
      vertex 4.02618932723999 80.20000000298023 0
    endloop
  endfacet
  facet normal -0.22729201850589836 0.6695807170309376 -0.7071067823913513
    outer loop
      vertex 2.7760698944330215 79.95482862740755 0
      vertex 2.9647238180041313 80.86370330303907 0.8
      vertex 3.172223336994648 80.08930459618568 0
    endloop
  endfacet
  facet normal -0.13794969298795795 0.6935199215073126 -0.7071067816652724
    outer loop
      vertex 3.172223336994648 80.08930459618568 0
      vertex 2.9647238180041313 80.86370330303907 0.8
      vertex 3.5825402066111565 80.17092169821262 0
    endloop
  endfacet
  facet normal -0.046247004136807164 0.7055928081429164 -0.7071067838066353
    outer loop
      vertex 3.5825402066111565 80.17092169821262 0
      vertex 3.4778952300548553 80.96577944606543 0.8
      vertex 4.02618932723999 80.20000000298023 0
    endloop
  endfacet
  facet normal -0.1379496929117378 0.6935199215472377 -0.7071067816409842
    outer loop
      vertex 3.5825402066111565 80.17092169821262 0
      vertex 2.9647238180041313 80.86370330303907 0.8
      vertex 3.4778952300548553 80.96577944606543 0.8
    endloop
  endfacet
  facet normal -0.04624699533973179 0.7055928115210779 -0.707106781011063
    outer loop
      vertex 4.02618932723999 80.20000000298023 0
      vertex 3.4778952300548553 80.96577944606543 0.8
      vertex 4 81 0.8
    endloop
  endfacet
  facet normal 0 0 -1
    outer loop
      vertex 1.0451713651418686 78.2239300981164 0
      vertex 6.477895231119794 77.96577944549524 0
      vertex 5.964723819589917 77.86370330515628 0
    endloop
  endfacet
  facet normal 0 0 -1
    outer loop
      vertex 1.0451713651418686 78.2239300981164 0
      vertex 7 78 0
      vertex 6.477895231119794 77.96577944549524 0
    endloop
  endfacet
  facet normal 0 0 -1
    outer loop
      vertex 1.0451713651418686 78.2239300981164 0
      vertex 21.51507575950825 78.39958731872439 0
      vertex 7 78 0
    endloop
  endfacet
  facet normal 0 0 -1
    outer loop
      vertex 1.0451713651418686 78.2239300981164 0
      vertex 4.02618932723999 80.20000000298023 0
      vertex 21.51507575950825 78.39958731872439 0
    endloop
  endfacet
  facet normal -0.9978589233184303 0.06540312801222276 0
    outer loop
      vertex 0 77 0.8
      vertex 0 77 15.200000000000001
      vertex 0.03422055393457413 77.52210476994514 0.8
    endloop
  endfacet
  facet normal -0.9807852794583503 0.19509032676636193 0
    outer loop
      vertex 0.03422055393457413 77.52210476994514 0.8
      vertex 0.13629669696092606 78.03527618199587 15.200000000000001
      vertex 0.13629669696092606 78.03527618199587 0.8
    endloop
  endfacet
  facet normal -0.946930129055815 0.3214394665972703 0
    outer loop
      vertex 0.13629669696092606 78.03527618199587 0.8
      vertex 0.3044818714261055 78.5307337269187 15.200000000000001
      vertex 0.3044818714261055 78.5307337269187 0.8
    endloop
  endfacet
  facet normal -0.8968727416500544 0.4422886899810064 0
    outer loop
      vertex 0.3044818714261055 78.5307337269187 0.8
      vertex 0.3044818714261055 78.5307337269187 15.200000000000001
      vertex 0.5358983874320984 79 0.8
    endloop
  endfacet
  facet normal -0.831469614167989 0.5555702302277682 0
    outer loop
      vertex 0.5358983874320984 79 0.8
      vertex 0.8265866413712502 79.43504571914673 15.200000000000001
      vertex 0.8265866413712502 79.43504571914673 0.8
    endloop
  endfacet
  facet normal -0.7518398007112117 0.6593458228172266 0
    outer loop
      vertex 0.8265866413712502 79.43504571914673 0.8
      vertex 0.8265866413712502 79.43504571914673 15.200000000000001
      vertex 1.1715728789567947 79.8284271210432 0.8
    endloop
  endfacet
  facet normal -0.6593458228172266 0.7518398007112117 0
    outer loop
      vertex 1.1715728789567947 79.8284271210432 0.8
      vertex 1.5649542808532715 80.17341335862875 15.200000000000001
      vertex 1.5649542808532715 80.17341335862875 0.8
    endloop
  endfacet
  facet normal -0.5555702302277682 0.831469614167989 0
    outer loop
      vertex 1.5649542808532715 80.17341335862875 0.8
      vertex 2 80.4641016125679 15.200000000000001
      vertex 2 80.4641016125679 0.8
    endloop
  endfacet
  facet normal -0.4422886899810064 0.8968727416500544 0
    outer loop
      vertex 2 80.4641016125679 0.8
      vertex 2 80.4641016125679 15.200000000000001
      vertex 2.4692662730813026 80.6955181285739 0.8
    endloop
  endfacet
  facet normal -0.3214394665972703 0.946930129055815 0
    outer loop
      vertex 2.4692662730813026 80.6955181285739 0.8
      vertex 2.9647238180041313 80.86370330303907 15.200000000000001
      vertex 2.9647238180041313 80.86370330303907 0.8
    endloop
  endfacet
  facet normal -0.19509032676636193 0.9807852794583503 0
    outer loop
      vertex 2.9647238180041313 80.86370330303907 0.8
      vertex 2.9647238180041313 80.86370330303907 15.200000000000001
      vertex 3.4778952300548553 80.96577944606543 0.8
    endloop
  endfacet
  facet normal -0.06540312801222276 0.9978589233184303 0
    outer loop
      vertex 3.4778952300548553 80.96577944606543 0.8
      vertex 4 81 15.200000000000001
      vertex 4 81 0.8
    endloop
  endfacet
  facet normal 0 0 -1
    outer loop
      vertex 4.17157287525381 71.17157287525382 0
      vertex 4.564954283965117 70.82658663883505 0
      vertex 35 7 0
    endloop
  endfacet
  facet normal 0 0 -1
    outer loop
      vertex 4.564954283965117 70.82658663883505 0
      vertex 5 70.53589838486225 0
      vertex 35.034220554504756 7.522104768880206 0
    endloop
  endfacet
  facet normal 0 0 -1
    outer loop
      vertex 5 70.53589838486225 0
      vertex 5.469266270539641 70.30448186995486 0
      vertex 35.13629669484373 8.035276180410083 0
    endloop
  endfacet
  facet normal 0 0 -1
    outer loop
      vertex 5.469266270539641 70.30448186995486 0
      vertex 5.964723819589917 70.13629669484372 0
      vertex 35.304481869954856 8.530733729460358 0
    endloop
  endfacet
  facet normal 0 0 -1
    outer loop
      vertex 40.03527618041008 10.863703305156273 0
      vertex 5.964723819589917 70.13629669484372 0
      vertex 6.477895231119794 70.03422055450476 0
    endloop
  endfacet
  facet normal 0 0 -1
    outer loop
      vertex 40.03527618041008 10.863703305156273 0
      vertex 6.477895231119794 70.03422055450476 0
      vertex 7 70 0
    endloop
  endfacet
  facet normal 0 0 -1
    outer loop
      vertex 40.03527618041008 10.863703305156273 0
      vertex 7 70 0
      vertex 7.522104768880206 70.03422055450476 0
    endloop
  endfacet
  facet normal 0 0 -1
    outer loop
      vertex 40.03527618041008 10.863703305156273 0
      vertex 7.522104768880206 70.03422055450476 0
      vertex 8.035276180410083 70.13629669484372 0
    endloop
  endfacet
  facet normal 0 0 -1
    outer loop
      vertex 40.03527618041008 10.863703305156273 0
      vertex 8.035276180410083 70.13629669484372 0
      vertex 8.530733729460358 70.30448186995486 0
    endloop
  endfacet
  facet normal 0 0 -1
    outer loop
      vertex 40.03527618041008 10.863703305156273 0
      vertex 8.530733729460358 70.30448186995486 0
      vertex 9 70.53589838486225 0
    endloop
  endfacet
  facet normal 0 0 -1
    outer loop
      vertex 40.03527618041008 10.863703305156273 0
      vertex 9 70.53589838486225 0
      vertex 9.435045716034882 70.82658663883505 0
    endloop
  endfacet
  facet normal 0 0 -1
    outer loop
      vertex 40.03527618041008 10.863703305156273 0
      vertex 9.435045716034882 70.82658663883505 0
      vertex 9.82842712474619 71.17157287525382 0
    endloop
  endfacet
  facet normal 0 0 -1
    outer loop
      vertex 40.03527618041008 10.863703305156273 0
      vertex 9.82842712474619 71.17157287525382 0
      vertex 10.17341336116494 71.56495428396512 0
    endloop
  endfacet
  facet normal 0 0 -1
    outer loop
      vertex 40.03527618041008 10.863703305156273 0
      vertex 10.17341336116494 71.56495428396512 0
      vertex 10.464101615137753 72 0
    endloop
  endfacet
  facet normal 0 0 -1
    outer loop
      vertex 40.03527618041008 10.863703305156273 0
      vertex 10.464101615137753 72 0
      vertex 10.695518130045148 72.46926627053963 0
    endloop
  endfacet
  facet normal 0 0 -1
    outer loop
      vertex 10.863703305156273 72.96472381958992 0
      vertex 40.53073372946036 10.695518130045148 0
      vertex 10.695518130045148 72.46926627053963 0
    endloop
  endfacet
  facet normal 0 0 -1
    outer loop
      vertex 10.965779445495242 73.47789523111979 0
      vertex 41 10.464101615137753 0
      vertex 10.863703305156273 72.96472381958992 0
    endloop
  endfacet
  facet normal 0 0 -1
    outer loop
      vertex 11 74 0
      vertex 41.435045716034885 10.17341336116494 0
      vertex 10.965779445495242 73.47789523111979 0
    endloop
  endfacet
  facet normal 0 0 -1
    outer loop
      vertex 11 74 0
      vertex 10.965779445495242 74.52210476888021 0
      vertex 41.82842712474619 9.82842712474619 0
    endloop
  endfacet
  facet normal 0 0 -1
    outer loop
      vertex 10.863703305156273 75.03527618041008 0
      vertex 42.17341336116494 9.435045716034882 0
      vertex 10.965779445495242 74.52210476888021 0
    endloop
  endfacet
  facet normal 0 0 -1
    outer loop
      vertex 21.51507575950825 78.39958731872439 0
      vertex 7.522104768880206 77.96577944549524 0
      vertex 7 78 0
    endloop
  endfacet
  facet normal 0 0 -1
    outer loop
      vertex 21.51507575950825 78.39958731872439 0
      vertex 8.035276180410083 77.86370330515628 0
      vertex 7.522104768880206 77.96577944549524 0
    endloop
  endfacet
  facet normal 0 0 -1
    outer loop
      vertex 21.51507575950825 78.39958731872439 0
      vertex 8.530733729460358 77.69551813004514 0
      vertex 8.035276180410083 77.86370330515628 0
    endloop
  endfacet
  facet normal 0 0 -1
    outer loop
      vertex 21.51507575950825 78.39958731872439 0
      vertex 9 77.46410161513775 0
      vertex 8.530733729460358 77.69551813004514 0
    endloop
  endfacet
  facet normal 0 0 -1
    outer loop
      vertex 21.51507575950825 78.39958731872439 0
      vertex 9.435045716034882 77.17341336116495 0
      vertex 9 77.46410161513775 0
    endloop
  endfacet
  facet normal 0 0 -1
    outer loop
      vertex 21.51507575950825 78.39958731872439 0
      vertex 9.82842712474619 76.82842712474618 0
      vertex 9.435045716034882 77.17341336116495 0
    endloop
  endfacet
  facet normal 0 0 -1
    outer loop
      vertex 21.51507575950825 78.39958731872439 0
      vertex 10.863703305156273 75.03527618041008 0
      vertex 10.695518130045148 75.53073372946037 0
    endloop
  endfacet
  facet normal 0 0 -1
    outer loop
      vertex 21.51507575950825 78.39958731872439 0
      vertex 10.464101615137753 76 0
      vertex 10.17341336116494 76.43504571603488 0
    endloop
  endfacet
  facet normal 0 0 -1
    outer loop
      vertex 21.51507575950825 78.39958731872439 0
      vertex 10.695518130045148 75.53073372946037 0
      vertex 10.464101615137753 76 0
    endloop
  endfacet
  facet normal 0 0 -1
    outer loop
      vertex 21.51507575950825 78.39958731872439 0
      vertex 10.17341336116494 76.43504571603488 0
      vertex 9.82842712474619 76.82842712474618 0
    endloop
  endfacet
  facet normal 0 0 -1
    outer loop
      vertex 4.02618932723999 80.20000000298023 0
      vertex 21.717592655745328 79.50488651314444 0
      vertex 21.51507575950825 78.39958731872439 0
    endloop
  endfacet
  facet normal 0 0.7071067825036366 -0.7071067798694585
    outer loop
      vertex 4.02618932723999 80.20000000298023 0
      vertex 4 81 0.8
      vertex 42 81 0.8
    endloop
  endfacet
  facet normal 0 0 -1
    outer loop
      vertex 4.02618932723999 80.20000000298023 0
      vertex 41.97381067276001 80.20000000298023 0
      vertex 21.717592655745328 79.50488651314444 0
    endloop
  endfacet
  facet normal 0 1 0
    outer loop
      vertex 4 81 0.8
      vertex 4 81 15.200000000000001
      vertex 42 81 0.8
    endloop
  endfacet
  facet normal -1 0 0
    outer loop
      vertex 0 4 15.200000000000001
      vertex 0 77 15.200000000000001
      vertex 0 77 0.8
    endloop
  endfacet
  facet normal 0 0 1
    outer loop
      vertex 0.5358983874320984 2 15.200000000000001
      vertex 2.399999998509884 77 15.200000000000001
      vertex 0.3044818714261055 78.5307337269187 15.200000000000001
    endloop
  endfacet
  facet normal 0 0 1
    outer loop
      vertex 0 4 15.200000000000001
      vertex 0.3044818714261055 78.5307337269187 15.200000000000001
      vertex 0 77 15.200000000000001
    endloop
  endfacet
  facet normal -0.9978589233184303 0.06540312801222276 0
    outer loop
      vertex 0.03422055393457413 77.52210476994514 0.8
      vertex 0 77 15.200000000000001
      vertex 0.03422055393457413 77.52210476994514 15.200000000000001
    endloop
  endfacet
  facet normal -0.9807852794583503 0.19509032676636193 0
    outer loop
      vertex 0.03422055393457413 77.52210476994514 0.8
      vertex 0.03422055393457413 77.52210476994514 15.200000000000001
      vertex 0.13629669696092606 78.03527618199587 15.200000000000001
    endloop
  endfacet
  facet normal -0.946930129055815 0.3214394665972703 0
    outer loop
      vertex 0.13629669696092606 78.03527618199587 0.8
      vertex 0.13629669696092606 78.03527618199587 15.200000000000001
      vertex 0.3044818714261055 78.5307337269187 15.200000000000001
    endloop
  endfacet
  facet normal -0.8968727416500544 0.4422886899810064 0
    outer loop
      vertex 0.5358983874320984 79 0.8
      vertex 0.3044818714261055 78.5307337269187 15.200000000000001
      vertex 0.5358983874320984 79 15.200000000000001
    endloop
  endfacet
  facet normal -0.831469614167989 0.5555702302277682 0
    outer loop
      vertex 0.5358983874320984 79 0.8
      vertex 0.5358983874320984 79 15.200000000000001
      vertex 0.8265866413712502 79.43504571914673 15.200000000000001
    endloop
  endfacet
  facet normal -0.7518398007112117 0.6593458228172266 0
    outer loop
      vertex 1.1715728789567947 79.8284271210432 0.8
      vertex 0.8265866413712502 79.43504571914673 15.200000000000001
      vertex 1.1715728789567947 79.8284271210432 15.200000000000001
    endloop
  endfacet
  facet normal -0.6593458228172266 0.7518398007112117 0
    outer loop
      vertex 1.1715728789567947 79.8284271210432 0.8
      vertex 1.1715728789567947 79.8284271210432 15.200000000000001
      vertex 1.5649542808532715 80.17341335862875 15.200000000000001
    endloop
  endfacet
  facet normal -0.5555702302277682 0.831469614167989 0
    outer loop
      vertex 1.5649542808532715 80.17341335862875 0.8
      vertex 1.5649542808532715 80.17341335862875 15.200000000000001
      vertex 2 80.4641016125679 15.200000000000001
    endloop
  endfacet
  facet normal -0.4422886899810064 0.8968727416500544 0
    outer loop
      vertex 2.4692662730813026 80.6955181285739 0.8
      vertex 2 80.4641016125679 15.200000000000001
      vertex 2.4692662730813026 80.6955181285739 15.200000000000001
    endloop
  endfacet
  facet normal -0.3214394665972703 0.946930129055815 0
    outer loop
      vertex 2.4692662730813026 80.6955181285739 0.8
      vertex 2.4692662730813026 80.6955181285739 15.200000000000001
      vertex 2.9647238180041313 80.86370330303907 15.200000000000001
    endloop
  endfacet
  facet normal -0.19509032676636193 0.9807852794583503 0
    outer loop
      vertex 3.4778952300548553 80.96577944606543 0.8
      vertex 2.9647238180041313 80.86370330303907 15.200000000000001
      vertex 3.4778952300548553 80.96577944606543 15.200000000000001
    endloop
  endfacet
  facet normal -0.06540312801222276 0.9978589233184303 0
    outer loop
      vertex 3.4778952300548553 80.96577944606543 0.8
      vertex 3.4778952300548553 80.96577944606543 15.200000000000001
      vertex 4 81 15.200000000000001
    endloop
  endfacet
  facet normal 0 0 1
    outer loop
      vertex 0 77 15.200000000000001
      vertex 0.3044818714261055 78.5307337269187 15.200000000000001
      vertex 0.03422055393457413 77.52210476994514 15.200000000000001
    endloop
  endfacet
  facet normal 0 0 1
    outer loop
      vertex 0.03422055393457413 77.52210476994514 15.200000000000001
      vertex 0.3044818714261055 78.5307337269187 15.200000000000001
      vertex 0.13629669696092606 78.03527618199587 15.200000000000001
    endloop
  endfacet
  facet normal 0 0 1
    outer loop
      vertex 0.3044818714261055 78.5307337269187 15.200000000000001
      vertex 0.8265866413712502 79.43504571914673 15.200000000000001
      vertex 0.5358983874320984 79 15.200000000000001
    endloop
  endfacet
  facet normal 0 0 1
    outer loop
      vertex 0.3044818714261055 78.5307337269187 15.200000000000001
      vertex 1.5649542808532715 80.17341335862875 15.200000000000001
      vertex 0.8265866413712502 79.43504571914673 15.200000000000001
    endloop
  endfacet
  facet normal 0 0 1
    outer loop
      vertex 0.8265866413712502 79.43504571914673 15.200000000000001
      vertex 1.5649542808532715 80.17341335862875 15.200000000000001
      vertex 1.1715728789567947 79.8284271210432 15.200000000000001
    endloop
  endfacet
  facet normal 0 0 1
    outer loop
      vertex 0.3044818714261055 78.5307337269187 15.200000000000001
      vertex 2.399999998509884 77 15.200000000000001
      vertex 2.4136882200837135 77.20884190499783 15.200000000000001
    endloop
  endfacet
  facet normal 0 0 1
    outer loop
      vertex 0.3044818714261055 78.5307337269187 15.200000000000001
      vertex 2.4136882200837135 77.20884190499783 15.200000000000001
      vertex 2.454518675804138 77.41411047428846 15.200000000000001
    endloop
  endfacet
  facet normal 0 0 1
    outer loop
      vertex 0.3044818714261055 78.5307337269187 15.200000000000001
      vertex 2.454518675804138 77.41411047428846 15.200000000000001
      vertex 2.521792747080326 77.61229348927736 15.200000000000001
    endloop
  endfacet
  facet normal 0 0 1
    outer loop
      vertex 0.3044818714261055 78.5307337269187 15.200000000000001
      vertex 2.521792747080326 77.61229348927736 15.200000000000001
      vertex 2.6143593564629555 77.79999999701977 15.200000000000001
    endloop
  endfacet
  facet normal 0 0 1
    outer loop
      vertex 0.3044818714261055 78.5307337269187 15.200000000000001
      vertex 2.6143593564629555 77.79999999701977 15.200000000000001
      vertex 2.7306346520781517 77.97401828318834 15.200000000000001
    endloop
  endfacet
  facet normal 0 0 1
    outer loop
      vertex 0.3044818714261055 78.5307337269187 15.200000000000001
      vertex 2.7306346520781517 77.97401828318834 15.200000000000001
      vertex 2.8686291500926018 78.1313708499074 15.200000000000001
    endloop
  endfacet
  facet normal 0 0 1
    outer loop
      vertex 0.3044818714261055 78.5307337269187 15.200000000000001
      vertex 2.8686291500926018 78.1313708499074 15.200000000000001
      vertex 3.025981716811657 78.26936534792185 15.200000000000001
    endloop
  endfacet
  facet normal 0 0 1
    outer loop
      vertex 0.3044818714261055 78.5307337269187 15.200000000000001
      vertex 3.025981716811657 78.26936534792185 15.200000000000001
      vertex 3.2000000029802322 78.38564064353704 15.200000000000001
    endloop
  endfacet
  facet normal 0 0 1
    outer loop
      vertex 0.3044818714261055 78.5307337269187 15.200000000000001
      vertex 3.2000000029802322 78.38564064353704 15.200000000000001
      vertex 3.387706510722637 78.47820725291967 15.200000000000001
    endloop
  endfacet
  facet normal 0 0 1
    outer loop
      vertex 0.3044818714261055 78.5307337269187 15.200000000000001
      vertex 4 81 15.200000000000001
      vertex 1.5649542808532715 80.17341335862875 15.200000000000001
    endloop
  endfacet
  facet normal 0 0 1
    outer loop
      vertex 0.3044818714261055 78.5307337269187 15.200000000000001
      vertex 3.387706510722637 78.47820725291967 15.200000000000001
      vertex 3.5858895257115364 78.54548132419586 15.200000000000001
    endloop
  endfacet
  facet normal 0 0 1
    outer loop
      vertex 0.3044818714261055 78.5307337269187 15.200000000000001
      vertex 3.5858895257115364 78.54548132419586 15.200000000000001
      vertex 3.7911580950021744 78.58631177991629 15.200000000000001
    endloop
  endfacet
  facet normal 0 0 1
    outer loop
      vertex 0.3044818714261055 78.5307337269187 15.200000000000001
      vertex 3.7911580950021744 78.58631177991629 15.200000000000001
      vertex 4 81 15.200000000000001
    endloop
  endfacet
  facet normal 0 0 1
    outer loop
      vertex 1.5649542808532715 80.17341335862875 15.200000000000001
      vertex 2.9647238180041313 80.86370330303907 15.200000000000001
      vertex 2 80.4641016125679 15.200000000000001
    endloop
  endfacet
  facet normal 0 0 1
    outer loop
      vertex 2 80.4641016125679 15.200000000000001
      vertex 2.9647238180041313 80.86370330303907 15.200000000000001
      vertex 2.4692662730813026 80.6955181285739 15.200000000000001
    endloop
  endfacet
  facet normal 0 0 1
    outer loop
      vertex 1.5649542808532715 80.17341335862875 15.200000000000001
      vertex 4 81 15.200000000000001
      vertex 2.9647238180041313 80.86370330303907 15.200000000000001
    endloop
  endfacet
  facet normal 0 0 1
    outer loop
      vertex 2.9647238180041313 80.86370330303907 15.200000000000001
      vertex 4 81 15.200000000000001
      vertex 3.4778952300548553 80.96577944606543 15.200000000000001
    endloop
  endfacet
  facet normal 0 0 1
    outer loop
      vertex 3.7911580950021744 78.58631177991629 15.200000000000001
      vertex 4 78.60000000149012 15.200000000000001
      vertex 4 81 15.200000000000001
    endloop
  endfacet
  facet normal 0 0 1
    outer loop
      vertex 4 78.60000000149012 15.200000000000001
      vertex 21.02467356951964 78.60000000149012 15.200000000000001
      vertex 4 81 15.200000000000001
    endloop
  endfacet
  facet normal 0 0 1
    outer loop
      vertex 4 81 15.200000000000001
      vertex 21.02467356951964 78.60000000149012 15.200000000000001
      vertex 22.19636479203331 78.60000000149012 15.200000000000001
    endloop
  endfacet
  facet normal 0 0 1
    outer loop
      vertex 4 81 15.200000000000001
      vertex 22.19636479203331 78.60000000149012 15.200000000000001
      vertex 22.436130242970137 78.60000000149012 15.200000000000001
    endloop
  endfacet
  facet normal 0 0 1
    outer loop
      vertex 4 81 15.200000000000001
      vertex 22.436130242970137 78.60000000149012 15.200000000000001
      vertex 22.45211471389215 78.61401800626211 15.200000000000001
    endloop
  endfacet
  facet normal 0 0 1
    outer loop
      vertex 4 81 15.200000000000001
      vertex 22.45211471389215 78.61401800626211 15.200000000000001
      vertex 22.55 78.679422863406 15.200000000000001
    endloop
  endfacet
  facet normal 0 0 1
    outer loop
      vertex 4 81 15.200000000000001
      vertex 22.55 78.679422863406 15.200000000000001
      vertex 22.65558491087142 78.73149157926017 15.200000000000001
    endloop
  endfacet
  facet normal 0 0 1
    outer loop
      vertex 4 81 15.200000000000001
      vertex 22.65558491087142 78.73149157926017 15.200000000000001
      vertex 22.76706285940773 78.76933324366017 15.200000000000001
    endloop
  endfacet
  facet normal 0 0 1
    outer loop
      vertex 4 81 15.200000000000001
      vertex 22.76706285940773 78.76933324366017 15.200000000000001
      vertex 22.882526427001952 78.79230037523644 15.200000000000001
    endloop
  endfacet
  facet normal 0 0 1
    outer loop
      vertex 4 81 15.200000000000001
      vertex 22.882526427001952 78.79230037523644 15.200000000000001
      vertex 23 78.80000000000001 15.200000000000001
    endloop
  endfacet
  facet normal 0 0 1
    outer loop
      vertex 4 81 15.200000000000001
      vertex 23 78.80000000000001 15.200000000000001
      vertex 23.117473572998048 78.79230037523644 15.200000000000001
    endloop
  endfacet
  facet normal 0 0 1
    outer loop
      vertex 4 81 15.200000000000001
      vertex 23.117473572998048 78.79230037523644 15.200000000000001
      vertex 24.97532643048036 78.60000000149012 15.200000000000001
    endloop
  endfacet
  facet normal 0 0 -1
    outer loop
      vertex 13.977599848528017 1.9 0
      vertex 15.5 2.5233108570435268 0
      vertex 41.97381067276001 0.7999999970197678 0
    endloop
  endfacet
  facet normal 0 0 -1
    outer loop
      vertex 15.5 2.5233108570435268 0
      vertex 35.034220554504756 6.477895231119794 0
      vertex 35.13629669484373 5.964723819589917 0
    endloop
  endfacet
  facet normal 0 0 -1
    outer loop
      vertex 15.5 2.5233108570435268 0
      vertex 35.13629669484373 5.964723819589917 0
      vertex 35.304481869954856 5.469266270539641 0
    endloop
  endfacet
  facet normal 0 -0.7071067825036366 -0.7071067798694585
    outer loop
      vertex 4 0 0.8
      vertex 41.97381067276001 0.7999999970197678 0
      vertex 42 0 0.8
    endloop
  endfacet
  facet normal 0 0 -1
    outer loop
      vertex 15.5 2.5233108570435268 0
      vertex 35.82658663883506 4.564954283965117 0
      vertex 36.17157287525381 4.17157287525381 0
    endloop
  endfacet
  facet normal 0 0 -1
    outer loop
      vertex 15.5 2.5233108570435268 0
      vertex 36.17157287525381 4.17157287525381 0
      vertex 36.564954283965115 3.8265866388350593 0
    endloop
  endfacet
  facet normal 0 0 -1
    outer loop
      vertex 15.5 2.5233108570435268 0
      vertex 35.304481869954856 5.469266270539641 0
      vertex 35.53589838486224 5 0
    endloop
  endfacet
  facet normal 0 0 -1
    outer loop
      vertex 15.5 2.5233108570435268 0
      vertex 35.53589838486224 5 0
      vertex 35.82658663883506 4.564954283965117 0
    endloop
  endfacet
  facet normal 0 0 -1
    outer loop
      vertex 15.5 2.5233108570435268 0
      vertex 36.564954283965115 3.8265866388350593 0
      vertex 37 3.5358983848622456 0
    endloop
  endfacet
  facet normal 0 0 -1
    outer loop
      vertex 15.5 2.5233108570435268 0
      vertex 37 3.5358983848622456 0
      vertex 37.46926627053964 3.304481869954853 0
    endloop
  endfacet
  facet normal 0 0 -1
    outer loop
      vertex 15.5 2.5233108570435268 0
      vertex 37.46926627053964 3.304481869954853 0
      vertex 37.96472381958992 3.1362966948437268 0
    endloop
  endfacet
  facet normal 0 0 -1
    outer loop
      vertex 15.5 2.5233108570435268 0
      vertex 37.96472381958992 3.1362966948437268 0
      vertex 38.477895231119795 3.0342205545047585 0
    endloop
  endfacet
  facet normal 0 0 -1
    outer loop
      vertex 15.5 2.5233108570435268 0
      vertex 38.477895231119795 3.0342205545047585 0
      vertex 39 3 0
    endloop
  endfacet
  facet normal 0 0 -1
    outer loop
      vertex 15.5 2.5233108570435268 0
      vertex 44.95482862740755 2.7760698944330215 0
      vertex 41.97381067276001 0.7999999970197678 0
    endloop
  endfacet
  facet normal 0 0 -1
    outer loop
      vertex 15.5 2.5233108570435268 0
      vertex 39 3 0
      vertex 44.95482862740755 2.7760698944330215 0
    endloop
  endfacet
  facet normal 0 -1 0
    outer loop
      vertex 4 0 0.8
      vertex 42 0 0.8
      vertex 42 0 15.200000000000001
    endloop
  endfacet
  facet normal 0 0 -1
    outer loop
      vertex 4.17157287525381 71.17157287525382 0
      vertex 35 7 0
      vertex 35.034220554504756 6.477895231119794 0
    endloop
  endfacet
  facet normal 0 0 -1
    outer loop
      vertex 4.564954283965117 70.82658663883505 0
      vertex 35.034220554504756 7.522104768880206 0
      vertex 35 7 0
    endloop
  endfacet
  facet normal 0 0 -1
    outer loop
      vertex 5 70.53589838486225 0
      vertex 35.13629669484373 8.035276180410083 0
      vertex 35.034220554504756 7.522104768880206 0
    endloop
  endfacet
  facet normal 0 0 -1
    outer loop
      vertex 5.469266270539641 70.30448186995486 0
      vertex 35.304481869954856 8.530733729460358 0
      vertex 35.13629669484373 8.035276180410083 0
    endloop
  endfacet
  facet normal 0 0 -1
    outer loop
      vertex 5.964723819589917 70.13629669484372 0
      vertex 35.53589838486224 9 0
      vertex 35.304481869954856 8.530733729460358 0
    endloop
  endfacet
  facet normal 0 0 -1
    outer loop
      vertex 5.964723819589917 70.13629669484372 0
      vertex 35.82658663883506 9.435045716034882 0
      vertex 35.53589838486224 9 0
    endloop
  endfacet
  facet normal 0 0 -1
    outer loop
      vertex 5.964723819589917 70.13629669484372 0
      vertex 36.17157287525381 9.82842712474619 0
      vertex 35.82658663883506 9.435045716034882 0
    endloop
  endfacet
  facet normal 0 0 -1
    outer loop
      vertex 5.964723819589917 70.13629669484372 0
      vertex 36.564954283965115 10.17341336116494 0
      vertex 36.17157287525381 9.82842712474619 0
    endloop
  endfacet
  facet normal 0 0 -1
    outer loop
      vertex 5.964723819589917 70.13629669484372 0
      vertex 37 10.464101615137753 0
      vertex 36.564954283965115 10.17341336116494 0
    endloop
  endfacet
  facet normal 0 0 -1
    outer loop
      vertex 5.964723819589917 70.13629669484372 0
      vertex 37.46926627053964 10.695518130045148 0
      vertex 37 10.464101615137753 0
    endloop
  endfacet
  facet normal 0 0 -1
    outer loop
      vertex 5.964723819589917 70.13629669484372 0
      vertex 37.96472381958992 10.863703305156273 0
      vertex 37.46926627053964 10.695518130045148 0
    endloop
  endfacet
  facet normal 0 0 -1
    outer loop
      vertex 5.964723819589917 70.13629669484372 0
      vertex 38.477895231119795 10.965779445495242 0
      vertex 37.96472381958992 10.863703305156273 0
    endloop
  endfacet
  facet normal 0 0 -1
    outer loop
      vertex 5.964723819589917 70.13629669484372 0
      vertex 39 11 0
      vertex 38.477895231119795 10.965779445495242 0
    endloop
  endfacet
  facet normal 0 0 -1
    outer loop
      vertex 5.964723819589917 70.13629669484372 0
      vertex 39.522104768880205 10.965779445495242 0
      vertex 39 11 0
    endloop
  endfacet
  facet normal 0 0 -1
    outer loop
      vertex 5.964723819589917 70.13629669484372 0
      vertex 40.03527618041008 10.863703305156273 0
      vertex 39.522104768880205 10.965779445495242 0
    endloop
  endfacet
  facet normal 0 0 -1
    outer loop
      vertex 10.695518130045148 72.46926627053963 0
      vertex 40.53073372946036 10.695518130045148 0
      vertex 40.03527618041008 10.863703305156273 0
    endloop
  endfacet
  facet normal 0 0 -1
    outer loop
      vertex 10.863703305156273 72.96472381958992 0
      vertex 41 10.464101615137753 0
      vertex 40.53073372946036 10.695518130045148 0
    endloop
  endfacet
  facet normal 0 0 -1
    outer loop
      vertex 10.965779445495242 73.47789523111979 0
      vertex 41.435045716034885 10.17341336116494 0
      vertex 41 10.464101615137753 0
    endloop
  endfacet
  facet normal 0 0 -1
    outer loop
      vertex 11 74 0
      vertex 41.82842712474619 9.82842712474619 0
      vertex 41.435045716034885 10.17341336116494 0
    endloop
  endfacet
  facet normal 0 0 -1
    outer loop
      vertex 10.965779445495242 74.52210476888021 0
      vertex 42.17341336116494 9.435045716034882 0
      vertex 41.82842712474619 9.82842712474619 0
    endloop
  endfacet
  facet normal 0 0 -1
    outer loop
      vertex 44.95482862740755 2.7760698944330215 0
      vertex 39 3 0
      vertex 39.522104768880205 3.0342205545047585 0
    endloop
  endfacet
  facet normal 0 0 -1
    outer loop
      vertex 44.95482862740755 2.7760698944330215 0
      vertex 39.522104768880205 3.0342205545047585 0
      vertex 40.03527618041008 3.1362966948437268 0
    endloop
  endfacet
  facet normal 0.04624699329185663 -0.7055928116216746 -0.7071067810446191
    outer loop
      vertex 41.97381067276001 0.7999999970197678 0
      vertex 42.41745978593826 0.8290782943367958 0
      vertex 42 0 0.8
    endloop
  endfacet
  facet normal 0 0 -1
    outer loop
      vertex 41.97381067276001 0.7999999970197678 0
      vertex 42.82777665555477 0.9106953963637352 0
      vertex 42.41745978593826 0.8290782943367958 0
    endloop
  endfacet
  facet normal 0 0 -1
    outer loop
      vertex 41.97381067276001 0.7999999970197678 0
      vertex 43.59914170950651 1.2302052602171898 0
      vertex 42.82777665555477 0.9106953963637352 0
    endloop
  endfacet
  facet normal 0.13794969349267136 -0.6935199240446781 -0.7071067790781969
    outer loop
      vertex 42.41745978593826 0.8290782943367958 0
      vertex 42.82777665555477 0.9106953963637352 0
      vertex 43.03527618199587 0.13629669696092606 0.8
    endloop
  endfacet
  facet normal 0.22729201916792455 -0.6695807189812039 -0.7071067803317841
    outer loop
      vertex 42.82777665555477 0.9106953963637352 0
      vertex 43.2239300981164 1.0451713651418686 0
      vertex 43.03527618199587 0.13629669696092606 0.8
    endloop
  endfacet
  facet normal 0.04624699537698963 -0.7055928120895227 -0.7071067804413985
    outer loop
      vertex 42.41745978593826 0.8290782943367958 0
      vertex 42.522104769945145 0.03422055393457413 0.8
      vertex 42 0 0.8
    endloop
  endfacet
  facet normal 0.13794969341645102 -0.6935199240846034 -0.7071067790539086
    outer loop
      vertex 42.41745978593826 0.8290782943367958 0
      vertex 43.03527618199587 0.13629669696092606 0.8
      vertex 42.522104769945145 0.03422055393457413 0.8
    endloop
  endfacet
  facet normal 0 0 -1
    outer loop
      vertex 44.95482862740755 2.7760698944330215 0
      vertex 40.03527618041008 3.1362966948437268 0
      vertex 40.53073372946036 3.304481869954853 0
    endloop
  endfacet
  facet normal 0 0 -1
    outer loop
      vertex 44.95482862740755 2.7760698944330215 0
      vertex 40.53073372946036 3.304481869954853 0
      vertex 41 3.5358983848622456 0
    endloop
  endfacet
  facet normal 0 0 -1
    outer loop
      vertex 44.95482862740755 2.7760698944330215 0
      vertex 41 3.5358983848622456 0
      vertex 41.435045716034885 3.8265866388350593 0
    endloop
  endfacet
  facet normal 0 0 -1
    outer loop
      vertex 44.95482862740755 2.7760698944330215 0
      vertex 41.435045716034885 3.8265866388350593 0
      vertex 41.82842712474619 4.17157287525381 0
    endloop
  endfacet
  facet normal 0 0 -1
    outer loop
      vertex 44.95482862740755 2.7760698944330215 0
      vertex 41.82842712474619 4.17157287525381 0
      vertex 42.17341336116494 4.564954283965117 0
    endloop
  endfacet
  facet normal 0 0 -1
    outer loop
      vertex 42.82777665555477 0.9106953963637352 0
      vertex 43.59914170950651 1.2302052602171898 0
      vertex 43.2239300981164 1.0451713651418686 0
    endloop
  endfacet
  facet normal 0.31274533959046447 -0.6341847950329261 -0.7071067799940052
    outer loop
      vertex 43.2239300981164 1.0451713651418686 0
      vertex 43.59914170950651 1.2302052602171898 0
      vertex 44 0.5358983874320984 0.8
    endloop
  endfacet
  facet normal 0 0 -1
    outer loop
      vertex 41.97381067276001 0.7999999970197678 0
      vertex 44.95482862740755 2.7760698944330215 0
      vertex 43.59914170950651 1.2302052602171898 0
    endloop
  endfacet
  facet normal 0.39284747612807425 -0.5879378030164636 -0.707106781387349
    outer loop
      vertex 43.59914170950651 1.2302052602171898 0
      vertex 43.946991585195065 1.4626311138272285 0
      vertex 44 0.5358983874320984 0.8
    endloop
  endfacet
  facet normal 0 0 -1
    outer loop
      vertex 43.59914170950651 1.2302052602171898 0
      vertex 44.26152791827917 1.7384720742702484 0
      vertex 43.946991585195065 1.4626311138272285 0
    endloop
  endfacet
  facet normal 0 0 -1
    outer loop
      vertex 43.59914170950651 1.2302052602171898 0
      vertex 44.95482862740755 2.7760698944330215 0
      vertex 44.26152791827917 1.7384720742702484 0
    endloop
  endfacet
  facet normal 0.4662278952775456 -0.5316310250899535 -0.7071067831854502
    outer loop
      vertex 43.946991585195065 1.4626311138272285 0
      vertex 44.26152791827917 1.7384720742702484 0
      vertex 44.43504571914673 0.8265866413712502 0.8
    endloop
  endfacet
  facet normal 0.22729202761364256 -0.6695807186340452 -0.7071067779457322
    outer loop
      vertex 43.03527618199587 0.13629669696092606 0.8
      vertex 43.2239300981164 1.0451713651418686 0
      vertex 43.5307337269187 0.3044818714261055 0.8
    endloop
  endfacet
  facet normal 0.31274533349050476 -0.6341848006512107 -0.7071067776530621
    outer loop
      vertex 43.2239300981164 1.0451713651418686 0
      vertex 44 0.5358983874320984 0.8
      vertex 43.5307337269187 0.3044818714261055 0.8
    endloop
  endfacet
  facet normal 0.3928474773005017 -0.587937802650085 -0.7071067810406159
    outer loop
      vertex 43.946991585195065 1.4626311138272285 0
      vertex 44.43504571914673 0.8265866413712502 0.8
      vertex 44 0.5358983874320984 0.8
    endloop
  endfacet
  facet normal 0.466227902656698 -0.5316310216718944 -0.7071067808898698
    outer loop
      vertex 44.26152791827917 1.7384720742702484 0
      vertex 44.828427121043205 1.1715728789567947 0.8
      vertex 44.43504571914673 0.8265866413712502 0.8
    endloop
  endfacet
  facet normal 0 0 -1
    outer loop
      vertex 44.95482862740755 2.7760698944330215 0
      vertex 42.17341336116494 4.564954283965117 0
      vertex 42.46410161513776 5 0
    endloop
  endfacet
  facet normal 0 0 -1
    outer loop
      vertex 44.95482862740755 2.7760698944330215 0
      vertex 42.46410161513776 5 0
      vertex 42.695518130045144 5.469266270539641 0
    endloop
  endfacet
  facet normal 0 0 -1
    outer loop
      vertex 44.95482862740755 2.7760698944330215 0
      vertex 42.695518130045144 5.469266270539641 0
      vertex 42.86370330515627 5.964723819589917 0
    endloop
  endfacet
  facet normal 0 0 -1
    outer loop
      vertex 44.26152791827917 1.7384720742702484 0
      vertex 44.95482862740755 2.7760698944330215 0
      vertex 44.53736887872219 2.053008407354355 0
    endloop
  endfacet
  facet normal 0 0 -1
    outer loop
      vertex 44.53736887872219 2.053008407354355 0
      vertex 44.95482862740755 2.7760698944330215 0
      vertex 44.76979473233223 2.4008582830429077 0
    endloop
  endfacet
  facet normal 0.5316310248609755 -0.4662278950767372 -0.7071067834900071
    outer loop
      vertex 44.26152791827917 1.7384720742702484 0
      vertex 44.53736887872219 2.053008407354355 0
      vertex 45.17341335862875 1.5649542808532715 0.8
    endloop
  endfacet
  facet normal 0.5879378022611066 -0.39284747562336086 -0.7071067822958091
    outer loop
      vertex 44.53736887872219 2.053008407354355 0
      vertex 44.76979473233223 2.4008582830429077 0
      vertex 45.4641016125679 2 0.8
    endloop
  endfacet
  facet normal 0.6341847936904699 -0.31274533892843825 -0.7071067814908243
    outer loop
      vertex 44.76979473233223 2.4008582830429077 0
      vertex 44.95482862740755 2.7760698944330215 0
      vertex 45.4641016125679 2 0.8
    endloop
  endfacet
  facet normal 0.5316310214429163 -0.4662279024558896 -0.7071067811944269
    outer loop
      vertex 44.26152791827917 1.7384720742702484 0
      vertex 45.17341335862875 1.5649542808532715 0.8
      vertex 44.828427121043205 1.1715728789567947 0.8
    endloop
  endfacet
  facet normal 0.5879378018947281 -0.39284747679578824 -0.707106781949076
    outer loop
      vertex 44.53736887872219 2.053008407354355 0
      vertex 45.4641016125679 2 0.8
      vertex 45.17341335862875 1.5649542808532715 0.8
    endloop
  endfacet
  facet normal 0.6341847993087545 -0.3127453328284787 -0.7071067791498812
    outer loop
      vertex 45.4641016125679 2 0.8
      vertex 44.95482862740755 2.7760698944330215 0
      vertex 45.695518128573895 2.4692662730813026 0.8
    endloop
  endfacet
  facet normal 0 0 -1
    outer loop
      vertex 44.95482862740755 2.7760698944330215 0
      vertex 45.170921698212624 3.5825402066111565 0
      vertex 45.089304596185684 3.172223336994648 0
    endloop
  endfacet
  facet normal 0 0 -1
    outer loop
      vertex 44.95482862740755 2.7760698944330215 0
      vertex 45.20000000298023 4.02618931978941 0
      vertex 45.170921698212624 3.5825402066111565 0
    endloop
  endfacet
  facet normal 0.6695807170309376 -0.22729201850589836 -0.7071067823913513
    outer loop
      vertex 44.95482862740755 2.7760698944330215 0
      vertex 45.089304596185684 3.172223336994648 0
      vertex 45.863703303039074 2.9647238180041313 0.8
    endloop
  endfacet
  facet normal 0.6935199215073126 -0.13794969298795795 -0.7071067816652724
    outer loop
      vertex 45.089304596185684 3.172223336994648 0
      vertex 45.170921698212624 3.5825402066111565 0
      vertex 45.863703303039074 2.9647238180041313 0.8
    endloop
  endfacet
  facet normal 0.7055928080668851 -0.046247004908489465 -0.7071067838320335
    outer loop
      vertex 45.170921698212624 3.5825402066111565 0
      vertex 45.20000000298023 4.02618931978941 0
      vertex 45.965779446065426 3.4778952300548553 0.8
    endloop
  endfacet
  facet normal 0.6695807166837788 -0.22729202695161632 -0.7071067800052993
    outer loop
      vertex 45.695518128573895 2.4692662730813026 0.8
      vertex 44.95482862740755 2.7760698944330215 0
      vertex 45.863703303039074 2.9647238180041313 0.8
    endloop
  endfacet
  facet normal 0.6935199215472377 -0.1379496929117378 -0.7071067816409842
    outer loop
      vertex 45.170921698212624 3.5825402066111565 0
      vertex 45.965779446065426 3.4778952300548553 0.8
      vertex 45.863703303039074 2.9647238180041313 0.8
    endloop
  endfacet
  facet normal 0.7055928117359711 -0.046246995353816635 -0.7071067807957085
    outer loop
      vertex 45.20000000298023 4.02618931978941 0
      vertex 46 4 0.8
      vertex 45.965779446065426 3.4778952300548553 0.8
    endloop
  endfacet
  facet normal 0 0 -1
    outer loop
      vertex 44.95482862740755 2.7760698944330215 0
      vertex 42.86370330515627 5.964723819589917 0
      vertex 42.965779445495244 6.477895231119794 0
    endloop
  endfacet
  facet normal 0 0 -1
    outer loop
      vertex 44.95482862740755 2.7760698944330215 0
      vertex 42.965779445495244 6.477895231119794 0
      vertex 43 7 0
    endloop
  endfacet
  facet normal 0 0 -1
    outer loop
      vertex 44.95482862740755 2.7760698944330215 0
      vertex 43 7 0
      vertex 42.965779445495244 7.522104768880206 0
    endloop
  endfacet
  facet normal 0 0 -1
    outer loop
      vertex 44.95482862740755 2.7760698944330215 0
      vertex 42.965779445495244 7.522104768880206 0
      vertex 42.86370330515627 8.035276180410083 0
    endloop
  endfacet
  facet normal 0.06540312801222276 -0.9978589233184303 0
    outer loop
      vertex 42 0 0.8
      vertex 42.522104769945145 0.03422055393457413 0.8
      vertex 42 0 15.200000000000001
    endloop
  endfacet
  facet normal 0.19509032676636193 -0.9807852794583503 0
    outer loop
      vertex 42.522104769945145 0.03422055393457413 0.8
      vertex 43.03527618199587 0.13629669696092606 0.8
      vertex 42.522104769945145 0.03422055393457413 15.200000000000001
    endloop
  endfacet
  facet normal 0.3214394665972703 -0.946930129055815 0
    outer loop
      vertex 43.03527618199587 0.13629669696092606 0.8
      vertex 43.5307337269187 0.3044818714261055 0.8
      vertex 43.03527618199587 0.13629669696092606 15.200000000000001
    endloop
  endfacet
  facet normal 0.4422886899810064 -0.8968727416500544 0
    outer loop
      vertex 43.5307337269187 0.3044818714261055 0.8
      vertex 44 0.5358983874320984 0.8
      vertex 43.5307337269187 0.3044818714261055 15.200000000000001
    endloop
  endfacet
  facet normal 0.5555702302277682 -0.831469614167989 0
    outer loop
      vertex 44 0.5358983874320984 0.8
      vertex 44.43504571914673 0.8265866413712502 0.8
      vertex 44.43504571914673 0.8265866413712502 15.200000000000001
    endloop
  endfacet
  facet normal 0.6593458228172266 -0.7518398007112117 0
    outer loop
      vertex 44.43504571914673 0.8265866413712502 0.8
      vertex 44.828427121043205 1.1715728789567947 0.8
      vertex 44.43504571914673 0.8265866413712502 15.200000000000001
    endloop
  endfacet
  facet normal 0.7518398007112117 -0.6593458228172266 0
    outer loop
      vertex 44.828427121043205 1.1715728789567947 0.8
      vertex 45.17341335862875 1.5649542808532715 0.8
      vertex 45.17341335862875 1.5649542808532715 15.200000000000001
    endloop
  endfacet
  facet normal 0.831469614167989 -0.5555702302277682 0
    outer loop
      vertex 45.17341335862875 1.5649542808532715 0.8
      vertex 45.4641016125679 2 0.8
      vertex 45.17341335862875 1.5649542808532715 15.200000000000001
    endloop
  endfacet
  facet normal 0.8968727416500544 -0.4422886899810064 0
    outer loop
      vertex 45.4641016125679 2 0.8
      vertex 45.695518128573895 2.4692662730813026 0.8
      vertex 45.695518128573895 2.4692662730813026 15.200000000000001
    endloop
  endfacet
  facet normal 0.946930129055815 -0.3214394665972703 0
    outer loop
      vertex 45.695518128573895 2.4692662730813026 0.8
      vertex 45.863703303039074 2.9647238180041313 0.8
      vertex 45.695518128573895 2.4692662730813026 15.200000000000001
    endloop
  endfacet
  facet normal 0.9807852794583503 -0.19509032676636193 0
    outer loop
      vertex 45.863703303039074 2.9647238180041313 0.8
      vertex 45.965779446065426 3.4778952300548553 0.8
      vertex 45.965779446065426 3.4778952300548553 15.200000000000001
    endloop
  endfacet
  facet normal 0.9978589233184303 -0.06540312801222276 0
    outer loop
      vertex 45.965779446065426 3.4778952300548553 0.8
      vertex 46 4 0.8
      vertex 46 4 15.200000000000001
    endloop
  endfacet
  facet normal 0 0 -1
    outer loop
      vertex 21.51507575950825 78.39958731872439 0
      vertex 44.95482862740755 2.7760698944330215 0
      vertex 42.86370330515627 8.035276180410083 0
    endloop
  endfacet
  facet normal 0 0 -1
    outer loop
      vertex 21.51507575950825 78.39958731872439 0
      vertex 42.695518130045144 8.530733729460358 0
      vertex 42.46410161513776 9 0
    endloop
  endfacet
  facet normal 0 0 -1
    outer loop
      vertex 21.51507575950825 78.39958731872439 0
      vertex 42.46410161513776 9 0
      vertex 42.17341336116494 9.435045716034882 0
    endloop
  endfacet
  facet normal 0 0 -1
    outer loop
      vertex 21.51507575950825 78.39958731872439 0
      vertex 42.86370330515627 8.035276180410083 0
      vertex 42.695518130045144 8.530733729460358 0
    endloop
  endfacet
  facet normal 0 0 -1
    outer loop
      vertex 44.95482862740755 2.7760698944330215 0
      vertex 45.20000000298023 76.97381067276001 0
      vertex 45.20000000298023 4.02618931978941 0
    endloop
  endfacet
  facet normal 0.7071067825036365 0 -0.7071067798694585
    outer loop
      vertex 45.20000000298023 4.02618931978941 0
      vertex 45.20000000298023 76.97381067276001 0
      vertex 46 4 0.8
    endloop
  endfacet
  facet normal 0 0 1
    outer loop
      vertex 13.5 2.399999998509884 15.200000000000001
      vertex 42 0 15.200000000000001
      vertex 15.5 2.399999998509884 15.200000000000001
    endloop
  endfacet
  facet normal 0 0 1
    outer loop
      vertex 15.5 2.399999998509884 15.200000000000001
      vertex 42 0 15.200000000000001
      vertex 30.5 2.399999998509884 15.200000000000001
    endloop
  endfacet
  facet normal 0.06540312801222276 -0.9978589233184303 0
    outer loop
      vertex 42.522104769945145 0.03422055393457413 0.8
      vertex 42.522104769945145 0.03422055393457413 15.200000000000001
      vertex 42 0 15.200000000000001
    endloop
  endfacet
  facet normal 0.19509032676636193 -0.9807852794583503 0
    outer loop
      vertex 43.03527618199587 0.13629669696092606 0.8
      vertex 43.03527618199587 0.13629669696092606 15.200000000000001
      vertex 42.522104769945145 0.03422055393457413 15.200000000000001
    endloop
  endfacet
  facet normal 0.3214394665972703 -0.946930129055815 0
    outer loop
      vertex 43.5307337269187 0.3044818714261055 0.8
      vertex 43.5307337269187 0.3044818714261055 15.200000000000001
      vertex 43.03527618199587 0.13629669696092606 15.200000000000001
    endloop
  endfacet
  facet normal 0.4422886899810064 -0.8968727416500544 0
    outer loop
      vertex 44 0.5358983874320984 0.8
      vertex 44 0.5358983874320984 15.200000000000001
      vertex 43.5307337269187 0.3044818714261055 15.200000000000001
    endloop
  endfacet
  facet normal 0.5555702302277682 -0.831469614167989 0
    outer loop
      vertex 44 0.5358983874320984 0.8
      vertex 44.43504571914673 0.8265866413712502 15.200000000000001
      vertex 44 0.5358983874320984 15.200000000000001
    endloop
  endfacet
  facet normal 0.6593458228172266 -0.7518398007112117 0
    outer loop
      vertex 44.828427121043205 1.1715728789567947 0.8
      vertex 44.828427121043205 1.1715728789567947 15.200000000000001
      vertex 44.43504571914673 0.8265866413712502 15.200000000000001
    endloop
  endfacet
  facet normal 0.7518398007112117 -0.6593458228172266 0
    outer loop
      vertex 44.828427121043205 1.1715728789567947 0.8
      vertex 45.17341335862875 1.5649542808532715 15.200000000000001
      vertex 44.828427121043205 1.1715728789567947 15.200000000000001
    endloop
  endfacet
  facet normal 0.831469614167989 -0.5555702302277682 0
    outer loop
      vertex 45.4641016125679 2 0.8
      vertex 45.4641016125679 2 15.200000000000001
      vertex 45.17341335862875 1.5649542808532715 15.200000000000001
    endloop
  endfacet
  facet normal 0.8968727416500544 -0.4422886899810064 0
    outer loop
      vertex 45.4641016125679 2 0.8
      vertex 45.695518128573895 2.4692662730813026 15.200000000000001
      vertex 45.4641016125679 2 15.200000000000001
    endloop
  endfacet
  facet normal 0.946930129055815 -0.3214394665972703 0
    outer loop
      vertex 45.863703303039074 2.9647238180041313 0.8
      vertex 45.863703303039074 2.9647238180041313 15.200000000000001
      vertex 45.695518128573895 2.4692662730813026 15.200000000000001
    endloop
  endfacet
  facet normal 0.9807852794583503 -0.19509032676636193 0
    outer loop
      vertex 45.863703303039074 2.9647238180041313 0.8
      vertex 45.965779446065426 3.4778952300548553 15.200000000000001
      vertex 45.863703303039074 2.9647238180041313 15.200000000000001
    endloop
  endfacet
  facet normal 0.9978589233184303 -0.06540312801222276 0
    outer loop
      vertex 45.965779446065426 3.4778952300548553 0.8
      vertex 46 4 15.200000000000001
      vertex 45.965779446065426 3.4778952300548553 15.200000000000001
    endloop
  endfacet
  facet normal 0 0 1
    outer loop
      vertex 30.5 2.399999998509884 15.200000000000001
      vertex 42 0 15.200000000000001
      vertex 32.5 2.399999998509884 15.200000000000001
    endloop
  endfacet
  facet normal 0 0 1
    outer loop
      vertex 32.5 2.399999998509884 15.200000000000001
      vertex 42 0 15.200000000000001
      vertex 42 2.399999998509884 15.200000000000001
    endloop
  endfacet
  facet normal 0 0 1
    outer loop
      vertex 42 0 15.200000000000001
      vertex 42.208841904997826 2.4136882200837135 15.200000000000001
      vertex 42 2.399999998509884 15.200000000000001
    endloop
  endfacet
  facet normal 0 0 1
    outer loop
      vertex 42 0 15.200000000000001
      vertex 42.522104769945145 0.03422055393457413 15.200000000000001
      vertex 43.03527618199587 0.13629669696092606 15.200000000000001
    endloop
  endfacet
  facet normal 0 0 1
    outer loop
      vertex 42 0 15.200000000000001
      vertex 43.03527618199587 0.13629669696092606 15.200000000000001
      vertex 44.43504571914673 0.8265866413712502 15.200000000000001
    endloop
  endfacet
  facet normal 0 0 1
    outer loop
      vertex 43.03527618199587 0.13629669696092606 15.200000000000001
      vertex 43.5307337269187 0.3044818714261055 15.200000000000001
      vertex 44 0.5358983874320984 15.200000000000001
    endloop
  endfacet
  facet normal 0 0 1
    outer loop
      vertex 43.03527618199587 0.13629669696092606 15.200000000000001
      vertex 44 0.5358983874320984 15.200000000000001
      vertex 44.43504571914673 0.8265866413712502 15.200000000000001
    endloop
  endfacet
  facet normal 0 0 1
    outer loop
      vertex 42 0 15.200000000000001
      vertex 45.695518128573895 2.4692662730813026 15.200000000000001
      vertex 42.208841904997826 2.4136882200837135 15.200000000000001
    endloop
  endfacet
  facet normal 0 0 1
    outer loop
      vertex 42.208841904997826 2.4136882200837135 15.200000000000001
      vertex 45.695518128573895 2.4692662730813026 15.200000000000001
      vertex 42.414110474288464 2.454518675804138 15.200000000000001
    endloop
  endfacet
  facet normal 0 0 1
    outer loop
      vertex 42.414110474288464 2.454518675804138 15.200000000000001
      vertex 45.695518128573895 2.4692662730813026 15.200000000000001
      vertex 42.61229348927736 2.521792747080326 15.200000000000001
    endloop
  endfacet
  facet normal 0 0 1
    outer loop
      vertex 42 0 15.200000000000001
      vertex 44.43504571914673 0.8265866413712502 15.200000000000001
      vertex 45.695518128573895 2.4692662730813026 15.200000000000001
    endloop
  endfacet
  facet normal 0 0 1
    outer loop
      vertex 42.61229348927736 2.521792747080326 15.200000000000001
      vertex 45.695518128573895 2.4692662730813026 15.200000000000001
      vertex 42.79999999701977 2.6143593564629555 15.200000000000001
    endloop
  endfacet
  facet normal 0 0 1
    outer loop
      vertex 42.79999999701977 2.6143593564629555 15.200000000000001
      vertex 45.695518128573895 2.4692662730813026 15.200000000000001
      vertex 42.97401828318834 2.7306346520781517 15.200000000000001
    endloop
  endfacet
  facet normal 0 0 1
    outer loop
      vertex 42.97401828318834 2.7306346520781517 15.200000000000001
      vertex 45.695518128573895 2.4692662730813026 15.200000000000001
      vertex 43.1313708499074 2.8686291500926018 15.200000000000001
    endloop
  endfacet
  facet normal 0 0 1
    outer loop
      vertex 43.1313708499074 2.8686291500926018 15.200000000000001
      vertex 45.695518128573895 2.4692662730813026 15.200000000000001
      vertex 43.26936534792185 3.025981716811657 15.200000000000001
    endloop
  endfacet
  facet normal 0 0 1
    outer loop
      vertex 43.26936534792185 3.025981716811657 15.200000000000001
      vertex 45.695518128573895 2.4692662730813026 15.200000000000001
      vertex 43.385640643537045 3.2000000029802322 15.200000000000001
    endloop
  endfacet
  facet normal 0 0 1
    outer loop
      vertex 43.385640643537045 3.2000000029802322 15.200000000000001
      vertex 45.695518128573895 2.4692662730813026 15.200000000000001
      vertex 43.478207252919674 3.387706510722637 15.200000000000001
    endloop
  endfacet
  facet normal 0 0 1
    outer loop
      vertex 43.478207252919674 3.387706510722637 15.200000000000001
      vertex 45.695518128573895 2.4692662730813026 15.200000000000001
      vertex 43.54548132419586 3.5858895257115364 15.200000000000001
    endloop
  endfacet
  facet normal 0 0 1
    outer loop
      vertex 43.54548132419586 3.5858895257115364 15.200000000000001
      vertex 45.695518128573895 2.4692662730813026 15.200000000000001
      vertex 43.58631177991629 3.7911580950021744 15.200000000000001
    endloop
  endfacet
  facet normal 0 0 1
    outer loop
      vertex 43.58631177991629 3.7911580950021744 15.200000000000001
      vertex 45.695518128573895 2.4692662730813026 15.200000000000001
      vertex 43.600000001490116 4 15.200000000000001
    endloop
  endfacet
  facet normal 0 0 1
    outer loop
      vertex 44.43504571914673 0.8265866413712502 15.200000000000001
      vertex 44.828427121043205 1.1715728789567947 15.200000000000001
      vertex 45.17341335862875 1.5649542808532715 15.200000000000001
    endloop
  endfacet
  facet normal 0 0 1
    outer loop
      vertex 44.43504571914673 0.8265866413712502 15.200000000000001
      vertex 45.17341335862875 1.5649542808532715 15.200000000000001
      vertex 45.695518128573895 2.4692662730813026 15.200000000000001
    endloop
  endfacet
  facet normal 0 0 1
    outer loop
      vertex 45.17341335862875 1.5649542808532715 15.200000000000001
      vertex 45.4641016125679 2 15.200000000000001
      vertex 45.695518128573895 2.4692662730813026 15.200000000000001
    endloop
  endfacet
  facet normal 0 0 1
    outer loop
      vertex 45.695518128573895 2.4692662730813026 15.200000000000001
      vertex 45.863703303039074 2.9647238180041313 15.200000000000001
      vertex 45.965779446065426 3.4778952300548553 15.200000000000001
    endloop
  endfacet
  facet normal 0 0 1
    outer loop
      vertex 45.695518128573895 2.4692662730813026 15.200000000000001
      vertex 45.965779446065426 3.4778952300548553 15.200000000000001
      vertex 46 4 15.200000000000001
    endloop
  endfacet
  facet normal 1 0 0
    outer loop
      vertex 46 4 0.8
      vertex 46 77 15.200000000000001
      vertex 46 4 15.200000000000001
    endloop
  endfacet
  facet normal 0 0 1
    outer loop
      vertex 45.695518128573895 2.4692662730813026 15.200000000000001
      vertex 46 4 15.200000000000001
      vertex 46 77 15.200000000000001
    endloop
  endfacet
  facet normal 0 0 1
    outer loop
      vertex 43.600000001490116 4 15.200000000000001
      vertex 45.695518128573895 2.4692662730813026 15.200000000000001
      vertex 45.4641016125679 79 15.200000000000001
    endloop
  endfacet
  facet normal 0 0 -1
    outer loop
      vertex 21.51507575950825 78.39958731872439 0
      vertex 42.17341336116494 9.435045716034882 0
      vertex 10.863703305156273 75.03527618041008 0
    endloop
  endfacet
  facet normal 0 0 -1
    outer loop
      vertex 21.51507575950825 78.39958731872439 0
      vertex 24.4219768167369 78.42453214262086 0
      vertex 44.95482862740755 2.7760698944330215 0
    endloop
  endfacet
  facet normal 0 0 -1
    outer loop
      vertex 24.4219768167369 78.42453214262086 0
      vertex 35 74 0
      vertex 35.034220554504756 73.47789523111979 0
    endloop
  endfacet
  facet normal 0 0 -1
    outer loop
      vertex 24.4219768167369 78.42453214262086 0
      vertex 35.034220554504756 74.52210476888021 0
      vertex 35 74 0
    endloop
  endfacet
  facet normal 0 0 -1
    outer loop
      vertex 21.717592655745328 79.50488651314444 0
      vertex 41.97381067276001 80.20000000298023 0
      vertex 24.471517108074263 79.39668198005812 0
    endloop
  endfacet
  facet normal 0 0.7071067825036366 -0.7071067798694586
    outer loop
      vertex 4.02618932723999 80.20000000298023 0
      vertex 42 81 0.8
      vertex 41.97381067276001 80.20000000298023 0
    endloop
  endfacet
  facet normal 0 0 -1
    outer loop
      vertex 24.4219768167369 78.42453214262086 0
      vertex 35.13629669484373 75.03527618041008 0
      vertex 35.034220554504756 74.52210476888021 0
    endloop
  endfacet
  facet normal 0 0 -1
    outer loop
      vertex 24.4219768167369 78.42453214262086 0
      vertex 35.304481869954856 75.53073372946037 0
      vertex 35.13629669484373 75.03527618041008 0
    endloop
  endfacet
  facet normal 0 0 -1
    outer loop
      vertex 24.4219768167369 78.42453214262086 0
      vertex 24.471517108074263 79.39668198005812 0
      vertex 44.76979473233223 78.59914170950651 0
    endloop
  endfacet
  facet normal 0 0 -1
    outer loop
      vertex 24.4219768167369 78.42453214262086 0
      vertex 35.53589838486224 76 0
      vertex 35.304481869954856 75.53073372946037 0
    endloop
  endfacet
  facet normal 0 0 -1
    outer loop
      vertex 24.4219768167369 78.42453214262086 0
      vertex 35.82658663883506 76.43504571603488 0
      vertex 35.53589838486224 76 0
    endloop
  endfacet
  facet normal 0 0 -1
    outer loop
      vertex 24.4219768167369 78.42453214262086 0
      vertex 36.17157287525381 76.82842712474618 0
      vertex 35.82658663883506 76.43504571603488 0
    endloop
  endfacet
  facet normal 0 0 -1
    outer loop
      vertex 24.4219768167369 78.42453214262086 0
      vertex 36.564954283965115 77.17341336116495 0
      vertex 36.17157287525381 76.82842712474618 0
    endloop
  endfacet
  facet normal 0 0 -1
    outer loop
      vertex 24.4219768167369 78.42453214262086 0
      vertex 37 77.46410161513775 0
      vertex 36.564954283965115 77.17341336116495 0
    endloop
  endfacet
  facet normal 0 0 -1
    outer loop
      vertex 24.4219768167369 78.42453214262086 0
      vertex 37.46926627053964 77.69551813004514 0
      vertex 37 77.46410161513775 0
    endloop
  endfacet
  facet normal 0 0 -1
    outer loop
      vertex 24.4219768167369 78.42453214262086 0
      vertex 37.96472381958992 77.86370330515628 0
      vertex 37.46926627053964 77.69551813004514 0
    endloop
  endfacet
  facet normal 0 0 -1
    outer loop
      vertex 24.4219768167369 78.42453214262086 0
      vertex 38.477895231119795 77.96577944549524 0
      vertex 37.96472381958992 77.86370330515628 0
    endloop
  endfacet
  facet normal 0 0 -1
    outer loop
      vertex 44.95482862740755 2.7760698944330215 0
      vertex 35.304481869954856 72.46926627053963 0
      vertex 35.53589838486224 72 0
    endloop
  endfacet
  facet normal 0 0 -1
    outer loop
      vertex 44.95482862740755 2.7760698944330215 0
      vertex 35.53589838486224 72 0
      vertex 35.82658663883506 71.56495428396512 0
    endloop
  endfacet
  facet normal 0 0 -1
    outer loop
      vertex 44.95482862740755 2.7760698944330215 0
      vertex 35.034220554504756 73.47789523111979 0
      vertex 35.13629669484373 72.96472381958992 0
    endloop
  endfacet
  facet normal 0 0 -1
    outer loop
      vertex 44.95482862740755 2.7760698944330215 0
      vertex 35.13629669484373 72.96472381958992 0
      vertex 35.304481869954856 72.46926627053963 0
    endloop
  endfacet
  facet normal 0 0 -1
    outer loop
      vertex 44.95482862740755 2.7760698944330215 0
      vertex 36.564954283965115 70.82658663883505 0
      vertex 37 70.53589838486225 0
    endloop
  endfacet
  facet normal 0 0 -1
    outer loop
      vertex 44.95482862740755 2.7760698944330215 0
      vertex 37 70.53589838486225 0
      vertex 37.46926627053964 70.30448186995486 0
    endloop
  endfacet
  facet normal 0 0 -1
    outer loop
      vertex 44.95482862740755 2.7760698944330215 0
      vertex 37.46926627053964 70.30448186995486 0
      vertex 37.96472381958992 70.13629669484372 0
    endloop
  endfacet
  facet normal 0 0 -1
    outer loop
      vertex 44.95482862740755 2.7760698944330215 0
      vertex 35.82658663883506 71.56495428396512 0
      vertex 36.17157287525381 71.17157287525382 0
    endloop
  endfacet
  facet normal 0 0 -1
    outer loop
      vertex 44.95482862740755 2.7760698944330215 0
      vertex 36.17157287525381 71.17157287525382 0
      vertex 36.564954283965115 70.82658663883505 0
    endloop
  endfacet
  facet normal 0 0 -1
    outer loop
      vertex 44.95482862740755 2.7760698944330215 0
      vertex 24.4219768167369 78.42453214262086 0
      vertex 35.034220554504756 73.47789523111979 0
    endloop
  endfacet
  facet normal 0 0 -1
    outer loop
      vertex 44.95482862740755 2.7760698944330215 0
      vertex 37.96472381958992 70.13629669484372 0
      vertex 38.477895231119795 70.03422055450476 0
    endloop
  endfacet
  facet normal 0 0 -1
    outer loop
      vertex 44.95482862740755 2.7760698944330215 0
      vertex 38.477895231119795 70.03422055450476 0
      vertex 39 70 0
    endloop
  endfacet
  facet normal 0 0 -1
    outer loop
      vertex 44.95482862740755 2.7760698944330215 0
      vertex 39 70 0
      vertex 39.522104768880205 70.03422055450476 0
    endloop
  endfacet
  facet normal 0 0 -1
    outer loop
      vertex 44.95482862740755 2.7760698944330215 0
      vertex 39.522104768880205 70.03422055450476 0
      vertex 40.03527618041008 70.13629669484372 0
    endloop
  endfacet
  facet normal 0 0 -1
    outer loop
      vertex 44.95482862740755 2.7760698944330215 0
      vertex 40.03527618041008 70.13629669484372 0
      vertex 40.53073372946036 70.30448186995486 0
    endloop
  endfacet
  facet normal 0 0 -1
    outer loop
      vertex 44.95482862740755 2.7760698944330215 0
      vertex 40.53073372946036 70.30448186995486 0
      vertex 41 70.53589838486225 0
    endloop
  endfacet
  facet normal 0 0 -1
    outer loop
      vertex 44.95482862740755 2.7760698944330215 0
      vertex 41 70.53589838486225 0
      vertex 41.435045716034885 70.82658663883505 0
    endloop
  endfacet
  facet normal 0 0 -1
    outer loop
      vertex 44.95482862740755 2.7760698944330215 0
      vertex 41.435045716034885 70.82658663883505 0
      vertex 41.82842712474619 71.17157287525382 0
    endloop
  endfacet
  facet normal 0 0 -1
    outer loop
      vertex 44.95482862740755 2.7760698944330215 0
      vertex 41.82842712474619 71.17157287525382 0
      vertex 42.17341336116494 71.56495428396512 0
    endloop
  endfacet
  facet normal 0 0 -1
    outer loop
      vertex 44.95482862740755 2.7760698944330215 0
      vertex 42.17341336116494 71.56495428396512 0
      vertex 42.46410161513776 72 0
    endloop
  endfacet
  facet normal 0 0 -1
    outer loop
      vertex 44.95482862740755 2.7760698944330215 0
      vertex 42.46410161513776 72 0
      vertex 42.695518130045144 72.46926627053963 0
    endloop
  endfacet
  facet normal 0 0 -1
    outer loop
      vertex 44.95482862740755 2.7760698944330215 0
      vertex 42.695518130045144 72.46926627053963 0
      vertex 42.86370330515627 72.96472381958992 0
    endloop
  endfacet
  facet normal 0 0 -1
    outer loop
      vertex 44.95482862740755 2.7760698944330215 0
      vertex 42.86370330515627 72.96472381958992 0
      vertex 44.76979473233223 78.59914170950651 0
    endloop
  endfacet
  facet normal 0 0 -1
    outer loop
      vertex 44.95482862740755 2.7760698944330215 0
      vertex 44.76979473233223 78.59914170950651 0
      vertex 45.20000000298023 76.97381067276001 0
    endloop
  endfacet
  facet normal 0.7071067825036366 0 -0.7071067798694585
    outer loop
      vertex 46 4 0.8
      vertex 45.20000000298023 76.97381067276001 0
      vertex 46 77 0.8
    endloop
  endfacet
  facet normal 1 0 0
    outer loop
      vertex 46 4 0.8
      vertex 46 77 0.8
      vertex 46 77 15.200000000000001
    endloop
  endfacet
  facet normal 0 0 -1
    outer loop
      vertex 24.4219768167369 78.42453214262086 0
      vertex 44.76979473233223 78.59914170950651 0
      vertex 38.477895231119795 77.96577944549524 0
    endloop
  endfacet
  facet normal 0 0 -1
    outer loop
      vertex 24.471517108074263 79.39668198005812 0
      vertex 41.97381067276001 80.20000000298023 0
      vertex 44.76979473233223 78.59914170950651 0
    endloop
  endfacet
  facet normal 0 0 -1
    outer loop
      vertex 44.76979473233223 78.59914170950651 0
      vertex 39 78 0
      vertex 38.477895231119795 77.96577944549524 0
    endloop
  endfacet
  facet normal 0 0 -1
    outer loop
      vertex 44.76979473233223 78.59914170950651 0
      vertex 39.522104768880205 77.96577944549524 0
      vertex 39 78 0
    endloop
  endfacet
  facet normal 0 0 -1
    outer loop
      vertex 44.76979473233223 78.59914170950651 0
      vertex 40.03527618041008 77.86370330515628 0
      vertex 39.522104768880205 77.96577944549524 0
    endloop
  endfacet
  facet normal 0 0 -1
    outer loop
      vertex 44.76979473233223 78.59914170950651 0
      vertex 40.53073372946036 77.69551813004514 0
      vertex 40.03527618041008 77.86370330515628 0
    endloop
  endfacet
  facet normal 0 0 -1
    outer loop
      vertex 44.76979473233223 78.59914170950651 0
      vertex 41.435045716034885 77.17341336116495 0
      vertex 41 77.46410161513775 0
    endloop
  endfacet
  facet normal 0 0 -1
    outer loop
      vertex 44.76979473233223 78.59914170950651 0
      vertex 41 77.46410161513775 0
      vertex 40.53073372946036 77.69551813004514 0
    endloop
  endfacet
  facet normal 0 0 -1
    outer loop
      vertex 44.76979473233223 78.59914170950651 0
      vertex 41.82842712474619 76.82842712474618 0
      vertex 41.435045716034885 77.17341336116495 0
    endloop
  endfacet
  facet normal 0 0 -1
    outer loop
      vertex 44.76979473233223 78.59914170950651 0
      vertex 42.17341336116494 76.43504571603488 0
      vertex 41.82842712474619 76.82842712474618 0
    endloop
  endfacet
  facet normal 0.04624700489440462 0.7055928078519919 -0.707106784047388
    outer loop
      vertex 41.97381067276001 80.20000000298023 0
      vertex 42.522104769945145 80.96577944606543 0.8
      vertex 42.41745978593826 80.17092169821262 0
    endloop
  endfacet
  facet normal 0 0 -1
    outer loop
      vertex 41.97381067276001 80.20000000298023 0
      vertex 42.41745978593826 80.17092169821262 0
      vertex 43.2239300981164 79.95482862740755 0
    endloop
  endfacet
  facet normal 0 0 -1
    outer loop
      vertex 42.41745978593826 80.17092169821262 0
      vertex 42.82777665555477 80.08930459618568 0
      vertex 43.2239300981164 79.95482862740755 0
    endloop
  endfacet
  facet normal 0.13794969286263617 0.6935199208772773 -0.7071067823076507
    outer loop
      vertex 42.41745978593826 80.17092169821262 0
      vertex 43.03527618199587 80.86370330303907 0.8
      vertex 42.82777665555477 80.08930459618568 0
    endloop
  endfacet
  facet normal 0.2272920181656833 0.6695807160286964 -0.7071067834497623
    outer loop
      vertex 42.82777665555477 80.08930459618568 0
      vertex 43.03527618199587 80.86370330303907 0.8
      vertex 43.2239300981164 79.95482862740755 0
    endloop
  endfacet
  facet normal 0.04624699533973179 0.7055928115210779 -0.707106781011063
    outer loop
      vertex 41.97381067276001 80.20000000298023 0
      vertex 42 81 0.8
      vertex 42.522104769945145 80.96577944606543 0.8
    endloop
  endfacet
  facet normal 0.13794969278641603 0.6935199209172026 -0.7071067822833624
    outer loop
      vertex 42.41745978593826 80.17092169821262 0
      vertex 42.522104769945145 80.96577944606543 0.8
      vertex 43.03527618199587 80.86370330303907 0.8
    endloop
  endfacet
  facet normal 0 0 -1
    outer loop
      vertex 44.76979473233223 78.59914170950651 0
      vertex 42.86370330515627 72.96472381958992 0
      vertex 42.965779445495244 73.47789523111979 0
    endloop
  endfacet
  facet normal 0 0 -1
    outer loop
      vertex 44.76979473233223 78.59914170950651 0
      vertex 42.965779445495244 73.47789523111979 0
      vertex 43 74 0
    endloop
  endfacet
  facet normal 0 0 -1
    outer loop
      vertex 44.76979473233223 78.59914170950651 0
      vertex 43 74 0
      vertex 42.965779445495244 74.52210476888021 0
    endloop
  endfacet
  facet normal 0 0 -1
    outer loop
      vertex 44.76979473233223 78.59914170950651 0
      vertex 42.86370330515627 75.03527618041008 0
      vertex 42.695518130045144 75.53073372946037 0
    endloop
  endfacet
  facet normal 0 0 -1
    outer loop
      vertex 44.76979473233223 78.59914170950651 0
      vertex 42.46410161513776 76 0
      vertex 42.17341336116494 76.43504571603488 0
    endloop
  endfacet
  facet normal 0 0 -1
    outer loop
      vertex 44.76979473233223 78.59914170950651 0
      vertex 42.695518130045144 75.53073372946037 0
      vertex 42.46410161513776 76 0
    endloop
  endfacet
  facet normal 0 0 -1
    outer loop
      vertex 44.76979473233223 78.59914170950651 0
      vertex 42.965779445495244 74.52210476888021 0
      vertex 42.86370330515627 75.03527618041008 0
    endloop
  endfacet
  facet normal 0 0 -1
    outer loop
      vertex 41.97381067276001 80.20000000298023 0
      vertex 43.2239300981164 79.95482862740755 0
      vertex 44.76979473233223 78.59914170950651 0
    endloop
  endfacet
  facet normal 0 0 -1
    outer loop
      vertex 43.2239300981164 79.95482862740755 0
      vertex 43.946991585195065 79.53736887872219 0
      vertex 44.26152791827917 79.26152791827917 0
    endloop
  endfacet
  facet normal 0 0 -1
    outer loop
      vertex 43.2239300981164 79.95482862740755 0
      vertex 43.59914170950651 79.76979473233223 0
      vertex 43.946991585195065 79.53736887872219 0
    endloop
  endfacet
  facet normal 0.3127453382843182 0.6341847923843237 -0.7071067829471582
    outer loop
      vertex 43.2239300981164 79.95482862740755 0
      vertex 44 80.4641016125679 0.8
      vertex 43.59914170950651 79.76979473233223 0
    endloop
  endfacet
  facet normal 0 0 -1
    outer loop
      vertex 43.2239300981164 79.95482862740755 0
      vertex 44.26152791827917 79.26152791827917 0
      vertex 44.76979473233223 78.59914170950651 0
    endloop
  endfacet
  facet normal 0 0 -1
    outer loop
      vertex 44.53736887872219 78.94699158519506 0
      vertex 44.76979473233223 78.59914170950651 0
      vertex 44.26152791827917 79.26152791827917 0
    endloop
  endfacet
  facet normal 0.4662278936452692 0.5316310232286989 -0.7071067856610499
    outer loop
      vertex 43.946991585195065 79.53736887872219 0
      vertex 44.43504571914673 80.17341335862875 0.8
      vertex 44.26152791827917 79.26152791827917 0
    endloop
  endfacet
  facet normal 0.39284747460703484 0.5879378007400672 -0.7071067841251478
    outer loop
      vertex 43.59914170950651 79.76979473233223 0
      vertex 44 80.4641016125679 0.8
      vertex 43.946991585195065 79.53736887872219 0
    endloop
  endfacet
  facet normal 0.2272920266114013 0.6695807156815377 -0.7071067810637103
    outer loop
      vertex 43.03527618199587 80.86370330303907 0.8
      vertex 43.5307337269187 80.6955181285739 0.8
      vertex 43.2239300981164 79.95482862740755 0
    endloop
  endfacet
  facet normal 0.3127453321843587 0.6341847980026083 -0.7071067806062152
    outer loop
      vertex 43.2239300981164 79.95482862740755 0
      vertex 43.5307337269187 80.6955181285739 0.8
      vertex 44 80.4641016125679 0.8
    endloop
  endfacet
  facet normal 0.3928474757794622 0.5879378003736886 -0.7071067837784146
    outer loop
      vertex 43.946991585195065 79.53736887872219 0
      vertex 44 80.4641016125679 0.8
      vertex 44.43504571914673 80.17341335862875 0.8
    endloop
  endfacet
  facet normal 0.4662279010244215 0.5316310198106399 -0.7071067833654697
    outer loop
      vertex 44.26152791827917 79.26152791827917 0
      vertex 44.43504571914673 80.17341335862875 0.8
      vertex 44.828427121043205 79.8284271210432 0.8
    endloop
  endfacet
  facet normal 0 0 -1
    outer loop
      vertex 45.20000000298023 76.97381067276001 0
      vertex 44.76979473233223 78.59914170950651 0
      vertex 45.089304596185684 77.82777665555477 0
    endloop
  endfacet
  facet normal 0 0 -1
    outer loop
      vertex 45.20000000298023 76.97381067276001 0
      vertex 45.089304596185684 77.82777665555477 0
      vertex 45.170921698212624 77.41745978593826 0
    endloop
  endfacet
  facet normal 0 0 -1
    outer loop
      vertex 45.089304596185684 77.82777665555477 0
      vertex 44.76979473233223 78.59914170950651 0
      vertex 44.95482862740755 78.2239300981164 0
    endloop
  endfacet
  facet normal 0.7055928078519919 0.04624700489440462 -0.707106784047388
    outer loop
      vertex 45.20000000298023 76.97381067276001 0
      vertex 45.170921698212624 77.41745978593826 0
      vertex 45.965779446065426 77.52210476994514 0.8
    endloop
  endfacet
  facet normal 0.6935199208772773 0.13794969286263617 -0.7071067823076507
    outer loop
      vertex 45.089304596185684 77.82777665555477 0
      vertex 45.863703303039074 78.03527618199587 0.8
      vertex 45.170921698212624 77.41745978593826 0
    endloop
  endfacet
  facet normal 0.6695807160286964 0.2272920181656833 -0.7071067834497623
    outer loop
      vertex 45.089304596185684 77.82777665555477 0
      vertex 44.95482862740755 78.2239300981164 0
      vertex 45.863703303039074 78.03527618199587 0.8
    endloop
  endfacet
  facet normal 0.7055928115210779 0.04624699533973179 -0.707106781011063
    outer loop
      vertex 45.20000000298023 76.97381067276001 0
      vertex 45.965779446065426 77.52210476994514 0.8
      vertex 46 77 0.8
    endloop
  endfacet
  facet normal 0.6695807156815377 0.22729202661140124 -0.7071067810637104
    outer loop
      vertex 44.95482862740755 78.2239300981164 0
      vertex 45.695518128573895 78.5307337269187 0.8
      vertex 45.863703303039074 78.03527618199587 0.8
    endloop
  endfacet
  facet normal 0.6935199209172026 0.13794969278641603 -0.7071067822833624
    outer loop
      vertex 45.170921698212624 77.41745978593826 0
      vertex 45.863703303039074 78.03527618199587 0.8
      vertex 45.965779446065426 77.52210476994514 0.8
    endloop
  endfacet
  facet normal 0.5316310232286989 0.4662278936452692 -0.7071067856610499
    outer loop
      vertex 44.53736887872219 78.94699158519506 0
      vertex 44.26152791827917 79.26152791827917 0
      vertex 45.17341335862875 79.43504571914673 0.8
    endloop
  endfacet
  facet normal 0.6341847923843237 0.3127453382843182 -0.7071067829471582
    outer loop
      vertex 44.95482862740755 78.2239300981164 0
      vertex 44.76979473233223 78.59914170950651 0
      vertex 45.4641016125679 79 0.8
    endloop
  endfacet
  facet normal 0.5879378007400672 0.39284747460703484 -0.7071067841251478
    outer loop
      vertex 44.53736887872219 78.94699158519506 0
      vertex 45.4641016125679 79 0.8
      vertex 44.76979473233223 78.59914170950651 0
    endloop
  endfacet
  facet normal 0.5316310198106399 0.4662279010244215 -0.7071067833654697
    outer loop
      vertex 44.26152791827917 79.26152791827917 0
      vertex 44.828427121043205 79.8284271210432 0.8
      vertex 45.17341335862875 79.43504571914673 0.8
    endloop
  endfacet
  facet normal 0.5879378003736886 0.3928474757794622 -0.7071067837784146
    outer loop
      vertex 44.53736887872219 78.94699158519506 0
      vertex 45.17341335862875 79.43504571914673 0.8
      vertex 45.4641016125679 79 0.8
    endloop
  endfacet
  facet normal 0.6341847980026083 0.3127453321843587 -0.7071067806062152
    outer loop
      vertex 44.95482862740755 78.2239300981164 0
      vertex 45.4641016125679 79 0.8
      vertex 45.695518128573895 78.5307337269187 0.8
    endloop
  endfacet
  facet normal 0.06540312801222276 0.9978589233184303 0
    outer loop
      vertex 42 81 0.8
      vertex 42 81 15.200000000000001
      vertex 42.522104769945145 80.96577944606543 0.8
    endloop
  endfacet
  facet normal 0.19509032676636193 0.9807852794583503 0
    outer loop
      vertex 42.522104769945145 80.96577944606543 0.8
      vertex 43.03527618199587 80.86370330303907 15.200000000000001
      vertex 43.03527618199587 80.86370330303907 0.8
    endloop
  endfacet
  facet normal 0.3214394665972703 0.946930129055815 0
    outer loop
      vertex 43.03527618199587 80.86370330303907 0.8
      vertex 43.03527618199587 80.86370330303907 15.200000000000001
      vertex 43.5307337269187 80.6955181285739 0.8
    endloop
  endfacet
  facet normal 0.4422886899810064 0.8968727416500544 0
    outer loop
      vertex 43.5307337269187 80.6955181285739 0.8
      vertex 44 80.4641016125679 15.200000000000001
      vertex 44 80.4641016125679 0.8
    endloop
  endfacet
  facet normal 0.5555702302277682 0.831469614167989 0
    outer loop
      vertex 44 80.4641016125679 0.8
      vertex 44 80.4641016125679 15.200000000000001
      vertex 44.43504571914673 80.17341335862875 0.8
    endloop
  endfacet
  facet normal 0.9978589233184303 0.06540312801222276 0
    outer loop
      vertex 46 77 0.8
      vertex 45.965779446065426 77.52210476994514 0.8
      vertex 45.965779446065426 77.52210476994514 15.200000000000001
    endloop
  endfacet
  facet normal 0.946930129055815 0.3214394665972703 0
    outer loop
      vertex 45.863703303039074 78.03527618199587 0.8
      vertex 45.695518128573895 78.5307337269187 0.8
      vertex 45.863703303039074 78.03527618199587 15.200000000000001
    endloop
  endfacet
  facet normal 0.9807852794583503 0.19509032676636193 0
    outer loop
      vertex 45.965779446065426 77.52210476994514 0.8
      vertex 45.863703303039074 78.03527618199587 0.8
      vertex 45.863703303039074 78.03527618199587 15.200000000000001
    endloop
  endfacet
  facet normal 0.7518398007112117 0.6593458228172266 0
    outer loop
      vertex 45.17341335862875 79.43504571914673 0.8
      vertex 44.828427121043205 79.8284271210432 0.8
      vertex 44.828427121043205 79.8284271210432 15.200000000000001
    endloop
  endfacet
  facet normal 0.831469614167989 0.5555702302277682 0
    outer loop
      vertex 45.17341335862875 79.43504571914673 0.8
      vertex 45.17341335862875 79.43504571914673 15.200000000000001
      vertex 45.4641016125679 79 0.8
    endloop
  endfacet
  facet normal 0.6593458228172266 0.7518398007112117 0
    outer loop
      vertex 44.43504571914673 80.17341335862875 0.8
      vertex 44.828427121043205 79.8284271210432 15.200000000000001
      vertex 44.828427121043205 79.8284271210432 0.8
    endloop
  endfacet
  facet normal 0.8968727416500544 0.4422886899810064 0
    outer loop
      vertex 45.4641016125679 79 0.8
      vertex 45.4641016125679 79 15.200000000000001
      vertex 45.695518128573895 78.5307337269187 0.8
    endloop
  endfacet
  facet normal 0 1 0
    outer loop
      vertex 4 81 15.200000000000001
      vertex 42 81 15.200000000000001
      vertex 42 81 0.8
    endloop
  endfacet
  facet normal 0 0 1
    outer loop
      vertex 23.884918737846675 78.60000000149012 15.200000000000001
      vertex 23.45 78.679422863406 15.200000000000001
      vertex 23.54788528610785 78.61401800626211 15.200000000000001
    endloop
  endfacet
  facet normal 0 0 1
    outer loop
      vertex 23.884918737846675 78.60000000149012 15.200000000000001
      vertex 23.54788528610785 78.61401800626211 15.200000000000001
      vertex 23.563869757029863 78.60000000149012 15.200000000000001
    endloop
  endfacet
  facet normal 0 0 1
    outer loop
      vertex 4 81 15.200000000000001
      vertex 24.97532643048036 78.60000000149012 15.200000000000001
      vertex 42 78.60000000149012 15.200000000000001
    endloop
  endfacet
  facet normal 0 0 1
    outer loop
      vertex 24.97532643048036 78.60000000149012 15.200000000000001
      vertex 23.117473572998048 78.79230037523644 15.200000000000001
      vertex 23.23293714059227 78.76933324366017 15.200000000000001
    endloop
  endfacet
  facet normal 0 0 1
    outer loop
      vertex 24.97532643048036 78.60000000149012 15.200000000000001
      vertex 23.23293714059227 78.76933324366017 15.200000000000001
      vertex 23.34441508912858 78.73149157926017 15.200000000000001
    endloop
  endfacet
  facet normal 0 0 1
    outer loop
      vertex 24.97532643048036 78.60000000149012 15.200000000000001
      vertex 23.34441508912858 78.73149157926017 15.200000000000001
      vertex 23.45 78.679422863406 15.200000000000001
    endloop
  endfacet
  facet normal 0 0 1
    outer loop
      vertex 23.884918737846675 78.60000000149012 15.200000000000001
      vertex 24.97532643048036 78.60000000149012 15.200000000000001
      vertex 23.45 78.679422863406 15.200000000000001
    endloop
  endfacet
  facet normal 0 0 1
    outer loop
      vertex 4 81 15.200000000000001
      vertex 42 78.60000000149012 15.200000000000001
      vertex 45.4641016125679 79 15.200000000000001
    endloop
  endfacet
  facet normal 0 0 1
    outer loop
      vertex 4 81 15.200000000000001
      vertex 45.4641016125679 79 15.200000000000001
      vertex 42 81 15.200000000000001
    endloop
  endfacet
  facet normal 0 0 1
    outer loop
      vertex 43.600000001490116 4 15.200000000000001
      vertex 45.4641016125679 79 15.200000000000001
      vertex 43.600000001490116 77 15.200000000000001
    endloop
  endfacet
  facet normal 0 0 1
    outer loop
      vertex 45.695518128573895 2.4692662730813026 15.200000000000001
      vertex 46 77 15.200000000000001
      vertex 45.4641016125679 79 15.200000000000001
    endloop
  endfacet
  facet normal 0.06540312801222276 0.9978589233184303 0
    outer loop
      vertex 42.522104769945145 80.96577944606543 0.8
      vertex 42 81 15.200000000000001
      vertex 42.522104769945145 80.96577944606543 15.200000000000001
    endloop
  endfacet
  facet normal 0.19509032676636193 0.9807852794583503 0
    outer loop
      vertex 42.522104769945145 80.96577944606543 0.8
      vertex 42.522104769945145 80.96577944606543 15.200000000000001
      vertex 43.03527618199587 80.86370330303907 15.200000000000001
    endloop
  endfacet
  facet normal 0.3214394665972703 0.946930129055815 0
    outer loop
      vertex 43.5307337269187 80.6955181285739 0.8
      vertex 43.03527618199587 80.86370330303907 15.200000000000001
      vertex 43.5307337269187 80.6955181285739 15.200000000000001
    endloop
  endfacet
  facet normal 0.4422886899810064 0.8968727416500544 0
    outer loop
      vertex 43.5307337269187 80.6955181285739 0.8
      vertex 43.5307337269187 80.6955181285739 15.200000000000001
      vertex 44 80.4641016125679 15.200000000000001
    endloop
  endfacet
  facet normal 0.5555702302277682 0.831469614167989 0
    outer loop
      vertex 44.43504571914673 80.17341335862875 0.8
      vertex 44 80.4641016125679 15.200000000000001
      vertex 44.43504571914673 80.17341335862875 15.200000000000001
    endloop
  endfacet
  facet normal 0.9978589233184303 0.06540312801222276 0
    outer loop
      vertex 46 77 0.8
      vertex 45.965779446065426 77.52210476994514 15.200000000000001
      vertex 46 77 15.200000000000001
    endloop
  endfacet
  facet normal 0.9807852794583503 0.19509032676636193 0
    outer loop
      vertex 45.965779446065426 77.52210476994514 0.8
      vertex 45.863703303039074 78.03527618199587 15.200000000000001
      vertex 45.965779446065426 77.52210476994514 15.200000000000001
    endloop
  endfacet
  facet normal 0.946930129055815 0.3214394665972703 0
    outer loop
      vertex 45.695518128573895 78.5307337269187 0.8
      vertex 45.695518128573895 78.5307337269187 15.200000000000001
      vertex 45.863703303039074 78.03527618199587 15.200000000000001
    endloop
  endfacet
  facet normal 0.7518398007112117 0.6593458228172266 0
    outer loop
      vertex 45.17341335862875 79.43504571914673 0.8
      vertex 44.828427121043205 79.8284271210432 15.200000000000001
      vertex 45.17341335862875 79.43504571914673 15.200000000000001
    endloop
  endfacet
  facet normal 0.6593458228172266 0.7518398007112117 0
    outer loop
      vertex 44.43504571914673 80.17341335862875 0.8
      vertex 44.43504571914673 80.17341335862875 15.200000000000001
      vertex 44.828427121043205 79.8284271210432 15.200000000000001
    endloop
  endfacet
  facet normal 0.8968727416500544 0.4422886899810064 0
    outer loop
      vertex 45.695518128573895 78.5307337269187 0.8
      vertex 45.4641016125679 79 15.200000000000001
      vertex 45.695518128573895 78.5307337269187 15.200000000000001
    endloop
  endfacet
  facet normal 0.831469614167989 0.5555702302277682 0
    outer loop
      vertex 45.4641016125679 79 0.8
      vertex 45.17341335862875 79.43504571914673 15.200000000000001
      vertex 45.4641016125679 79 15.200000000000001
    endloop
  endfacet
  facet normal 0 0 1
    outer loop
      vertex 42 81 15.200000000000001
      vertex 43.03527618199587 80.86370330303907 15.200000000000001
      vertex 42.522104769945145 80.96577944606543 15.200000000000001
    endloop
  endfacet
  facet normal 0 0 1
    outer loop
      vertex 42 81 15.200000000000001
      vertex 44 80.4641016125679 15.200000000000001
      vertex 43.03527618199587 80.86370330303907 15.200000000000001
    endloop
  endfacet
  facet normal 0 0 1
    outer loop
      vertex 42.97401828318834 78.26936534792185 15.200000000000001
      vertex 43.1313708499074 78.1313708499074 15.200000000000001
      vertex 45.4641016125679 79 15.200000000000001
    endloop
  endfacet
  facet normal 0 0 1
    outer loop
      vertex 43.1313708499074 78.1313708499074 15.200000000000001
      vertex 43.26936534792185 77.97401828318834 15.200000000000001
      vertex 45.4641016125679 79 15.200000000000001
    endloop
  endfacet
  facet normal 0 0 1
    outer loop
      vertex 43.385640643537045 77.79999999701977 15.200000000000001
      vertex 43.478207252919674 77.61229348927736 15.200000000000001
      vertex 45.4641016125679 79 15.200000000000001
    endloop
  endfacet
  facet normal 0 0 1
    outer loop
      vertex 43.54548132419586 77.41411047428846 15.200000000000001
      vertex 43.58631177991629 77.20884190499783 15.200000000000001
      vertex 45.4641016125679 79 15.200000000000001
    endloop
  endfacet
  facet normal 0 0 1
    outer loop
      vertex 43.478207252919674 77.61229348927736 15.200000000000001
      vertex 43.54548132419586 77.41411047428846 15.200000000000001
      vertex 45.4641016125679 79 15.200000000000001
    endloop
  endfacet
  facet normal 0 0 1
    outer loop
      vertex 43.385640643537045 77.79999999701977 15.200000000000001
      vertex 45.4641016125679 79 15.200000000000001
      vertex 43.26936534792185 77.97401828318834 15.200000000000001
    endloop
  endfacet
  facet normal 0 0 1
    outer loop
      vertex 43.600000001490116 77 15.200000000000001
      vertex 45.4641016125679 79 15.200000000000001
      vertex 43.58631177991629 77.20884190499783 15.200000000000001
    endloop
  endfacet
  facet normal 0 0 1
    outer loop
      vertex 42 78.60000000149012 15.200000000000001
      vertex 42.208841904997826 78.58631177991629 15.200000000000001
      vertex 45.4641016125679 79 15.200000000000001
    endloop
  endfacet
  facet normal 0 0 1
    outer loop
      vertex 42.208841904997826 78.58631177991629 15.200000000000001
      vertex 42.414110474288464 78.54548132419586 15.200000000000001
      vertex 45.4641016125679 79 15.200000000000001
    endloop
  endfacet
  facet normal 0 0 1
    outer loop
      vertex 42.414110474288464 78.54548132419586 15.200000000000001
      vertex 42.61229348927736 78.47820725291967 15.200000000000001
      vertex 45.4641016125679 79 15.200000000000001
    endloop
  endfacet
  facet normal 0 0 1
    outer loop
      vertex 42.79999999701977 78.38564064353704 15.200000000000001
      vertex 45.4641016125679 79 15.200000000000001
      vertex 42.61229348927736 78.47820725291967 15.200000000000001
    endloop
  endfacet
  facet normal 0 0 1
    outer loop
      vertex 42.79999999701977 78.38564064353704 15.200000000000001
      vertex 42.97401828318834 78.26936534792185 15.200000000000001
      vertex 45.4641016125679 79 15.200000000000001
    endloop
  endfacet
  facet normal 0 0 1
    outer loop
      vertex 42 81 15.200000000000001
      vertex 45.4641016125679 79 15.200000000000001
      vertex 44 80.4641016125679 15.200000000000001
    endloop
  endfacet
  facet normal 0 0 1
    outer loop
      vertex 43.03527618199587 80.86370330303907 15.200000000000001
      vertex 44 80.4641016125679 15.200000000000001
      vertex 43.5307337269187 80.6955181285739 15.200000000000001
    endloop
  endfacet
  facet normal 0 0 1
    outer loop
      vertex 44 80.4641016125679 15.200000000000001
      vertex 44.828427121043205 79.8284271210432 15.200000000000001
      vertex 44.43504571914673 80.17341335862875 15.200000000000001
    endloop
  endfacet
  facet normal 0 0 1
    outer loop
      vertex 46 77 15.200000000000001
      vertex 45.965779446065426 77.52210476994514 15.200000000000001
      vertex 45.863703303039074 78.03527618199587 15.200000000000001
    endloop
  endfacet
  facet normal 0 0 1
    outer loop
      vertex 46 77 15.200000000000001
      vertex 45.863703303039074 78.03527618199587 15.200000000000001
      vertex 45.4641016125679 79 15.200000000000001
    endloop
  endfacet
  facet normal 0 0 1
    outer loop
      vertex 45.17341335862875 79.43504571914673 15.200000000000001
      vertex 44.828427121043205 79.8284271210432 15.200000000000001
      vertex 45.4641016125679 79 15.200000000000001
    endloop
  endfacet
  facet normal 0 0 1
    outer loop
      vertex 44 80.4641016125679 15.200000000000001
      vertex 45.4641016125679 79 15.200000000000001
      vertex 44.828427121043205 79.8284271210432 15.200000000000001
    endloop
  endfacet
  facet normal 0 0 1
    outer loop
      vertex 45.863703303039074 78.03527618199587 15.200000000000001
      vertex 45.695518128573895 78.5307337269187 15.200000000000001
      vertex 45.4641016125679 79 15.200000000000001
    endloop
  endfacet
  facet normal 0 0 1
    outer loop
      vertex 2.8686291500926018 2.8686291500926018 2.4
      vertex 3.025981716811657 2.7306346520781517 2.4
      vertex 13.5 5.756689380751113 2.4
    endloop
  endfacet
  facet normal 0 0 1
    outer loop
      vertex 2.7306346520781517 3.025981716811657 2.4
      vertex 13.5 5.756689380751113 2.4
      vertex 2.6143593564629555 3.2000000029802322 2.4
    endloop
  endfacet
  facet normal 0 0 1
    outer loop
      vertex 2.454518675804138 3.5858895257115364 2.4
      vertex 2.521792747080326 3.387706510722637 2.4
      vertex 13.5 5.756689380751113 2.4
    endloop
  endfacet
  facet normal 0 0 1
    outer loop
      vertex 2.521792747080326 3.387706510722637 2.4
      vertex 2.6143593564629555 3.2000000029802322 2.4
      vertex 13.5 5.756689380751113 2.4
    endloop
  endfacet
  facet normal 0 0 1
    outer loop
      vertex 2.7306346520781517 3.025981716811657 2.4
      vertex 2.8686291500926018 2.8686291500926018 2.4
      vertex 13.5 5.756689380751113 2.4
    endloop
  endfacet
  facet normal 0 0 1
    outer loop
      vertex 3.025981716811657 2.7306346520781517 2.4
      vertex 3.2000000029802322 2.6143593564629555 2.4
      vertex 13.5 5.756689380751113 2.4
    endloop
  endfacet
  facet normal 0 0 1
    outer loop
      vertex 3.387706510722637 2.521792747080326 2.4
      vertex 13.5 5.756689380751113 2.4
      vertex 3.2000000029802322 2.6143593564629555 2.4
    endloop
  endfacet
  facet normal 0 0 1
    outer loop
      vertex 3.387706510722637 2.521792747080326 2.4
      vertex 3.5858895257115364 2.454518675804138 2.4
      vertex 13.5 5.756689380751113 2.4
    endloop
  endfacet
  facet normal 0 0 1
    outer loop
      vertex 3.5858895257115364 2.454518675804138 2.4
      vertex 3.7911580950021744 2.4136882200837135 2.4
      vertex 13.5 5.756689380751113 2.4
    endloop
  endfacet
  facet normal 0 0 1
    outer loop
      vertex 3.7911580950021744 2.4136882200837135 2.4
      vertex 4 2.399999998509884 2.4
      vertex 13.5 5.756689380751113 2.4
    endloop
  endfacet
  facet normal 0 0 1
    outer loop
      vertex 2.454518675804138 3.5858895257115364 2.4
      vertex 13.5 5.756689380751113 2.4
      vertex 13.45 5.781346652052679 2.4
    endloop
  endfacet
  facet normal 0 0 1
    outer loop
      vertex 4 2.399999998509884 2.4
      vertex 13.5 2.399999998509884 2.4
      vertex 13.5 5.756689380751113 2.4
    endloop
  endfacet
  facet normal 0 0 1
    outer loop
      vertex 2.454518675804138 3.5858895257115364 2.4
      vertex 12.681346652052678 6.55 2.4
      vertex 12.559852981726298 6.7963647920333115 2.4
    endloop
  endfacet
  facet normal 0 0 1
    outer loop
      vertex 2.454518675804138 3.5858895257115364 2.4
      vertex 12.833957985388405 6.321600999081686 2.4
      vertex 12.681346652052678 6.55 2.4
    endloop
  endfacet
  facet normal 0 0 1
    outer loop
      vertex 2.454518675804138 3.5858895257115364 2.4
      vertex 12.559852981726298 6.7963647920333115 2.4
      vertex 12.471555764792956 7.0564800052847065 2.4
    endloop
  endfacet
  facet normal 0 0 1
    outer loop
      vertex 2.454518675804138 3.5858895257115364 2.4
      vertex 12.471555764792956 7.0564800052847065 2.4
      vertex 12.417965791114998 7.325894996337891 2.4
    endloop
  endfacet
  facet normal 0 0 1
    outer loop
      vertex 2.454518675804138 3.5858895257115364 2.4
      vertex 12.417965791114998 7.325894996337891 2.4
      vertex 12.4 7.6 2.4
    endloop
  endfacet
  facet normal 0 0 1
    outer loop
      vertex 2.454518675804138 3.5858895257115364 2.4
      vertex 12.4 7.6 2.4
      vertex 12.417965791114998 7.874105003662108 2.4
    endloop
  endfacet
  facet normal 0 0 1
    outer loop
      vertex 2.454518675804138 3.5858895257115364 2.4
      vertex 12.417965791114998 7.874105003662108 2.4
      vertex 12.471555764792956 8.143519994715293 2.4
    endloop
  endfacet
  facet normal 0 0 1
    outer loop
      vertex 2.454518675804138 3.5858895257115364 2.4
      vertex 12.471555764792956 8.143519994715293 2.4
      vertex 12.559852981726298 8.403635207966689 2.4
    endloop
  endfacet
  facet normal 0 0 1
    outer loop
      vertex 2.454518675804138 3.5858895257115364 2.4
      vertex 13.01507575950825 6.115075759508249 2.4
      vertex 12.833957985388405 6.321600999081686 2.4
    endloop
  endfacet
  facet normal 0 0 1
    outer loop
      vertex 2.454518675804138 3.5858895257115364 2.4
      vertex 13.221600999081687 5.933957985388406 2.4
      vertex 13.01507575950825 6.115075759508249 2.4
    endloop
  endfacet
  facet normal 0 0 1
    outer loop
      vertex 2.454518675804138 3.5858895257115364 2.4
      vertex 13.45 5.781346652052679 2.4
      vertex 13.221600999081687 5.933957985388406 2.4
    endloop
  endfacet
  facet normal 0.9469301254173702 0.3214394773157827 0
    outer loop
      vertex 2.454518675804138 3.5858895257115364 2.4
      vertex 2.454518675804138 3.5858895257115364 15.200000000000001
      vertex 2.521792747080326 3.387706510722637 2.4
    endloop
  endfacet
  facet normal 0.9807852816336278 0.19509031583050304 0
    outer loop
      vertex 2.4136882200837135 3.7911580950021744 2.4
      vertex 2.4136882200837135 3.7911580950021744 15.200000000000001
      vertex 2.454518675804138 3.5858895257115364 2.4
    endloop
  endfacet
  facet normal 0.8314696251261751 0.5555702138276836 0
    outer loop
      vertex 2.7306346520781517 3.025981716811657 2.4
      vertex 2.6143593564629555 3.2000000029802322 2.4
      vertex 2.6143593564629555 3.2000000029802322 15.200000000000001
    endloop
  endfacet
  facet normal 0.7518398060333287 0.6593458167485154 0
    outer loop
      vertex 2.7306346520781517 3.025981716811657 2.4
      vertex 2.7306346520781517 3.025981716811657 15.200000000000001
      vertex 2.8686291500926018 2.8686291500926018 2.4
    endloop
  endfacet
  facet normal 0.8968727346087052 0.44228870425944977 0
    outer loop
      vertex 2.521792747080326 3.387706510722637 2.4
      vertex 2.521792747080326 3.387706510722637 15.200000000000001
      vertex 2.6143593564629555 3.2000000029802322 2.4
    endloop
  endfacet
  facet normal 0.9978589232575189 0.0654031289415513 0
    outer loop
      vertex 2.4136882200837135 3.7911580950021744 2.4
      vertex 2.399999998509884 4 2.4
      vertex 2.399999998509884 4 15.200000000000001
    endloop
  endfacet
  facet normal 0.3214394773157827 0.9469301254173702 0
    outer loop
      vertex 3.387706510722637 2.521792747080326 2.4
      vertex 3.387706510722637 2.521792747080326 15.200000000000001
      vertex 3.5858895257115364 2.454518675804138 2.4
    endloop
  endfacet
  facet normal 0.19509031583050304 0.9807852816336278 0
    outer loop
      vertex 3.5858895257115364 2.454518675804138 2.4
      vertex 3.5858895257115364 2.454518675804138 15.200000000000001
      vertex 3.7911580950021744 2.4136882200837135 2.4
    endloop
  endfacet
  facet normal 0.0654031289415513 0.9978589232575189 0
    outer loop
      vertex 3.7911580950021744 2.4136882200837135 2.4
      vertex 3.7911580950021744 2.4136882200837135 15.200000000000001
      vertex 4 2.399999998509884 2.4
    endloop
  endfacet
  facet normal 0.6593458167485154 0.7518398060333287 0
    outer loop
      vertex 2.8686291500926018 2.8686291500926018 2.4
      vertex 2.8686291500926018 2.8686291500926018 15.200000000000001
      vertex 3.025981716811657 2.7306346520781517 2.4
    endloop
  endfacet
  facet normal 0.5555702138276836 0.8314696251261751 0
    outer loop
      vertex 3.025981716811657 2.7306346520781517 2.4
      vertex 3.025981716811657 2.7306346520781517 15.200000000000001
      vertex 3.2000000029802322 2.6143593564629555 2.4
    endloop
  endfacet
  facet normal 0.44228870425944977 0.8968727346087052 0
    outer loop
      vertex 3.387706510722637 2.521792747080326 2.4
      vertex 3.2000000029802322 2.6143593564629555 2.4
      vertex 3.2000000029802322 2.6143593564629555 15.200000000000001
    endloop
  endfacet
  facet normal 0 1 0
    outer loop
      vertex 4 2.399999998509884 2.4
      vertex 4 2.399999998509884 15.200000000000001
      vertex 13.5 2.399999998509884 2.4
    endloop
  endfacet
  facet normal 0 0 1
    outer loop
      vertex 15.5 2.399999998509884 2.4
      vertex 29.417965791114998 7.325894996337891 2.4
      vertex 15.5 5.756689380751113 2.4
    endloop
  endfacet
  facet normal 0 0 1
    outer loop
      vertex 15.5 5.756689380751113 2.4
      vertex 29.417965791114998 7.325894996337891 2.4
      vertex 15.55 5.781346652052679 2.4
    endloop
  endfacet
  facet normal 0 0 1
    outer loop
      vertex 15.55 5.781346652052679 2.4
      vertex 29.417965791114998 7.325894996337891 2.4
      vertex 15.778399000918313 5.933957985388406 2.4
    endloop
  endfacet
  facet normal 0 0 1
    outer loop
      vertex 15.778399000918313 5.933957985388406 2.4
      vertex 29.417965791114998 7.325894996337891 2.4
      vertex 15.98492424049175 6.115075759508249 2.4
    endloop
  endfacet
  facet normal 0 0 1
    outer loop
      vertex 15.98492424049175 6.115075759508249 2.4
      vertex 29.417965791114998 7.325894996337891 2.4
      vertex 16.166042014611595 6.321600999081686 2.4
    endloop
  endfacet
  facet normal 0 0 1
    outer loop
      vertex 16.166042014611595 6.321600999081686 2.4
      vertex 29.417965791114998 7.325894996337891 2.4
      vertex 16.318653347947322 6.55 2.4
    endloop
  endfacet
  facet normal 0 0 1
    outer loop
      vertex 16.318653347947322 6.55 2.4
      vertex 29.417965791114998 7.325894996337891 2.4
      vertex 16.440147018273702 6.7963647920333115 2.4
    endloop
  endfacet
  facet normal 0 0 1
    outer loop
      vertex 16.440147018273702 6.7963647920333115 2.4
      vertex 29.417965791114998 7.325894996337891 2.4
      vertex 16.528444235207044 7.0564800052847065 2.4
    endloop
  endfacet
  facet normal 0 0 1
    outer loop
      vertex 16.528444235207044 7.0564800052847065 2.4
      vertex 29.417965791114998 7.325894996337891 2.4
      vertex 16.582034208885002 7.325894996337891 2.4
    endloop
  endfacet
  facet normal 0 0 1
    outer loop
      vertex 16.582034208885002 7.325894996337891 2.4
      vertex 29.4 7.6 2.4
      vertex 16.6 7.6 2.4
    endloop
  endfacet
  facet normal 0 0 1
    outer loop
      vertex 16.528444235207044 8.143519994715293 2.4
      vertex 29.559852981726298 8.403635207966689 2.4
      vertex 16.440147018273702 8.403635207966689 2.4
    endloop
  endfacet
  facet normal 0 0 1
    outer loop
      vertex 16.318653347947322 8.65 2.4
      vertex 16.440147018273702 8.403635207966689 2.4
      vertex 29.681346652052678 8.65 2.4
    endloop
  endfacet
  facet normal 0 0 1
    outer loop
      vertex 16.318653347947322 8.65 2.4
      vertex 29.833957985388405 8.878399000918312 2.4
      vertex 16.166042014611595 8.878399000918312 2.4
    endloop
  endfacet
  facet normal 0 0 1
    outer loop
      vertex 15.778399000918313 9.266042014611594 2.4
      vertex 15.98492424049175 9.08492424049175 2.4
      vertex 30.221600999081687 9.266042014611594 2.4
    endloop
  endfacet
  facet normal 0 0 1
    outer loop
      vertex 15.55 9.41865334794732 2.4
      vertex 15.778399000918313 9.266042014611594 2.4
      vertex 30.45 9.41865334794732 2.4
    endloop
  endfacet
  facet normal 0 0 1
    outer loop
      vertex 15.98492424049175 9.08492424049175 2.4
      vertex 16.166042014611595 8.878399000918312 2.4
      vertex 30.01507575950825 9.08492424049175 2.4
    endloop
  endfacet
  facet normal 0 0 1
    outer loop
      vertex 16.6 7.6 2.4
      vertex 29.417965791114998 7.874105003662108 2.4
      vertex 16.582034208885002 7.874105003662108 2.4
    endloop
  endfacet
  facet normal 0 0 1
    outer loop
      vertex 16.528444235207044 8.143519994715293 2.4
      vertex 16.582034208885002 7.874105003662108 2.4
      vertex 29.471555764792956 8.143519994715293 2.4
    endloop
  endfacet
  facet normal 0 1 0
    outer loop
      vertex 15.5 2.399999998509884 2.4
      vertex 15.5 2.399999998509884 15.200000000000001
      vertex 30.5 2.399999998509884 2.4
    endloop
  endfacet
  facet normal 0 0 1
    outer loop
      vertex 2.4136882200837135 3.7911580950021744 2.4
      vertex 2.454518675804138 3.5858895257115364 2.4
      vertex 43.600000001490116 77 2.4
    endloop
  endfacet
  facet normal 0 0 1
    outer loop
      vertex 2.4136882200837135 3.7911580950021744 2.4
      vertex 43.58631177991629 77.20884190499783 2.4
      vertex 2.399999998509884 4 2.4
    endloop
  endfacet
  facet normal 0 0 1
    outer loop
      vertex 2.454518675804138 3.5858895257115364 2.4
      vertex 12.559852981726298 8.403635207966689 2.4
      vertex 43.600000001490116 77 2.4
    endloop
  endfacet
  facet normal 0 0 1
    outer loop
      vertex 12.559852981726298 8.403635207966689 2.4
      vertex 12.681346652052678 8.65 2.4
      vertex 43.600000001490116 77 2.4
    endloop
  endfacet
  facet normal 0.9469301254173702 0.3214394773157827 0
    outer loop
      vertex 2.521792747080326 3.387706510722637 2.4
      vertex 2.454518675804138 3.5858895257115364 15.200000000000001
      vertex 2.521792747080326 3.387706510722637 15.200000000000001
    endloop
  endfacet
  facet normal 0.9807852816336278 0.19509031583050304 0
    outer loop
      vertex 2.454518675804138 3.5858895257115364 2.4
      vertex 2.4136882200837135 3.7911580950021744 15.200000000000001
      vertex 2.454518675804138 3.5858895257115364 15.200000000000001
    endloop
  endfacet
  facet normal 0.8314696251261751 0.5555702138276836 0
    outer loop
      vertex 2.7306346520781517 3.025981716811657 2.4
      vertex 2.6143593564629555 3.2000000029802322 15.200000000000001
      vertex 2.7306346520781517 3.025981716811657 15.200000000000001
    endloop
  endfacet
  facet normal 0.7518398060333287 0.6593458167485154 0
    outer loop
      vertex 2.8686291500926018 2.8686291500926018 2.4
      vertex 2.7306346520781517 3.025981716811657 15.200000000000001
      vertex 2.8686291500926018 2.8686291500926018 15.200000000000001
    endloop
  endfacet
  facet normal 0.8968727346087052 0.44228870425944977 0
    outer loop
      vertex 2.6143593564629555 3.2000000029802322 2.4
      vertex 2.521792747080326 3.387706510722637 15.200000000000001
      vertex 2.6143593564629555 3.2000000029802322 15.200000000000001
    endloop
  endfacet
  facet normal 0.9978589232575189 0.0654031289415513 0
    outer loop
      vertex 2.4136882200837135 3.7911580950021744 2.4
      vertex 2.399999998509884 4 15.200000000000001
      vertex 2.4136882200837135 3.7911580950021744 15.200000000000001
    endloop
  endfacet
  facet normal 0.3214394773157827 0.9469301254173702 0
    outer loop
      vertex 3.5858895257115364 2.454518675804138 2.4
      vertex 3.387706510722637 2.521792747080326 15.200000000000001
      vertex 3.5858895257115364 2.454518675804138 15.200000000000001
    endloop
  endfacet
  facet normal 0.19509031583050304 0.9807852816336278 0
    outer loop
      vertex 3.7911580950021744 2.4136882200837135 2.4
      vertex 3.5858895257115364 2.454518675804138 15.200000000000001
      vertex 3.7911580950021744 2.4136882200837135 15.200000000000001
    endloop
  endfacet
  facet normal 0.0654031289415513 0.9978589232575189 0
    outer loop
      vertex 4 2.399999998509884 2.4
      vertex 3.7911580950021744 2.4136882200837135 15.200000000000001
      vertex 4 2.399999998509884 15.200000000000001
    endloop
  endfacet
  facet normal 0.6593458167485154 0.7518398060333287 0
    outer loop
      vertex 3.025981716811657 2.7306346520781517 2.4
      vertex 2.8686291500926018 2.8686291500926018 15.200000000000001
      vertex 3.025981716811657 2.7306346520781517 15.200000000000001
    endloop
  endfacet
  facet normal 0.5555702138276836 0.8314696251261751 0
    outer loop
      vertex 3.2000000029802322 2.6143593564629555 2.4
      vertex 3.025981716811657 2.7306346520781517 15.200000000000001
      vertex 3.2000000029802322 2.6143593564629555 15.200000000000001
    endloop
  endfacet
  facet normal 0.44228870425944977 0.8968727346087052 0
    outer loop
      vertex 3.387706510722637 2.521792747080326 2.4
      vertex 3.2000000029802322 2.6143593564629555 15.200000000000001
      vertex 3.387706510722637 2.521792747080326 15.200000000000001
    endloop
  endfacet
  facet normal 0 1 0
    outer loop
      vertex 13.5 2.399999998509884 2.4
      vertex 4 2.399999998509884 15.200000000000001
      vertex 13.5 2.399999998509884 15.200000000000001
    endloop
  endfacet
  facet normal 1 0 0
    outer loop
      vertex 2.399999998509884 4 2.4
      vertex 2.399999998509884 77 15.200000000000001
      vertex 2.399999998509884 4 15.200000000000001
    endloop
  endfacet
  facet normal 0 0 1
    outer loop
      vertex 2.399999998509884 4 2.4
      vertex 20.971555764792956 77.35648000528471 2.4
      vertex 2.399999998509884 77 2.4
    endloop
  endfacet
  facet normal 1 0 0
    outer loop
      vertex 2.399999998509884 4 2.4
      vertex 2.399999998509884 77 2.4
      vertex 2.399999998509884 77 15.200000000000001
    endloop
  endfacet
  facet normal 0 0 1
    outer loop
      vertex 3.5858895257115364 78.54548132419586 2.4
      vertex 4 78.60000000149012 2.4
      vertex 3.7911580950021744 78.58631177991629 2.4
    endloop
  endfacet
  facet normal 0 0 1
    outer loop
      vertex 2.399999998509884 77 2.4
      vertex 20.971555764792956 77.35648000528471 2.4
      vertex 2.4136882200837135 77.20884190499783 2.4
    endloop
  endfacet
  facet normal 0 0 1
    outer loop
      vertex 2.4136882200837135 77.20884190499783 2.4
      vertex 20.917965791114998 77.62589499633789 2.4
      vertex 2.454518675804138 77.41411047428846 2.4
    endloop
  endfacet
  facet normal 0 0 1
    outer loop
      vertex 2.454518675804138 77.41411047428846 2.4
      vertex 20.9 77.9 2.4
      vertex 2.521792747080326 77.61229348927736 2.4
    endloop
  endfacet
  facet normal 0 0 1
    outer loop
      vertex 2.521792747080326 77.61229348927736 2.4
      vertex 20.9 77.9 2.4
      vertex 2.6143593564629555 77.79999999701977 2.4
    endloop
  endfacet
  facet normal 0 0 1
    outer loop
      vertex 2.6143593564629555 77.79999999701977 2.4
      vertex 20.917965791114998 78.17410500366212 2.4
      vertex 2.7306346520781517 77.97401828318834 2.4
    endloop
  endfacet
  facet normal 0 0 1
    outer loop
      vertex 2.7306346520781517 77.97401828318834 2.4
      vertex 20.917965791114998 78.17410500366212 2.4
      vertex 2.8686291500926018 78.1313708499074 2.4
    endloop
  endfacet
  facet normal 0 0 1
    outer loop
      vertex 2.8686291500926018 78.1313708499074 2.4
      vertex 20.971555764792956 78.4435199947153 2.4
      vertex 3.025981716811657 78.26936534792185 2.4
    endloop
  endfacet
  facet normal 0 0 1
    outer loop
      vertex 3.025981716811657 78.26936534792185 2.4
      vertex 20.971555764792956 78.4435199947153 2.4
      vertex 3.2000000029802322 78.38564064353704 2.4
    endloop
  endfacet
  facet normal 0 0 1
    outer loop
      vertex 3.2000000029802322 78.38564064353704 2.4
      vertex 21.02467356951964 78.60000000149012 2.4
      vertex 3.387706510722637 78.47820725291967 2.4
    endloop
  endfacet
  facet normal 0 0 1
    outer loop
      vertex 3.387706510722637 78.47820725291967 2.4
      vertex 21.02467356951964 78.60000000149012 2.4
      vertex 3.5858895257115364 78.54548132419586 2.4
    endloop
  endfacet
  facet normal 0 0 1
    outer loop
      vertex 3.5858895257115364 78.54548132419586 2.4
      vertex 21.02467356951964 78.60000000149012 2.4
      vertex 4 78.60000000149012 2.4
    endloop
  endfacet
  facet normal 0.9978589232575189 -0.0654031289415513 0
    outer loop
      vertex 2.399999998509884 77 2.4
      vertex 2.4136882200837135 77.20884190499783 2.4
      vertex 2.4136882200837135 77.20884190499783 15.200000000000001
    endloop
  endfacet
  facet normal 0.9807852816336278 -0.19509031583050304 0
    outer loop
      vertex 2.4136882200837135 77.20884190499783 2.4
      vertex 2.454518675804138 77.41411047428846 2.4
      vertex 2.454518675804138 77.41411047428846 15.200000000000001
    endloop
  endfacet
  facet normal 0.9469301254173702 -0.3214394773157827 0
    outer loop
      vertex 2.454518675804138 77.41411047428846 2.4
      vertex 2.521792747080326 77.61229348927736 2.4
      vertex 2.521792747080326 77.61229348927736 15.200000000000001
    endloop
  endfacet
  facet normal 0.8968727346087052 -0.44228870425944977 0
    outer loop
      vertex 2.521792747080326 77.61229348927736 2.4
      vertex 2.6143593564629555 77.79999999701977 2.4
      vertex 2.6143593564629555 77.79999999701977 15.200000000000001
    endloop
  endfacet
  facet normal 0.8314696251261751 -0.5555702138276836 0
    outer loop
      vertex 2.6143593564629555 77.79999999701977 2.4
      vertex 2.7306346520781517 77.97401828318834 2.4
      vertex 2.7306346520781517 77.97401828318834 15.200000000000001
    endloop
  endfacet
  facet normal 0.7518398060333287 -0.6593458167485154 0
    outer loop
      vertex 2.7306346520781517 77.97401828318834 2.4
      vertex 2.8686291500926018 78.1313708499074 2.4
      vertex 2.8686291500926018 78.1313708499074 15.200000000000001
    endloop
  endfacet
  facet normal 0.6593458167485154 -0.7518398060333287 0
    outer loop
      vertex 2.8686291500926018 78.1313708499074 2.4
      vertex 3.025981716811657 78.26936534792185 2.4
      vertex 3.025981716811657 78.26936534792185 15.200000000000001
    endloop
  endfacet
  facet normal 0.5555702138276836 -0.8314696251261751 0
    outer loop
      vertex 3.025981716811657 78.26936534792185 2.4
      vertex 3.2000000029802322 78.38564064353704 2.4
      vertex 3.2000000029802322 78.38564064353704 15.200000000000001
    endloop
  endfacet
  facet normal 0.44228870425944977 -0.8968727346087052 0
    outer loop
      vertex 3.2000000029802322 78.38564064353704 2.4
      vertex 3.387706510722637 78.47820725291967 2.4
      vertex 3.387706510722637 78.47820725291967 15.200000000000001
    endloop
  endfacet
  facet normal 0.3214394773157827 -0.9469301254173702 0
    outer loop
      vertex 3.387706510722637 78.47820725291967 2.4
      vertex 3.5858895257115364 78.54548132419586 2.4
      vertex 3.5858895257115364 78.54548132419586 15.200000000000001
    endloop
  endfacet
  facet normal 0.19509031583050304 -0.9807852816336278 0
    outer loop
      vertex 3.5858895257115364 78.54548132419586 2.4
      vertex 3.7911580950021744 78.58631177991629 2.4
      vertex 3.7911580950021744 78.58631177991629 15.200000000000001
    endloop
  endfacet
  facet normal 0.0654031289415513 -0.9978589232575189 0
    outer loop
      vertex 3.7911580950021744 78.58631177991629 2.4
      vertex 4 78.60000000149012 2.4
      vertex 4 78.60000000149012 15.200000000000001
    endloop
  endfacet
  facet normal 0 0 1
    outer loop
      vertex 2.399999998509884 4 2.4
      vertex 21.333957985388405 76.62160099908169 2.4
      vertex 21.181346652052678 76.85000000000001 2.4
    endloop
  endfacet
  facet normal 0 0 1
    outer loop
      vertex 2.399999998509884 4 2.4
      vertex 21.51507575950825 76.41507575950826 2.4
      vertex 21.333957985388405 76.62160099908169 2.4
    endloop
  endfacet
  facet normal 0 0 1
    outer loop
      vertex 2.399999998509884 4 2.4
      vertex 21.059852981726298 77.09636479203331 2.4
      vertex 20.971555764792956 77.35648000528471 2.4
    endloop
  endfacet
  facet normal 0 0 1
    outer loop
      vertex 2.399999998509884 4 2.4
      vertex 21.181346652052678 76.85000000000001 2.4
      vertex 21.059852981726298 77.09636479203331 2.4
    endloop
  endfacet
  facet normal 0 0 1
    outer loop
      vertex 2.399999998509884 4 2.4
      vertex 21.721600999081687 76.23395798538841 2.4
      vertex 21.51507575950825 76.41507575950826 2.4
    endloop
  endfacet
  facet normal 0 0 1
    outer loop
      vertex 2.399999998509884 4 2.4
      vertex 21.95 76.08134665205269 2.4
      vertex 21.721600999081687 76.23395798538841 2.4
    endloop
  endfacet
  facet normal 0 0 1
    outer loop
      vertex 2.399999998509884 4 2.4
      vertex 22.19636479203331 75.9598529817263 2.4
      vertex 21.95 76.08134665205269 2.4
    endloop
  endfacet
  facet normal 0 0 1
    outer loop
      vertex 2.399999998509884 4 2.4
      vertex 22.456480005284707 75.87155576479296 2.4
      vertex 22.19636479203331 75.9598529817263 2.4
    endloop
  endfacet
  facet normal 0 0 1
    outer loop
      vertex 2.399999998509884 4 2.4
      vertex 23 75.80000000000001 2.4
      vertex 22.725894996337892 75.817965791115 2.4
    endloop
  endfacet
  facet normal 0 0 1
    outer loop
      vertex 2.399999998509884 4 2.4
      vertex 23.274105003662108 75.817965791115 2.4
      vertex 23 75.80000000000001 2.4
    endloop
  endfacet
  facet normal 0 0 1
    outer loop
      vertex 2.399999998509884 4 2.4
      vertex 22.725894996337892 75.817965791115 2.4
      vertex 22.456480005284707 75.87155576479296 2.4
    endloop
  endfacet
  facet normal 0 0 1
    outer loop
      vertex 2.399999998509884 4 2.4
      vertex 23.543519994715293 75.87155576479296 2.4
      vertex 23.274105003662108 75.817965791115 2.4
    endloop
  endfacet
  facet normal 0 0 1
    outer loop
      vertex 2.399999998509884 4 2.4
      vertex 23.80363520796669 75.9598529817263 2.4
      vertex 23.543519994715293 75.87155576479296 2.4
    endloop
  endfacet
  facet normal 0 0 1
    outer loop
      vertex 2.399999998509884 4 2.4
      vertex 24.05 76.08134665205269 2.4
      vertex 23.80363520796669 75.9598529817263 2.4
    endloop
  endfacet
  facet normal 0 0 1
    outer loop
      vertex 2.399999998509884 4 2.4
      vertex 24.278399000918313 76.23395798538841 2.4
      vertex 24.05 76.08134665205269 2.4
    endloop
  endfacet
  facet normal 0 0 1
    outer loop
      vertex 2.399999998509884 4 2.4
      vertex 24.48492424049175 76.41507575950826 2.4
      vertex 24.278399000918313 76.23395798538841 2.4
    endloop
  endfacet
  facet normal 0 0 1
    outer loop
      vertex 2.399999998509884 4 2.4
      vertex 24.666042014611595 76.62160099908169 2.4
      vertex 24.48492424049175 76.41507575950826 2.4
    endloop
  endfacet
  facet normal 0 0 1
    outer loop
      vertex 2.399999998509884 4 2.4
      vertex 24.818653347947322 76.85000000000001 2.4
      vertex 24.666042014611595 76.62160099908169 2.4
    endloop
  endfacet
  facet normal 0 0 1
    outer loop
      vertex 2.399999998509884 4 2.4
      vertex 24.940147018273702 77.09636479203331 2.4
      vertex 24.818653347947322 76.85000000000001 2.4
    endloop
  endfacet
  facet normal 0 0 1
    outer loop
      vertex 2.4136882200837135 77.20884190499783 2.4
      vertex 20.971555764792956 77.35648000528471 2.4
      vertex 20.917965791114998 77.62589499633789 2.4
    endloop
  endfacet
  facet normal 0 0 1
    outer loop
      vertex 2.454518675804138 77.41411047428846 2.4
      vertex 20.917965791114998 77.62589499633789 2.4
      vertex 20.9 77.9 2.4
    endloop
  endfacet
  facet normal 0 0 1
    outer loop
      vertex 2.6143593564629555 77.79999999701977 2.4
      vertex 20.9 77.9 2.4
      vertex 20.917965791114998 78.17410500366212 2.4
    endloop
  endfacet
  facet normal 0 0 1
    outer loop
      vertex 2.8686291500926018 78.1313708499074 2.4
      vertex 20.917965791114998 78.17410500366212 2.4
      vertex 20.971555764792956 78.4435199947153 2.4
    endloop
  endfacet
  facet normal 0 0 1
    outer loop
      vertex 3.2000000029802322 78.38564064353704 2.4
      vertex 20.971555764792956 78.4435199947153 2.4
      vertex 21.02467356951964 78.60000000149012 2.4
    endloop
  endfacet
  facet normal 0 -1 0
    outer loop
      vertex 4 78.60000000149012 2.4
      vertex 21.02467356951964 78.60000000149012 2.4
      vertex 21.02467356951964 78.60000000149012 15.200000000000001
    endloop
  endfacet
  facet normal 0.9978589232575189 -0.0654031289415513 0
    outer loop
      vertex 2.399999998509884 77 2.4
      vertex 2.4136882200837135 77.20884190499783 15.200000000000001
      vertex 2.399999998509884 77 15.200000000000001
    endloop
  endfacet
  facet normal 0.9807852816336278 -0.19509031583050304 0
    outer loop
      vertex 2.4136882200837135 77.20884190499783 2.4
      vertex 2.454518675804138 77.41411047428846 15.200000000000001
      vertex 2.4136882200837135 77.20884190499783 15.200000000000001
    endloop
  endfacet
  facet normal 0.9469301254173702 -0.3214394773157827 0
    outer loop
      vertex 2.454518675804138 77.41411047428846 2.4
      vertex 2.521792747080326 77.61229348927736 15.200000000000001
      vertex 2.454518675804138 77.41411047428846 15.200000000000001
    endloop
  endfacet
  facet normal 0.8968727346087052 -0.44228870425944977 0
    outer loop
      vertex 2.521792747080326 77.61229348927736 2.4
      vertex 2.6143593564629555 77.79999999701977 15.200000000000001
      vertex 2.521792747080326 77.61229348927736 15.200000000000001
    endloop
  endfacet
  facet normal 0.8314696251261751 -0.5555702138276836 0
    outer loop
      vertex 2.6143593564629555 77.79999999701977 2.4
      vertex 2.7306346520781517 77.97401828318834 15.200000000000001
      vertex 2.6143593564629555 77.79999999701977 15.200000000000001
    endloop
  endfacet
  facet normal 0.7518398060333287 -0.6593458167485154 0
    outer loop
      vertex 2.7306346520781517 77.97401828318834 2.4
      vertex 2.8686291500926018 78.1313708499074 15.200000000000001
      vertex 2.7306346520781517 77.97401828318834 15.200000000000001
    endloop
  endfacet
  facet normal 0.6593458167485154 -0.7518398060333287 0
    outer loop
      vertex 2.8686291500926018 78.1313708499074 2.4
      vertex 3.025981716811657 78.26936534792185 15.200000000000001
      vertex 2.8686291500926018 78.1313708499074 15.200000000000001
    endloop
  endfacet
  facet normal 0.5555702138276836 -0.8314696251261751 0
    outer loop
      vertex 3.025981716811657 78.26936534792185 2.4
      vertex 3.2000000029802322 78.38564064353704 15.200000000000001
      vertex 3.025981716811657 78.26936534792185 15.200000000000001
    endloop
  endfacet
  facet normal 0.44228870425944977 -0.8968727346087052 0
    outer loop
      vertex 3.2000000029802322 78.38564064353704 2.4
      vertex 3.387706510722637 78.47820725291967 15.200000000000001
      vertex 3.2000000029802322 78.38564064353704 15.200000000000001
    endloop
  endfacet
  facet normal 0.3214394773157827 -0.9469301254173702 0
    outer loop
      vertex 3.387706510722637 78.47820725291967 2.4
      vertex 3.5858895257115364 78.54548132419586 15.200000000000001
      vertex 3.387706510722637 78.47820725291967 15.200000000000001
    endloop
  endfacet
  facet normal 0.19509031583050304 -0.9807852816336278 0
    outer loop
      vertex 3.5858895257115364 78.54548132419586 2.4
      vertex 3.7911580950021744 78.58631177991629 15.200000000000001
      vertex 3.5858895257115364 78.54548132419586 15.200000000000001
    endloop
  endfacet
  facet normal 0.0654031289415513 -0.9978589232575189 0
    outer loop
      vertex 3.7911580950021744 78.58631177991629 2.4
      vertex 4 78.60000000149012 15.200000000000001
      vertex 3.7911580950021744 78.58631177991629 15.200000000000001
    endloop
  endfacet
  facet normal 0 -1 0
    outer loop
      vertex 4 78.60000000149012 2.4
      vertex 21.02467356951964 78.60000000149012 15.200000000000001
      vertex 4 78.60000000149012 15.200000000000001
    endloop
  endfacet
  facet normal 0 0 1
    outer loop
      vertex 15.5 2.399999998509884 2.4
      vertex 30.01507575950825 6.115075759508249 2.4
      vertex 29.833957985388405 6.321600999081686 2.4
    endloop
  endfacet
  facet normal 0 0 1
    outer loop
      vertex 15.5 2.399999998509884 2.4
      vertex 30.5 2.399999998509884 2.4
      vertex 30.5 5.756689380751113 2.4
    endloop
  endfacet
  facet normal 0 0 1
    outer loop
      vertex 15.5 2.399999998509884 2.4
      vertex 30.221600999081687 5.933957985388406 2.4
      vertex 30.01507575950825 6.115075759508249 2.4
    endloop
  endfacet
  facet normal 0 0 1
    outer loop
      vertex 15.5 2.399999998509884 2.4
      vertex 30.45 5.781346652052679 2.4
      vertex 30.221600999081687 5.933957985388406 2.4
    endloop
  endfacet
  facet normal 0 0 1
    outer loop
      vertex 15.5 2.399999998509884 2.4
      vertex 30.5 5.756689380751113 2.4
      vertex 30.45 5.781346652052679 2.4
    endloop
  endfacet
  facet normal 0 0 1
    outer loop
      vertex 15.5 2.399999998509884 2.4
      vertex 29.471555764792956 7.0564800052847065 2.4
      vertex 29.417965791114998 7.325894996337891 2.4
    endloop
  endfacet
  facet normal 0 0 1
    outer loop
      vertex 15.5 2.399999998509884 2.4
      vertex 29.681346652052678 6.55 2.4
      vertex 29.559852981726298 6.7963647920333115 2.4
    endloop
  endfacet
  facet normal 0 0 1
    outer loop
      vertex 15.5 2.399999998509884 2.4
      vertex 29.559852981726298 6.7963647920333115 2.4
      vertex 29.471555764792956 7.0564800052847065 2.4
    endloop
  endfacet
  facet normal 0 0 1
    outer loop
      vertex 15.5 2.399999998509884 2.4
      vertex 29.833957985388405 6.321600999081686 2.4
      vertex 29.681346652052678 6.55 2.4
    endloop
  endfacet
  facet normal 0 0 1
    outer loop
      vertex 16.582034208885002 7.325894996337891 2.4
      vertex 29.417965791114998 7.325894996337891 2.4
      vertex 29.4 7.6 2.4
    endloop
  endfacet
  facet normal 0 0 1
    outer loop
      vertex 16.6 7.6 2.4
      vertex 29.4 7.6 2.4
      vertex 29.417965791114998 7.874105003662108 2.4
    endloop
  endfacet
  facet normal 0 0 1
    outer loop
      vertex 16.582034208885002 7.874105003662108 2.4
      vertex 29.417965791114998 7.874105003662108 2.4
      vertex 29.471555764792956 8.143519994715293 2.4
    endloop
  endfacet
  facet normal 0 0 1
    outer loop
      vertex 16.528444235207044 8.143519994715293 2.4
      vertex 29.471555764792956 8.143519994715293 2.4
      vertex 29.559852981726298 8.403635207966689 2.4
    endloop
  endfacet
  facet normal 0 0 1
    outer loop
      vertex 16.440147018273702 8.403635207966689 2.4
      vertex 29.559852981726298 8.403635207966689 2.4
      vertex 29.681346652052678 8.65 2.4
    endloop
  endfacet
  facet normal 0 0 1
    outer loop
      vertex 16.318653347947322 8.65 2.4
      vertex 29.681346652052678 8.65 2.4
      vertex 29.833957985388405 8.878399000918312 2.4
    endloop
  endfacet
  facet normal 0 0 1
    outer loop
      vertex 16.166042014611595 8.878399000918312 2.4
      vertex 29.833957985388405 8.878399000918312 2.4
      vertex 30.01507575950825 9.08492424049175 2.4
    endloop
  endfacet
  facet normal 0 0 1
    outer loop
      vertex 15.98492424049175 9.08492424049175 2.4
      vertex 30.01507575950825 9.08492424049175 2.4
      vertex 30.221600999081687 9.266042014611594 2.4
    endloop
  endfacet
  facet normal 0 0 1
    outer loop
      vertex 15.778399000918313 9.266042014611594 2.4
      vertex 30.221600999081687 9.266042014611594 2.4
      vertex 30.45 9.41865334794732 2.4
    endloop
  endfacet
  facet normal 0 0 1
    outer loop
      vertex 12.681346652052678 8.65 2.4
      vertex 12.833957985388405 8.878399000918312 2.4
      vertex 43.600000001490116 77 2.4
    endloop
  endfacet
  facet normal 0 0 1
    outer loop
      vertex 12.833957985388405 8.878399000918312 2.4
      vertex 13.01507575950825 9.08492424049175 2.4
      vertex 43.600000001490116 77 2.4
    endloop
  endfacet
  facet normal 0 0 1
    outer loop
      vertex 13.01507575950825 9.08492424049175 2.4
      vertex 13.221600999081687 9.266042014611594 2.4
      vertex 43.600000001490116 77 2.4
    endloop
  endfacet
  facet normal 0 0 1
    outer loop
      vertex 13.221600999081687 9.266042014611594 2.4
      vertex 13.45 9.41865334794732 2.4
      vertex 43.600000001490116 77 2.4
    endloop
  endfacet
  facet normal 0 0 1
    outer loop
      vertex 13.45 9.41865334794732 2.4
      vertex 13.696364792033311 9.540147018273702 2.4
      vertex 43.600000001490116 77 2.4
    endloop
  endfacet
  facet normal 0 0 1
    outer loop
      vertex 13.696364792033311 9.540147018273702 2.4
      vertex 13.956480005284707 9.628444235207043 2.4
      vertex 43.600000001490116 77 2.4
    endloop
  endfacet
  facet normal 0 0 1
    outer loop
      vertex 13.956480005284707 9.628444235207043 2.4
      vertex 14.225894996337892 9.682034208885002 2.4
      vertex 43.600000001490116 77 2.4
    endloop
  endfacet
  facet normal 0 0 1
    outer loop
      vertex 14.225894996337892 9.682034208885002 2.4
      vertex 14.5 9.7 2.4
      vertex 43.600000001490116 77 2.4
    endloop
  endfacet
  facet normal 0 0 1
    outer loop
      vertex 14.5 9.7 2.4
      vertex 14.774105003662108 9.682034208885002 2.4
      vertex 43.600000001490116 77 2.4
    endloop
  endfacet
  facet normal 0 0 1
    outer loop
      vertex 14.774105003662108 9.682034208885002 2.4
      vertex 15.043519994715293 9.628444235207043 2.4
      vertex 43.600000001490116 77 2.4
    endloop
  endfacet
  facet normal 0 0 1
    outer loop
      vertex 15.043519994715293 9.628444235207043 2.4
      vertex 15.303635207966689 9.540147018273702 2.4
      vertex 43.600000001490116 77 2.4
    endloop
  endfacet
  facet normal 0 0 1
    outer loop
      vertex 15.303635207966689 9.540147018273702 2.4
      vertex 15.55 9.41865334794732 2.4
      vertex 43.600000001490116 77 2.4
    endloop
  endfacet
  facet normal 0 0 1
    outer loop
      vertex 15.55 9.41865334794732 2.4
      vertex 30.45 9.41865334794732 2.4
      vertex 43.600000001490116 77 2.4
    endloop
  endfacet
  facet normal 0 0 1
    outer loop
      vertex 32.5 2.399999998509884 2.4
      vertex 43.600000001490116 4 2.4
      vertex 32.5 5.756689380751115 2.4
    endloop
  endfacet
  facet normal 0 0 1
    outer loop
      vertex 32.5 5.756689380751115 2.4
      vertex 43.600000001490116 4 2.4
      vertex 32.55 5.781346652052679 2.4
    endloop
  endfacet
  facet normal 0 0 1
    outer loop
      vertex 32.55 5.781346652052679 2.4
      vertex 43.600000001490116 4 2.4
      vertex 32.77839900091831 5.933957985388406 2.4
    endloop
  endfacet
  facet normal 0 0 1
    outer loop
      vertex 32.77839900091831 5.933957985388406 2.4
      vertex 43.600000001490116 4 2.4
      vertex 32.98492424049175 6.115075759508249 2.4
    endloop
  endfacet
  facet normal 0 0 1
    outer loop
      vertex 32.98492424049175 6.115075759508249 2.4
      vertex 43.600000001490116 4 2.4
      vertex 33.16604201461159 6.321600999081686 2.4
    endloop
  endfacet
  facet normal 0 0 1
    outer loop
      vertex 33.16604201461159 6.321600999081686 2.4
      vertex 43.600000001490116 4 2.4
      vertex 33.31865334794732 6.55 2.4
    endloop
  endfacet
  facet normal 0 0 1
    outer loop
      vertex 33.31865334794732 6.55 2.4
      vertex 43.600000001490116 4 2.4
      vertex 33.440147018273706 6.7963647920333115 2.4
    endloop
  endfacet
  facet normal 0 0 1
    outer loop
      vertex 33.440147018273706 6.7963647920333115 2.4
      vertex 43.600000001490116 4 2.4
      vertex 33.52844423520705 7.0564800052847065 2.4
    endloop
  endfacet
  facet normal 0 0 1
    outer loop
      vertex 33.52844423520705 7.0564800052847065 2.4
      vertex 43.600000001490116 4 2.4
      vertex 33.582034208885005 7.325894996337891 2.4
    endloop
  endfacet
  facet normal 0 0 1
    outer loop
      vertex 32.5 2.399999998509884 2.4
      vertex 42 2.399999998509884 2.4
      vertex 42.414110474288464 2.454518675804138 2.4
    endloop
  endfacet
  facet normal 0 0 1
    outer loop
      vertex 32.5 2.399999998509884 2.4
      vertex 42.414110474288464 2.454518675804138 2.4
      vertex 42.61229348927736 2.521792747080326 2.4
    endloop
  endfacet
  facet normal 0 0 1
    outer loop
      vertex 32.5 2.399999998509884 2.4
      vertex 42.61229348927736 2.521792747080326 2.4
      vertex 42.79999999701977 2.6143593564629555 2.4
    endloop
  endfacet
  facet normal 0 0 1
    outer loop
      vertex 32.5 2.399999998509884 2.4
      vertex 42.79999999701977 2.6143593564629555 2.4
      vertex 42.97401828318834 2.7306346520781517 2.4
    endloop
  endfacet
  facet normal 0 0 1
    outer loop
      vertex 32.5 2.399999998509884 2.4
      vertex 42.97401828318834 2.7306346520781517 2.4
      vertex 43.1313708499074 2.8686291500926018 2.4
    endloop
  endfacet
  facet normal 0 0 1
    outer loop
      vertex 32.5 2.399999998509884 2.4
      vertex 43.1313708499074 2.8686291500926018 2.4
      vertex 43.26936534792185 3.025981716811657 2.4
    endloop
  endfacet
  facet normal 0 0 1
    outer loop
      vertex 32.5 2.399999998509884 2.4
      vertex 43.26936534792185 3.025981716811657 2.4
      vertex 43.385640643537045 3.2000000029802322 2.4
    endloop
  endfacet
  facet normal 0 0 1
    outer loop
      vertex 32.5 2.399999998509884 2.4
      vertex 43.385640643537045 3.2000000029802322 2.4
      vertex 43.478207252919674 3.387706510722637 2.4
    endloop
  endfacet
  facet normal 0 0 1
    outer loop
      vertex 32.5 2.399999998509884 2.4
      vertex 43.478207252919674 3.387706510722637 2.4
      vertex 43.54548132419586 3.5858895257115364 2.4
    endloop
  endfacet
  facet normal 0 0 1
    outer loop
      vertex 32.5 2.399999998509884 2.4
      vertex 43.54548132419586 3.5858895257115364 2.4
      vertex 43.58631177991629 3.7911580950021744 2.4
    endloop
  endfacet
  facet normal 0 0 1
    outer loop
      vertex 32.5 2.399999998509884 2.4
      vertex 43.58631177991629 3.7911580950021744 2.4
      vertex 43.600000001490116 4 2.4
    endloop
  endfacet
  facet normal 0 0 1
    outer loop
      vertex 42 2.399999998509884 2.4
      vertex 42.208841904997826 2.4136882200837135 2.4
      vertex 42.414110474288464 2.454518675804138 2.4
    endloop
  endfacet
  facet normal 0 1 0
    outer loop
      vertex 32.5 2.399999998509884 2.4
      vertex 32.5 2.399999998509884 15.200000000000001
      vertex 42 2.399999998509884 2.4
    endloop
  endfacet
  facet normal -0.0654031289415513 0.9978589232575189 0
    outer loop
      vertex 42 2.399999998509884 2.4
      vertex 42 2.399999998509884 15.200000000000001
      vertex 42.208841904997826 2.4136882200837135 2.4
    endloop
  endfacet
  facet normal -0.19509031583050304 0.9807852816336278 0
    outer loop
      vertex 42.208841904997826 2.4136882200837135 2.4
      vertex 42.208841904997826 2.4136882200837135 15.200000000000001
      vertex 42.414110474288464 2.454518675804138 2.4
    endloop
  endfacet
  facet normal -0.3214394773157827 0.9469301254173702 0
    outer loop
      vertex 42.414110474288464 2.454518675804138 2.4
      vertex 42.414110474288464 2.454518675804138 15.200000000000001
      vertex 42.61229348927736 2.521792747080326 2.4
    endloop
  endfacet
  facet normal -0.44228870425944977 0.8968727346087052 0
    outer loop
      vertex 42.61229348927736 2.521792747080326 2.4
      vertex 42.61229348927736 2.521792747080326 15.200000000000001
      vertex 42.79999999701977 2.6143593564629555 2.4
    endloop
  endfacet
  facet normal -0.5555702138276836 0.8314696251261751 0
    outer loop
      vertex 42.79999999701977 2.6143593564629555 2.4
      vertex 42.79999999701977 2.6143593564629555 15.200000000000001
      vertex 42.97401828318834 2.7306346520781517 2.4
    endloop
  endfacet
  facet normal -0.6593458167485154 0.7518398060333287 0
    outer loop
      vertex 42.97401828318834 2.7306346520781517 2.4
      vertex 42.97401828318834 2.7306346520781517 15.200000000000001
      vertex 43.1313708499074 2.8686291500926018 2.4
    endloop
  endfacet
  facet normal -0.7518398060333287 0.6593458167485154 0
    outer loop
      vertex 43.1313708499074 2.8686291500926018 2.4
      vertex 43.1313708499074 2.8686291500926018 15.200000000000001
      vertex 43.26936534792185 3.025981716811657 2.4
    endloop
  endfacet
  facet normal -0.8314696251261751 0.5555702138276836 0
    outer loop
      vertex 43.26936534792185 3.025981716811657 2.4
      vertex 43.26936534792185 3.025981716811657 15.200000000000001
      vertex 43.385640643537045 3.2000000029802322 2.4
    endloop
  endfacet
  facet normal -0.8968727346087052 0.44228870425944977 0
    outer loop
      vertex 43.385640643537045 3.2000000029802322 2.4
      vertex 43.385640643537045 3.2000000029802322 15.200000000000001
      vertex 43.478207252919674 3.387706510722637 2.4
    endloop
  endfacet
  facet normal -0.9469301254173702 0.3214394773157827 0
    outer loop
      vertex 43.478207252919674 3.387706510722637 2.4
      vertex 43.478207252919674 3.387706510722637 15.200000000000001
      vertex 43.54548132419586 3.5858895257115364 2.4
    endloop
  endfacet
  facet normal -0.9807852816336278 0.19509031583050304 0
    outer loop
      vertex 43.54548132419586 3.5858895257115364 2.4
      vertex 43.54548132419586 3.5858895257115364 15.200000000000001
      vertex 43.58631177991629 3.7911580950021744 2.4
    endloop
  endfacet
  facet normal -0.9978589232575189 0.0654031289415513 0
    outer loop
      vertex 43.58631177991629 3.7911580950021744 2.4
      vertex 43.58631177991629 3.7911580950021744 15.200000000000001
      vertex 43.600000001490116 4 2.4
    endloop
  endfacet
  facet normal 0 0 1
    outer loop
      vertex 30.45 9.41865334794732 2.4
      vertex 30.69636479203331 9.540147018273702 2.4
      vertex 43.600000001490116 77 2.4
    endloop
  endfacet
  facet normal 0 0 1
    outer loop
      vertex 30.69636479203331 9.540147018273702 2.4
      vertex 30.956480005284707 9.628444235207043 2.4
      vertex 43.600000001490116 77 2.4
    endloop
  endfacet
  facet normal 0 0 1
    outer loop
      vertex 30.956480005284707 9.628444235207043 2.4
      vertex 31.225894996337892 9.682034208885002 2.4
      vertex 43.600000001490116 77 2.4
    endloop
  endfacet
  facet normal 0 0 1
    outer loop
      vertex 31.225894996337892 9.682034208885002 2.4
      vertex 31.5 9.7 2.4
      vertex 43.600000001490116 77 2.4
    endloop
  endfacet
  facet normal 0 0 1
    outer loop
      vertex 31.5 9.7 2.4
      vertex 31.774105003662108 9.682034208885002 2.4
      vertex 43.600000001490116 77 2.4
    endloop
  endfacet
  facet normal 0 0 1
    outer loop
      vertex 31.774105003662108 9.682034208885002 2.4
      vertex 32.0435199947153 9.628444235207043 2.4
      vertex 43.600000001490116 77 2.4
    endloop
  endfacet
  facet normal 0 0 1
    outer loop
      vertex 32.0435199947153 9.628444235207043 2.4
      vertex 32.303635207966686 9.540147018273702 2.4
      vertex 43.600000001490116 77 2.4
    endloop
  endfacet
  facet normal 0 0 1
    outer loop
      vertex 32.303635207966686 9.540147018273702 2.4
      vertex 32.55 9.41865334794732 2.4
      vertex 43.600000001490116 77 2.4
    endloop
  endfacet
  facet normal 0 0 1
    outer loop
      vertex 32.55 9.41865334794732 2.4
      vertex 32.77839900091831 9.266042014611594 2.4
      vertex 43.600000001490116 77 2.4
    endloop
  endfacet
  facet normal 0 0 1
    outer loop
      vertex 32.77839900091831 9.266042014611594 2.4
      vertex 32.98492424049175 9.08492424049175 2.4
      vertex 43.600000001490116 77 2.4
    endloop
  endfacet
  facet normal 0 0 1
    outer loop
      vertex 32.98492424049175 9.08492424049175 2.4
      vertex 33.16604201461159 8.878399000918312 2.4
      vertex 43.600000001490116 77 2.4
    endloop
  endfacet
  facet normal 0 0 1
    outer loop
      vertex 33.582034208885005 7.325894996337891 2.4
      vertex 43.600000001490116 77 2.4
      vertex 33.6 7.6 2.4
    endloop
  endfacet
  facet normal 0 0 1
    outer loop
      vertex 33.582034208885005 7.874105003662108 2.4
      vertex 43.600000001490116 77 2.4
      vertex 33.52844423520705 8.143519994715293 2.4
    endloop
  endfacet
  facet normal 0 0 1
    outer loop
      vertex 33.6 7.6 2.4
      vertex 43.600000001490116 77 2.4
      vertex 33.582034208885005 7.874105003662108 2.4
    endloop
  endfacet
  facet normal 0 0 1
    outer loop
      vertex 33.31865334794732 8.65 2.4
      vertex 43.600000001490116 77 2.4
      vertex 33.16604201461159 8.878399000918312 2.4
    endloop
  endfacet
  facet normal 0 0 1
    outer loop
      vertex 33.31865334794732 8.65 2.4
      vertex 33.440147018273706 8.403635207966689 2.4
      vertex 43.600000001490116 77 2.4
    endloop
  endfacet
  facet normal 0 0 1
    outer loop
      vertex 33.52844423520705 8.143519994715293 2.4
      vertex 43.600000001490116 77 2.4
      vertex 33.440147018273706 8.403635207966689 2.4
    endloop
  endfacet
  facet normal 0 0 1
    outer loop
      vertex 33.582034208885005 7.325894996337891 2.4
      vertex 43.600000001490116 4 2.4
      vertex 43.600000001490116 77 2.4
    endloop
  endfacet
  facet normal -1 0 0
    outer loop
      vertex 43.600000001490116 4 2.4
      vertex 43.600000001490116 4 15.200000000000001
      vertex 43.600000001490116 77 2.4
    endloop
  endfacet
  facet normal 0 1 0
    outer loop
      vertex 15.5 2.399999998509884 15.200000000000001
      vertex 30.5 2.399999998509884 15.200000000000001
      vertex 30.5 2.399999998509884 2.4
    endloop
  endfacet
  facet normal 0 1 0
    outer loop
      vertex 42 2.399999998509884 2.4
      vertex 32.5 2.399999998509884 15.200000000000001
      vertex 42 2.399999998509884 15.200000000000001
    endloop
  endfacet
  facet normal -0.0654031289415513 0.9978589232575189 0
    outer loop
      vertex 42.208841904997826 2.4136882200837135 2.4
      vertex 42 2.399999998509884 15.200000000000001
      vertex 42.208841904997826 2.4136882200837135 15.200000000000001
    endloop
  endfacet
  facet normal -0.19509031583050304 0.9807852816336278 0
    outer loop
      vertex 42.414110474288464 2.454518675804138 2.4
      vertex 42.208841904997826 2.4136882200837135 15.200000000000001
      vertex 42.414110474288464 2.454518675804138 15.200000000000001
    endloop
  endfacet
  facet normal -0.3214394773157827 0.9469301254173702 0
    outer loop
      vertex 42.61229348927736 2.521792747080326 2.4
      vertex 42.414110474288464 2.454518675804138 15.200000000000001
      vertex 42.61229348927736 2.521792747080326 15.200000000000001
    endloop
  endfacet
  facet normal -0.44228870425944977 0.8968727346087052 0
    outer loop
      vertex 42.79999999701977 2.6143593564629555 2.4
      vertex 42.61229348927736 2.521792747080326 15.200000000000001
      vertex 42.79999999701977 2.6143593564629555 15.200000000000001
    endloop
  endfacet
  facet normal -0.5555702138276836 0.8314696251261751 0
    outer loop
      vertex 42.97401828318834 2.7306346520781517 2.4
      vertex 42.79999999701977 2.6143593564629555 15.200000000000001
      vertex 42.97401828318834 2.7306346520781517 15.200000000000001
    endloop
  endfacet
  facet normal -0.6593458167485154 0.7518398060333287 0
    outer loop
      vertex 43.1313708499074 2.8686291500926018 2.4
      vertex 42.97401828318834 2.7306346520781517 15.200000000000001
      vertex 43.1313708499074 2.8686291500926018 15.200000000000001
    endloop
  endfacet
  facet normal -0.7518398060333287 0.6593458167485154 0
    outer loop
      vertex 43.26936534792185 3.025981716811657 2.4
      vertex 43.1313708499074 2.8686291500926018 15.200000000000001
      vertex 43.26936534792185 3.025981716811657 15.200000000000001
    endloop
  endfacet
  facet normal -0.8314696251261751 0.5555702138276836 0
    outer loop
      vertex 43.385640643537045 3.2000000029802322 2.4
      vertex 43.26936534792185 3.025981716811657 15.200000000000001
      vertex 43.385640643537045 3.2000000029802322 15.200000000000001
    endloop
  endfacet
  facet normal -0.8968727346087052 0.44228870425944977 0
    outer loop
      vertex 43.478207252919674 3.387706510722637 2.4
      vertex 43.385640643537045 3.2000000029802322 15.200000000000001
      vertex 43.478207252919674 3.387706510722637 15.200000000000001
    endloop
  endfacet
  facet normal -0.9469301254173702 0.3214394773157827 0
    outer loop
      vertex 43.54548132419586 3.5858895257115364 2.4
      vertex 43.478207252919674 3.387706510722637 15.200000000000001
      vertex 43.54548132419586 3.5858895257115364 15.200000000000001
    endloop
  endfacet
  facet normal -0.9807852816336278 0.19509031583050304 0
    outer loop
      vertex 43.58631177991629 3.7911580950021744 2.4
      vertex 43.54548132419586 3.5858895257115364 15.200000000000001
      vertex 43.58631177991629 3.7911580950021744 15.200000000000001
    endloop
  endfacet
  facet normal -0.9978589232575189 0.0654031289415513 0
    outer loop
      vertex 43.600000001490116 4 2.4
      vertex 43.58631177991629 3.7911580950021744 15.200000000000001
      vertex 43.600000001490116 4 15.200000000000001
    endloop
  endfacet
  facet normal 0 0 1
    outer loop
      vertex 2.399999998509884 4 2.4
      vertex 43.54548132419586 77.41411047428846 2.4
      vertex 24.940147018273702 77.09636479203331 2.4
    endloop
  endfacet
  facet normal 0 0 1
    outer loop
      vertex 2.4136882200837135 3.7911580950021744 2.4
      vertex 43.600000001490116 77 2.4
      vertex 43.58631177991629 77.20884190499783 2.4
    endloop
  endfacet
  facet normal 0 0 1
    outer loop
      vertex 2.399999998509884 4 2.4
      vertex 43.58631177991629 77.20884190499783 2.4
      vertex 43.54548132419586 77.41411047428846 2.4
    endloop
  endfacet
  facet normal 0 0 1
    outer loop
      vertex 25.028444235207044 78.4435199947153 2.4
      vertex 25.082034208885002 78.17410500366212 2.4
      vertex 42.414110474288464 78.54548132419586 2.4
    endloop
  endfacet
  facet normal 0 0 1
    outer loop
      vertex 24.940147018273702 77.09636479203331 2.4
      vertex 43.478207252919674 77.61229348927736 2.4
      vertex 25.028444235207044 77.35648000528471 2.4
    endloop
  endfacet
  facet normal 0 0 1
    outer loop
      vertex 25.028444235207044 77.35648000528471 2.4
      vertex 43.385640643537045 77.79999999701977 2.4
      vertex 25.082034208885002 77.62589499633789 2.4
    endloop
  endfacet
  facet normal 0 0 1
    outer loop
      vertex 25.1 77.9 2.4
      vertex 42.79999999701977 78.38564064353704 2.4
      vertex 25.082034208885002 78.17410500366212 2.4
    endloop
  endfacet
  facet normal 0 0 1
    outer loop
      vertex 25.082034208885002 77.62589499633789 2.4
      vertex 43.1313708499074 78.1313708499074 2.4
      vertex 25.1 77.9 2.4
    endloop
  endfacet
  facet normal 0 0 1
    outer loop
      vertex 25.028444235207044 78.4435199947153 2.4
      vertex 42 78.60000000149012 2.4
      vertex 24.97532643048036 78.60000000149012 2.4
    endloop
  endfacet
  facet normal 0 0 1
    outer loop
      vertex 25.082034208885002 78.17410500366212 2.4
      vertex 42.61229348927736 78.47820725291967 2.4
      vertex 42.414110474288464 78.54548132419586 2.4
    endloop
  endfacet
  facet normal 0 0 1
    outer loop
      vertex 25.082034208885002 78.17410500366212 2.4
      vertex 42.79999999701977 78.38564064353704 2.4
      vertex 42.61229348927736 78.47820725291967 2.4
    endloop
  endfacet
  facet normal 0 0 1
    outer loop
      vertex 25.1 77.9 2.4
      vertex 42.97401828318834 78.26936534792185 2.4
      vertex 42.79999999701977 78.38564064353704 2.4
    endloop
  endfacet
  facet normal 0 0 1
    outer loop
      vertex 24.940147018273702 77.09636479203331 2.4
      vertex 43.54548132419586 77.41411047428846 2.4
      vertex 43.478207252919674 77.61229348927736 2.4
    endloop
  endfacet
  facet normal 0 0 1
    outer loop
      vertex 25.082034208885002 77.62589499633789 2.4
      vertex 43.385640643537045 77.79999999701977 2.4
      vertex 43.26936534792185 77.97401828318834 2.4
    endloop
  endfacet
  facet normal 0 0 1
    outer loop
      vertex 25.028444235207044 77.35648000528471 2.4
      vertex 43.478207252919674 77.61229348927736 2.4
      vertex 43.385640643537045 77.79999999701977 2.4
    endloop
  endfacet
  facet normal 0 0 1
    outer loop
      vertex 25.1 77.9 2.4
      vertex 43.1313708499074 78.1313708499074 2.4
      vertex 42.97401828318834 78.26936534792185 2.4
    endloop
  endfacet
  facet normal 0 0 1
    outer loop
      vertex 25.082034208885002 77.62589499633789 2.4
      vertex 43.26936534792185 77.97401828318834 2.4
      vertex 43.1313708499074 78.1313708499074 2.4
    endloop
  endfacet
  facet normal 0 0 1
    outer loop
      vertex 25.028444235207044 78.4435199947153 2.4
      vertex 42.208841904997826 78.58631177991629 2.4
      vertex 42 78.60000000149012 2.4
    endloop
  endfacet
  facet normal 0 0 1
    outer loop
      vertex 25.028444235207044 78.4435199947153 2.4
      vertex 42.414110474288464 78.54548132419586 2.4
      vertex 42.208841904997826 78.58631177991629 2.4
    endloop
  endfacet
  facet normal 0 -1 0
    outer loop
      vertex 24.97532643048036 78.60000000149012 2.4
      vertex 42 78.60000000149012 2.4
      vertex 42 78.60000000149012 15.200000000000001
    endloop
  endfacet
  facet normal -0.44228870425944977 -0.8968727346087052 0
    outer loop
      vertex 42.79999999701977 78.38564064353704 2.4
      vertex 42.79999999701977 78.38564064353704 15.200000000000001
      vertex 42.61229348927736 78.47820725291967 2.4
    endloop
  endfacet
  facet normal -0.5555702138276836 -0.8314696251261751 0
    outer loop
      vertex 42.79999999701977 78.38564064353704 2.4
      vertex 42.97401828318834 78.26936534792185 2.4
      vertex 42.97401828318834 78.26936534792185 15.200000000000001
    endloop
  endfacet
  facet normal -0.6593458167485154 -0.7518398060333287 0
    outer loop
      vertex 42.97401828318834 78.26936534792185 2.4
      vertex 43.1313708499074 78.1313708499074 2.4
      vertex 43.1313708499074 78.1313708499074 15.200000000000001
    endloop
  endfacet
  facet normal -0.0654031289415513 -0.9978589232575189 0
    outer loop
      vertex 42 78.60000000149012 2.4
      vertex 42.208841904997826 78.58631177991629 2.4
      vertex 42.208841904997826 78.58631177991629 15.200000000000001
    endloop
  endfacet
  facet normal -0.19509031583050304 -0.9807852816336278 0
    outer loop
      vertex 42.208841904997826 78.58631177991629 2.4
      vertex 42.414110474288464 78.54548132419586 2.4
      vertex 42.414110474288464 78.54548132419586 15.200000000000001
    endloop
  endfacet
  facet normal -0.3214394773157827 -0.9469301254173702 0
    outer loop
      vertex 42.414110474288464 78.54548132419586 2.4
      vertex 42.61229348927736 78.47820725291967 2.4
      vertex 42.61229348927736 78.47820725291967 15.200000000000001
    endloop
  endfacet
  facet normal -0.9978589232575189 -0.0654031289415513 0
    outer loop
      vertex 43.600000001490116 77 2.4
      vertex 43.600000001490116 77 15.200000000000001
      vertex 43.58631177991629 77.20884190499783 2.4
    endloop
  endfacet
  facet normal -0.8968727346087052 -0.44228870425944977 0
    outer loop
      vertex 43.385640643537045 77.79999999701977 2.4
      vertex 43.478207252919674 77.61229348927736 2.4
      vertex 43.478207252919674 77.61229348927736 15.200000000000001
    endloop
  endfacet
  facet normal -0.7518398060333287 -0.6593458167485154 0
    outer loop
      vertex 43.1313708499074 78.1313708499074 2.4
      vertex 43.26936534792185 77.97401828318834 2.4
      vertex 43.26936534792185 77.97401828318834 15.200000000000001
    endloop
  endfacet
  facet normal -0.8314696251261751 -0.5555702138276836 0
    outer loop
      vertex 43.385640643537045 77.79999999701977 2.4
      vertex 43.385640643537045 77.79999999701977 15.200000000000001
      vertex 43.26936534792185 77.97401828318834 2.4
    endloop
  endfacet
  facet normal -0.9807852816336278 -0.19509031583050304 0
    outer loop
      vertex 43.54548132419586 77.41411047428846 2.4
      vertex 43.58631177991629 77.20884190499783 2.4
      vertex 43.58631177991629 77.20884190499783 15.200000000000001
    endloop
  endfacet
  facet normal -0.9469301254173702 -0.3214394773157827 0
    outer loop
      vertex 43.478207252919674 77.61229348927736 2.4
      vertex 43.54548132419586 77.41411047428846 2.4
      vertex 43.54548132419586 77.41411047428846 15.200000000000001
    endloop
  endfacet
  facet normal 0 -1 0
    outer loop
      vertex 24.97532643048036 78.60000000149012 2.4
      vertex 42 78.60000000149012 15.200000000000001
      vertex 24.97532643048036 78.60000000149012 15.200000000000001
    endloop
  endfacet
  facet normal -1 0 0
    outer loop
      vertex 43.600000001490116 4 15.200000000000001
      vertex 43.600000001490116 77 15.200000000000001
      vertex 43.600000001490116 77 2.4
    endloop
  endfacet
  facet normal -0.44228870425944977 -0.8968727346087052 0
    outer loop
      vertex 42.61229348927736 78.47820725291967 2.4
      vertex 42.79999999701977 78.38564064353704 15.200000000000001
      vertex 42.61229348927736 78.47820725291967 15.200000000000001
    endloop
  endfacet
  facet normal -0.5555702138276836 -0.8314696251261751 0
    outer loop
      vertex 42.79999999701977 78.38564064353704 2.4
      vertex 42.97401828318834 78.26936534792185 15.200000000000001
      vertex 42.79999999701977 78.38564064353704 15.200000000000001
    endloop
  endfacet
  facet normal -0.6593458167485154 -0.7518398060333287 0
    outer loop
      vertex 42.97401828318834 78.26936534792185 2.4
      vertex 43.1313708499074 78.1313708499074 15.200000000000001
      vertex 42.97401828318834 78.26936534792185 15.200000000000001
    endloop
  endfacet
  facet normal -0.0654031289415513 -0.9978589232575189 0
    outer loop
      vertex 42 78.60000000149012 2.4
      vertex 42.208841904997826 78.58631177991629 15.200000000000001
      vertex 42 78.60000000149012 15.200000000000001
    endloop
  endfacet
  facet normal -0.19509031583050304 -0.9807852816336278 0
    outer loop
      vertex 42.208841904997826 78.58631177991629 2.4
      vertex 42.414110474288464 78.54548132419586 15.200000000000001
      vertex 42.208841904997826 78.58631177991629 15.200000000000001
    endloop
  endfacet
  facet normal -0.3214394773157827 -0.9469301254173702 0
    outer loop
      vertex 42.414110474288464 78.54548132419586 2.4
      vertex 42.61229348927736 78.47820725291967 15.200000000000001
      vertex 42.414110474288464 78.54548132419586 15.200000000000001
    endloop
  endfacet
  facet normal -0.9978589232575189 -0.0654031289415513 0
    outer loop
      vertex 43.58631177991629 77.20884190499783 2.4
      vertex 43.600000001490116 77 15.200000000000001
      vertex 43.58631177991629 77.20884190499783 15.200000000000001
    endloop
  endfacet
  facet normal -0.8968727346087052 -0.44228870425944977 0
    outer loop
      vertex 43.385640643537045 77.79999999701977 2.4
      vertex 43.478207252919674 77.61229348927736 15.200000000000001
      vertex 43.385640643537045 77.79999999701977 15.200000000000001
    endloop
  endfacet
  facet normal -0.7518398060333287 -0.6593458167485154 0
    outer loop
      vertex 43.1313708499074 78.1313708499074 2.4
      vertex 43.26936534792185 77.97401828318834 15.200000000000001
      vertex 43.1313708499074 78.1313708499074 15.200000000000001
    endloop
  endfacet
  facet normal -0.8314696251261751 -0.5555702138276836 0
    outer loop
      vertex 43.26936534792185 77.97401828318834 2.4
      vertex 43.385640643537045 77.79999999701977 15.200000000000001
      vertex 43.26936534792185 77.97401828318834 15.200000000000001
    endloop
  endfacet
  facet normal -0.9807852816336278 -0.19509031583050304 0
    outer loop
      vertex 43.54548132419586 77.41411047428846 2.4
      vertex 43.58631177991629 77.20884190499783 15.200000000000001
      vertex 43.54548132419586 77.41411047428846 15.200000000000001
    endloop
  endfacet
  facet normal -0.9469301254173702 -0.3214394773157827 0
    outer loop
      vertex 43.478207252919674 77.61229348927736 2.4
      vertex 43.54548132419586 77.41411047428846 15.200000000000001
      vertex 43.478207252919674 77.61229348927736 15.200000000000001
    endloop
  endfacet
  facet normal -0.9469301294951055 -0.3214394653031619 0
    outer loop
      vertex 12.559852981726298 6.7963647920333115 2.4
      vertex 12.559852981726298 6.7963647920333115 15.200000000000001
      vertex 12.471555764792956 7.0564800052847065 2.4
    endloop
  endfacet
  facet normal -0.9807852804032303 -0.19509032201612833 0
    outer loop
      vertex 12.471555764792956 7.0564800052847065 2.4
      vertex 12.471555764792956 7.0564800052847065 15.200000000000001
      vertex 12.417965791114998 7.325894996337891 2.4
    endloop
  endfacet
  facet normal -0.9978589232386036 -0.06540312923014162 0
    outer loop
      vertex 12.417965791114998 7.325894996337891 2.4
      vertex 12.417965791114998 7.325894996337891 15.200000000000001
      vertex 12.4 7.6 2.4
    endloop
  endfacet
  facet normal -0.8968727415326896 -0.4422886902189988 0
    outer loop
      vertex 12.559852981726298 6.7963647920333115 2.4
      vertex 12.681346652052678 6.55 2.4
      vertex 12.681346652052678 6.55 15.200000000000001
    endloop
  endfacet
  facet normal -0.8314696123025459 -0.5555702330196013 0
    outer loop
      vertex 12.833957985388405 6.321600999081686 2.4
      vertex 12.833957985388405 6.321600999081686 15.200000000000001
      vertex 12.681346652052678 6.55 2.4
    endloop
  endfacet
  facet normal -0.9978589232386036 0.06540312923014162 0
    outer loop
      vertex 12.4 7.6 2.4
      vertex 12.4 7.6 15.200000000000001
      vertex 12.417965791114998 7.874105003662108 2.4
    endloop
  endfacet
  facet normal -0.9807852804032303 0.19509032201612833 0
    outer loop
      vertex 12.417965791114998 7.874105003662108 2.4
      vertex 12.417965791114998 7.874105003662108 15.200000000000001
      vertex 12.471555764792956 8.143519994715293 2.4
    endloop
  endfacet
  facet normal -0.9469301294951059 0.3214394653031609 0
    outer loop
      vertex 12.471555764792956 8.143519994715293 2.4
      vertex 12.471555764792956 8.143519994715293 15.200000000000001
      vertex 12.559852981726298 8.403635207966689 2.4
    endloop
  endfacet
  facet normal -0.8968727415326896 0.4422886902189988 0
    outer loop
      vertex 12.559852981726298 8.403635207966689 2.4
      vertex 12.559852981726298 8.403635207966689 15.200000000000001
      vertex 12.681346652052678 8.65 2.4
    endloop
  endfacet
  facet normal -0.8314696123025438 0.5555702330196042 0
    outer loop
      vertex 12.681346652052678 8.65 2.4
      vertex 12.681346652052678 8.65 15.200000000000001
      vertex 12.833957985388405 8.878399000918312 2.4
    endloop
  endfacet
  facet normal -0.7518398074789788 0.6593458151000671 0
    outer loop
      vertex 12.833957985388405 8.878399000918312 2.4
      vertex 12.833957985388405 8.878399000918312 15.200000000000001
      vertex 13.01507575950825 9.08492424049175 2.4
    endloop
  endfacet
  facet normal -0.7518398074789775 -0.6593458151000687 0
    outer loop
      vertex 12.833957985388405 6.321600999081686 2.4
      vertex 13.01507575950825 6.115075759508249 2.4
      vertex 13.01507575950825 6.115075759508249 15.200000000000001
    endloop
  endfacet
  facet normal -0.6593458151000653 -0.7518398074789806 0
    outer loop
      vertex 13.01507575950825 6.115075759508249 2.4
      vertex 13.221600999081687 5.933957985388406 2.4
      vertex 13.221600999081687 5.933957985388406 15.200000000000001
    endloop
  endfacet
  facet normal -0.5555702330196042 -0.8314696123025438 0
    outer loop
      vertex 13.221600999081687 5.933957985388406 2.4
      vertex 13.45 5.781346652052679 2.4
      vertex 13.45 5.781346652052679 15.200000000000001
    endloop
  endfacet
  facet normal -0.44228869021900175 -0.8968727415326881 0
    outer loop
      vertex 13.45 5.781346652052679 2.4
      vertex 13.5 5.756689380751113 2.4
      vertex 13.5 5.756689380751113 15.200000000000001
    endloop
  endfacet
  facet normal -0.6593458151000671 0.7518398074789788 0
    outer loop
      vertex 13.01507575950825 9.08492424049175 2.4
      vertex 13.01507575950825 9.08492424049175 15.200000000000001
      vertex 13.221600999081687 9.266042014611594 2.4
    endloop
  endfacet
  facet normal -0.5555702330195997 0.8314696123025469 0
    outer loop
      vertex 13.221600999081687 9.266042014611594 2.4
      vertex 13.221600999081687 9.266042014611594 15.200000000000001
      vertex 13.45 9.41865334794732 2.4
    endloop
  endfacet
  facet normal -0.442288690219004 0.8968727415326869 0
    outer loop
      vertex 13.45 9.41865334794732 2.4
      vertex 13.45 9.41865334794732 15.200000000000001
      vertex 13.696364792033311 9.540147018273702 2.4
    endloop
  endfacet
  facet normal -0.3214394653031609 0.9469301294951059 0
    outer loop
      vertex 13.696364792033311 9.540147018273702 2.4
      vertex 13.696364792033311 9.540147018273702 15.200000000000001
      vertex 13.956480005284707 9.628444235207043 2.4
    endloop
  endfacet
  facet normal -0.19509032201612775 0.9807852804032305 0
    outer loop
      vertex 13.956480005284707 9.628444235207043 2.4
      vertex 13.956480005284707 9.628444235207043 15.200000000000001
      vertex 14.225894996337892 9.682034208885002 2.4
    endloop
  endfacet
  facet normal -0.06540312923014181 0.9978589232386036 0
    outer loop
      vertex 14.225894996337892 9.682034208885002 2.4
      vertex 14.225894996337892 9.682034208885002 15.200000000000001
      vertex 14.5 9.7 2.4
    endloop
  endfacet
  facet normal 0.44228869021900175 -0.8968727415326881 0
    outer loop
      vertex 15.5 5.756689380751113 2.4
      vertex 15.55 5.781346652052679 2.4
      vertex 15.55 5.781346652052679 15.200000000000001
    endloop
  endfacet
  facet normal 0.5555702330196042 -0.8314696123025438 0
    outer loop
      vertex 15.55 5.781346652052679 2.4
      vertex 15.778399000918313 5.933957985388406 2.4
      vertex 15.778399000918313 5.933957985388406 15.200000000000001
    endloop
  endfacet
  facet normal 0.06540312923014181 0.9978589232386036 0
    outer loop
      vertex 14.5 9.7 2.4
      vertex 14.5 9.7 15.200000000000001
      vertex 14.774105003662108 9.682034208885002 2.4
    endloop
  endfacet
  facet normal 0.19509032201612775 0.9807852804032305 0
    outer loop
      vertex 14.774105003662108 9.682034208885002 2.4
      vertex 14.774105003662108 9.682034208885002 15.200000000000001
      vertex 15.043519994715293 9.628444235207043 2.4
    endloop
  endfacet
  facet normal 0.3214394653031609 0.9469301294951059 0
    outer loop
      vertex 15.043519994715293 9.628444235207043 2.4
      vertex 15.043519994715293 9.628444235207043 15.200000000000001
      vertex 15.303635207966689 9.540147018273702 2.4
    endloop
  endfacet
  facet normal 0.442288690219004 0.8968727415326869 0
    outer loop
      vertex 15.303635207966689 9.540147018273702 2.4
      vertex 15.303635207966689 9.540147018273702 15.200000000000001
      vertex 15.55 9.41865334794732 2.4
    endloop
  endfacet
  facet normal 0.5555702330195997 0.8314696123025469 0
    outer loop
      vertex 15.55 9.41865334794732 2.4
      vertex 15.55 9.41865334794732 15.200000000000001
      vertex 15.778399000918313 9.266042014611594 2.4
    endloop
  endfacet
  facet normal 0.6593458151000653 -0.7518398074789806 0
    outer loop
      vertex 15.778399000918313 5.933957985388406 2.4
      vertex 15.98492424049175 6.115075759508249 2.4
      vertex 15.98492424049175 6.115075759508249 15.200000000000001
    endloop
  endfacet
  facet normal 0.7518398074789775 -0.6593458151000687 0
    outer loop
      vertex 15.98492424049175 6.115075759508249 2.4
      vertex 16.166042014611595 6.321600999081686 2.4
      vertex 16.166042014611595 6.321600999081686 15.200000000000001
    endloop
  endfacet
  facet normal 0.8314696123025459 -0.5555702330196013 0
    outer loop
      vertex 16.166042014611595 6.321600999081686 2.4
      vertex 16.318653347947322 6.55 2.4
      vertex 16.318653347947322 6.55 15.200000000000001
    endloop
  endfacet
  facet normal 0.8968727415326896 -0.4422886902189988 0
    outer loop
      vertex 16.318653347947322 6.55 2.4
      vertex 16.440147018273702 6.7963647920333115 2.4
      vertex 16.440147018273702 6.7963647920333115 15.200000000000001
    endloop
  endfacet
  facet normal 0.9469301294951055 -0.3214394653031619 0
    outer loop
      vertex 16.440147018273702 6.7963647920333115 2.4
      vertex 16.528444235207044 7.0564800052847065 2.4
      vertex 16.528444235207044 7.0564800052847065 15.200000000000001
    endloop
  endfacet
  facet normal 0.9807852804032303 -0.19509032201612833 0
    outer loop
      vertex 16.528444235207044 7.0564800052847065 2.4
      vertex 16.582034208885002 7.325894996337891 2.4
      vertex 16.582034208885002 7.325894996337891 15.200000000000001
    endloop
  endfacet
  facet normal 0.9978589232386031 -0.06540312923014806 0
    outer loop
      vertex 16.582034208885002 7.325894996337891 2.4
      vertex 16.6 7.6 2.4
      vertex 16.6 7.6 15.200000000000001
    endloop
  endfacet
  facet normal 0.8314696123025438 0.5555702330196042 0
    outer loop
      vertex 16.318653347947322 8.65 2.4
      vertex 16.166042014611595 8.878399000918312 2.4
      vertex 16.166042014611595 8.878399000918312 15.200000000000001
    endloop
  endfacet
  facet normal 0.9469301294951059 0.3214394653031609 0
    outer loop
      vertex 16.528444235207044 8.143519994715293 2.4
      vertex 16.440147018273702 8.403635207966689 2.4
      vertex 16.440147018273702 8.403635207966689 15.200000000000001
    endloop
  endfacet
  facet normal 0.8968727415326896 0.4422886902189988 0
    outer loop
      vertex 16.318653347947322 8.65 2.4
      vertex 16.318653347947322 8.65 15.200000000000001
      vertex 16.440147018273702 8.403635207966689 2.4
    endloop
  endfacet
  facet normal 0.6593458151000671 0.7518398074789788 0
    outer loop
      vertex 15.778399000918313 9.266042014611594 2.4
      vertex 15.778399000918313 9.266042014611594 15.200000000000001
      vertex 15.98492424049175 9.08492424049175 2.4
    endloop
  endfacet
  facet normal 0.7518398074789788 0.6593458151000671 0
    outer loop
      vertex 15.98492424049175 9.08492424049175 2.4
      vertex 15.98492424049175 9.08492424049175 15.200000000000001
      vertex 16.166042014611595 8.878399000918312 2.4
    endloop
  endfacet
  facet normal 0.9978589232386031 0.06540312923014806 0
    outer loop
      vertex 16.6 7.6 2.4
      vertex 16.582034208885002 7.874105003662108 2.4
      vertex 16.582034208885002 7.874105003662108 15.200000000000001
    endloop
  endfacet
  facet normal 0.9807852804032303 0.19509032201612833 0
    outer loop
      vertex 16.528444235207044 8.143519994715293 2.4
      vertex 16.528444235207044 8.143519994715293 15.200000000000001
      vertex 16.582034208885002 7.874105003662108 2.4
    endloop
  endfacet
  facet normal -0.7518398074789775 -0.6593458151000687 0
    outer loop
      vertex 12.833957985388405 6.321600999081686 2.4
      vertex 13.01507575950825 6.115075759508249 15.200000000000001
      vertex 12.833957985388405 6.321600999081686 15.200000000000001
    endloop
  endfacet
  facet normal -0.9807852804032303 -0.19509032201612833 0
    outer loop
      vertex 12.417965791114998 7.325894996337891 2.4
      vertex 12.471555764792956 7.0564800052847065 15.200000000000001
      vertex 12.417965791114998 7.325894996337891 15.200000000000001
    endloop
  endfacet
  facet normal -0.9469301294951055 -0.3214394653031619 0
    outer loop
      vertex 12.471555764792956 7.0564800052847065 2.4
      vertex 12.559852981726298 6.7963647920333115 15.200000000000001
      vertex 12.471555764792956 7.0564800052847065 15.200000000000001
    endloop
  endfacet
  facet normal -0.9978589232386036 -0.06540312923014162 0
    outer loop
      vertex 12.4 7.6 2.4
      vertex 12.417965791114998 7.325894996337891 15.200000000000001
      vertex 12.4 7.6 15.200000000000001
    endloop
  endfacet
  facet normal -0.8314696123025459 -0.5555702330196013 0
    outer loop
      vertex 12.681346652052678 6.55 2.4
      vertex 12.833957985388405 6.321600999081686 15.200000000000001
      vertex 12.681346652052678 6.55 15.200000000000001
    endloop
  endfacet
  facet normal -0.8968727415326896 -0.4422886902189988 0
    outer loop
      vertex 12.559852981726298 6.7963647920333115 2.4
      vertex 12.681346652052678 6.55 15.200000000000001
      vertex 12.559852981726298 6.7963647920333115 15.200000000000001
    endloop
  endfacet
  facet normal -0.9978589232386036 0.06540312923014162 0
    outer loop
      vertex 12.417965791114998 7.874105003662108 2.4
      vertex 12.4 7.6 15.200000000000001
      vertex 12.417965791114998 7.874105003662108 15.200000000000001
    endloop
  endfacet
  facet normal -0.9807852804032303 0.19509032201612833 0
    outer loop
      vertex 12.471555764792956 8.143519994715293 2.4
      vertex 12.417965791114998 7.874105003662108 15.200000000000001
      vertex 12.471555764792956 8.143519994715293 15.200000000000001
    endloop
  endfacet
  facet normal -0.9469301294951059 0.3214394653031609 0
    outer loop
      vertex 12.559852981726298 8.403635207966689 2.4
      vertex 12.471555764792956 8.143519994715293 15.200000000000001
      vertex 12.559852981726298 8.403635207966689 15.200000000000001
    endloop
  endfacet
  facet normal -0.8968727415326896 0.4422886902189988 0
    outer loop
      vertex 12.681346652052678 8.65 2.4
      vertex 12.559852981726298 8.403635207966689 15.200000000000001
      vertex 12.681346652052678 8.65 15.200000000000001
    endloop
  endfacet
  facet normal -0.8314696123025438 0.5555702330196042 0
    outer loop
      vertex 12.833957985388405 8.878399000918312 2.4
      vertex 12.681346652052678 8.65 15.200000000000001
      vertex 12.833957985388405 8.878399000918312 15.200000000000001
    endloop
  endfacet
  facet normal -0.6593458151000653 -0.7518398074789806 0
    outer loop
      vertex 13.01507575950825 6.115075759508249 2.4
      vertex 13.221600999081687 5.933957985388406 15.200000000000001
      vertex 13.01507575950825 6.115075759508249 15.200000000000001
    endloop
  endfacet
  facet normal -0.5555702330196042 -0.8314696123025438 0
    outer loop
      vertex 13.221600999081687 5.933957985388406 2.4
      vertex 13.45 5.781346652052679 15.200000000000001
      vertex 13.221600999081687 5.933957985388406 15.200000000000001
    endloop
  endfacet
  facet normal -0.44228869021900175 -0.8968727415326881 0
    outer loop
      vertex 13.45 5.781346652052679 2.4
      vertex 13.5 5.756689380751113 15.200000000000001
      vertex 13.45 5.781346652052679 15.200000000000001
    endloop
  endfacet
  facet normal -0.7518398074789788 0.6593458151000671 0
    outer loop
      vertex 13.01507575950825 9.08492424049175 2.4
      vertex 12.833957985388405 8.878399000918312 15.200000000000001
      vertex 13.01507575950825 9.08492424049175 15.200000000000001
    endloop
  endfacet
  facet normal -0.6593458151000671 0.7518398074789788 0
    outer loop
      vertex 13.221600999081687 9.266042014611594 2.4
      vertex 13.01507575950825 9.08492424049175 15.200000000000001
      vertex 13.221600999081687 9.266042014611594 15.200000000000001
    endloop
  endfacet
  facet normal -0.5555702330195997 0.8314696123025469 0
    outer loop
      vertex 13.45 9.41865334794732 2.4
      vertex 13.221600999081687 9.266042014611594 15.200000000000001
      vertex 13.45 9.41865334794732 15.200000000000001
    endloop
  endfacet
  facet normal -0.442288690219004 0.8968727415326869 0
    outer loop
      vertex 13.696364792033311 9.540147018273702 2.4
      vertex 13.45 9.41865334794732 15.200000000000001
      vertex 13.696364792033311 9.540147018273702 15.200000000000001
    endloop
  endfacet
  facet normal -0.3214394653031609 0.9469301294951059 0
    outer loop
      vertex 13.956480005284707 9.628444235207043 2.4
      vertex 13.696364792033311 9.540147018273702 15.200000000000001
      vertex 13.956480005284707 9.628444235207043 15.200000000000001
    endloop
  endfacet
  facet normal -0.19509032201612775 0.9807852804032305 0
    outer loop
      vertex 14.225894996337892 9.682034208885002 2.4
      vertex 13.956480005284707 9.628444235207043 15.200000000000001
      vertex 14.225894996337892 9.682034208885002 15.200000000000001
    endloop
  endfacet
  facet normal 0.44228869021900175 -0.8968727415326881 0
    outer loop
      vertex 15.5 5.756689380751113 2.4
      vertex 15.55 5.781346652052679 15.200000000000001
      vertex 15.5 5.756689380751113 15.200000000000001
    endloop
  endfacet
  facet normal 0.5555702330196042 -0.8314696123025438 0
    outer loop
      vertex 15.55 5.781346652052679 2.4
      vertex 15.778399000918313 5.933957985388406 15.200000000000001
      vertex 15.55 5.781346652052679 15.200000000000001
    endloop
  endfacet
  facet normal -0.06540312923014181 0.9978589232386036 0
    outer loop
      vertex 14.5 9.7 2.4
      vertex 14.225894996337892 9.682034208885002 15.200000000000001
      vertex 14.5 9.7 15.200000000000001
    endloop
  endfacet
  facet normal 0.06540312923014181 0.9978589232386036 0
    outer loop
      vertex 14.774105003662108 9.682034208885002 2.4
      vertex 14.5 9.7 15.200000000000001
      vertex 14.774105003662108 9.682034208885002 15.200000000000001
    endloop
  endfacet
  facet normal 0.19509032201612775 0.9807852804032305 0
    outer loop
      vertex 15.043519994715293 9.628444235207043 2.4
      vertex 14.774105003662108 9.682034208885002 15.200000000000001
      vertex 15.043519994715293 9.628444235207043 15.200000000000001
    endloop
  endfacet
  facet normal 0.3214394653031609 0.9469301294951059 0
    outer loop
      vertex 15.303635207966689 9.540147018273702 2.4
      vertex 15.043519994715293 9.628444235207043 15.200000000000001
      vertex 15.303635207966689 9.540147018273702 15.200000000000001
    endloop
  endfacet
  facet normal 0.442288690219004 0.8968727415326869 0
    outer loop
      vertex 15.55 9.41865334794732 2.4
      vertex 15.303635207966689 9.540147018273702 15.200000000000001
      vertex 15.55 9.41865334794732 15.200000000000001
    endloop
  endfacet
  facet normal 0.5555702330195997 0.8314696123025469 0
    outer loop
      vertex 15.778399000918313 9.266042014611594 2.4
      vertex 15.55 9.41865334794732 15.200000000000001
      vertex 15.778399000918313 9.266042014611594 15.200000000000001
    endloop
  endfacet
  facet normal 0.6593458151000653 -0.7518398074789806 0
    outer loop
      vertex 15.778399000918313 5.933957985388406 2.4
      vertex 15.98492424049175 6.115075759508249 15.200000000000001
      vertex 15.778399000918313 5.933957985388406 15.200000000000001
    endloop
  endfacet
  facet normal 0.7518398074789775 -0.6593458151000687 0
    outer loop
      vertex 15.98492424049175 6.115075759508249 2.4
      vertex 16.166042014611595 6.321600999081686 15.200000000000001
      vertex 15.98492424049175 6.115075759508249 15.200000000000001
    endloop
  endfacet
  facet normal 0.8314696123025459 -0.5555702330196013 0
    outer loop
      vertex 16.166042014611595 6.321600999081686 2.4
      vertex 16.318653347947322 6.55 15.200000000000001
      vertex 16.166042014611595 6.321600999081686 15.200000000000001
    endloop
  endfacet
  facet normal 0.8968727415326896 -0.4422886902189988 0
    outer loop
      vertex 16.318653347947322 6.55 2.4
      vertex 16.440147018273702 6.7963647920333115 15.200000000000001
      vertex 16.318653347947322 6.55 15.200000000000001
    endloop
  endfacet
  facet normal 0.9469301294951055 -0.3214394653031619 0
    outer loop
      vertex 16.440147018273702 6.7963647920333115 2.4
      vertex 16.528444235207044 7.0564800052847065 15.200000000000001
      vertex 16.440147018273702 6.7963647920333115 15.200000000000001
    endloop
  endfacet
  facet normal 0.9807852804032303 -0.19509032201612833 0
    outer loop
      vertex 16.528444235207044 7.0564800052847065 2.4
      vertex 16.582034208885002 7.325894996337891 15.200000000000001
      vertex 16.528444235207044 7.0564800052847065 15.200000000000001
    endloop
  endfacet
  facet normal 0.9978589232386031 -0.06540312923014806 0
    outer loop
      vertex 16.582034208885002 7.325894996337891 2.4
      vertex 16.6 7.6 15.200000000000001
      vertex 16.582034208885002 7.325894996337891 15.200000000000001
    endloop
  endfacet
  facet normal 0.8314696123025438 0.5555702330196042 0
    outer loop
      vertex 16.318653347947322 8.65 2.4
      vertex 16.166042014611595 8.878399000918312 15.200000000000001
      vertex 16.318653347947322 8.65 15.200000000000001
    endloop
  endfacet
  facet normal 0.8968727415326896 0.4422886902189988 0
    outer loop
      vertex 16.440147018273702 8.403635207966689 2.4
      vertex 16.318653347947322 8.65 15.200000000000001
      vertex 16.440147018273702 8.403635207966689 15.200000000000001
    endloop
  endfacet
  facet normal 0.9469301294951059 0.3214394653031609 0
    outer loop
      vertex 16.528444235207044 8.143519994715293 2.4
      vertex 16.440147018273702 8.403635207966689 15.200000000000001
      vertex 16.528444235207044 8.143519994715293 15.200000000000001
    endloop
  endfacet
  facet normal 0.6593458151000671 0.7518398074789788 0
    outer loop
      vertex 15.98492424049175 9.08492424049175 2.4
      vertex 15.778399000918313 9.266042014611594 15.200000000000001
      vertex 15.98492424049175 9.08492424049175 15.200000000000001
    endloop
  endfacet
  facet normal 0.7518398074789788 0.6593458151000671 0
    outer loop
      vertex 16.166042014611595 8.878399000918312 2.4
      vertex 15.98492424049175 9.08492424049175 15.200000000000001
      vertex 16.166042014611595 8.878399000918312 15.200000000000001
    endloop
  endfacet
  facet normal 0.9978589232386031 0.06540312923014806 0
    outer loop
      vertex 16.6 7.6 2.4
      vertex 16.582034208885002 7.874105003662108 15.200000000000001
      vertex 16.6 7.6 15.200000000000001
    endloop
  endfacet
  facet normal 0.9807852804032303 0.19509032201612833 0
    outer loop
      vertex 16.582034208885002 7.874105003662108 2.4
      vertex 16.528444235207044 8.143519994715293 15.200000000000001
      vertex 16.582034208885002 7.874105003662108 15.200000000000001
    endloop
  endfacet
  facet normal 0 0 1
    outer loop
      vertex 12.471555764792956 7.0564800052847065 15.200000000000001
      vertex 12.417965791114998 7.874105003662108 15.200000000000001
      vertex 12.417965791114998 7.325894996337891 15.200000000000001
    endloop
  endfacet
  facet normal 0 0 1
    outer loop
      vertex 12.559852981726298 6.7963647920333115 15.200000000000001
      vertex 12.471555764792956 8.143519994715293 15.200000000000001
      vertex 12.471555764792956 7.0564800052847065 15.200000000000001
    endloop
  endfacet
  facet normal 0 0 1
    outer loop
      vertex 12.559852981726298 6.7963647920333115 15.200000000000001
      vertex 12.681346652052678 6.55 15.200000000000001
      vertex 12.559852981726298 8.403635207966689 15.200000000000001
    endloop
  endfacet
  facet normal 0 0 1
    outer loop
      vertex 12.833957985388405 6.321600999081686 15.200000000000001
      vertex 12.681346652052678 8.65 15.200000000000001
      vertex 12.681346652052678 6.55 15.200000000000001
    endloop
  endfacet
  facet normal 0 0 1
    outer loop
      vertex 12.833957985388405 6.321600999081686 15.200000000000001
      vertex 13.01507575950825 6.115075759508249 15.200000000000001
      vertex 12.833957985388405 8.878399000918312 15.200000000000001
    endloop
  endfacet
  facet normal 0 0 1
    outer loop
      vertex 12.417965791114998 7.325894996337891 15.200000000000001
      vertex 12.417965791114998 7.874105003662108 15.200000000000001
      vertex 12.4 7.6 15.200000000000001
    endloop
  endfacet
  facet normal 0 0 1
    outer loop
      vertex 12.471555764792956 7.0564800052847065 15.200000000000001
      vertex 12.471555764792956 8.143519994715293 15.200000000000001
      vertex 12.417965791114998 7.874105003662108 15.200000000000001
    endloop
  endfacet
  facet normal 0 0 1
    outer loop
      vertex 12.559852981726298 6.7963647920333115 15.200000000000001
      vertex 12.559852981726298 8.403635207966689 15.200000000000001
      vertex 12.471555764792956 8.143519994715293 15.200000000000001
    endloop
  endfacet
  facet normal 0 0 1
    outer loop
      vertex 12.681346652052678 6.55 15.200000000000001
      vertex 12.681346652052678 8.65 15.200000000000001
      vertex 12.559852981726298 8.403635207966689 15.200000000000001
    endloop
  endfacet
  facet normal 0 0 1
    outer loop
      vertex 12.833957985388405 6.321600999081686 15.200000000000001
      vertex 12.833957985388405 8.878399000918312 15.200000000000001
      vertex 12.681346652052678 8.65 15.200000000000001
    endloop
  endfacet
  facet normal 0 0 1
    outer loop
      vertex 13.45 5.781346652052679 15.200000000000001
      vertex 13.5 5.756689380751113 15.200000000000001
      vertex 13.585096829614452 7.357474035598811 15.200000000000001
    endloop
  endfacet
  facet normal 0 0 1
    outer loop
      vertex 13.01507575950825 6.115075759508249 15.200000000000001
      vertex 13.221600999081687 5.933957985388406 15.200000000000001
      vertex 13.01507575950825 9.08492424049175 15.200000000000001
    endloop
  endfacet
  facet normal 0 0 1
    outer loop
      vertex 13.221600999081687 5.933957985388406 15.200000000000001
      vertex 13.45 5.781346652052679 15.200000000000001
      vertex 13.221600999081687 9.266042014611594 15.200000000000001
    endloop
  endfacet
  facet normal 0 0 1
    outer loop
      vertex 13.45 5.781346652052679 15.200000000000001
      vertex 13.585096829614452 7.357474035598811 15.200000000000001
      vertex 13.45 9.41865334794732 15.200000000000001
    endloop
  endfacet
  facet normal 0 0 1
    outer loop
      vertex 13.585096829614452 7.357474035598811 15.200000000000001
      vertex 13.630666756339838 7.367062859407731 15.200000000000001
      vertex 13.60769962476357 7.482526427001953 15.200000000000001
    endloop
  endfacet
  facet normal 0 0 1
    outer loop
      vertex 13.585096829614452 7.357474035598811 15.200000000000001
      vertex 13.668508420739842 7.255584910871419 15.200000000000001
      vertex 13.630666756339838 7.367062859407731 15.200000000000001
    endloop
  endfacet
  facet normal 0 0 1
    outer loop
      vertex 13.585096829614452 7.357474035598811 15.200000000000001
      vertex 13.60769962476357 7.482526427001953 15.200000000000001
      vertex 13.6 7.6 15.200000000000001
    endloop
  endfacet
  facet normal 0 0 1
    outer loop
      vertex 14.23064761831108 5.517654287813423 15.200000000000001
      vertex 14.306871405088378 6.722748344276559 15.200000000000001
      vertex 14.267062859407732 6.730666756339838 15.200000000000001
    endloop
  endfacet
  facet normal 0 0 1
    outer loop
      vertex 14.23064761831108 5.517654287813423 15.200000000000001
      vertex 13.785981993737888 7.052114713892151 15.200000000000001
      vertex 13.720577136594006 7.1499999999999995 15.200000000000001
    endloop
  endfacet
  facet normal 0 0 1
    outer loop
      vertex 14.23064761831108 5.517654287813423 15.200000000000001
      vertex 13.95211471389215 6.885981993737888 15.200000000000001
      vertex 13.863603896932107 6.963603896932106 15.200000000000001
    endloop
  endfacet
  facet normal 0 0 1
    outer loop
      vertex 14.23064761831108 5.517654287813423 15.200000000000001
      vertex 13.863603896932107 6.963603896932106 15.200000000000001
      vertex 13.785981993737888 7.052114713892151 15.200000000000001
    endloop
  endfacet
  facet normal 0 0 1
    outer loop
      vertex 13.585096829614452 7.357474035598811 15.200000000000001
      vertex 14.23064761831108 5.517654287813423 15.200000000000001
      vertex 13.720577136594006 7.1499999999999995 15.200000000000001
    endloop
  endfacet
  facet normal 0 0 1
    outer loop
      vertex 13.585096829614452 7.357474035598811 15.200000000000001
      vertex 13.720577136594006 7.1499999999999995 15.200000000000001
      vertex 13.668508420739842 7.255584910871419 15.200000000000001
    endloop
  endfacet
  facet normal 0 0 1
    outer loop
      vertex 14.23064761831108 5.517654287813423 15.200000000000001
      vertex 14.05 6.820577136594005 15.200000000000001
      vertex 13.95211471389215 6.885981993737888 15.200000000000001
    endloop
  endfacet
  facet normal 0 0 1
    outer loop
      vertex 14.23064761831108 5.517654287813423 15.200000000000001
      vertex 14.155584910871418 6.768508420739842 15.200000000000001
      vertex 14.05 6.820577136594005 15.200000000000001
    endloop
  endfacet
  facet normal 0 0 1
    outer loop
      vertex 14.23064761831108 5.517654287813423 15.200000000000001
      vertex 14.267062859407732 6.730666756339838 15.200000000000001
      vertex 14.155584910871418 6.768508420739842 15.200000000000001
    endloop
  endfacet
  facet normal 0 0 1
    outer loop
      vertex 12.833957985388405 8.878399000918312 15.200000000000001
      vertex 13.01507575950825 6.115075759508249 15.200000000000001
      vertex 13.01507575950825 9.08492424049175 15.200000000000001
    endloop
  endfacet
  facet normal 0 0 1
    outer loop
      vertex 13.221600999081687 5.933957985388406 15.200000000000001
      vertex 13.221600999081687 9.266042014611594 15.200000000000001
      vertex 13.01507575950825 9.08492424049175 15.200000000000001
    endloop
  endfacet
  facet normal 0 0 1
    outer loop
      vertex 13.45 5.781346652052679 15.200000000000001
      vertex 13.45 9.41865334794732 15.200000000000001
      vertex 13.221600999081687 9.266042014611594 15.200000000000001
    endloop
  endfacet
  facet normal 0 0 1
    outer loop
      vertex 13.585096829614452 7.357474035598811 15.200000000000001
      vertex 13.6 7.6 15.200000000000001
      vertex 13.696364792033311 9.540147018273702 15.200000000000001
    endloop
  endfacet
  facet normal 0 0 1
    outer loop
      vertex 13.696364792033311 9.540147018273702 15.200000000000001
      vertex 13.6 7.6 15.200000000000001
      vertex 13.60769962476357 7.717473572998046 15.200000000000001
    endloop
  endfacet
  facet normal 0 0 1
    outer loop
      vertex 13.696364792033311 9.540147018273702 15.200000000000001
      vertex 13.60769962476357 7.717473572998046 15.200000000000001
      vertex 13.630666756339838 7.832937140592268 15.200000000000001
    endloop
  endfacet
  facet normal 0 0 1
    outer loop
      vertex 13.585096829614452 7.357474035598811 15.200000000000001
      vertex 13.696364792033311 9.540147018273702 15.200000000000001
      vertex 13.45 9.41865334794732 15.200000000000001
    endloop
  endfacet
  facet normal 0 0 1
    outer loop
      vertex 13.696364792033311 9.540147018273702 15.200000000000001
      vertex 13.630666756339838 7.832937140592268 15.200000000000001
      vertex 13.668508420739842 7.94441508912858 15.200000000000001
    endloop
  endfacet
  facet normal 0 0 1
    outer loop
      vertex 13.696364792033311 9.540147018273702 15.200000000000001
      vertex 13.668508420739842 7.94441508912858 15.200000000000001
      vertex 13.720577136594006 8.049999999999999 15.200000000000001
    endloop
  endfacet
  facet normal 0 0 1
    outer loop
      vertex 13.696364792033311 9.540147018273702 15.200000000000001
      vertex 13.720577136594006 8.049999999999999 15.200000000000001
      vertex 13.785981993737888 8.147885286107849 15.200000000000001
    endloop
  endfacet
  facet normal 0 0 1
    outer loop
      vertex 13.696364792033311 9.540147018273702 15.200000000000001
      vertex 13.785981993737888 8.147885286107849 15.200000000000001
      vertex 13.863603896932107 8.236396103067893 15.200000000000001
    endloop
  endfacet
  facet normal 0 0 1
    outer loop
      vertex 13.696364792033311 9.540147018273702 15.200000000000001
      vertex 13.863603896932107 8.236396103067893 15.200000000000001
      vertex 13.95211471389215 8.314018006262112 15.200000000000001
    endloop
  endfacet
  facet normal 0 0 1
    outer loop
      vertex 13.696364792033311 9.540147018273702 15.200000000000001
      vertex 13.95211471389215 8.314018006262112 15.200000000000001
      vertex 14.05 8.379422863405994 15.200000000000001
    endloop
  endfacet
  facet normal 0 0 1
    outer loop
      vertex 13.956480005284707 9.628444235207043 15.200000000000001
      vertex 14.05 8.379422863405994 15.200000000000001
      vertex 14.155584910871418 8.431491579260157 15.200000000000001
    endloop
  endfacet
  facet normal 0 0 1
    outer loop
      vertex 13.956480005284707 9.628444235207043 15.200000000000001
      vertex 14.155584910871418 8.431491579260157 15.200000000000001
      vertex 14.267062859407732 8.469333243660161 15.200000000000001
    endloop
  endfacet
  facet normal 0 0 1
    outer loop
      vertex 13.696364792033311 9.540147018273702 15.200000000000001
      vertex 14.05 8.379422863405994 15.200000000000001
      vertex 13.956480005284707 9.628444235207043 15.200000000000001
    endloop
  endfacet
  facet normal 0 0 1
    outer loop
      vertex 13.956480005284707 9.628444235207043 15.200000000000001
      vertex 14.267062859407732 8.469333243660161 15.200000000000001
      vertex 14.225894996337892 9.682034208885002 15.200000000000001
    endloop
  endfacet
  facet normal 0 0 1
    outer loop
      vertex 14.225894996337892 9.682034208885002 15.200000000000001
      vertex 14.267062859407732 8.469333243660161 15.200000000000001
      vertex 14.382526427001954 8.492300375236429 15.200000000000001
    endloop
  endfacet
  facet normal 0 0 1
    outer loop
      vertex 14.225894996337892 9.682034208885002 15.200000000000001
      vertex 14.382526427001954 8.492300375236429 15.200000000000001
      vertex 14.5 8.5 15.200000000000001
    endloop
  endfacet
  facet normal 0 0 1
    outer loop
      vertex 15.5 5.756689380751113 15.200000000000001
      vertex 15.55 5.781346652052679 15.200000000000001
      vertex 15.338215160494492 7.275391942478115 15.200000000000001
    endloop
  endfacet
  facet normal 0 0 1
    outer loop
      vertex 15.55 5.781346652052679 15.200000000000001
      vertex 15.369333243660162 7.367062859407731 15.200000000000001
      vertex 15.338215160494492 7.275391942478115 15.200000000000001
    endloop
  endfacet
  facet normal 0 0 1
    outer loop
      vertex 15.55 5.781346652052679 15.200000000000001
      vertex 15.39230037523643 7.482526427001953 15.200000000000001
      vertex 15.369333243660162 7.367062859407731 15.200000000000001
    endloop
  endfacet
  facet normal 0 0 1
    outer loop
      vertex 15.55 5.781346652052679 15.200000000000001
      vertex 15.4 7.6 15.200000000000001
      vertex 15.39230037523643 7.482526427001953 15.200000000000001
    endloop
  endfacet
  facet normal 0 0 1
    outer loop
      vertex 15.55 5.781346652052679 15.200000000000001
      vertex 15.778399000918313 5.933957985388406 15.200000000000001
      vertex 15.55 9.41865334794732 15.200000000000001
    endloop
  endfacet
  facet normal 0 0 1
    outer loop
      vertex 14.225894996337892 9.682034208885002 15.200000000000001
      vertex 14.844415089128582 8.431491579260157 15.200000000000001
      vertex 14.95 8.379422863405994 15.200000000000001
    endloop
  endfacet
  facet normal 0 0 1
    outer loop
      vertex 14.5 9.7 15.200000000000001
      vertex 14.95 8.379422863405994 15.200000000000001
      vertex 15.04788528610785 8.314018006262112 15.200000000000001
    endloop
  endfacet
  facet normal 0 0 1
    outer loop
      vertex 14.774105003662108 9.682034208885002 15.200000000000001
      vertex 15.04788528610785 8.314018006262112 15.200000000000001
      vertex 15.136396103067893 8.236396103067893 15.200000000000001
    endloop
  endfacet
  facet normal 0 0 1
    outer loop
      vertex 14.774105003662108 9.682034208885002 15.200000000000001
      vertex 15.136396103067893 8.236396103067893 15.200000000000001
      vertex 15.214018006262112 8.147885286107849 15.200000000000001
    endloop
  endfacet
  facet normal 0 0 1
    outer loop
      vertex 14.225894996337892 9.682034208885002 15.200000000000001
      vertex 14.5 8.5 15.200000000000001
      vertex 14.617473572998046 8.492300375236429 15.200000000000001
    endloop
  endfacet
  facet normal 0 0 1
    outer loop
      vertex 14.225894996337892 9.682034208885002 15.200000000000001
      vertex 14.617473572998046 8.492300375236429 15.200000000000001
      vertex 14.732937140592268 8.469333243660161 15.200000000000001
    endloop
  endfacet
  facet normal 0 0 1
    outer loop
      vertex 14.225894996337892 9.682034208885002 15.200000000000001
      vertex 14.732937140592268 8.469333243660161 15.200000000000001
      vertex 14.844415089128582 8.431491579260157 15.200000000000001
    endloop
  endfacet
  facet normal 0 0 1
    outer loop
      vertex 14.225894996337892 9.682034208885002 15.200000000000001
      vertex 14.95 8.379422863405994 15.200000000000001
      vertex 14.5 9.7 15.200000000000001
    endloop
  endfacet
  facet normal 0 0 1
    outer loop
      vertex 14.5 9.7 15.200000000000001
      vertex 15.04788528610785 8.314018006262112 15.200000000000001
      vertex 14.774105003662108 9.682034208885002 15.200000000000001
    endloop
  endfacet
  facet normal 0 0 1
    outer loop
      vertex 14.774105003662108 9.682034208885002 15.200000000000001
      vertex 15.214018006262112 8.147885286107849 15.200000000000001
      vertex 15.043519994715293 9.628444235207043 15.200000000000001
    endloop
  endfacet
  facet normal 0 0 1
    outer loop
      vertex 15.55 5.781346652052679 15.200000000000001
      vertex 15.303635207966689 9.540147018273702 15.200000000000001
      vertex 15.4 7.6 15.200000000000001
    endloop
  endfacet
  facet normal 0 0 1
    outer loop
      vertex 15.043519994715293 9.628444235207043 15.200000000000001
      vertex 15.214018006262112 8.147885286107849 15.200000000000001
      vertex 15.279422863405994 8.049999999999999 15.200000000000001
    endloop
  endfacet
  facet normal 0 0 1
    outer loop
      vertex 15.303635207966689 9.540147018273702 15.200000000000001
      vertex 15.369333243660162 7.832937140592268 15.200000000000001
      vertex 15.39230037523643 7.717473572998046 15.200000000000001
    endloop
  endfacet
  facet normal 0 0 1
    outer loop
      vertex 15.303635207966689 9.540147018273702 15.200000000000001
      vertex 15.279422863405994 8.049999999999999 15.200000000000001
      vertex 15.331491579260158 7.94441508912858 15.200000000000001
    endloop
  endfacet
  facet normal 0 0 1
    outer loop
      vertex 15.303635207966689 9.540147018273702 15.200000000000001
      vertex 15.331491579260158 7.94441508912858 15.200000000000001
      vertex 15.369333243660162 7.832937140592268 15.200000000000001
    endloop
  endfacet
  facet normal 0 0 1
    outer loop
      vertex 15.303635207966689 9.540147018273702 15.200000000000001
      vertex 15.39230037523643 7.717473572998046 15.200000000000001
      vertex 15.4 7.6 15.200000000000001
    endloop
  endfacet
  facet normal 0 0 1
    outer loop
      vertex 15.778399000918313 5.933957985388406 15.200000000000001
      vertex 15.778399000918313 9.266042014611594 15.200000000000001
      vertex 15.55 9.41865334794732 15.200000000000001
    endloop
  endfacet
  facet normal 0 0 1
    outer loop
      vertex 15.55 5.781346652052679 15.200000000000001
      vertex 15.55 9.41865334794732 15.200000000000001
      vertex 15.303635207966689 9.540147018273702 15.200000000000001
    endloop
  endfacet
  facet normal 0 0 1
    outer loop
      vertex 15.043519994715293 9.628444235207043 15.200000000000001
      vertex 15.279422863405994 8.049999999999999 15.200000000000001
      vertex 15.303635207966689 9.540147018273702 15.200000000000001
    endloop
  endfacet
  facet normal 0 0 1
    outer loop
      vertex 15.778399000918313 5.933957985388406 15.200000000000001
      vertex 15.98492424049175 6.115075759508249 15.200000000000001
      vertex 15.778399000918313 9.266042014611594 15.200000000000001
    endloop
  endfacet
  facet normal 0 0 1
    outer loop
      vertex 15.98492424049175 6.115075759508249 15.200000000000001
      vertex 16.166042014611595 6.321600999081686 15.200000000000001
      vertex 15.98492424049175 9.08492424049175 15.200000000000001
    endloop
  endfacet
  facet normal 0 0 1
    outer loop
      vertex 16.166042014611595 6.321600999081686 15.200000000000001
      vertex 16.318653347947322 6.55 15.200000000000001
      vertex 16.166042014611595 8.878399000918312 15.200000000000001
    endloop
  endfacet
  facet normal 0 0 1
    outer loop
      vertex 16.318653347947322 6.55 15.200000000000001
      vertex 16.440147018273702 6.7963647920333115 15.200000000000001
      vertex 16.318653347947322 8.65 15.200000000000001
    endloop
  endfacet
  facet normal 0 0 1
    outer loop
      vertex 16.440147018273702 6.7963647920333115 15.200000000000001
      vertex 16.528444235207044 7.0564800052847065 15.200000000000001
      vertex 16.440147018273702 8.403635207966689 15.200000000000001
    endloop
  endfacet
  facet normal 0 0 1
    outer loop
      vertex 16.528444235207044 7.0564800052847065 15.200000000000001
      vertex 16.582034208885002 7.325894996337891 15.200000000000001
      vertex 16.528444235207044 8.143519994715293 15.200000000000001
    endloop
  endfacet
  facet normal 0 0 1
    outer loop
      vertex 15.778399000918313 9.266042014611594 15.200000000000001
      vertex 15.98492424049175 6.115075759508249 15.200000000000001
      vertex 15.98492424049175 9.08492424049175 15.200000000000001
    endloop
  endfacet
  facet normal 0 0 1
    outer loop
      vertex 16.166042014611595 6.321600999081686 15.200000000000001
      vertex 16.166042014611595 8.878399000918312 15.200000000000001
      vertex 15.98492424049175 9.08492424049175 15.200000000000001
    endloop
  endfacet
  facet normal 0 0 1
    outer loop
      vertex 16.318653347947322 6.55 15.200000000000001
      vertex 16.318653347947322 8.65 15.200000000000001
      vertex 16.166042014611595 8.878399000918312 15.200000000000001
    endloop
  endfacet
  facet normal 0 0 1
    outer loop
      vertex 16.528444235207044 7.0564800052847065 15.200000000000001
      vertex 16.528444235207044 8.143519994715293 15.200000000000001
      vertex 16.440147018273702 8.403635207966689 15.200000000000001
    endloop
  endfacet
  facet normal 0 0 1
    outer loop
      vertex 16.440147018273702 6.7963647920333115 15.200000000000001
      vertex 16.440147018273702 8.403635207966689 15.200000000000001
      vertex 16.318653347947322 8.65 15.200000000000001
    endloop
  endfacet
  facet normal 0 0 1
    outer loop
      vertex 16.582034208885002 7.325894996337891 15.200000000000001
      vertex 16.6 7.6 15.200000000000001
      vertex 16.582034208885002 7.874105003662108 15.200000000000001
    endloop
  endfacet
  facet normal 0 0 1
    outer loop
      vertex 16.582034208885002 7.325894996337891 15.200000000000001
      vertex 16.582034208885002 7.874105003662108 15.200000000000001
      vertex 16.528444235207044 8.143519994715293 15.200000000000001
    endloop
  endfacet
  facet normal 0 0 -1
    outer loop
      vertex 13.506494808074136 1.918510203011285 0
      vertex 13.71332595550318 2.5079789731840636 0
      vertex 13.977599848528017 1.9 0
    endloop
  endfacet
  facet normal 0 0 -1
    outer loop
      vertex 13.71332595550318 2.5079789731840636 0
      vertex 15.5 2.5233108570435268 0
      vertex 13.977599848528017 1.9 0
    endloop
  endfacet
  facet normal -1 0 0
    outer loop
      vertex 13.5 2.399999998509884 2.4
      vertex 13.5 5.756689380751113 15.200000000000001
      vertex 13.5 5.756689380751113 2.4
    endloop
  endfacet
  facet normal 1 0 0
    outer loop
      vertex 15.5 2.399999998509884 2.4
      vertex 15.5 5.756689380751113 2.4
      vertex 15.5 2.399999998509884 15.200000000000001
    endloop
  endfacet
  facet normal -1 0 0
    outer loop
      vertex 13.5 2.399999998509884 2.4
      vertex 13.5 2.399999998509884 15.200000000000001
      vertex 13.5 5.756689380751113 15.200000000000001
    endloop
  endfacet
  facet normal 1 0 0
    outer loop
      vertex 15.5 5.756689380751113 2.4
      vertex 15.5 5.756689380751113 15.200000000000001
      vertex 15.5 2.399999998509884 15.200000000000001
    endloop
  endfacet
  facet normal 0 0 1
    outer loop
      vertex 13.5 2.399999998509884 15.200000000000001
      vertex 14.23064761831108 5.517654287813423 15.200000000000001
      vertex 13.5 5.756689380751113 15.200000000000001
    endloop
  endfacet
  facet normal 0 0 1
    outer loop
      vertex 13.5 5.756689380751113 15.200000000000001
      vertex 14.23064761831108 5.517654287813423 15.200000000000001
      vertex 13.585096829614452 7.357474035598811 15.200000000000001
    endloop
  endfacet
  facet normal 0 0 1
    outer loop
      vertex 14.23064761831108 5.517654287813423 15.200000000000001
      vertex 14.382526427001954 6.7076996247635705 15.200000000000001
      vertex 14.306871405088378 6.722748344276559 15.200000000000001
    endloop
  endfacet
  facet normal 0 0 1
    outer loop
      vertex 14.23064761831108 5.517654287813423 15.200000000000001
      vertex 14.5 6.699999999999999 15.200000000000001
      vertex 14.382526427001954 6.7076996247635705 15.200000000000001
    endloop
  endfacet
  facet normal 0 0 1
    outer loop
      vertex 13.5 2.399999998509884 15.200000000000001
      vertex 15.5 2.399999998509884 15.200000000000001
      vertex 15.5 5.756689380751113 15.200000000000001
    endloop
  endfacet
  facet normal 0 0 1
    outer loop
      vertex 13.5 2.399999998509884 15.200000000000001
      vertex 15.5 5.756689380751113 15.200000000000001
      vertex 14.23064761831108 5.517654287813423 15.200000000000001
    endloop
  endfacet
  facet normal 0 0 1
    outer loop
      vertex 14.23064761831108 5.517654287813423 15.200000000000001
      vertex 14.617473572998046 6.7076996247635705 15.200000000000001
      vertex 14.5 6.699999999999999 15.200000000000001
    endloop
  endfacet
  facet normal 0 0 1
    outer loop
      vertex 14.23064761831108 5.517654287813423 15.200000000000001
      vertex 14.732937140592268 6.730666756339838 15.200000000000001
      vertex 14.617473572998046 6.7076996247635705 15.200000000000001
    endloop
  endfacet
  facet normal 0 0 1
    outer loop
      vertex 14.23064761831108 5.517654287813423 15.200000000000001
      vertex 15.5 5.756689380751113 15.200000000000001
      vertex 14.844415089128582 6.768508420739842 15.200000000000001
    endloop
  endfacet
  facet normal 0 0 1
    outer loop
      vertex 14.23064761831108 5.517654287813423 15.200000000000001
      vertex 14.844415089128582 6.768508420739842 15.200000000000001
      vertex 14.732937140592268 6.730666756339838 15.200000000000001
    endloop
  endfacet
  facet normal 0 0 1
    outer loop
      vertex 15.5 5.756689380751113 15.200000000000001
      vertex 14.95 6.820577136594005 15.200000000000001
      vertex 14.844415089128582 6.768508420739842 15.200000000000001
    endloop
  endfacet
  facet normal 0 0 1
    outer loop
      vertex 15.5 5.756689380751113 15.200000000000001
      vertex 15.04788528610785 6.885981993737888 15.200000000000001
      vertex 14.95 6.820577136594005 15.200000000000001
    endloop
  endfacet
  facet normal 0 0 1
    outer loop
      vertex 15.5 5.756689380751113 15.200000000000001
      vertex 15.136396103067893 6.963603896932106 15.200000000000001
      vertex 15.04788528610785 6.885981993737888 15.200000000000001
    endloop
  endfacet
  facet normal 0 0 1
    outer loop
      vertex 15.5 5.756689380751113 15.200000000000001
      vertex 15.214018006262112 7.052114713892151 15.200000000000001
      vertex 15.136396103067893 6.963603896932106 15.200000000000001
    endloop
  endfacet
  facet normal 0 0 1
    outer loop
      vertex 15.5 5.756689380751113 15.200000000000001
      vertex 15.279422863405994 7.1499999999999995 15.200000000000001
      vertex 15.214018006262112 7.052114713892151 15.200000000000001
    endloop
  endfacet
  facet normal 0 0 1
    outer loop
      vertex 15.5 5.756689380751113 15.200000000000001
      vertex 15.331491579260158 7.255584910871419 15.200000000000001
      vertex 15.279422863405994 7.1499999999999995 15.200000000000001
    endloop
  endfacet
  facet normal 0 0 1
    outer loop
      vertex 15.5 5.756689380751113 15.200000000000001
      vertex 15.338215160494492 7.275391942478115 15.200000000000001
      vertex 15.331491579260158 7.255584910871419 15.200000000000001
    endloop
  endfacet
  facet normal -0.9807852804032303 -0.19509032201612833 0
    outer loop
      vertex 29.417965791114998 7.325894996337891 2.4
      vertex 29.471555764792956 7.0564800052847065 2.4
      vertex 29.471555764792956 7.0564800052847065 15.200000000000001
    endloop
  endfacet
  facet normal -0.9978589232386031 -0.06540312923014806 0
    outer loop
      vertex 29.417965791114998 7.325894996337891 2.4
      vertex 29.417965791114998 7.325894996337891 15.200000000000001
      vertex 29.4 7.6 2.4
    endloop
  endfacet
  facet normal -0.7518398074789775 -0.6593458151000687 0
    outer loop
      vertex 29.833957985388405 6.321600999081686 2.4
      vertex 30.01507575950825 6.115075759508249 2.4
      vertex 30.01507575950825 6.115075759508249 15.200000000000001
    endloop
  endfacet
  facet normal -0.6593458151000653 -0.7518398074789806 0
    outer loop
      vertex 30.01507575950825 6.115075759508249 2.4
      vertex 30.221600999081687 5.933957985388406 2.4
      vertex 30.221600999081687 5.933957985388406 15.200000000000001
    endloop
  endfacet
  facet normal -0.8968727415326896 -0.4422886902189988 0
    outer loop
      vertex 29.559852981726298 6.7963647920333115 2.4
      vertex 29.681346652052678 6.55 2.4
      vertex 29.681346652052678 6.55 15.200000000000001
    endloop
  endfacet
  facet normal -0.9469301294951055 -0.3214394653031619 0
    outer loop
      vertex 29.559852981726298 6.7963647920333115 2.4
      vertex 29.559852981726298 6.7963647920333115 15.200000000000001
      vertex 29.471555764792956 7.0564800052847065 2.4
    endloop
  endfacet
  facet normal -0.8314696123025459 -0.5555702330196013 0
    outer loop
      vertex 29.833957985388405 6.321600999081686 2.4
      vertex 29.833957985388405 6.321600999081686 15.200000000000001
      vertex 29.681346652052678 6.55 2.4
    endloop
  endfacet
  facet normal -0.9978589232386031 0.06540312923014806 0
    outer loop
      vertex 29.4 7.6 2.4
      vertex 29.4 7.6 15.200000000000001
      vertex 29.417965791114998 7.874105003662108 2.4
    endloop
  endfacet
  facet normal -0.9807852804032303 0.19509032201612833 0
    outer loop
      vertex 29.417965791114998 7.874105003662108 2.4
      vertex 29.417965791114998 7.874105003662108 15.200000000000001
      vertex 29.471555764792956 8.143519994715293 2.4
    endloop
  endfacet
  facet normal -0.9469301294951059 0.3214394653031609 0
    outer loop
      vertex 29.471555764792956 8.143519994715293 2.4
      vertex 29.471555764792956 8.143519994715293 15.200000000000001
      vertex 29.559852981726298 8.403635207966689 2.4
    endloop
  endfacet
  facet normal -0.8968727415326896 0.4422886902189988 0
    outer loop
      vertex 29.559852981726298 8.403635207966689 2.4
      vertex 29.559852981726298 8.403635207966689 15.200000000000001
      vertex 29.681346652052678 8.65 2.4
    endloop
  endfacet
  facet normal -0.8314696123025438 0.5555702330196042 0
    outer loop
      vertex 29.681346652052678 8.65 2.4
      vertex 29.681346652052678 8.65 15.200000000000001
      vertex 29.833957985388405 8.878399000918312 2.4
    endloop
  endfacet
  facet normal -0.7518398074789788 0.6593458151000671 0
    outer loop
      vertex 29.833957985388405 8.878399000918312 2.4
      vertex 29.833957985388405 8.878399000918312 15.200000000000001
      vertex 30.01507575950825 9.08492424049175 2.4
    endloop
  endfacet
  facet normal -0.6593458151000671 0.7518398074789788 0
    outer loop
      vertex 30.01507575950825 9.08492424049175 2.4
      vertex 30.01507575950825 9.08492424049175 15.200000000000001
      vertex 30.221600999081687 9.266042014611594 2.4
    endloop
  endfacet
  facet normal -0.5555702330196042 -0.8314696123025438 0
    outer loop
      vertex 30.221600999081687 5.933957985388406 2.4
      vertex 30.45 5.781346652052679 2.4
      vertex 30.45 5.781346652052679 15.200000000000001
    endloop
  endfacet
  facet normal -0.44228869021900175 -0.8968727415326881 0
    outer loop
      vertex 30.45 5.781346652052679 2.4
      vertex 30.5 5.756689380751113 2.4
      vertex 30.5 5.756689380751113 15.200000000000001
    endloop
  endfacet
  facet normal -0.5555702330195997 0.8314696123025469 0
    outer loop
      vertex 30.221600999081687 9.266042014611594 2.4
      vertex 30.221600999081687 9.266042014611594 15.200000000000001
      vertex 30.45 9.41865334794732 2.4
    endloop
  endfacet
  facet normal -0.442288690219004 0.8968727415326869 0
    outer loop
      vertex 30.45 9.41865334794732 2.4
      vertex 30.45 9.41865334794732 15.200000000000001
      vertex 30.69636479203331 9.540147018273702 2.4
    endloop
  endfacet
  facet normal -0.3214394653031609 0.9469301294951059 0
    outer loop
      vertex 30.69636479203331 9.540147018273702 2.4
      vertex 30.69636479203331 9.540147018273702 15.200000000000001
      vertex 30.956480005284707 9.628444235207043 2.4
    endloop
  endfacet
  facet normal -0.19509032201612775 0.9807852804032305 0
    outer loop
      vertex 30.956480005284707 9.628444235207043 2.4
      vertex 30.956480005284707 9.628444235207043 15.200000000000001
      vertex 31.225894996337892 9.682034208885002 2.4
    endloop
  endfacet
  facet normal -0.06540312923014181 0.9978589232386036 0
    outer loop
      vertex 31.225894996337892 9.682034208885002 2.4
      vertex 31.225894996337892 9.682034208885002 15.200000000000001
      vertex 31.5 9.7 2.4
    endloop
  endfacet
  facet normal 0.06540312923014181 0.9978589232386036 0
    outer loop
      vertex 31.5 9.7 2.4
      vertex 31.5 9.7 15.200000000000001
      vertex 31.774105003662108 9.682034208885002 2.4
    endloop
  endfacet
  facet normal 0.4422886902190013 -0.8968727415326881 0
    outer loop
      vertex 32.5 5.756689380751115 2.4
      vertex 32.55 5.781346652052679 2.4
      vertex 32.55 5.781346652052679 15.200000000000001
    endloop
  endfacet
  facet normal 0.5555702330195983 -0.8314696123025479 0
    outer loop
      vertex 32.55 5.781346652052679 2.4
      vertex 32.77839900091831 5.933957985388406 2.4
      vertex 32.77839900091831 5.933957985388406 15.200000000000001
    endloop
  endfacet
  facet normal 0.6593458151000653 -0.7518398074789806 0
    outer loop
      vertex 32.77839900091831 5.933957985388406 2.4
      vertex 32.98492424049175 6.115075759508249 2.4
      vertex 32.98492424049175 6.115075759508249 15.200000000000001
    endloop
  endfacet
  facet normal 0.19509032201612525 0.9807852804032311 0
    outer loop
      vertex 31.774105003662108 9.682034208885002 2.4
      vertex 31.774105003662108 9.682034208885002 15.200000000000001
      vertex 32.0435199947153 9.628444235207043 2.4
    endloop
  endfacet
  facet normal 0.3214394653031688 0.9469301294951032 0
    outer loop
      vertex 32.0435199947153 9.628444235207043 2.4
      vertex 32.0435199947153 9.628444235207043 15.200000000000001
      vertex 32.303635207966686 9.540147018273702 2.4
    endloop
  endfacet
  facet normal 0.5555702330195939 0.8314696123025508 0
    outer loop
      vertex 32.55 9.41865334794732 2.4
      vertex 32.55 9.41865334794732 15.200000000000001
      vertex 32.77839900091831 9.266042014611594 2.4
    endloop
  endfacet
  facet normal 0.442288690219004 0.8968727415326869 0
    outer loop
      vertex 32.303635207966686 9.540147018273702 2.4
      vertex 32.303635207966686 9.540147018273702 15.200000000000001
      vertex 32.55 9.41865334794732 2.4
    endloop
  endfacet
  facet normal 0.6593458151000671 0.7518398074789788 0
    outer loop
      vertex 32.77839900091831 9.266042014611594 2.4
      vertex 32.77839900091831 9.266042014611594 15.200000000000001
      vertex 32.98492424049175 9.08492424049175 2.4
    endloop
  endfacet
  facet normal 0.7518398074789854 0.6593458151000597 0
    outer loop
      vertex 32.98492424049175 9.08492424049175 2.4
      vertex 32.98492424049175 9.08492424049175 15.200000000000001
      vertex 33.16604201461159 8.878399000918312 2.4
    endloop
  endfacet
  facet normal 0.7518398074789839 -0.6593458151000614 0
    outer loop
      vertex 32.98492424049175 6.115075759508249 2.4
      vertex 33.16604201461159 6.321600999081686 2.4
      vertex 33.16604201461159 6.321600999081686 15.200000000000001
    endloop
  endfacet
  facet normal 0.8314696123025459 -0.5555702330196013 0
    outer loop
      vertex 33.16604201461159 6.321600999081686 2.4
      vertex 33.31865334794732 6.55 2.4
      vertex 33.31865334794732 6.55 15.200000000000001
    endloop
  endfacet
  facet normal 0.8968727415326793 -0.44228869021901956 0
    outer loop
      vertex 33.31865334794732 6.55 2.4
      vertex 33.440147018273706 6.7963647920333115 2.4
      vertex 33.440147018273706 6.7963647920333115 15.200000000000001
    endloop
  endfacet
  facet normal 0.9469301294951055 -0.3214394653031619 0
    outer loop
      vertex 33.440147018273706 6.7963647920333115 2.4
      vertex 33.52844423520705 7.0564800052847065 2.4
      vertex 33.52844423520705 7.0564800052847065 15.200000000000001
    endloop
  endfacet
  facet normal 0.9807852804032303 -0.19509032201612833 0
    outer loop
      vertex 33.52844423520705 7.0564800052847065 2.4
      vertex 33.582034208885005 7.325894996337891 2.4
      vertex 33.582034208885005 7.325894996337891 15.200000000000001
    endloop
  endfacet
  facet normal 0.997858923238604 -0.06540312923013518 0
    outer loop
      vertex 33.582034208885005 7.325894996337891 2.4
      vertex 33.6 7.6 2.4
      vertex 33.6 7.6 15.200000000000001
    endloop
  endfacet
  facet normal 0.8314696123025438 0.5555702330196042 0
    outer loop
      vertex 33.31865334794732 8.65 2.4
      vertex 33.16604201461159 8.878399000918312 2.4
      vertex 33.16604201461159 8.878399000918312 15.200000000000001
    endloop
  endfacet
  facet normal 0.8968727415326793 0.44228869021901956 0
    outer loop
      vertex 33.31865334794732 8.65 2.4
      vertex 33.31865334794732 8.65 15.200000000000001
      vertex 33.440147018273706 8.403635207966689 2.4
    endloop
  endfacet
  facet normal 0.997858923238604 0.06540312923013518 0
    outer loop
      vertex 33.6 7.6 2.4
      vertex 33.582034208885005 7.874105003662108 2.4
      vertex 33.582034208885005 7.874105003662108 15.200000000000001
    endloop
  endfacet
  facet normal 0.9807852804032303 0.19509032201612833 0
    outer loop
      vertex 33.582034208885005 7.874105003662108 2.4
      vertex 33.52844423520705 8.143519994715293 2.4
      vertex 33.52844423520705 8.143519994715293 15.200000000000001
    endloop
  endfacet
  facet normal 0.9469301294951059 0.3214394653031609 0
    outer loop
      vertex 33.52844423520705 8.143519994715293 2.4
      vertex 33.440147018273706 8.403635207966689 2.4
      vertex 33.440147018273706 8.403635207966689 15.200000000000001
    endloop
  endfacet
  facet normal -0.9807852804032303 -0.19509032201612833 0
    outer loop
      vertex 29.417965791114998 7.325894996337891 2.4
      vertex 29.471555764792956 7.0564800052847065 15.200000000000001
      vertex 29.417965791114998 7.325894996337891 15.200000000000001
    endloop
  endfacet
  facet normal -0.9978589232386031 -0.06540312923014806 0
    outer loop
      vertex 29.4 7.6 2.4
      vertex 29.417965791114998 7.325894996337891 15.200000000000001
      vertex 29.4 7.6 15.200000000000001
    endloop
  endfacet
  facet normal -0.7518398074789775 -0.6593458151000687 0
    outer loop
      vertex 29.833957985388405 6.321600999081686 2.4
      vertex 30.01507575950825 6.115075759508249 15.200000000000001
      vertex 29.833957985388405 6.321600999081686 15.200000000000001
    endloop
  endfacet
  facet normal -0.6593458151000653 -0.7518398074789806 0
    outer loop
      vertex 30.01507575950825 6.115075759508249 2.4
      vertex 30.221600999081687 5.933957985388406 15.200000000000001
      vertex 30.01507575950825 6.115075759508249 15.200000000000001
    endloop
  endfacet
  facet normal -0.8968727415326896 -0.4422886902189988 0
    outer loop
      vertex 29.559852981726298 6.7963647920333115 2.4
      vertex 29.681346652052678 6.55 15.200000000000001
      vertex 29.559852981726298 6.7963647920333115 15.200000000000001
    endloop
  endfacet
  facet normal -0.8314696123025459 -0.5555702330196013 0
    outer loop
      vertex 29.681346652052678 6.55 2.4
      vertex 29.833957985388405 6.321600999081686 15.200000000000001
      vertex 29.681346652052678 6.55 15.200000000000001
    endloop
  endfacet
  facet normal -0.9469301294951055 -0.3214394653031619 0
    outer loop
      vertex 29.471555764792956 7.0564800052847065 2.4
      vertex 29.559852981726298 6.7963647920333115 15.200000000000001
      vertex 29.471555764792956 7.0564800052847065 15.200000000000001
    endloop
  endfacet
  facet normal -0.9978589232386031 0.06540312923014806 0
    outer loop
      vertex 29.417965791114998 7.874105003662108 2.4
      vertex 29.4 7.6 15.200000000000001
      vertex 29.417965791114998 7.874105003662108 15.200000000000001
    endloop
  endfacet
  facet normal -0.9807852804032303 0.19509032201612833 0
    outer loop
      vertex 29.471555764792956 8.143519994715293 2.4
      vertex 29.417965791114998 7.874105003662108 15.200000000000001
      vertex 29.471555764792956 8.143519994715293 15.200000000000001
    endloop
  endfacet
  facet normal -0.9469301294951059 0.3214394653031609 0
    outer loop
      vertex 29.559852981726298 8.403635207966689 2.4
      vertex 29.471555764792956 8.143519994715293 15.200000000000001
      vertex 29.559852981726298 8.403635207966689 15.200000000000001
    endloop
  endfacet
  facet normal -0.8968727415326896 0.4422886902189988 0
    outer loop
      vertex 29.681346652052678 8.65 2.4
      vertex 29.559852981726298 8.403635207966689 15.200000000000001
      vertex 29.681346652052678 8.65 15.200000000000001
    endloop
  endfacet
  facet normal -0.8314696123025438 0.5555702330196042 0
    outer loop
      vertex 29.833957985388405 8.878399000918312 2.4
      vertex 29.681346652052678 8.65 15.200000000000001
      vertex 29.833957985388405 8.878399000918312 15.200000000000001
    endloop
  endfacet
  facet normal -0.7518398074789788 0.6593458151000671 0
    outer loop
      vertex 30.01507575950825 9.08492424049175 2.4
      vertex 29.833957985388405 8.878399000918312 15.200000000000001
      vertex 30.01507575950825 9.08492424049175 15.200000000000001
    endloop
  endfacet
  facet normal -0.6593458151000671 0.7518398074789788 0
    outer loop
      vertex 30.221600999081687 9.266042014611594 2.4
      vertex 30.01507575950825 9.08492424049175 15.200000000000001
      vertex 30.221600999081687 9.266042014611594 15.200000000000001
    endloop
  endfacet
  facet normal -0.5555702330196042 -0.8314696123025438 0
    outer loop
      vertex 30.221600999081687 5.933957985388406 2.4
      vertex 30.45 5.781346652052679 15.200000000000001
      vertex 30.221600999081687 5.933957985388406 15.200000000000001
    endloop
  endfacet
  facet normal -0.44228869021900175 -0.8968727415326881 0
    outer loop
      vertex 30.45 5.781346652052679 2.4
      vertex 30.5 5.756689380751113 15.200000000000001
      vertex 30.45 5.781346652052679 15.200000000000001
    endloop
  endfacet
  facet normal -0.5555702330195997 0.8314696123025469 0
    outer loop
      vertex 30.45 9.41865334794732 2.4
      vertex 30.221600999081687 9.266042014611594 15.200000000000001
      vertex 30.45 9.41865334794732 15.200000000000001
    endloop
  endfacet
  facet normal -0.442288690219004 0.8968727415326869 0
    outer loop
      vertex 30.69636479203331 9.540147018273702 2.4
      vertex 30.45 9.41865334794732 15.200000000000001
      vertex 30.69636479203331 9.540147018273702 15.200000000000001
    endloop
  endfacet
  facet normal -0.3214394653031609 0.9469301294951059 0
    outer loop
      vertex 30.956480005284707 9.628444235207043 2.4
      vertex 30.69636479203331 9.540147018273702 15.200000000000001
      vertex 30.956480005284707 9.628444235207043 15.200000000000001
    endloop
  endfacet
  facet normal -0.19509032201612775 0.9807852804032305 0
    outer loop
      vertex 31.225894996337892 9.682034208885002 2.4
      vertex 30.956480005284707 9.628444235207043 15.200000000000001
      vertex 31.225894996337892 9.682034208885002 15.200000000000001
    endloop
  endfacet
  facet normal -0.06540312923014181 0.9978589232386036 0
    outer loop
      vertex 31.5 9.7 2.4
      vertex 31.225894996337892 9.682034208885002 15.200000000000001
      vertex 31.5 9.7 15.200000000000001
    endloop
  endfacet
  facet normal 0.4422886902190013 -0.8968727415326881 0
    outer loop
      vertex 32.5 5.756689380751115 2.4
      vertex 32.55 5.781346652052679 15.200000000000001
      vertex 32.5 5.756689380751115 15.200000000000001
    endloop
  endfacet
  facet normal 0.5555702330195983 -0.8314696123025479 0
    outer loop
      vertex 32.55 5.781346652052679 2.4
      vertex 32.77839900091831 5.933957985388406 15.200000000000001
      vertex 32.55 5.781346652052679 15.200000000000001
    endloop
  endfacet
  facet normal 0.6593458151000653 -0.7518398074789806 0
    outer loop
      vertex 32.77839900091831 5.933957985388406 2.4
      vertex 32.98492424049175 6.115075759508249 15.200000000000001
      vertex 32.77839900091831 5.933957985388406 15.200000000000001
    endloop
  endfacet
  facet normal 0.7518398074789839 -0.6593458151000614 0
    outer loop
      vertex 32.98492424049175 6.115075759508249 2.4
      vertex 33.16604201461159 6.321600999081686 15.200000000000001
      vertex 32.98492424049175 6.115075759508249 15.200000000000001
    endloop
  endfacet
  facet normal 0.06540312923014181 0.9978589232386036 0
    outer loop
      vertex 31.774105003662108 9.682034208885002 2.4
      vertex 31.5 9.7 15.200000000000001
      vertex 31.774105003662108 9.682034208885002 15.200000000000001
    endloop
  endfacet
  facet normal 0.19509032201612525 0.9807852804032311 0
    outer loop
      vertex 32.0435199947153 9.628444235207043 2.4
      vertex 31.774105003662108 9.682034208885002 15.200000000000001
      vertex 32.0435199947153 9.628444235207043 15.200000000000001
    endloop
  endfacet
  facet normal 0.3214394653031688 0.9469301294951032 0
    outer loop
      vertex 32.303635207966686 9.540147018273702 2.4
      vertex 32.0435199947153 9.628444235207043 15.200000000000001
      vertex 32.303635207966686 9.540147018273702 15.200000000000001
    endloop
  endfacet
  facet normal 0.442288690219004 0.8968727415326869 0
    outer loop
      vertex 32.55 9.41865334794732 2.4
      vertex 32.303635207966686 9.540147018273702 15.200000000000001
      vertex 32.55 9.41865334794732 15.200000000000001
    endloop
  endfacet
  facet normal 0.5555702330195939 0.8314696123025508 0
    outer loop
      vertex 32.77839900091831 9.266042014611594 2.4
      vertex 32.55 9.41865334794732 15.200000000000001
      vertex 32.77839900091831 9.266042014611594 15.200000000000001
    endloop
  endfacet
  facet normal 0.6593458151000671 0.7518398074789788 0
    outer loop
      vertex 32.98492424049175 9.08492424049175 2.4
      vertex 32.77839900091831 9.266042014611594 15.200000000000001
      vertex 32.98492424049175 9.08492424049175 15.200000000000001
    endloop
  endfacet
  facet normal 0.8314696123025459 -0.5555702330196013 0
    outer loop
      vertex 33.16604201461159 6.321600999081686 2.4
      vertex 33.31865334794732 6.55 15.200000000000001
      vertex 33.16604201461159 6.321600999081686 15.200000000000001
    endloop
  endfacet
  facet normal 0.8968727415326793 -0.44228869021901956 0
    outer loop
      vertex 33.31865334794732 6.55 2.4
      vertex 33.440147018273706 6.7963647920333115 15.200000000000001
      vertex 33.31865334794732 6.55 15.200000000000001
    endloop
  endfacet
  facet normal 0.9469301294951055 -0.3214394653031619 0
    outer loop
      vertex 33.440147018273706 6.7963647920333115 2.4
      vertex 33.52844423520705 7.0564800052847065 15.200000000000001
      vertex 33.440147018273706 6.7963647920333115 15.200000000000001
    endloop
  endfacet
  facet normal 0.9807852804032303 -0.19509032201612833 0
    outer loop
      vertex 33.52844423520705 7.0564800052847065 2.4
      vertex 33.582034208885005 7.325894996337891 15.200000000000001
      vertex 33.52844423520705 7.0564800052847065 15.200000000000001
    endloop
  endfacet
  facet normal 0.997858923238604 -0.06540312923013518 0
    outer loop
      vertex 33.582034208885005 7.325894996337891 2.4
      vertex 33.6 7.6 15.200000000000001
      vertex 33.582034208885005 7.325894996337891 15.200000000000001
    endloop
  endfacet
  facet normal 0.8968727415326793 0.44228869021901956 0
    outer loop
      vertex 33.440147018273706 8.403635207966689 2.4
      vertex 33.31865334794732 8.65 15.200000000000001
      vertex 33.440147018273706 8.403635207966689 15.200000000000001
    endloop
  endfacet
  facet normal 0.8314696123025438 0.5555702330196042 0
    outer loop
      vertex 33.31865334794732 8.65 2.4
      vertex 33.16604201461159 8.878399000918312 15.200000000000001
      vertex 33.31865334794732 8.65 15.200000000000001
    endloop
  endfacet
  facet normal 0.997858923238604 0.06540312923013518 0
    outer loop
      vertex 33.6 7.6 2.4
      vertex 33.582034208885005 7.874105003662108 15.200000000000001
      vertex 33.6 7.6 15.200000000000001
    endloop
  endfacet
  facet normal 0.9807852804032303 0.19509032201612833 0
    outer loop
      vertex 33.582034208885005 7.874105003662108 2.4
      vertex 33.52844423520705 8.143519994715293 15.200000000000001
      vertex 33.582034208885005 7.874105003662108 15.200000000000001
    endloop
  endfacet
  facet normal 0.9469301294951059 0.3214394653031609 0
    outer loop
      vertex 33.52844423520705 8.143519994715293 2.4
      vertex 33.440147018273706 8.403635207966689 15.200000000000001
      vertex 33.52844423520705 8.143519994715293 15.200000000000001
    endloop
  endfacet
  facet normal 0.7518398074789854 0.6593458151000597 0
    outer loop
      vertex 33.16604201461159 8.878399000918312 2.4
      vertex 32.98492424049175 9.08492424049175 15.200000000000001
      vertex 33.16604201461159 8.878399000918312 15.200000000000001
    endloop
  endfacet
  facet normal 0 0 1
    outer loop
      vertex 29.417965791114998 7.325894996337891 15.200000000000001
      vertex 29.471555764792956 7.0564800052847065 15.200000000000001
      vertex 29.417965791114998 7.874105003662108 15.200000000000001
    endloop
  endfacet
  facet normal 0 0 1
    outer loop
      vertex 29.559852981726298 6.7963647920333115 15.200000000000001
      vertex 29.681346652052678 6.55 15.200000000000001
      vertex 29.559852981726298 8.403635207966689 15.200000000000001
    endloop
  endfacet
  facet normal 0 0 1
    outer loop
      vertex 29.559852981726298 6.7963647920333115 15.200000000000001
      vertex 29.471555764792956 8.143519994715293 15.200000000000001
      vertex 29.471555764792956 7.0564800052847065 15.200000000000001
    endloop
  endfacet
  facet normal 0 0 1
    outer loop
      vertex 29.833957985388405 6.321600999081686 15.200000000000001
      vertex 29.681346652052678 8.65 15.200000000000001
      vertex 29.681346652052678 6.55 15.200000000000001
    endloop
  endfacet
  facet normal 0 0 1
    outer loop
      vertex 29.833957985388405 6.321600999081686 15.200000000000001
      vertex 30.01507575950825 6.115075759508249 15.200000000000001
      vertex 29.833957985388405 8.878399000918312 15.200000000000001
    endloop
  endfacet
  facet normal 0 0 1
    outer loop
      vertex 30.01507575950825 6.115075759508249 15.200000000000001
      vertex 30.221600999081687 5.933957985388406 15.200000000000001
      vertex 30.01507575950825 9.08492424049175 15.200000000000001
    endloop
  endfacet
  facet normal 0 0 1
    outer loop
      vertex 29.417965791114998 7.325894996337891 15.200000000000001
      vertex 29.417965791114998 7.874105003662108 15.200000000000001
      vertex 29.4 7.6 15.200000000000001
    endloop
  endfacet
  facet normal 0 0 1
    outer loop
      vertex 29.471555764792956 7.0564800052847065 15.200000000000001
      vertex 29.471555764792956 8.143519994715293 15.200000000000001
      vertex 29.417965791114998 7.874105003662108 15.200000000000001
    endloop
  endfacet
  facet normal 0 0 1
    outer loop
      vertex 29.559852981726298 6.7963647920333115 15.200000000000001
      vertex 29.559852981726298 8.403635207966689 15.200000000000001
      vertex 29.471555764792956 8.143519994715293 15.200000000000001
    endloop
  endfacet
  facet normal 0 0 1
    outer loop
      vertex 29.681346652052678 6.55 15.200000000000001
      vertex 29.681346652052678 8.65 15.200000000000001
      vertex 29.559852981726298 8.403635207966689 15.200000000000001
    endloop
  endfacet
  facet normal 0 0 1
    outer loop
      vertex 29.833957985388405 6.321600999081686 15.200000000000001
      vertex 29.833957985388405 8.878399000918312 15.200000000000001
      vertex 29.681346652052678 8.65 15.200000000000001
    endloop
  endfacet
  facet normal 0 0 1
    outer loop
      vertex 30.01507575950825 6.115075759508249 15.200000000000001
      vertex 30.01507575950825 9.08492424049175 15.200000000000001
      vertex 29.833957985388405 8.878399000918312 15.200000000000001
    endloop
  endfacet
  facet normal 0 0 1
    outer loop
      vertex 30.01507575950825 9.08492424049175 15.200000000000001
      vertex 30.221600999081687 5.933957985388406 15.200000000000001
      vertex 30.221600999081687 9.266042014611594 15.200000000000001
    endloop
  endfacet
  facet normal 0 0 1
    outer loop
      vertex 30.45 5.781346652052679 15.200000000000001
      vertex 30.5 5.756689380751113 15.200000000000001
      vertex 30.585096829614454 7.357474035598811 15.200000000000001
    endloop
  endfacet
  facet normal 0 0 1
    outer loop
      vertex 30.45 5.781346652052679 15.200000000000001
      vertex 30.585096829614454 7.357474035598811 15.200000000000001
      vertex 30.569200838084992 7.6 15.200000000000001
    endloop
  endfacet
  facet normal 0 0 1
    outer loop
      vertex 30.221600999081687 5.933957985388406 15.200000000000001
      vertex 30.45 5.781346652052679 15.200000000000001
      vertex 30.221600999081687 9.266042014611594 15.200000000000001
    endloop
  endfacet
  facet normal 0 0 1
    outer loop
      vertex 30.45 5.781346652052679 15.200000000000001
      vertex 30.569200838084992 7.6 15.200000000000001
      vertex 30.45 9.41865334794732 15.200000000000001
    endloop
  endfacet
  facet normal 0 0 1
    outer loop
      vertex 30.45 5.781346652052679 15.200000000000001
      vertex 30.45 9.41865334794732 15.200000000000001
      vertex 30.221600999081687 9.266042014611594 15.200000000000001
    endloop
  endfacet
  facet normal 0 0 1
    outer loop
      vertex 30.569200838084992 7.6 15.200000000000001
      vertex 30.6 7.6 15.200000000000001
      vertex 30.60769962476357 7.717473572998046 15.200000000000001
    endloop
  endfacet
  facet normal 0 0 1
    outer loop
      vertex 30.569200838084992 7.6 15.200000000000001
      vertex 30.60769962476357 7.717473572998046 15.200000000000001
      vertex 30.63066675633984 7.832937140592268 15.200000000000001
    endloop
  endfacet
  facet normal 0 0 1
    outer loop
      vertex 30.569200838084992 7.6 15.200000000000001
      vertex 30.63066675633984 7.832937140592268 15.200000000000001
      vertex 30.956480005284707 9.628444235207043 15.200000000000001
    endloop
  endfacet
  facet normal 0 0 1
    outer loop
      vertex 30.569200838084992 7.6 15.200000000000001
      vertex 30.69636479203331 9.540147018273702 15.200000000000001
      vertex 30.45 9.41865334794732 15.200000000000001
    endloop
  endfacet
  facet normal 0 0 1
    outer loop
      vertex 30.956480005284707 9.628444235207043 15.200000000000001
      vertex 30.63066675633984 7.832937140592268 15.200000000000001
      vertex 30.66850842073984 7.94441508912858 15.200000000000001
    endloop
  endfacet
  facet normal 0 0 1
    outer loop
      vertex 30.956480005284707 9.628444235207043 15.200000000000001
      vertex 30.66850842073984 7.94441508912858 15.200000000000001
      vertex 30.720577136594006 8.049999999999999 15.200000000000001
    endloop
  endfacet
  facet normal 0 0 1
    outer loop
      vertex 30.569200838084992 7.6 15.200000000000001
      vertex 30.956480005284707 9.628444235207043 15.200000000000001
      vertex 30.69636479203331 9.540147018273702 15.200000000000001
    endloop
  endfacet
  facet normal 0 0 1
    outer loop
      vertex 31.225894996337892 9.682034208885002 15.200000000000001
      vertex 30.720577136594006 8.049999999999999 15.200000000000001
      vertex 30.785981993737888 8.147885286107849 15.200000000000001
    endloop
  endfacet
  facet normal 0 0 1
    outer loop
      vertex 31.225894996337892 9.682034208885002 15.200000000000001
      vertex 30.785981993737888 8.147885286107849 15.200000000000001
      vertex 30.86360389693211 8.236396103067893 15.200000000000001
    endloop
  endfacet
  facet normal 0 0 1
    outer loop
      vertex 31.5 9.7 15.200000000000001
      vertex 30.86360389693211 8.236396103067893 15.200000000000001
      vertex 30.95211471389215 8.314018006262112 15.200000000000001
    endloop
  endfacet
  facet normal 0 0 1
    outer loop
      vertex 31.5 9.7 15.200000000000001
      vertex 30.95211471389215 8.314018006262112 15.200000000000001
      vertex 31.05 8.379422863405994 15.200000000000001
    endloop
  endfacet
  facet normal 0 0 1
    outer loop
      vertex 31.774105003662108 9.682034208885002 15.200000000000001
      vertex 31.05 8.379422863405994 15.200000000000001
      vertex 31.15558491087142 8.431491579260157 15.200000000000001
    endloop
  endfacet
  facet normal 0 0 1
    outer loop
      vertex 30.956480005284707 9.628444235207043 15.200000000000001
      vertex 30.720577136594006 8.049999999999999 15.200000000000001
      vertex 31.225894996337892 9.682034208885002 15.200000000000001
    endloop
  endfacet
  facet normal 0 0 1
    outer loop
      vertex 31.225894996337892 9.682034208885002 15.200000000000001
      vertex 30.86360389693211 8.236396103067893 15.200000000000001
      vertex 31.5 9.7 15.200000000000001
    endloop
  endfacet
  facet normal 0 0 1
    outer loop
      vertex 31.774105003662108 9.682034208885002 15.200000000000001
      vertex 31.15558491087142 8.431491579260157 15.200000000000001
      vertex 31.26706285940773 8.469333243660161 15.200000000000001
    endloop
  endfacet
  facet normal 0 0 1
    outer loop
      vertex 31.5 9.7 15.200000000000001
      vertex 31.05 8.379422863405994 15.200000000000001
      vertex 31.774105003662108 9.682034208885002 15.200000000000001
    endloop
  endfacet
  facet normal 0 0 1
    outer loop
      vertex 32.0435199947153 9.628444235207043 15.200000000000001
      vertex 31.26706285940773 8.469333243660161 15.200000000000001
      vertex 31.382526427001952 8.492300375236429 15.200000000000001
    endloop
  endfacet
  facet normal 0 0 1
    outer loop
      vertex 32.5 5.756689380751115 15.200000000000001
      vertex 32.55 5.781346652052679 15.200000000000001
      vertex 32.5 6.544199236465912 15.200000000000001
    endloop
  endfacet
  facet normal 0 0 1
    outer loop
      vertex 32.5 6.544199236465912 15.200000000000001
      vertex 32.369333243660165 7.367062859407731 15.200000000000001
      vertex 32.354878262053006 7.324479856750594 15.200000000000001
    endloop
  endfacet
  facet normal 0 0 1
    outer loop
      vertex 32.5 6.544199236465912 15.200000000000001
      vertex 32.39230037523643 7.482526427001953 15.200000000000001
      vertex 32.369333243660165 7.367062859407731 15.200000000000001
    endloop
  endfacet
  facet normal 0 0 1
    outer loop
      vertex 32.5 6.544199236465912 15.200000000000001
      vertex 32.4 7.6 15.200000000000001
      vertex 32.39230037523643 7.482526427001953 15.200000000000001
    endloop
  endfacet
  facet normal 0 0 1
    outer loop
      vertex 32.55 5.781346652052679 15.200000000000001
      vertex 32.55 9.41865334794732 15.200000000000001
      vertex 32.5 6.544199236465912 15.200000000000001
    endloop
  endfacet
  facet normal 0 0 1
    outer loop
      vertex 32.55 5.781346652052679 15.200000000000001
      vertex 32.77839900091831 5.933957985388406 15.200000000000001
      vertex 32.55 9.41865334794732 15.200000000000001
    endloop
  endfacet
  facet normal 0 0 1
    outer loop
      vertex 32.77839900091831 5.933957985388406 15.200000000000001
      vertex 32.98492424049175 6.115075759508249 15.200000000000001
      vertex 32.77839900091831 9.266042014611594 15.200000000000001
    endloop
  endfacet
  facet normal 0 0 1
    outer loop
      vertex 32.98492424049175 6.115075759508249 15.200000000000001
      vertex 33.16604201461159 6.321600999081686 15.200000000000001
      vertex 32.98492424049175 9.08492424049175 15.200000000000001
    endloop
  endfacet
  facet normal 0 0 1
    outer loop
      vertex 32.303635207966686 9.540147018273702 15.200000000000001
      vertex 31.382526427001952 8.492300375236429 15.200000000000001
      vertex 31.5 8.5 15.200000000000001
    endloop
  endfacet
  facet normal 0 0 1
    outer loop
      vertex 32.303635207966686 9.540147018273702 15.200000000000001
      vertex 31.5 8.5 15.200000000000001
      vertex 31.617473572998048 8.492300375236429 15.200000000000001
    endloop
  endfacet
  facet normal 0 0 1
    outer loop
      vertex 32.303635207966686 9.540147018273702 15.200000000000001
      vertex 31.617473572998048 8.492300375236429 15.200000000000001
      vertex 31.73293714059227 8.469333243660161 15.200000000000001
    endloop
  endfacet
  facet normal 0 0 1
    outer loop
      vertex 32.303635207966686 9.540147018273702 15.200000000000001
      vertex 31.73293714059227 8.469333243660161 15.200000000000001
      vertex 31.84441508912858 8.431491579260157 15.200000000000001
    endloop
  endfacet
  facet normal 0 0 1
    outer loop
      vertex 32.303635207966686 9.540147018273702 15.200000000000001
      vertex 31.84441508912858 8.431491579260157 15.200000000000001
      vertex 31.95 8.379422863405994 15.200000000000001
    endloop
  endfacet
  facet normal 0 0 1
    outer loop
      vertex 32.303635207966686 9.540147018273702 15.200000000000001
      vertex 32.04788528610785 8.314018006262112 15.200000000000001
      vertex 32.136396103067895 8.236396103067893 15.200000000000001
    endloop
  endfacet
  facet normal 0 0 1
    outer loop
      vertex 32.303635207966686 9.540147018273702 15.200000000000001
      vertex 31.95 8.379422863405994 15.200000000000001
      vertex 32.04788528610785 8.314018006262112 15.200000000000001
    endloop
  endfacet
  facet normal 0 0 1
    outer loop
      vertex 32.303635207966686 9.540147018273702 15.200000000000001
      vertex 32.33149157926016 7.94441508912858 15.200000000000001
      vertex 32.369333243660165 7.832937140592268 15.200000000000001
    endloop
  endfacet
  facet normal 0 0 1
    outer loop
      vertex 32.303635207966686 9.540147018273702 15.200000000000001
      vertex 32.279422863406 8.049999999999999 15.200000000000001
      vertex 32.33149157926016 7.94441508912858 15.200000000000001
    endloop
  endfacet
  facet normal 0 0 1
    outer loop
      vertex 32.303635207966686 9.540147018273702 15.200000000000001
      vertex 32.136396103067895 8.236396103067893 15.200000000000001
      vertex 32.21401800626211 8.147885286107849 15.200000000000001
    endloop
  endfacet
  facet normal 0 0 1
    outer loop
      vertex 32.303635207966686 9.540147018273702 15.200000000000001
      vertex 32.21401800626211 8.147885286107849 15.200000000000001
      vertex 32.279422863406 8.049999999999999 15.200000000000001
    endloop
  endfacet
  facet normal 0 0 1
    outer loop
      vertex 31.774105003662108 9.682034208885002 15.200000000000001
      vertex 31.26706285940773 8.469333243660161 15.200000000000001
      vertex 32.0435199947153 9.628444235207043 15.200000000000001
    endloop
  endfacet
  facet normal 0 0 1
    outer loop
      vertex 32.0435199947153 9.628444235207043 15.200000000000001
      vertex 31.382526427001952 8.492300375236429 15.200000000000001
      vertex 32.303635207966686 9.540147018273702 15.200000000000001
    endloop
  endfacet
  facet normal 0 0 1
    outer loop
      vertex 32.5 6.544199236465912 15.200000000000001
      vertex 32.303635207966686 9.540147018273702 15.200000000000001
      vertex 32.4 7.6 15.200000000000001
    endloop
  endfacet
  facet normal 0 0 1
    outer loop
      vertex 32.77839900091831 5.933957985388406 15.200000000000001
      vertex 32.77839900091831 9.266042014611594 15.200000000000001
      vertex 32.55 9.41865334794732 15.200000000000001
    endloop
  endfacet
  facet normal 0 0 1
    outer loop
      vertex 32.303635207966686 9.540147018273702 15.200000000000001
      vertex 32.39230037523643 7.717473572998046 15.200000000000001
      vertex 32.4 7.6 15.200000000000001
    endloop
  endfacet
  facet normal 0 0 1
    outer loop
      vertex 32.303635207966686 9.540147018273702 15.200000000000001
      vertex 32.369333243660165 7.832937140592268 15.200000000000001
      vertex 32.39230037523643 7.717473572998046 15.200000000000001
    endloop
  endfacet
  facet normal 0 0 1
    outer loop
      vertex 32.5 6.544199236465912 15.200000000000001
      vertex 32.55 9.41865334794732 15.200000000000001
      vertex 32.303635207966686 9.540147018273702 15.200000000000001
    endloop
  endfacet
  facet normal 0 0 1
    outer loop
      vertex 32.98492424049175 6.115075759508249 15.200000000000001
      vertex 32.98492424049175 9.08492424049175 15.200000000000001
      vertex 32.77839900091831 9.266042014611594 15.200000000000001
    endloop
  endfacet
  facet normal 0 0 1
    outer loop
      vertex 33.16604201461159 6.321600999081686 15.200000000000001
      vertex 33.31865334794732 6.55 15.200000000000001
      vertex 33.16604201461159 8.878399000918312 15.200000000000001
    endloop
  endfacet
  facet normal 0 0 1
    outer loop
      vertex 33.31865334794732 6.55 15.200000000000001
      vertex 33.440147018273706 6.7963647920333115 15.200000000000001
      vertex 33.31865334794732 8.65 15.200000000000001
    endloop
  endfacet
  facet normal 0 0 1
    outer loop
      vertex 33.440147018273706 6.7963647920333115 15.200000000000001
      vertex 33.52844423520705 7.0564800052847065 15.200000000000001
      vertex 33.440147018273706 8.403635207966689 15.200000000000001
    endloop
  endfacet
  facet normal 0 0 1
    outer loop
      vertex 33.52844423520705 7.0564800052847065 15.200000000000001
      vertex 33.582034208885005 7.325894996337891 15.200000000000001
      vertex 33.52844423520705 8.143519994715293 15.200000000000001
    endloop
  endfacet
  facet normal 0 0 1
    outer loop
      vertex 32.98492424049175 9.08492424049175 15.200000000000001
      vertex 33.16604201461159 6.321600999081686 15.200000000000001
      vertex 33.16604201461159 8.878399000918312 15.200000000000001
    endloop
  endfacet
  facet normal 0 0 1
    outer loop
      vertex 33.31865334794732 6.55 15.200000000000001
      vertex 33.31865334794732 8.65 15.200000000000001
      vertex 33.16604201461159 8.878399000918312 15.200000000000001
    endloop
  endfacet
  facet normal 0 0 1
    outer loop
      vertex 33.440147018273706 6.7963647920333115 15.200000000000001
      vertex 33.440147018273706 8.403635207966689 15.200000000000001
      vertex 33.31865334794732 8.65 15.200000000000001
    endloop
  endfacet
  facet normal 0 0 1
    outer loop
      vertex 33.52844423520705 7.0564800052847065 15.200000000000001
      vertex 33.52844423520705 8.143519994715293 15.200000000000001
      vertex 33.440147018273706 8.403635207966689 15.200000000000001
    endloop
  endfacet
  facet normal 0 0 1
    outer loop
      vertex 33.582034208885005 7.325894996337891 15.200000000000001
      vertex 33.6 7.6 15.200000000000001
      vertex 33.582034208885005 7.874105003662108 15.200000000000001
    endloop
  endfacet
  facet normal 0 0 1
    outer loop
      vertex 33.582034208885005 7.325894996337891 15.200000000000001
      vertex 33.582034208885005 7.874105003662108 15.200000000000001
      vertex 33.52844423520705 8.143519994715293 15.200000000000001
    endloop
  endfacet
  facet normal -1 0 0
    outer loop
      vertex 30.5 2.399999998509884 2.4
      vertex 30.5 5.756689380751113 15.200000000000001
      vertex 30.5 5.756689380751113 2.4
    endloop
  endfacet
  facet normal 1 0 0
    outer loop
      vertex 32.5 2.399999998509884 2.4
      vertex 32.5 5.756689380751115 2.4
      vertex 32.5 5.756689380751115 15.200000000000001
    endloop
  endfacet
  facet normal -1 0 0
    outer loop
      vertex 30.5 2.399999998509884 2.4
      vertex 30.5 2.399999998509884 15.200000000000001
      vertex 30.5 5.756689380751113 15.200000000000001
    endloop
  endfacet
  facet normal 1 0 0
    outer loop
      vertex 32.5 2.399999998509884 2.4
      vertex 32.5 5.756689380751115 15.200000000000001
      vertex 32.5 2.399999998509884 15.200000000000001
    endloop
  endfacet
  facet normal 0 0 1
    outer loop
      vertex 30.5 2.399999998509884 15.200000000000001
      vertex 32.5 2.399999998509884 15.200000000000001
      vertex 30.5 5.756689380751113 15.200000000000001
    endloop
  endfacet
  facet normal 0 0 1
    outer loop
      vertex 30.585096829614454 7.357474035598811 15.200000000000001
      vertex 30.66850842073984 7.255584910871419 15.200000000000001
      vertex 30.63066675633984 7.367062859407731 15.200000000000001
    endloop
  endfacet
  facet normal 0 0 1
    outer loop
      vertex 30.585096829614454 7.357474035598811 15.200000000000001
      vertex 30.63066675633984 7.367062859407731 15.200000000000001
      vertex 30.60769962476357 7.482526427001953 15.200000000000001
    endloop
  endfacet
  facet normal 0 0 1
    outer loop
      vertex 30.585096829614454 7.357474035598811 15.200000000000001
      vertex 30.6 7.6 15.200000000000001
      vertex 30.569200838084992 7.6 15.200000000000001
    endloop
  endfacet
  facet normal 0 0 1
    outer loop
      vertex 30.585096829614454 7.357474035598811 15.200000000000001
      vertex 30.60769962476357 7.482526427001953 15.200000000000001
      vertex 30.6 7.6 15.200000000000001
    endloop
  endfacet
  facet normal 0 0 1
    outer loop
      vertex 30.5 5.756689380751113 15.200000000000001
      vertex 32.5 2.399999998509884 15.200000000000001
      vertex 30.585096829614454 7.357474035598811 15.200000000000001
    endloop
  endfacet
  facet normal 0 0 1
    outer loop
      vertex 30.585096829614454 7.357474035598811 15.200000000000001
      vertex 32.5 2.399999998509884 15.200000000000001
      vertex 30.66850842073984 7.255584910871419 15.200000000000001
    endloop
  endfacet
  facet normal 0 0 1
    outer loop
      vertex 32.5 2.399999998509884 15.200000000000001
      vertex 30.785981993737888 7.052114713892151 15.200000000000001
      vertex 30.720577136594006 7.1499999999999995 15.200000000000001
    endloop
  endfacet
  facet normal 0 0 1
    outer loop
      vertex 32.5 2.399999998509884 15.200000000000001
      vertex 30.720577136594006 7.1499999999999995 15.200000000000001
      vertex 30.66850842073984 7.255584910871419 15.200000000000001
    endloop
  endfacet
  facet normal 0 0 1
    outer loop
      vertex 32.5 2.399999998509884 15.200000000000001
      vertex 30.86360389693211 6.963603896932106 15.200000000000001
      vertex 30.785981993737888 7.052114713892151 15.200000000000001
    endloop
  endfacet
  facet normal 0 0 1
    outer loop
      vertex 32.5 2.399999998509884 15.200000000000001
      vertex 30.95211471389215 6.885981993737888 15.200000000000001
      vertex 30.86360389693211 6.963603896932106 15.200000000000001
    endloop
  endfacet
  facet normal 0 0 1
    outer loop
      vertex 32.5 2.399999998509884 15.200000000000001
      vertex 31.05 6.820577136594005 15.200000000000001
      vertex 30.95211471389215 6.885981993737888 15.200000000000001
    endloop
  endfacet
  facet normal 0 0 1
    outer loop
      vertex 32.5 2.399999998509884 15.200000000000001
      vertex 31.15558491087142 6.768508420739842 15.200000000000001
      vertex 31.05 6.820577136594005 15.200000000000001
    endloop
  endfacet
  facet normal 0 0 1
    outer loop
      vertex 32.5 2.399999998509884 15.200000000000001
      vertex 32.5 5.756689380751115 15.200000000000001
      vertex 31.5 6.699999999999999 15.200000000000001
    endloop
  endfacet
  facet normal 0 0 1
    outer loop
      vertex 32.5 2.399999998509884 15.200000000000001
      vertex 31.26706285940773 6.730666756339838 15.200000000000001
      vertex 31.15558491087142 6.768508420739842 15.200000000000001
    endloop
  endfacet
  facet normal 0 0 1
    outer loop
      vertex 32.5 2.399999998509884 15.200000000000001
      vertex 31.382526427001952 6.7076996247635705 15.200000000000001
      vertex 31.26706285940773 6.730666756339838 15.200000000000001
    endloop
  endfacet
  facet normal 0 0 1
    outer loop
      vertex 32.5 2.399999998509884 15.200000000000001
      vertex 31.5 6.699999999999999 15.200000000000001
      vertex 31.382526427001952 6.7076996247635705 15.200000000000001
    endloop
  endfacet
  facet normal 0 0 1
    outer loop
      vertex 32.5 5.756689380751115 15.200000000000001
      vertex 31.617473572998048 6.7076996247635705 15.200000000000001
      vertex 31.5 6.699999999999999 15.200000000000001
    endloop
  endfacet
  facet normal 0 0 1
    outer loop
      vertex 32.5 5.756689380751115 15.200000000000001
      vertex 31.73293714059227 6.730666756339838 15.200000000000001
      vertex 31.617473572998048 6.7076996247635705 15.200000000000001
    endloop
  endfacet
  facet normal 0 0 1
    outer loop
      vertex 32.5 5.756689380751115 15.200000000000001
      vertex 31.84441508912858 6.768508420739842 15.200000000000001
      vertex 31.73293714059227 6.730666756339838 15.200000000000001
    endloop
  endfacet
  facet normal 0 0 1
    outer loop
      vertex 32.5 5.756689380751115 15.200000000000001
      vertex 31.95 6.820577136594005 15.200000000000001
      vertex 31.84441508912858 6.768508420739842 15.200000000000001
    endloop
  endfacet
  facet normal 0 0 1
    outer loop
      vertex 32.5 5.756689380751115 15.200000000000001
      vertex 32.5 6.544199236465912 15.200000000000001
      vertex 31.95 6.820577136594005 15.200000000000001
    endloop
  endfacet
  facet normal 0 0 1
    outer loop
      vertex 32.5 6.544199236465912 15.200000000000001
      vertex 32.04788528610785 6.885981993737888 15.200000000000001
      vertex 31.95 6.820577136594005 15.200000000000001
    endloop
  endfacet
  facet normal 0 0 1
    outer loop
      vertex 32.5 6.544199236465912 15.200000000000001
      vertex 32.136396103067895 6.963603896932106 15.200000000000001
      vertex 32.04788528610785 6.885981993737888 15.200000000000001
    endloop
  endfacet
  facet normal 0 0 1
    outer loop
      vertex 32.5 6.544199236465912 15.200000000000001
      vertex 32.21401800626211 7.052114713892151 15.200000000000001
      vertex 32.136396103067895 6.963603896932106 15.200000000000001
    endloop
  endfacet
  facet normal 0 0 1
    outer loop
      vertex 32.5 6.544199236465912 15.200000000000001
      vertex 32.279422863406 7.1499999999999995 15.200000000000001
      vertex 32.21401800626211 7.052114713892151 15.200000000000001
    endloop
  endfacet
  facet normal 0 0 1
    outer loop
      vertex 32.5 6.544199236465912 15.200000000000001
      vertex 32.33149157926016 7.255584910871419 15.200000000000001
      vertex 32.279422863406 7.1499999999999995 15.200000000000001
    endloop
  endfacet
  facet normal 0 0 1
    outer loop
      vertex 32.5 6.544199236465912 15.200000000000001
      vertex 32.354878262053006 7.324479856750594 15.200000000000001
      vertex 32.33149157926016 7.255584910871419 15.200000000000001
    endloop
  endfacet
  facet normal 0 0 -1
    outer loop
      vertex 21.51507575950825 78.39958731872439 0
      vertex 21.717592655745328 79.50488651314444 0
      vertex 24.4219768167369 78.42453214262086 0
    endloop
  endfacet
  facet normal -0.3214394653031609 -0.9469301294951059 0
    outer loop
      vertex 22.456480005284707 75.87155576479296 2.4
      vertex 22.456480005284707 75.87155576479296 15.200000000000001
      vertex 22.19636479203331 75.9598529817263 2.4
    endloop
  endfacet
  facet normal -0.19509032201612775 -0.9807852804032305 0
    outer loop
      vertex 22.456480005284707 75.87155576479296 2.4
      vertex 22.725894996337892 75.817965791115 2.4
      vertex 22.725894996337892 75.817965791115 15.200000000000001
    endloop
  endfacet
  facet normal -0.06540312923010963 -0.9978589232386057 0
    outer loop
      vertex 22.725894996337892 75.817965791115 2.4
      vertex 23 75.80000000000001 2.4
      vertex 23 75.80000000000001 15.200000000000001
    endloop
  endfacet
  facet normal -0.9469301294951059 -0.3214394653031609 0
    outer loop
      vertex 21.059852981726298 77.09636479203331 2.4
      vertex 21.059852981726298 77.09636479203331 15.200000000000001
      vertex 20.971555764792956 77.35648000528471 2.4
    endloop
  endfacet
  facet normal -0.8968727415326845 -0.4422886902190091 0
    outer loop
      vertex 21.181346652052678 76.85000000000001 2.4
      vertex 21.181346652052678 76.85000000000001 15.200000000000001
      vertex 21.059852981726298 77.09636479203331 2.4
    endloop
  endfacet
  facet normal -0.7518398074789788 -0.6593458151000671 0
    outer loop
      vertex 21.51507575950825 76.41507575950826 2.4
      vertex 21.51507575950825 76.41507575950826 15.200000000000001
      vertex 21.333957985388405 76.62160099908169 2.4
    endloop
  endfacet
  facet normal -0.8314696123025479 -0.5555702330195983 0
    outer loop
      vertex 21.181346652052678 76.85000000000001 2.4
      vertex 21.333957985388405 76.62160099908169 2.4
      vertex 21.333957985388405 76.62160099908169 15.200000000000001
    endloop
  endfacet
  facet normal -0.9807852804032301 -0.1950903220161302 0
    outer loop
      vertex 20.971555764792956 77.35648000528471 2.4
      vertex 20.971555764792956 77.35648000528471 15.200000000000001
      vertex 20.917965791114998 77.62589499633789 2.4
    endloop
  endfacet
  facet normal -0.9978589232386033 -0.06540312923014657 0
    outer loop
      vertex 20.917965791114998 77.62589499633789 2.4
      vertex 20.917965791114998 77.62589499633789 15.200000000000001
      vertex 20.9 77.9 2.4
    endloop
  endfacet
  facet normal -0.9978589232386033 0.06540312923014657 0
    outer loop
      vertex 20.9 77.9 2.4
      vertex 20.9 77.9 15.200000000000001
      vertex 20.917965791114998 78.17410500366212 2.4
    endloop
  endfacet
  facet normal -0.9807852804032301 0.1950903220161302 0
    outer loop
      vertex 20.917965791114998 78.17410500366212 2.4
      vertex 20.917965791114998 78.17410500366212 15.200000000000001
      vertex 20.971555764792956 78.4435199947153 2.4
    endloop
  endfacet
  facet normal -0.9469301294951028 0.3214394653031703 0
    outer loop
      vertex 20.971555764792956 78.4435199947153 2.4
      vertex 21.02467356951964 78.60000000149012 15.200000000000001
      vertex 21.02467356951964 78.60000000149012 2.4
    endloop
  endfacet
  facet normal -0.6593458151000597 -0.7518398074789854 0
    outer loop
      vertex 21.51507575950825 76.41507575950826 2.4
      vertex 21.721600999081687 76.23395798538841 2.4
      vertex 21.721600999081687 76.23395798538841 15.200000000000001
    endloop
  endfacet
  facet normal -0.5555702330196042 -0.8314696123025438 0
    outer loop
      vertex 21.721600999081687 76.23395798538841 2.4
      vertex 21.95 76.08134665205269 2.4
      vertex 21.95 76.08134665205269 15.200000000000001
    endloop
  endfacet
  facet normal -0.44228869021901956 -0.8968727415326793 0
    outer loop
      vertex 21.95 76.08134665205269 2.4
      vertex 22.19636479203331 75.9598529817263 2.4
      vertex 22.19636479203331 75.9598529817263 15.200000000000001
    endloop
  endfacet
  facet normal -0.3214394653031609 -0.9469301294951059 0
    outer loop
      vertex 22.19636479203331 75.9598529817263 2.4
      vertex 22.456480005284707 75.87155576479296 15.200000000000001
      vertex 22.19636479203331 75.9598529817263 15.200000000000001
    endloop
  endfacet
  facet normal -0.19509032201612775 -0.9807852804032305 0
    outer loop
      vertex 22.456480005284707 75.87155576479296 2.4
      vertex 22.725894996337892 75.817965791115 15.200000000000001
      vertex 22.456480005284707 75.87155576479296 15.200000000000001
    endloop
  endfacet
  facet normal -0.06540312923010963 -0.9978589232386057 0
    outer loop
      vertex 22.725894996337892 75.817965791115 2.4
      vertex 23 75.80000000000001 15.200000000000001
      vertex 22.725894996337892 75.817965791115 15.200000000000001
    endloop
  endfacet
  facet normal -0.8968727415326845 -0.4422886902190091 0
    outer loop
      vertex 21.059852981726298 77.09636479203331 2.4
      vertex 21.181346652052678 76.85000000000001 15.200000000000001
      vertex 21.059852981726298 77.09636479203331 15.200000000000001
    endloop
  endfacet
  facet normal -0.7518398074789788 -0.6593458151000671 0
    outer loop
      vertex 21.333957985388405 76.62160099908169 2.4
      vertex 21.51507575950825 76.41507575950826 15.200000000000001
      vertex 21.333957985388405 76.62160099908169 15.200000000000001
    endloop
  endfacet
  facet normal -0.8314696123025479 -0.5555702330195983 0
    outer loop
      vertex 21.181346652052678 76.85000000000001 2.4
      vertex 21.333957985388405 76.62160099908169 15.200000000000001
      vertex 21.181346652052678 76.85000000000001 15.200000000000001
    endloop
  endfacet
  facet normal -0.9469301294951059 -0.3214394653031609 0
    outer loop
      vertex 20.971555764792956 77.35648000528471 2.4
      vertex 21.059852981726298 77.09636479203331 15.200000000000001
      vertex 20.971555764792956 77.35648000528471 15.200000000000001
    endloop
  endfacet
  facet normal -0.9978589232386033 -0.06540312923014657 0
    outer loop
      vertex 20.9 77.9 2.4
      vertex 20.917965791114998 77.62589499633789 15.200000000000001
      vertex 20.9 77.9 15.200000000000001
    endloop
  endfacet
  facet normal -0.9807852804032301 -0.1950903220161302 0
    outer loop
      vertex 20.917965791114998 77.62589499633789 2.4
      vertex 20.971555764792956 77.35648000528471 15.200000000000001
      vertex 20.917965791114998 77.62589499633789 15.200000000000001
    endloop
  endfacet
  facet normal -0.9978589232386033 0.06540312923014657 0
    outer loop
      vertex 20.917965791114998 78.17410500366212 2.4
      vertex 20.9 77.9 15.200000000000001
      vertex 20.917965791114998 78.17410500366212 15.200000000000001
    endloop
  endfacet
  facet normal -0.9807852804032301 0.1950903220161302 0
    outer loop
      vertex 20.971555764792956 78.4435199947153 2.4
      vertex 20.917965791114998 78.17410500366212 15.200000000000001
      vertex 20.971555764792956 78.4435199947153 15.200000000000001
    endloop
  endfacet
  facet normal -0.9469301294951028 0.3214394653031703 0
    outer loop
      vertex 20.971555764792956 78.4435199947153 2.4
      vertex 20.971555764792956 78.4435199947153 15.200000000000001
      vertex 21.02467356951964 78.60000000149012 15.200000000000001
    endloop
  endfacet
  facet normal -0.6593458151000597 -0.7518398074789854 0
    outer loop
      vertex 21.51507575950825 76.41507575950826 2.4
      vertex 21.721600999081687 76.23395798538841 15.200000000000001
      vertex 21.51507575950825 76.41507575950826 15.200000000000001
    endloop
  endfacet
  facet normal -0.5555702330196042 -0.8314696123025438 0
    outer loop
      vertex 21.721600999081687 76.23395798538841 2.4
      vertex 21.95 76.08134665205269 15.200000000000001
      vertex 21.721600999081687 76.23395798538841 15.200000000000001
    endloop
  endfacet
  facet normal -0.44228869021901956 -0.8968727415326793 0
    outer loop
      vertex 21.95 76.08134665205269 2.4
      vertex 22.19636479203331 75.9598529817263 15.200000000000001
      vertex 21.95 76.08134665205269 15.200000000000001
    endloop
  endfacet
  facet normal 0 0 1
    outer loop
      vertex 21.059852981726298 77.09636479203331 15.200000000000001
      vertex 20.971555764792956 78.4435199947153 15.200000000000001
      vertex 20.971555764792956 77.35648000528471 15.200000000000001
    endloop
  endfacet
  facet normal 0 0 1
    outer loop
      vertex 20.971555764792956 77.35648000528471 15.200000000000001
      vertex 20.917965791114998 78.17410500366212 15.200000000000001
      vertex 20.917965791114998 77.62589499633789 15.200000000000001
    endloop
  endfacet
  facet normal 0 0 1
    outer loop
      vertex 20.917965791114998 77.62589499633789 15.200000000000001
      vertex 20.917965791114998 78.17410500366212 15.200000000000001
      vertex 20.9 77.9 15.200000000000001
    endloop
  endfacet
  facet normal 0 0 1
    outer loop
      vertex 20.971555764792956 77.35648000528471 15.200000000000001
      vertex 20.971555764792956 78.4435199947153 15.200000000000001
      vertex 20.917965791114998 78.17410500366212 15.200000000000001
    endloop
  endfacet
  facet normal 0 0 1
    outer loop
      vertex 21.181346652052678 76.85000000000001 15.200000000000001
      vertex 22.19636479203331 78.60000000149012 15.200000000000001
      vertex 21.059852981726298 77.09636479203331 15.200000000000001
    endloop
  endfacet
  facet normal 0 0 1
    outer loop
      vertex 21.059852981726298 77.09636479203331 15.200000000000001
      vertex 22.19636479203331 78.60000000149012 15.200000000000001
      vertex 20.971555764792956 78.4435199947153 15.200000000000001
    endloop
  endfacet
  facet normal 0 0 1
    outer loop
      vertex 20.971555764792956 78.4435199947153 15.200000000000001
      vertex 22.19636479203331 78.60000000149012 15.200000000000001
      vertex 21.02467356951964 78.60000000149012 15.200000000000001
    endloop
  endfacet
  facet normal 0 0 1
    outer loop
      vertex 21.51507575950825 76.41507575950826 15.200000000000001
      vertex 21.721600999081687 76.23395798538841 15.200000000000001
      vertex 22.19636479203331 78.60000000149012 15.200000000000001
    endloop
  endfacet
  facet normal 0 0 1
    outer loop
      vertex 21.95 76.08134665205269 15.200000000000001
      vertex 22.19636479203331 75.9598529817263 15.200000000000001
      vertex 22.16850842073984 77.55558491087143 15.200000000000001
    endloop
  endfacet
  facet normal 0 0 1
    outer loop
      vertex 21.721600999081687 76.23395798538841 15.200000000000001
      vertex 21.95 76.08134665205269 15.200000000000001
      vertex 22.10769962476357 77.78252642700195 15.200000000000001
    endloop
  endfacet
  facet normal 0 0 1
    outer loop
      vertex 21.95 76.08134665205269 15.200000000000001
      vertex 22.16850842073984 77.55558491087143 15.200000000000001
      vertex 22.13066675633984 77.66706285940774 15.200000000000001
    endloop
  endfacet
  facet normal 0 0 1
    outer loop
      vertex 21.95 76.08134665205269 15.200000000000001
      vertex 22.13066675633984 77.66706285940774 15.200000000000001
      vertex 22.10769962476357 77.78252642700195 15.200000000000001
    endloop
  endfacet
  facet normal 0 0 1
    outer loop
      vertex 22.19636479203331 75.9598529817263 15.200000000000001
      vertex 22.285981993737888 77.35211471389216 15.200000000000001
      vertex 22.220577136594006 77.45 15.200000000000001
    endloop
  endfacet
  facet normal 0 0 1
    outer loop
      vertex 22.19636479203331 75.9598529817263 15.200000000000001
      vertex 22.220577136594006 77.45 15.200000000000001
      vertex 22.16850842073984 77.55558491087143 15.200000000000001
    endloop
  endfacet
  facet normal 0 0 1
    outer loop
      vertex 21.181346652052678 76.85000000000001 15.200000000000001
      vertex 21.333957985388405 76.62160099908169 15.200000000000001
      vertex 22.19636479203331 78.60000000149012 15.200000000000001
    endloop
  endfacet
  facet normal 0 0 1
    outer loop
      vertex 21.51507575950825 76.41507575950826 15.200000000000001
      vertex 22.19636479203331 78.60000000149012 15.200000000000001
      vertex 21.333957985388405 76.62160099908169 15.200000000000001
    endloop
  endfacet
  facet normal 0 0 1
    outer loop
      vertex 21.721600999081687 76.23395798538841 15.200000000000001
      vertex 22.10769962476357 77.78252642700195 15.200000000000001
      vertex 22.1 77.9 15.200000000000001
    endloop
  endfacet
  facet normal 0 0 1
    outer loop
      vertex 21.721600999081687 76.23395798538841 15.200000000000001
      vertex 22.1 77.9 15.200000000000001
      vertex 22.10769962476357 78.01747357299806 15.200000000000001
    endloop
  endfacet
  facet normal 0 0 1
    outer loop
      vertex 21.721600999081687 76.23395798538841 15.200000000000001
      vertex 22.10769962476357 78.01747357299806 15.200000000000001
      vertex 22.13066675633984 78.13293714059228 15.200000000000001
    endloop
  endfacet
  facet normal 0 0 1
    outer loop
      vertex 21.721600999081687 76.23395798538841 15.200000000000001
      vertex 22.13066675633984 78.13293714059228 15.200000000000001
      vertex 22.19636479203331 78.60000000149012 15.200000000000001
    endloop
  endfacet
  facet normal 0 0 1
    outer loop
      vertex 22.19636479203331 78.60000000149012 15.200000000000001
      vertex 22.13066675633984 78.13293714059228 15.200000000000001
      vertex 22.16850842073984 78.24441508912858 15.200000000000001
    endloop
  endfacet
  facet normal 0 0 1
    outer loop
      vertex 22.19636479203331 78.60000000149012 15.200000000000001
      vertex 22.16850842073984 78.24441508912858 15.200000000000001
      vertex 22.19636479203331 78.30090222217908 15.200000000000001
    endloop
  endfacet
  facet normal 0 0 1
    outer loop
      vertex 22.456480005284707 75.87155576479296 15.200000000000001
      vertex 23.117473572998048 77.00769962476357 15.200000000000001
      vertex 22.19636479203331 75.9598529817263 15.200000000000001
    endloop
  endfacet
  facet normal 0 0 1
    outer loop
      vertex 22.19636479203331 75.9598529817263 15.200000000000001
      vertex 22.36360389693211 77.26360389693211 15.200000000000001
      vertex 22.285981993737888 77.35211471389216 15.200000000000001
    endloop
  endfacet
  facet normal 0 0 1
    outer loop
      vertex 22.19636479203331 75.9598529817263 15.200000000000001
      vertex 22.45211471389215 77.1859819937379 15.200000000000001
      vertex 22.36360389693211 77.26360389693211 15.200000000000001
    endloop
  endfacet
  facet normal 0 0 1
    outer loop
      vertex 22.19636479203331 75.9598529817263 15.200000000000001
      vertex 22.55 77.12057713659401 15.200000000000001
      vertex 22.45211471389215 77.1859819937379 15.200000000000001
    endloop
  endfacet
  facet normal 0 0 1
    outer loop
      vertex 22.19636479203331 75.9598529817263 15.200000000000001
      vertex 22.65558491087142 77.06850842073985 15.200000000000001
      vertex 22.55 77.12057713659401 15.200000000000001
    endloop
  endfacet
  facet normal 0 0 1
    outer loop
      vertex 22.19636479203331 75.9598529817263 15.200000000000001
      vertex 22.76706285940773 77.03066675633984 15.200000000000001
      vertex 22.65558491087142 77.06850842073985 15.200000000000001
    endloop
  endfacet
  facet normal 0 0 1
    outer loop
      vertex 22.19636479203331 75.9598529817263 15.200000000000001
      vertex 22.882526427001952 77.00769962476357 15.200000000000001
      vertex 22.76706285940773 77.03066675633984 15.200000000000001
    endloop
  endfacet
  facet normal 0 0 1
    outer loop
      vertex 22.456480005284707 75.87155576479296 15.200000000000001
      vertex 22.725894996337892 75.817965791115 15.200000000000001
      vertex 23.23293714059227 77.03066675633984 15.200000000000001
    endloop
  endfacet
  facet normal 0 0 1
    outer loop
      vertex 22.19636479203331 75.9598529817263 15.200000000000001
      vertex 23 77 15.200000000000001
      vertex 22.882526427001952 77.00769962476357 15.200000000000001
    endloop
  endfacet
  facet normal 0 0 1
    outer loop
      vertex 22.19636479203331 75.9598529817263 15.200000000000001
      vertex 23.117473572998048 77.00769962476357 15.200000000000001
      vertex 23 77 15.200000000000001
    endloop
  endfacet
  facet normal 0 0 1
    outer loop
      vertex 22.456480005284707 75.87155576479296 15.200000000000001
      vertex 23.23293714059227 77.03066675633984 15.200000000000001
      vertex 23.117473572998048 77.00769962476357 15.200000000000001
    endloop
  endfacet
  facet normal 0 0 -1
    outer loop
      vertex 21.717592655745328 79.50488651314444 0
      vertex 24.471517108074263 79.39668198005812 0
      vertex 24.4219768167369 78.42453214262086 0
    endloop
  endfacet
  facet normal 0.06540312923010963 -0.9978589232386057 0
    outer loop
      vertex 23 75.80000000000001 2.4
      vertex 23.274105003662108 75.817965791115 2.4
      vertex 23.274105003662108 75.817965791115 15.200000000000001
    endloop
  endfacet
  facet normal 0.19509032201612775 -0.9807852804032305 0
    outer loop
      vertex 23.274105003662108 75.817965791115 2.4
      vertex 23.543519994715293 75.87155576479296 2.4
      vertex 23.543519994715293 75.87155576479296 15.200000000000001
    endloop
  endfacet
  facet normal 0.3214394653031609 -0.9469301294951059 0
    outer loop
      vertex 23.543519994715293 75.87155576479296 2.4
      vertex 23.80363520796669 75.9598529817263 2.4
      vertex 23.80363520796669 75.9598529817263 15.200000000000001
    endloop
  endfacet
  facet normal 0.44228869021901956 -0.8968727415326793 0
    outer loop
      vertex 23.80363520796669 75.9598529817263 2.4
      vertex 24.05 76.08134665205269 2.4
      vertex 24.05 76.08134665205269 15.200000000000001
    endloop
  endfacet
  facet normal 0.5555702330196042 -0.8314696123025438 0
    outer loop
      vertex 24.05 76.08134665205269 2.4
      vertex 24.278399000918313 76.23395798538841 2.4
      vertex 24.278399000918313 76.23395798538841 15.200000000000001
    endloop
  endfacet
  facet normal 0.6593458151000597 -0.7518398074789854 0
    outer loop
      vertex 24.278399000918313 76.23395798538841 2.4
      vertex 24.48492424049175 76.41507575950826 2.4
      vertex 24.48492424049175 76.41507575950826 15.200000000000001
    endloop
  endfacet
  facet normal 0.7518398074789788 -0.6593458151000671 0
    outer loop
      vertex 24.48492424049175 76.41507575950826 2.4
      vertex 24.666042014611595 76.62160099908169 2.4
      vertex 24.666042014611595 76.62160099908169 15.200000000000001
    endloop
  endfacet
  facet normal 0.8314696123025479 -0.5555702330195983 0
    outer loop
      vertex 24.666042014611595 76.62160099908169 2.4
      vertex 24.818653347947322 76.85000000000001 2.4
      vertex 24.818653347947322 76.85000000000001 15.200000000000001
    endloop
  endfacet
  facet normal 0.8968727415326845 -0.4422886902190091 0
    outer loop
      vertex 24.818653347947322 76.85000000000001 2.4
      vertex 24.940147018273702 77.09636479203331 2.4
      vertex 24.940147018273702 77.09636479203331 15.200000000000001
    endloop
  endfacet
  facet normal 0.9469301294951059 -0.3214394653031609 0
    outer loop
      vertex 24.940147018273702 77.09636479203331 2.4
      vertex 25.028444235207044 77.35648000528471 2.4
      vertex 25.028444235207044 77.35648000528471 15.200000000000001
    endloop
  endfacet
  facet normal 0.9807852804032301 -0.1950903220161302 0
    outer loop
      vertex 25.028444235207044 77.35648000528471 2.4
      vertex 25.082034208885002 77.62589499633789 2.4
      vertex 25.082034208885002 77.62589499633789 15.200000000000001
    endloop
  endfacet
  facet normal 0.9978589232386033 -0.06540312923014657 0
    outer loop
      vertex 25.082034208885002 77.62589499633789 2.4
      vertex 25.1 77.9 2.4
      vertex 25.1 77.9 15.200000000000001
    endloop
  endfacet
  facet normal 0.9978589232386033 0.06540312923014657 0
    outer loop
      vertex 25.1 77.9 2.4
      vertex 25.082034208885002 78.17410500366212 2.4
      vertex 25.082034208885002 78.17410500366212 15.200000000000001
    endloop
  endfacet
  facet normal 0.9807852804032301 0.1950903220161302 0
    outer loop
      vertex 25.028444235207044 78.4435199947153 2.4
      vertex 25.028444235207044 78.4435199947153 15.200000000000001
      vertex 25.082034208885002 78.17410500366212 2.4
    endloop
  endfacet
  facet normal 0.9469301294951028 0.3214394653031703 0
    outer loop
      vertex 25.028444235207044 78.4435199947153 2.4
      vertex 24.97532643048036 78.60000000149012 2.4
      vertex 25.028444235207044 78.4435199947153 15.200000000000001
    endloop
  endfacet
  facet normal 0.06540312923010963 -0.9978589232386057 0
    outer loop
      vertex 23 75.80000000000001 2.4
      vertex 23.274105003662108 75.817965791115 15.200000000000001
      vertex 23 75.80000000000001 15.200000000000001
    endloop
  endfacet
  facet normal 0.19509032201612775 -0.9807852804032305 0
    outer loop
      vertex 23.274105003662108 75.817965791115 2.4
      vertex 23.543519994715293 75.87155576479296 15.200000000000001
      vertex 23.274105003662108 75.817965791115 15.200000000000001
    endloop
  endfacet
  facet normal 0.3214394653031609 -0.9469301294951059 0
    outer loop
      vertex 23.543519994715293 75.87155576479296 2.4
      vertex 23.80363520796669 75.9598529817263 15.200000000000001
      vertex 23.543519994715293 75.87155576479296 15.200000000000001
    endloop
  endfacet
  facet normal 0.44228869021901956 -0.8968727415326793 0
    outer loop
      vertex 23.80363520796669 75.9598529817263 2.4
      vertex 24.05 76.08134665205269 15.200000000000001
      vertex 23.80363520796669 75.9598529817263 15.200000000000001
    endloop
  endfacet
  facet normal 0.5555702330196042 -0.8314696123025438 0
    outer loop
      vertex 24.05 76.08134665205269 2.4
      vertex 24.278399000918313 76.23395798538841 15.200000000000001
      vertex 24.05 76.08134665205269 15.200000000000001
    endloop
  endfacet
  facet normal 0.6593458151000597 -0.7518398074789854 0
    outer loop
      vertex 24.278399000918313 76.23395798538841 2.4
      vertex 24.48492424049175 76.41507575950826 15.200000000000001
      vertex 24.278399000918313 76.23395798538841 15.200000000000001
    endloop
  endfacet
  facet normal 0.7518398074789788 -0.6593458151000671 0
    outer loop
      vertex 24.48492424049175 76.41507575950826 2.4
      vertex 24.666042014611595 76.62160099908169 15.200000000000001
      vertex 24.48492424049175 76.41507575950826 15.200000000000001
    endloop
  endfacet
  facet normal 0.8314696123025479 -0.5555702330195983 0
    outer loop
      vertex 24.666042014611595 76.62160099908169 2.4
      vertex 24.818653347947322 76.85000000000001 15.200000000000001
      vertex 24.666042014611595 76.62160099908169 15.200000000000001
    endloop
  endfacet
  facet normal 0.8968727415326845 -0.4422886902190091 0
    outer loop
      vertex 24.818653347947322 76.85000000000001 2.4
      vertex 24.940147018273702 77.09636479203331 15.200000000000001
      vertex 24.818653347947322 76.85000000000001 15.200000000000001
    endloop
  endfacet
  facet normal 0.9469301294951059 -0.3214394653031609 0
    outer loop
      vertex 24.940147018273702 77.09636479203331 2.4
      vertex 25.028444235207044 77.35648000528471 15.200000000000001
      vertex 24.940147018273702 77.09636479203331 15.200000000000001
    endloop
  endfacet
  facet normal 0.9807852804032301 -0.1950903220161302 0
    outer loop
      vertex 25.028444235207044 77.35648000528471 2.4
      vertex 25.082034208885002 77.62589499633789 15.200000000000001
      vertex 25.028444235207044 77.35648000528471 15.200000000000001
    endloop
  endfacet
  facet normal 0.9978589232386033 -0.06540312923014657 0
    outer loop
      vertex 25.082034208885002 77.62589499633789 2.4
      vertex 25.1 77.9 15.200000000000001
      vertex 25.082034208885002 77.62589499633789 15.200000000000001
    endloop
  endfacet
  facet normal 0.9978589232386033 0.06540312923014657 0
    outer loop
      vertex 25.1 77.9 2.4
      vertex 25.082034208885002 78.17410500366212 15.200000000000001
      vertex 25.1 77.9 15.200000000000001
    endloop
  endfacet
  facet normal 0.9807852804032301 0.1950903220161302 0
    outer loop
      vertex 25.082034208885002 78.17410500366212 2.4
      vertex 25.028444235207044 78.4435199947153 15.200000000000001
      vertex 25.082034208885002 78.17410500366212 15.200000000000001
    endloop
  endfacet
  facet normal 0.9469301294951028 0.3214394653031703 0
    outer loop
      vertex 24.97532643048036 78.60000000149012 2.4
      vertex 24.97532643048036 78.60000000149012 15.200000000000001
      vertex 25.028444235207044 78.4435199947153 15.200000000000001
    endloop
  endfacet
  facet normal 0 0 1
    outer loop
      vertex 22.725894996337892 75.817965791115 15.200000000000001
      vertex 23 75.80000000000001 15.200000000000001
      vertex 23.45 77.12057713659401 15.200000000000001
    endloop
  endfacet
  facet normal 0 0 1
    outer loop
      vertex 23 75.80000000000001 15.200000000000001
      vertex 23.274105003662108 75.817965791115 15.200000000000001
      vertex 23.63639610306789 77.26360389693211 15.200000000000001
    endloop
  endfacet
  facet normal 0 0 1
    outer loop
      vertex 22.725894996337892 75.817965791115 15.200000000000001
      vertex 23.34441508912858 77.06850842073985 15.200000000000001
      vertex 23.23293714059227 77.03066675633984 15.200000000000001
    endloop
  endfacet
  facet normal 0 0 1
    outer loop
      vertex 22.725894996337892 75.817965791115 15.200000000000001
      vertex 23.45 77.12057713659401 15.200000000000001
      vertex 23.34441508912858 77.06850842073985 15.200000000000001
    endloop
  endfacet
  facet normal 0 0 1
    outer loop
      vertex 23 75.80000000000001 15.200000000000001
      vertex 23.54788528610785 77.1859819937379 15.200000000000001
      vertex 23.45 77.12057713659401 15.200000000000001
    endloop
  endfacet
  facet normal 0 0 1
    outer loop
      vertex 23.274105003662108 75.817965791115 15.200000000000001
      vertex 23.543519994715293 75.87155576479296 15.200000000000001
      vertex 23.779422863405994 77.45 15.200000000000001
    endloop
  endfacet
  facet normal 0 0 1
    outer loop
      vertex 23 75.80000000000001 15.200000000000001
      vertex 23.63639610306789 77.26360389693211 15.200000000000001
      vertex 23.54788528610785 77.1859819937379 15.200000000000001
    endloop
  endfacet
  facet normal 0 0 1
    outer loop
      vertex 23.274105003662108 75.817965791115 15.200000000000001
      vertex 23.714018006262112 77.35211471389216 15.200000000000001
      vertex 23.63639610306789 77.26360389693211 15.200000000000001
    endloop
  endfacet
  facet normal 0 0 1
    outer loop
      vertex 23.274105003662108 75.817965791115 15.200000000000001
      vertex 23.779422863405994 77.45 15.200000000000001
      vertex 23.714018006262112 77.35211471389216 15.200000000000001
    endloop
  endfacet
  facet normal 0 0 1
    outer loop
      vertex 23.543519994715293 75.87155576479296 15.200000000000001
      vertex 23.83149157926016 77.55558491087143 15.200000000000001
      vertex 23.779422863405994 77.45 15.200000000000001
    endloop
  endfacet
  facet normal 0 0 1
    outer loop
      vertex 23.543519994715293 75.87155576479296 15.200000000000001
      vertex 23.80363520796669 75.9598529817263 15.200000000000001
      vertex 23.930799161915008 77.9 15.200000000000001
    endloop
  endfacet
  facet normal 0 0 1
    outer loop
      vertex 23.543519994715293 75.87155576479296 15.200000000000001
      vertex 23.86933324366016 77.66706285940774 15.200000000000001
      vertex 23.83149157926016 77.55558491087143 15.200000000000001
    endloop
  endfacet
  facet normal 0 0 1
    outer loop
      vertex 23.543519994715293 75.87155576479296 15.200000000000001
      vertex 23.930799161915008 77.9 15.200000000000001
      vertex 23.86933324366016 77.66706285940774 15.200000000000001
    endloop
  endfacet
  facet normal 0 0 1
    outer loop
      vertex 23.80363520796669 75.9598529817263 15.200000000000001
      vertex 24.05 76.08134665205269 15.200000000000001
      vertex 23.930799161915008 77.9 15.200000000000001
    endloop
  endfacet
  facet normal 0 0 1
    outer loop
      vertex 24.05 76.08134665205269 15.200000000000001
      vertex 24.278399000918313 76.23395798538841 15.200000000000001
      vertex 24.97532643048036 78.60000000149012 15.200000000000001
    endloop
  endfacet
  facet normal 0 0 1
    outer loop
      vertex 23.930799161915008 77.9 15.200000000000001
      vertex 23.89230037523643 77.78252642700195 15.200000000000001
      vertex 23.86933324366016 77.66706285940774 15.200000000000001
    endloop
  endfacet
  facet normal 0 0 1
    outer loop
      vertex 23.930799161915008 77.9 15.200000000000001
      vertex 23.9 77.9 15.200000000000001
      vertex 23.89230037523643 77.78252642700195 15.200000000000001
    endloop
  endfacet
  facet normal 0 0 1
    outer loop
      vertex 24.05 76.08134665205269 15.200000000000001
      vertex 24.97532643048036 78.60000000149012 15.200000000000001
      vertex 23.930799161915008 77.9 15.200000000000001
    endloop
  endfacet
  facet normal 0 0 1
    outer loop
      vertex 23.930799161915008 77.9 15.200000000000001
      vertex 24.97532643048036 78.60000000149012 15.200000000000001
      vertex 23.884918737846675 78.60000000149012 15.200000000000001
    endloop
  endfacet
  facet normal 0 0 1
    outer loop
      vertex 24.278399000918313 76.23395798538841 15.200000000000001
      vertex 24.48492424049175 76.41507575950826 15.200000000000001
      vertex 24.97532643048036 78.60000000149012 15.200000000000001
    endloop
  endfacet
  facet normal 0 0 1
    outer loop
      vertex 24.48492424049175 76.41507575950826 15.200000000000001
      vertex 24.666042014611595 76.62160099908169 15.200000000000001
      vertex 24.97532643048036 78.60000000149012 15.200000000000001
    endloop
  endfacet
  facet normal 0 0 1
    outer loop
      vertex 24.666042014611595 76.62160099908169 15.200000000000001
      vertex 24.818653347947322 76.85000000000001 15.200000000000001
      vertex 24.97532643048036 78.60000000149012 15.200000000000001
    endloop
  endfacet
  facet normal 0 0 1
    outer loop
      vertex 24.818653347947322 76.85000000000001 15.200000000000001
      vertex 24.940147018273702 77.09636479203331 15.200000000000001
      vertex 24.97532643048036 78.60000000149012 15.200000000000001
    endloop
  endfacet
  facet normal 0 0 1
    outer loop
      vertex 24.940147018273702 77.09636479203331 15.200000000000001
      vertex 25.028444235207044 77.35648000528471 15.200000000000001
      vertex 24.97532643048036 78.60000000149012 15.200000000000001
    endloop
  endfacet
  facet normal 0 0 1
    outer loop
      vertex 25.028444235207044 77.35648000528471 15.200000000000001
      vertex 25.082034208885002 77.62589499633789 15.200000000000001
      vertex 25.028444235207044 78.4435199947153 15.200000000000001
    endloop
  endfacet
  facet normal 0 0 1
    outer loop
      vertex 25.028444235207044 77.35648000528471 15.200000000000001
      vertex 25.028444235207044 78.4435199947153 15.200000000000001
      vertex 24.97532643048036 78.60000000149012 15.200000000000001
    endloop
  endfacet
  facet normal 0 0 1
    outer loop
      vertex 25.082034208885002 77.62589499633789 15.200000000000001
      vertex 25.082034208885002 78.17410500366212 15.200000000000001
      vertex 25.028444235207044 78.4435199947153 15.200000000000001
    endloop
  endfacet
  facet normal 0 0 1
    outer loop
      vertex 25.082034208885002 77.62589499633789 15.200000000000001
      vertex 25.1 77.9 15.200000000000001
      vertex 25.082034208885002 78.17410500366212 15.200000000000001
    endloop
  endfacet
  facet normal 0 0 1
    outer loop
      vertex 22.19636479203331 78.60000000149012 15.200000000000001
      vertex 22.220577136594006 78.35000000000001 15.200000000000001
      vertex 22.285981993737888 78.44788528610785 15.200000000000001
    endloop
  endfacet
  facet normal 0 0 1
    outer loop
      vertex 22.19636479203331 78.60000000149012 15.200000000000001
      vertex 22.19636479203331 78.30090222217908 15.200000000000001
      vertex 22.220577136594006 78.35000000000001 15.200000000000001
    endloop
  endfacet
  facet normal 0 0 1
    outer loop
      vertex 22.19636479203331 78.60000000149012 15.200000000000001
      vertex 22.285981993737888 78.44788528610785 15.200000000000001
      vertex 22.36360389693211 78.5363961030679 15.200000000000001
    endloop
  endfacet
  facet normal 0 0 1
    outer loop
      vertex 22.19636479203331 78.60000000149012 15.200000000000001
      vertex 22.36360389693211 78.5363961030679 15.200000000000001
      vertex 22.436130242970137 78.60000000149012 15.200000000000001
    endloop
  endfacet
  facet normal 0 0 1
    outer loop
      vertex 23.884918737846675 78.60000000149012 15.200000000000001
      vertex 23.714018006262112 78.44788528610785 15.200000000000001
      vertex 23.779422863405994 78.35000000000001 15.200000000000001
    endloop
  endfacet
  facet normal 0 0 1
    outer loop
      vertex 23.884918737846675 78.60000000149012 15.200000000000001
      vertex 23.86933324366016 78.13293714059228 15.200000000000001
      vertex 23.89230037523643 78.01747357299806 15.200000000000001
    endloop
  endfacet
  facet normal 0 0 1
    outer loop
      vertex 23.884918737846675 78.60000000149012 15.200000000000001
      vertex 23.779422863405994 78.35000000000001 15.200000000000001
      vertex 23.83149157926016 78.24441508912858 15.200000000000001
    endloop
  endfacet
  facet normal 0 0 1
    outer loop
      vertex 23.884918737846675 78.60000000149012 15.200000000000001
      vertex 23.83149157926016 78.24441508912858 15.200000000000001
      vertex 23.86933324366016 78.13293714059228 15.200000000000001
    endloop
  endfacet
  facet normal 0 0 1
    outer loop
      vertex 23.930799161915008 77.9 15.200000000000001
      vertex 23.89230037523643 78.01747357299806 15.200000000000001
      vertex 23.9 77.9 15.200000000000001
    endloop
  endfacet
  facet normal 0 0 1
    outer loop
      vertex 23.930799161915008 77.9 15.200000000000001
      vertex 23.884918737846675 78.60000000149012 15.200000000000001
      vertex 23.89230037523643 78.01747357299806 15.200000000000001
    endloop
  endfacet
  facet normal 0 0 1
    outer loop
      vertex 23.884918737846675 78.60000000149012 15.200000000000001
      vertex 23.563869757029863 78.60000000149012 15.200000000000001
      vertex 23.63639610306789 78.5363961030679 15.200000000000001
    endloop
  endfacet
  facet normal 0 0 1
    outer loop
      vertex 23.884918737846675 78.60000000149012 15.200000000000001
      vertex 23.63639610306789 78.5363961030679 15.200000000000001
      vertex 23.714018006262112 78.44788528610785 15.200000000000001
    endloop
  endfacet
  facet normal 0 0 1
    outer loop
      vertex 13.60769962476357 7.482526427001953 5.2
      vertex 13.630666756339838 7.367062859407731 5.2
      vertex 13.630666756339838 7.832937140592268 5.2
    endloop
  endfacet
  facet normal 0 0 1
    outer loop
      vertex 13.668508420739842 7.255584910871419 5.2
      vertex 13.668508420739842 7.94441508912858 5.2
      vertex 13.630666756339838 7.367062859407731 5.2
    endloop
  endfacet
  facet normal 0 0 1
    outer loop
      vertex 13.668508420739842 7.255584910871419 5.2
      vertex 13.720577136594006 7.1499999999999995 5.2
      vertex 13.720577136594006 8.049999999999999 5.2
    endloop
  endfacet
  facet normal 0 0 1
    outer loop
      vertex 13.785981993737888 7.052114713892151 5.2
      vertex 13.785981993737888 8.147885286107849 5.2
      vertex 13.720577136594006 7.1499999999999995 5.2
    endloop
  endfacet
  facet normal 0 0 1
    outer loop
      vertex 13.785981993737888 7.052114713892151 5.2
      vertex 13.863603896932107 6.963603896932106 5.2
      vertex 13.863603896932107 8.236396103067893 5.2
    endloop
  endfacet
  facet normal 0 0 1
    outer loop
      vertex 13.863603896932107 6.963603896932106 5.2
      vertex 13.95211471389215 6.885981993737888 5.2
      vertex 13.95211471389215 8.314018006262112 5.2
    endloop
  endfacet
  facet normal 0 0 1
    outer loop
      vertex 14.05 6.820577136594005 5.2
      vertex 14.05 8.379422863405994 5.2
      vertex 13.95211471389215 6.885981993737888 5.2
    endloop
  endfacet
  facet normal 0 0 1
    outer loop
      vertex 14.05 6.820577136594005 5.2
      vertex 14.155584910871418 6.768508420739842 5.2
      vertex 14.155584910871418 8.431491579260157 5.2
    endloop
  endfacet
  facet normal 0 0 1
    outer loop
      vertex 14.155584910871418 6.768508420739842 5.2
      vertex 14.267062859407732 6.730666756339838 5.2
      vertex 14.267062859407732 8.469333243660161 5.2
    endloop
  endfacet
  facet normal 0 0 1
    outer loop
      vertex 14.267062859407732 6.730666756339838 5.2
      vertex 14.382526427001954 6.7076996247635705 5.2
      vertex 14.382526427001954 8.492300375236429 5.2
    endloop
  endfacet
  facet normal 0 0 1
    outer loop
      vertex 13.60769962476357 7.482526427001953 5.2
      vertex 13.60769962476357 7.717473572998046 5.2
      vertex 13.6 7.6 5.2
    endloop
  endfacet
  facet normal 0 0 1
    outer loop
      vertex 13.60769962476357 7.482526427001953 5.2
      vertex 13.630666756339838 7.832937140592268 5.2
      vertex 13.60769962476357 7.717473572998046 5.2
    endloop
  endfacet
  facet normal 0 0 1
    outer loop
      vertex 13.630666756339838 7.367062859407731 5.2
      vertex 13.668508420739842 7.94441508912858 5.2
      vertex 13.630666756339838 7.832937140592268 5.2
    endloop
  endfacet
  facet normal 0 0 1
    outer loop
      vertex 13.668508420739842 7.255584910871419 5.2
      vertex 13.720577136594006 8.049999999999999 5.2
      vertex 13.668508420739842 7.94441508912858 5.2
    endloop
  endfacet
  facet normal 0 0 1
    outer loop
      vertex 13.720577136594006 7.1499999999999995 5.2
      vertex 13.785981993737888 8.147885286107849 5.2
      vertex 13.720577136594006 8.049999999999999 5.2
    endloop
  endfacet
  facet normal 0 0 1
    outer loop
      vertex 13.785981993737888 7.052114713892151 5.2
      vertex 13.863603896932107 8.236396103067893 5.2
      vertex 13.785981993737888 8.147885286107849 5.2
    endloop
  endfacet
  facet normal 0 0 1
    outer loop
      vertex 13.863603896932107 6.963603896932106 5.2
      vertex 13.95211471389215 8.314018006262112 5.2
      vertex 13.863603896932107 8.236396103067893 5.2
    endloop
  endfacet
  facet normal 0 0 1
    outer loop
      vertex 13.95211471389215 6.885981993737888 5.2
      vertex 14.05 8.379422863405994 5.2
      vertex 13.95211471389215 8.314018006262112 5.2
    endloop
  endfacet
  facet normal 0 0 1
    outer loop
      vertex 14.05 6.820577136594005 5.2
      vertex 14.155584910871418 8.431491579260157 5.2
      vertex 14.05 8.379422863405994 5.2
    endloop
  endfacet
  facet normal 0 0 1
    outer loop
      vertex 14.155584910871418 6.768508420739842 5.2
      vertex 14.267062859407732 8.469333243660161 5.2
      vertex 14.155584910871418 8.431491579260157 5.2
    endloop
  endfacet
  facet normal 0 0 1
    outer loop
      vertex 14.267062859407732 6.730666756339838 5.2
      vertex 14.382526427001954 8.492300375236429 5.2
      vertex 14.267062859407732 8.469333243660161 5.2
    endloop
  endfacet
  facet normal 0 0 1
    outer loop
      vertex 14.382526427001954 6.7076996247635705 5.2
      vertex 14.5 6.699999999999999 5.2
      vertex 14.5 8.5 5.2
    endloop
  endfacet
  facet normal 0 0 1
    outer loop
      vertex 14.5 6.699999999999999 5.2
      vertex 14.617473572998046 6.7076996247635705 5.2
      vertex 14.617473572998046 8.492300375236429 5.2
    endloop
  endfacet
  facet normal 0 0 1
    outer loop
      vertex 14.617473572998046 6.7076996247635705 5.2
      vertex 14.732937140592268 6.730666756339838 5.2
      vertex 14.732937140592268 8.469333243660161 5.2
    endloop
  endfacet
  facet normal 0 0 1
    outer loop
      vertex 14.732937140592268 6.730666756339838 5.2
      vertex 14.844415089128582 6.768508420739842 5.2
      vertex 14.844415089128582 8.431491579260157 5.2
    endloop
  endfacet
  facet normal 0 0 1
    outer loop
      vertex 14.844415089128582 6.768508420739842 5.2
      vertex 14.95 6.820577136594005 5.2
      vertex 14.95 8.379422863405994 5.2
    endloop
  endfacet
  facet normal 0 0 1
    outer loop
      vertex 14.95 6.820577136594005 5.2
      vertex 15.04788528610785 6.885981993737888 5.2
      vertex 15.04788528610785 8.314018006262112 5.2
    endloop
  endfacet
  facet normal 0 0 1
    outer loop
      vertex 15.04788528610785 6.885981993737888 5.2
      vertex 15.136396103067893 6.963603896932106 5.2
      vertex 15.136396103067893 8.236396103067893 5.2
    endloop
  endfacet
  facet normal 0 0 1
    outer loop
      vertex 15.136396103067893 6.963603896932106 5.2
      vertex 15.214018006262112 7.052114713892151 5.2
      vertex 15.214018006262112 8.147885286107849 5.2
    endloop
  endfacet
  facet normal 0 0 1
    outer loop
      vertex 15.214018006262112 7.052114713892151 5.2
      vertex 15.279422863405994 7.1499999999999995 5.2
      vertex 15.279422863405994 8.049999999999999 5.2
    endloop
  endfacet
  facet normal 0 0 1
    outer loop
      vertex 15.279422863405994 7.1499999999999995 5.2
      vertex 15.331491579260158 7.255584910871419 5.2
      vertex 15.331491579260158 7.94441508912858 5.2
    endloop
  endfacet
  facet normal 0 0 1
    outer loop
      vertex 15.331491579260158 7.255584910871419 5.2
      vertex 15.369333243660162 7.367062859407731 5.2
      vertex 15.369333243660162 7.832937140592268 5.2
    endloop
  endfacet
  facet normal 0 0 1
    outer loop
      vertex 15.369333243660162 7.367062859407731 5.2
      vertex 15.39230037523643 7.482526427001953 5.2
      vertex 15.39230037523643 7.717473572998046 5.2
    endloop
  endfacet
  facet normal 0 0 1
    outer loop
      vertex 14.382526427001954 6.7076996247635705 5.2
      vertex 14.5 8.5 5.2
      vertex 14.382526427001954 8.492300375236429 5.2
    endloop
  endfacet
  facet normal 0 0 1
    outer loop
      vertex 14.5 6.699999999999999 5.2
      vertex 14.617473572998046 8.492300375236429 5.2
      vertex 14.5 8.5 5.2
    endloop
  endfacet
  facet normal 0 0 1
    outer loop
      vertex 14.617473572998046 6.7076996247635705 5.2
      vertex 14.732937140592268 8.469333243660161 5.2
      vertex 14.617473572998046 8.492300375236429 5.2
    endloop
  endfacet
  facet normal 0 0 1
    outer loop
      vertex 14.732937140592268 6.730666756339838 5.2
      vertex 14.844415089128582 8.431491579260157 5.2
      vertex 14.732937140592268 8.469333243660161 5.2
    endloop
  endfacet
  facet normal 0 0 1
    outer loop
      vertex 14.844415089128582 6.768508420739842 5.2
      vertex 14.95 8.379422863405994 5.2
      vertex 14.844415089128582 8.431491579260157 5.2
    endloop
  endfacet
  facet normal 0 0 1
    outer loop
      vertex 14.95 6.820577136594005 5.2
      vertex 15.04788528610785 8.314018006262112 5.2
      vertex 14.95 8.379422863405994 5.2
    endloop
  endfacet
  facet normal 0 0 1
    outer loop
      vertex 15.04788528610785 6.885981993737888 5.2
      vertex 15.136396103067893 8.236396103067893 5.2
      vertex 15.04788528610785 8.314018006262112 5.2
    endloop
  endfacet
  facet normal 0 0 1
    outer loop
      vertex 15.136396103067893 6.963603896932106 5.2
      vertex 15.214018006262112 8.147885286107849 5.2
      vertex 15.136396103067893 8.236396103067893 5.2
    endloop
  endfacet
  facet normal 0 0 1
    outer loop
      vertex 15.214018006262112 7.052114713892151 5.2
      vertex 15.279422863405994 8.049999999999999 5.2
      vertex 15.214018006262112 8.147885286107849 5.2
    endloop
  endfacet
  facet normal 0 0 1
    outer loop
      vertex 15.279422863405994 7.1499999999999995 5.2
      vertex 15.331491579260158 7.94441508912858 5.2
      vertex 15.279422863405994 8.049999999999999 5.2
    endloop
  endfacet
  facet normal 0 0 1
    outer loop
      vertex 15.331491579260158 7.255584910871419 5.2
      vertex 15.369333243660162 7.832937140592268 5.2
      vertex 15.331491579260158 7.94441508912858 5.2
    endloop
  endfacet
  facet normal 0 0 1
    outer loop
      vertex 15.369333243660162 7.367062859407731 5.2
      vertex 15.39230037523643 7.717473572998046 5.2
      vertex 15.369333243660162 7.832937140592268 5.2
    endloop
  endfacet
  facet normal 0 0 1
    outer loop
      vertex 15.39230037523643 7.482526427001953 5.2
      vertex 15.4 7.6 5.2
      vertex 15.39230037523643 7.717473572998046 5.2
    endloop
  endfacet
  facet normal 0.9469301294951051 0.32143946530316314 0
    outer loop
      vertex 13.668508420739842 7.255584910871419 5.2
      vertex 13.630666756339838 7.367062859407731 5.2
      vertex 13.630666756339838 7.367062859407731 15.200000000000001
    endloop
  endfacet
  facet normal 0.9978589232386031 0.0654031292301479 0
    outer loop
      vertex 13.60769962476357 7.482526427001953 5.2
      vertex 13.6 7.6 5.2
      vertex 13.6 7.6 15.200000000000001
    endloop
  endfacet
  facet normal 0.9807852804032307 0.19509032201612708 0
    outer loop
      vertex 13.60769962476357 7.482526427001953 5.2
      vertex 13.60769962476357 7.482526427001953 15.200000000000001
      vertex 13.630666756339838 7.367062859407731 5.2
    endloop
  endfacet
  facet normal 0.6593458151000691 0.7518398074789772 0
    outer loop
      vertex 13.863603896932107 6.963603896932106 5.2
      vertex 13.863603896932107 6.963603896932106 15.200000000000001
      vertex 13.95211471389215 6.885981993737888 5.2
    endloop
  endfacet
  facet normal 0.5555702330195955 0.8314696123025497 0
    outer loop
      vertex 14.05 6.820577136594005 5.2
      vertex 13.95211471389215 6.885981993737888 5.2
      vertex 13.95211471389215 6.885981993737888 15.200000000000001
    endloop
  endfacet
  facet normal 0.8314696123025486 0.5555702330195973 0
    outer loop
      vertex 13.785981993737888 7.052114713892151 5.2
      vertex 13.720577136594006 7.1499999999999995 5.2
      vertex 13.720577136594006 7.1499999999999995 15.200000000000001
    endloop
  endfacet
  facet normal 0.8968727415326874 0.44228869021900313 0
    outer loop
      vertex 13.668508420739842 7.255584910871419 5.2
      vertex 13.668508420739842 7.255584910871419 15.200000000000001
      vertex 13.720577136594006 7.1499999999999995 5.2
    endloop
  endfacet
  facet normal 0.7518398074789805 0.6593458151000654 0
    outer loop
      vertex 13.785981993737888 7.052114713892151 5.2
      vertex 13.785981993737888 7.052114713892151 15.200000000000001
      vertex 13.863603896932107 6.963603896932106 5.2
    endloop
  endfacet
  facet normal 0.442288690219003 0.8968727415326874 0
    outer loop
      vertex 14.05 6.820577136594005 5.2
      vertex 14.05 6.820577136594005 15.200000000000001
      vertex 14.155584910871418 6.768508420739842 5.2
    endloop
  endfacet
  facet normal 0.32143946530316087 0.9469301294951059 0
    outer loop
      vertex 14.155584910871418 6.768508420739842 5.2
      vertex 14.155584910871418 6.768508420739842 15.200000000000001
      vertex 14.267062859407732 6.730666756339838 5.2
    endloop
  endfacet
  facet normal 0.19509032201612567 0.980785280403231 1.9432187648039517e-17
    outer loop
      vertex 14.267062859407732 6.730666756339838 5.2
      vertex 14.306871405088378 6.722748344276559 15.200000000000001
      vertex 14.382526427001954 6.7076996247635705 5.2
    endloop
  endfacet
  facet normal 0.9978589232386031 -0.0654031292301479 0
    outer loop
      vertex 13.6 7.6 5.2
      vertex 13.60769962476357 7.717473572998046 5.2
      vertex 13.60769962476357 7.717473572998046 15.200000000000001
    endloop
  endfacet
  facet normal 0.9807852804032307 -0.19509032201612708 0
    outer loop
      vertex 13.60769962476357 7.717473572998046 5.2
      vertex 13.630666756339838 7.832937140592268 5.2
      vertex 13.630666756339838 7.832937140592268 15.200000000000001
    endloop
  endfacet
  facet normal 0.9469301294951051 -0.32143946530316314 0
    outer loop
      vertex 13.630666756339838 7.832937140592268 5.2
      vertex 13.668508420739842 7.94441508912858 5.2
      vertex 13.668508420739842 7.94441508912858 15.200000000000001
    endloop
  endfacet
  facet normal 0.8968727415326859 -0.4422886902190062 0
    outer loop
      vertex 13.668508420739842 7.94441508912858 5.2
      vertex 13.720577136594006 8.049999999999999 5.2
      vertex 13.720577136594006 8.049999999999999 15.200000000000001
    endloop
  endfacet
  facet normal 0.8314696123025532 -0.5555702330195904 0
    outer loop
      vertex 13.720577136594006 8.049999999999999 5.2
      vertex 13.785981993737888 8.147885286107849 5.2
      vertex 13.785981993737888 8.147885286107849 15.200000000000001
    endloop
  endfacet
  facet normal 0.7518398074789772 -0.6593458151000691 0
    outer loop
      vertex 13.785981993737888 8.147885286107849 5.2
      vertex 13.863603896932107 8.236396103067893 5.2
      vertex 13.863603896932107 8.236396103067893 15.200000000000001
    endloop
  endfacet
  facet normal 0.6593458151000691 -0.7518398074789772 0
    outer loop
      vertex 13.863603896932107 8.236396103067893 5.2
      vertex 13.95211471389215 8.314018006262112 5.2
      vertex 13.95211471389215 8.314018006262112 15.200000000000001
    endloop
  endfacet
  facet normal 0.5555702330195904 -0.8314696123025532 0
    outer loop
      vertex 13.95211471389215 8.314018006262112 5.2
      vertex 14.05 8.379422863405994 5.2
      vertex 14.05 8.379422863405994 15.200000000000001
    endloop
  endfacet
  facet normal 0.4422886902190091 -0.8968727415326844 0
    outer loop
      vertex 14.05 8.379422863405994 5.2
      vertex 14.155584910871418 8.431491579260157 5.2
      vertex 14.155584910871418 8.431491579260157 15.200000000000001
    endloop
  endfacet
  facet normal 0.32143946530316087 -0.9469301294951059 0
    outer loop
      vertex 14.155584910871418 8.431491579260157 5.2
      vertex 14.267062859407732 8.469333243660161 5.2
      vertex 14.267062859407732 8.469333243660161 15.200000000000001
    endloop
  endfacet
  facet normal 0.19509032201612567 -0.980785280403231 0
    outer loop
      vertex 14.267062859407732 8.469333243660161 5.2
      vertex 14.382526427001954 8.492300375236429 5.2
      vertex 14.382526427001954 8.492300375236429 15.200000000000001
    endloop
  endfacet
  facet normal 0.0654031292301484 0.9978589232386031 0
    outer loop
      vertex 14.382526427001954 6.7076996247635705 5.2
      vertex 14.382526427001954 6.7076996247635705 15.200000000000001
      vertex 14.5 6.699999999999999 5.2
    endloop
  endfacet
  facet normal -0.0654031292301484 0.9978589232386031 0
    outer loop
      vertex 14.5 6.699999999999999 5.2
      vertex 14.5 6.699999999999999 15.200000000000001
      vertex 14.617473572998046 6.7076996247635705 5.2
    endloop
  endfacet
  facet normal -0.19509032201612567 0.980785280403231 0
    outer loop
      vertex 14.617473572998046 6.7076996247635705 5.2
      vertex 14.617473572998046 6.7076996247635705 15.200000000000001
      vertex 14.732937140592268 6.730666756339838 5.2
    endloop
  endfacet
  facet normal -0.32143946530316087 0.9469301294951059 0
    outer loop
      vertex 14.732937140592268 6.730666756339838 5.2
      vertex 14.732937140592268 6.730666756339838 15.200000000000001
      vertex 14.844415089128582 6.768508420739842 5.2
    endloop
  endfacet
  facet normal -0.442288690219003 0.8968727415326874 0
    outer loop
      vertex 14.844415089128582 6.768508420739842 5.2
      vertex 14.844415089128582 6.768508420739842 15.200000000000001
      vertex 14.95 6.820577136594005 5.2
    endloop
  endfacet
  facet normal -0.5555702330195955 0.8314696123025497 0
    outer loop
      vertex 14.95 6.820577136594005 5.2
      vertex 14.95 6.820577136594005 15.200000000000001
      vertex 15.04788528610785 6.885981993737888 5.2
    endloop
  endfacet
  facet normal -0.6593458151000691 0.7518398074789772 0
    outer loop
      vertex 15.04788528610785 6.885981993737888 5.2
      vertex 15.04788528610785 6.885981993737888 15.200000000000001
      vertex 15.136396103067893 6.963603896932106 5.2
    endloop
  endfacet
  facet normal -0.7518398074789805 0.6593458151000654 0
    outer loop
      vertex 15.136396103067893 6.963603896932106 5.2
      vertex 15.136396103067893 6.963603896932106 15.200000000000001
      vertex 15.214018006262112 7.052114713892151 5.2
    endloop
  endfacet
  facet normal -0.8314696123025486 0.5555702330195973 0
    outer loop
      vertex 15.214018006262112 7.052114713892151 5.2
      vertex 15.214018006262112 7.052114713892151 15.200000000000001
      vertex 15.279422863405994 7.1499999999999995 5.2
    endloop
  endfacet
  facet normal -0.8968727415326874 0.44228869021900313 0
    outer loop
      vertex 15.279422863405994 7.1499999999999995 5.2
      vertex 15.279422863405994 7.1499999999999995 15.200000000000001
      vertex 15.331491579260158 7.255584910871419 5.2
    endloop
  endfacet
  facet normal -0.9469301294951051 0.32143946530316314 0
    outer loop
      vertex 15.331491579260158 7.255584910871419 5.2
      vertex 15.331491579260158 7.255584910871419 15.200000000000001
      vertex 15.369333243660162 7.367062859407731 5.2
    endloop
  endfacet
  facet normal -0.9807852804032307 0.19509032201612708 0
    outer loop
      vertex 15.369333243660162 7.367062859407731 5.2
      vertex 15.369333243660162 7.367062859407731 15.200000000000001
      vertex 15.39230037523643 7.482526427001953 5.2
    endloop
  endfacet
  facet normal -0.9978589232386031 0.0654031292301479 0
    outer loop
      vertex 15.39230037523643 7.482526427001953 5.2
      vertex 15.39230037523643 7.482526427001953 15.200000000000001
      vertex 15.4 7.6 5.2
    endloop
  endfacet
  facet normal 0.0654031292301484 -0.9978589232386031 0
    outer loop
      vertex 14.382526427001954 8.492300375236429 5.2
      vertex 14.5 8.5 5.2
      vertex 14.5 8.5 15.200000000000001
    endloop
  endfacet
  facet normal -0.0654031292301484 -0.9978589232386031 0
    outer loop
      vertex 14.5 8.5 5.2
      vertex 14.617473572998046 8.492300375236429 5.2
      vertex 14.617473572998046 8.492300375236429 15.200000000000001
    endloop
  endfacet
  facet normal -0.19509032201612567 -0.980785280403231 0
    outer loop
      vertex 14.617473572998046 8.492300375236429 5.2
      vertex 14.732937140592268 8.469333243660161 5.2
      vertex 14.732937140592268 8.469333243660161 15.200000000000001
    endloop
  endfacet
  facet normal -0.32143946530316087 -0.9469301294951059 0
    outer loop
      vertex 14.732937140592268 8.469333243660161 5.2
      vertex 14.844415089128582 8.431491579260157 5.2
      vertex 14.844415089128582 8.431491579260157 15.200000000000001
    endloop
  endfacet
  facet normal -0.4422886902190091 -0.8968727415326844 0
    outer loop
      vertex 14.844415089128582 8.431491579260157 5.2
      vertex 14.95 8.379422863405994 5.2
      vertex 14.95 8.379422863405994 15.200000000000001
    endloop
  endfacet
  facet normal -0.5555702330195904 -0.8314696123025532 0
    outer loop
      vertex 15.04788528610785 8.314018006262112 5.2
      vertex 15.04788528610785 8.314018006262112 15.200000000000001
      vertex 14.95 8.379422863405994 5.2
    endloop
  endfacet
  facet normal -0.7518398074789772 -0.6593458151000691 0
    outer loop
      vertex 15.136396103067893 8.236396103067893 5.2
      vertex 15.214018006262112 8.147885286107849 5.2
      vertex 15.214018006262112 8.147885286107849 15.200000000000001
    endloop
  endfacet
  facet normal -0.8314696123025532 -0.5555702330195904 0
    outer loop
      vertex 15.214018006262112 8.147885286107849 5.2
      vertex 15.279422863405994 8.049999999999999 5.2
      vertex 15.279422863405994 8.049999999999999 15.200000000000001
    endloop
  endfacet
  facet normal -0.9469301294951051 -0.32143946530316314 0
    outer loop
      vertex 15.331491579260158 7.94441508912858 5.2
      vertex 15.369333243660162 7.832937140592268 5.2
      vertex 15.369333243660162 7.832937140592268 15.200000000000001
    endloop
  endfacet
  facet normal -0.9978589232386031 -0.0654031292301479 0
    outer loop
      vertex 15.4 7.6 5.2
      vertex 15.4 7.6 15.200000000000001
      vertex 15.39230037523643 7.717473572998046 5.2
    endloop
  endfacet
  facet normal -0.9807852804032307 -0.19509032201612708 0
    outer loop
      vertex 15.39230037523643 7.717473572998046 5.2
      vertex 15.39230037523643 7.717473572998046 15.200000000000001
      vertex 15.369333243660162 7.832937140592268 5.2
    endloop
  endfacet
  facet normal -0.8968727415326859 -0.4422886902190062 0
    outer loop
      vertex 15.331491579260158 7.94441508912858 5.2
      vertex 15.331491579260158 7.94441508912858 15.200000000000001
      vertex 15.279422863405994 8.049999999999999 5.2
    endloop
  endfacet
  facet normal -0.6593458151000691 -0.7518398074789772 0
    outer loop
      vertex 15.04788528610785 8.314018006262112 5.2
      vertex 15.136396103067893 8.236396103067893 5.2
      vertex 15.136396103067893 8.236396103067893 15.200000000000001
    endloop
  endfacet
  facet normal 0.9469301294951051 0.32143946530316314 0
    outer loop
      vertex 13.668508420739842 7.255584910871419 5.2
      vertex 13.630666756339838 7.367062859407731 15.200000000000001
      vertex 13.668508420739842 7.255584910871419 15.200000000000001
    endloop
  endfacet
  facet normal 0.9807852804032307 0.19509032201612708 0
    outer loop
      vertex 13.630666756339838 7.367062859407731 5.2
      vertex 13.60769962476357 7.482526427001953 15.200000000000001
      vertex 13.630666756339838 7.367062859407731 15.200000000000001
    endloop
  endfacet
  facet normal 0.9978589232386031 0.0654031292301479 0
    outer loop
      vertex 13.60769962476357 7.482526427001953 5.2
      vertex 13.6 7.6 15.200000000000001
      vertex 13.60769962476357 7.482526427001953 15.200000000000001
    endloop
  endfacet
  facet normal 0.6593458151000691 0.7518398074789772 0
    outer loop
      vertex 13.95211471389215 6.885981993737888 5.2
      vertex 13.863603896932107 6.963603896932106 15.200000000000001
      vertex 13.95211471389215 6.885981993737888 15.200000000000001
    endloop
  endfacet
  facet normal 0.8968727415326874 0.44228869021900313 0
    outer loop
      vertex 13.720577136594006 7.1499999999999995 5.2
      vertex 13.668508420739842 7.255584910871419 15.200000000000001
      vertex 13.720577136594006 7.1499999999999995 15.200000000000001
    endloop
  endfacet
  facet normal 0.8314696123025486 0.5555702330195973 0
    outer loop
      vertex 13.785981993737888 7.052114713892151 5.2
      vertex 13.720577136594006 7.1499999999999995 15.200000000000001
      vertex 13.785981993737888 7.052114713892151 15.200000000000001
    endloop
  endfacet
  facet normal 0.7518398074789805 0.6593458151000654 0
    outer loop
      vertex 13.863603896932107 6.963603896932106 5.2
      vertex 13.785981993737888 7.052114713892151 15.200000000000001
      vertex 13.863603896932107 6.963603896932106 15.200000000000001
    endloop
  endfacet
  facet normal 0.5555702330195955 0.8314696123025497 0
    outer loop
      vertex 14.05 6.820577136594005 5.2
      vertex 13.95211471389215 6.885981993737888 15.200000000000001
      vertex 14.05 6.820577136594005 15.200000000000001
    endloop
  endfacet
  facet normal 0.442288690219003 0.8968727415326874 0
    outer loop
      vertex 14.155584910871418 6.768508420739842 5.2
      vertex 14.05 6.820577136594005 15.200000000000001
      vertex 14.155584910871418 6.768508420739842 15.200000000000001
    endloop
  endfacet
  facet normal 0.32143946530316087 0.9469301294951059 0
    outer loop
      vertex 14.267062859407732 6.730666756339838 5.2
      vertex 14.155584910871418 6.768508420739842 15.200000000000001
      vertex 14.267062859407732 6.730666756339838 15.200000000000001
    endloop
  endfacet
  facet normal 0.19509032201613036 0.98078528040323 0
    outer loop
      vertex 14.267062859407732 6.730666756339838 5.2
      vertex 14.267062859407732 6.730666756339838 15.200000000000001
      vertex 14.306871405088378 6.722748344276559 15.200000000000001
    endloop
  endfacet
  facet normal 0.1950903220161232 0.9807852804032314 0
    outer loop
      vertex 14.382526427001954 6.7076996247635705 5.2
      vertex 14.306871405088378 6.722748344276559 15.200000000000001
      vertex 14.382526427001954 6.7076996247635705 15.200000000000001
    endloop
  endfacet
  facet normal 0.9978589232386031 -0.0654031292301479 0
    outer loop
      vertex 13.6 7.6 5.2
      vertex 13.60769962476357 7.717473572998046 15.200000000000001
      vertex 13.6 7.6 15.200000000000001
    endloop
  endfacet
  facet normal 0.9807852804032307 -0.19509032201612708 0
    outer loop
      vertex 13.60769962476357 7.717473572998046 5.2
      vertex 13.630666756339838 7.832937140592268 15.200000000000001
      vertex 13.60769962476357 7.717473572998046 15.200000000000001
    endloop
  endfacet
  facet normal 0.9469301294951051 -0.32143946530316314 0
    outer loop
      vertex 13.630666756339838 7.832937140592268 5.2
      vertex 13.668508420739842 7.94441508912858 15.200000000000001
      vertex 13.630666756339838 7.832937140592268 15.200000000000001
    endloop
  endfacet
  facet normal 0.8968727415326859 -0.4422886902190062 0
    outer loop
      vertex 13.668508420739842 7.94441508912858 5.2
      vertex 13.720577136594006 8.049999999999999 15.200000000000001
      vertex 13.668508420739842 7.94441508912858 15.200000000000001
    endloop
  endfacet
  facet normal 0.8314696123025532 -0.5555702330195904 0
    outer loop
      vertex 13.720577136594006 8.049999999999999 5.2
      vertex 13.785981993737888 8.147885286107849 15.200000000000001
      vertex 13.720577136594006 8.049999999999999 15.200000000000001
    endloop
  endfacet
  facet normal 0.7518398074789772 -0.6593458151000691 0
    outer loop
      vertex 13.785981993737888 8.147885286107849 5.2
      vertex 13.863603896932107 8.236396103067893 15.200000000000001
      vertex 13.785981993737888 8.147885286107849 15.200000000000001
    endloop
  endfacet
  facet normal 0.6593458151000691 -0.7518398074789772 0
    outer loop
      vertex 13.863603896932107 8.236396103067893 5.2
      vertex 13.95211471389215 8.314018006262112 15.200000000000001
      vertex 13.863603896932107 8.236396103067893 15.200000000000001
    endloop
  endfacet
  facet normal 0.5555702330195904 -0.8314696123025532 0
    outer loop
      vertex 13.95211471389215 8.314018006262112 5.2
      vertex 14.05 8.379422863405994 15.200000000000001
      vertex 13.95211471389215 8.314018006262112 15.200000000000001
    endloop
  endfacet
  facet normal 0.4422886902190091 -0.8968727415326844 0
    outer loop
      vertex 14.05 8.379422863405994 5.2
      vertex 14.155584910871418 8.431491579260157 15.200000000000001
      vertex 14.05 8.379422863405994 15.200000000000001
    endloop
  endfacet
  facet normal 0.32143946530316087 -0.9469301294951059 0
    outer loop
      vertex 14.155584910871418 8.431491579260157 5.2
      vertex 14.267062859407732 8.469333243660161 15.200000000000001
      vertex 14.155584910871418 8.431491579260157 15.200000000000001
    endloop
  endfacet
  facet normal 0.19509032201612567 -0.980785280403231 0
    outer loop
      vertex 14.267062859407732 8.469333243660161 5.2
      vertex 14.382526427001954 8.492300375236429 15.200000000000001
      vertex 14.267062859407732 8.469333243660161 15.200000000000001
    endloop
  endfacet
  facet normal 0.0654031292301484 0.9978589232386031 0
    outer loop
      vertex 14.5 6.699999999999999 5.2
      vertex 14.382526427001954 6.7076996247635705 15.200000000000001
      vertex 14.5 6.699999999999999 15.200000000000001
    endloop
  endfacet
  facet normal -0.0654031292301484 0.9978589232386031 0
    outer loop
      vertex 14.617473572998046 6.7076996247635705 5.2
      vertex 14.5 6.699999999999999 15.200000000000001
      vertex 14.617473572998046 6.7076996247635705 15.200000000000001
    endloop
  endfacet
  facet normal -0.19509032201612567 0.980785280403231 0
    outer loop
      vertex 14.732937140592268 6.730666756339838 5.2
      vertex 14.617473572998046 6.7076996247635705 15.200000000000001
      vertex 14.732937140592268 6.730666756339838 15.200000000000001
    endloop
  endfacet
  facet normal -0.32143946530316087 0.9469301294951059 0
    outer loop
      vertex 14.844415089128582 6.768508420739842 5.2
      vertex 14.732937140592268 6.730666756339838 15.200000000000001
      vertex 14.844415089128582 6.768508420739842 15.200000000000001
    endloop
  endfacet
  facet normal -0.442288690219003 0.8968727415326874 0
    outer loop
      vertex 14.95 6.820577136594005 5.2
      vertex 14.844415089128582 6.768508420739842 15.200000000000001
      vertex 14.95 6.820577136594005 15.200000000000001
    endloop
  endfacet
  facet normal -0.5555702330195955 0.8314696123025497 0
    outer loop
      vertex 15.04788528610785 6.885981993737888 5.2
      vertex 14.95 6.820577136594005 15.200000000000001
      vertex 15.04788528610785 6.885981993737888 15.200000000000001
    endloop
  endfacet
  facet normal -0.6593458151000691 0.7518398074789772 0
    outer loop
      vertex 15.136396103067893 6.963603896932106 5.2
      vertex 15.04788528610785 6.885981993737888 15.200000000000001
      vertex 15.136396103067893 6.963603896932106 15.200000000000001
    endloop
  endfacet
  facet normal -0.7518398074789805 0.6593458151000654 0
    outer loop
      vertex 15.214018006262112 7.052114713892151 5.2
      vertex 15.136396103067893 6.963603896932106 15.200000000000001
      vertex 15.214018006262112 7.052114713892151 15.200000000000001
    endloop
  endfacet
  facet normal -0.8314696123025486 0.5555702330195973 0
    outer loop
      vertex 15.279422863405994 7.1499999999999995 5.2
      vertex 15.214018006262112 7.052114713892151 15.200000000000001
      vertex 15.279422863405994 7.1499999999999995 15.200000000000001
    endloop
  endfacet
  facet normal -0.8968727415326874 0.44228869021900313 0
    outer loop
      vertex 15.331491579260158 7.255584910871419 5.2
      vertex 15.279422863405994 7.1499999999999995 15.200000000000001
      vertex 15.331491579260158 7.255584910871419 15.200000000000001
    endloop
  endfacet
  facet normal -0.946930129495105 0.3214394653031634 0
    outer loop
      vertex 15.369333243660162 7.367062859407731 5.2
      vertex 15.338215160494492 7.275391942478115 15.200000000000001
      vertex 15.369333243660162 7.367062859407731 15.200000000000001
    endloop
  endfacet
  facet normal -0.9469301294951056 0.32143946530316175 -1.658665425857746e-17
    outer loop
      vertex 15.369333243660162 7.367062859407731 5.2
      vertex 15.331491579260158 7.255584910871419 15.200000000000001
      vertex 15.338215160494492 7.275391942478115 15.200000000000001
    endloop
  endfacet
  facet normal -0.9807852804032307 0.19509032201612708 0
    outer loop
      vertex 15.39230037523643 7.482526427001953 5.2
      vertex 15.369333243660162 7.367062859407731 15.200000000000001
      vertex 15.39230037523643 7.482526427001953 15.200000000000001
    endloop
  endfacet
  facet normal -0.9978589232386031 0.0654031292301479 0
    outer loop
      vertex 15.4 7.6 5.2
      vertex 15.39230037523643 7.482526427001953 15.200000000000001
      vertex 15.4 7.6 15.200000000000001
    endloop
  endfacet
  facet normal 0.0654031292301484 -0.9978589232386031 0
    outer loop
      vertex 14.382526427001954 8.492300375236429 5.2
      vertex 14.5 8.5 15.200000000000001
      vertex 14.382526427001954 8.492300375236429 15.200000000000001
    endloop
  endfacet
  facet normal -0.0654031292301484 -0.9978589232386031 0
    outer loop
      vertex 14.5 8.5 5.2
      vertex 14.617473572998046 8.492300375236429 15.200000000000001
      vertex 14.5 8.5 15.200000000000001
    endloop
  endfacet
  facet normal -0.19509032201612567 -0.980785280403231 0
    outer loop
      vertex 14.617473572998046 8.492300375236429 5.2
      vertex 14.732937140592268 8.469333243660161 15.200000000000001
      vertex 14.617473572998046 8.492300375236429 15.200000000000001
    endloop
  endfacet
  facet normal -0.32143946530316087 -0.9469301294951059 0
    outer loop
      vertex 14.732937140592268 8.469333243660161 5.2
      vertex 14.844415089128582 8.431491579260157 15.200000000000001
      vertex 14.732937140592268 8.469333243660161 15.200000000000001
    endloop
  endfacet
  facet normal -0.4422886902190091 -0.8968727415326844 0
    outer loop
      vertex 14.844415089128582 8.431491579260157 5.2
      vertex 14.95 8.379422863405994 15.200000000000001
      vertex 14.844415089128582 8.431491579260157 15.200000000000001
    endloop
  endfacet
  facet normal -0.5555702330195904 -0.8314696123025532 0
    outer loop
      vertex 14.95 8.379422863405994 5.2
      vertex 15.04788528610785 8.314018006262112 15.200000000000001
      vertex 14.95 8.379422863405994 15.200000000000001
    endloop
  endfacet
  facet normal -0.6593458151000691 -0.7518398074789772 0
    outer loop
      vertex 15.04788528610785 8.314018006262112 5.2
      vertex 15.136396103067893 8.236396103067893 15.200000000000001
      vertex 15.04788528610785 8.314018006262112 15.200000000000001
    endloop
  endfacet
  facet normal -0.7518398074789772 -0.6593458151000691 0
    outer loop
      vertex 15.136396103067893 8.236396103067893 5.2
      vertex 15.214018006262112 8.147885286107849 15.200000000000001
      vertex 15.136396103067893 8.236396103067893 15.200000000000001
    endloop
  endfacet
  facet normal -0.8314696123025532 -0.5555702330195904 0
    outer loop
      vertex 15.214018006262112 8.147885286107849 5.2
      vertex 15.279422863405994 8.049999999999999 15.200000000000001
      vertex 15.214018006262112 8.147885286107849 15.200000000000001
    endloop
  endfacet
  facet normal -0.9469301294951051 -0.32143946530316314 0
    outer loop
      vertex 15.331491579260158 7.94441508912858 5.2
      vertex 15.369333243660162 7.832937140592268 15.200000000000001
      vertex 15.331491579260158 7.94441508912858 15.200000000000001
    endloop
  endfacet
  facet normal -0.9978589232386031 -0.0654031292301479 0
    outer loop
      vertex 15.39230037523643 7.717473572998046 5.2
      vertex 15.4 7.6 15.200000000000001
      vertex 15.39230037523643 7.717473572998046 15.200000000000001
    endloop
  endfacet
  facet normal -0.9807852804032307 -0.19509032201612708 0
    outer loop
      vertex 15.369333243660162 7.832937140592268 5.2
      vertex 15.39230037523643 7.717473572998046 15.200000000000001
      vertex 15.369333243660162 7.832937140592268 15.200000000000001
    endloop
  endfacet
  facet normal -0.8968727415326859 -0.4422886902190062 0
    outer loop
      vertex 15.279422863405994 8.049999999999999 5.2
      vertex 15.331491579260158 7.94441508912858 15.200000000000001
      vertex 15.279422863405994 8.049999999999999 15.200000000000001
    endloop
  endfacet
  facet normal 0 0 1
    outer loop
      vertex 30.63066675633984 7.367062859407731 5.2
      vertex 30.63066675633984 7.832937140592268 5.2
      vertex 30.60769962476357 7.482526427001953 5.2
    endloop
  endfacet
  facet normal 0 0 1
    outer loop
      vertex 30.63066675633984 7.367062859407731 5.2
      vertex 30.66850842073984 7.255584910871419 5.2
      vertex 30.66850842073984 7.94441508912858 5.2
    endloop
  endfacet
  facet normal 0 0 1
    outer loop
      vertex 30.66850842073984 7.255584910871419 5.2
      vertex 30.720577136594006 7.1499999999999995 5.2
      vertex 30.720577136594006 8.049999999999999 5.2
    endloop
  endfacet
  facet normal 0 0 1
    outer loop
      vertex 30.785981993737888 7.052114713892151 5.2
      vertex 30.785981993737888 8.147885286107849 5.2
      vertex 30.720577136594006 7.1499999999999995 5.2
    endloop
  endfacet
  facet normal 0 0 1
    outer loop
      vertex 30.785981993737888 7.052114713892151 5.2
      vertex 30.86360389693211 6.963603896932106 5.2
      vertex 30.86360389693211 8.236396103067893 5.2
    endloop
  endfacet
  facet normal 0 0 1
    outer loop
      vertex 30.86360389693211 6.963603896932106 5.2
      vertex 30.95211471389215 6.885981993737888 5.2
      vertex 30.95211471389215 8.314018006262112 5.2
    endloop
  endfacet
  facet normal 0 0 1
    outer loop
      vertex 30.95211471389215 6.885981993737888 5.2
      vertex 31.05 6.820577136594005 5.2
      vertex 31.05 8.379422863405994 5.2
    endloop
  endfacet
  facet normal 0 0 1
    outer loop
      vertex 31.05 6.820577136594005 5.2
      vertex 31.15558491087142 6.768508420739842 5.2
      vertex 31.15558491087142 8.431491579260157 5.2
    endloop
  endfacet
  facet normal 0 0 1
    outer loop
      vertex 31.15558491087142 6.768508420739842 5.2
      vertex 31.26706285940773 6.730666756339838 5.2
      vertex 31.26706285940773 8.469333243660161 5.2
    endloop
  endfacet
  facet normal 0 0 1
    outer loop
      vertex 31.26706285940773 6.730666756339838 5.2
      vertex 31.382526427001952 6.7076996247635705 5.2
      vertex 31.382526427001952 8.492300375236429 5.2
    endloop
  endfacet
  facet normal 0 0 1
    outer loop
      vertex 31.382526427001952 6.7076996247635705 5.2
      vertex 31.5 6.699999999999999 5.2
      vertex 31.5 8.5 5.2
    endloop
  endfacet
  facet normal 0 0 1
    outer loop
      vertex 31.5 6.699999999999999 5.2
      vertex 31.617473572998048 6.7076996247635705 5.2
      vertex 31.617473572998048 8.492300375236429 5.2
    endloop
  endfacet
  facet normal 0 0 1
    outer loop
      vertex 30.60769962476357 7.482526427001953 5.2
      vertex 30.60769962476357 7.717473572998046 5.2
      vertex 30.6 7.6 5.2
    endloop
  endfacet
  facet normal 0 0 1
    outer loop
      vertex 30.60769962476357 7.482526427001953 5.2
      vertex 30.63066675633984 7.832937140592268 5.2
      vertex 30.60769962476357 7.717473572998046 5.2
    endloop
  endfacet
  facet normal 0 0 1
    outer loop
      vertex 30.63066675633984 7.367062859407731 5.2
      vertex 30.66850842073984 7.94441508912858 5.2
      vertex 30.63066675633984 7.832937140592268 5.2
    endloop
  endfacet
  facet normal 0 0 1
    outer loop
      vertex 30.66850842073984 7.255584910871419 5.2
      vertex 30.720577136594006 8.049999999999999 5.2
      vertex 30.66850842073984 7.94441508912858 5.2
    endloop
  endfacet
  facet normal 0 0 1
    outer loop
      vertex 30.720577136594006 7.1499999999999995 5.2
      vertex 30.785981993737888 8.147885286107849 5.2
      vertex 30.720577136594006 8.049999999999999 5.2
    endloop
  endfacet
  facet normal 0 0 1
    outer loop
      vertex 30.785981993737888 7.052114713892151 5.2
      vertex 30.86360389693211 8.236396103067893 5.2
      vertex 30.785981993737888 8.147885286107849 5.2
    endloop
  endfacet
  facet normal 0 0 1
    outer loop
      vertex 30.86360389693211 6.963603896932106 5.2
      vertex 30.95211471389215 8.314018006262112 5.2
      vertex 30.86360389693211 8.236396103067893 5.2
    endloop
  endfacet
  facet normal 0 0 1
    outer loop
      vertex 30.95211471389215 6.885981993737888 5.2
      vertex 31.05 8.379422863405994 5.2
      vertex 30.95211471389215 8.314018006262112 5.2
    endloop
  endfacet
  facet normal 0 0 1
    outer loop
      vertex 31.05 6.820577136594005 5.2
      vertex 31.15558491087142 8.431491579260157 5.2
      vertex 31.05 8.379422863405994 5.2
    endloop
  endfacet
  facet normal 0 0 1
    outer loop
      vertex 31.15558491087142 6.768508420739842 5.2
      vertex 31.26706285940773 8.469333243660161 5.2
      vertex 31.15558491087142 8.431491579260157 5.2
    endloop
  endfacet
  facet normal 0 0 1
    outer loop
      vertex 31.26706285940773 6.730666756339838 5.2
      vertex 31.382526427001952 8.492300375236429 5.2
      vertex 31.26706285940773 8.469333243660161 5.2
    endloop
  endfacet
  facet normal 0 0 1
    outer loop
      vertex 31.382526427001952 6.7076996247635705 5.2
      vertex 31.5 8.5 5.2
      vertex 31.382526427001952 8.492300375236429 5.2
    endloop
  endfacet
  facet normal 0 0 1
    outer loop
      vertex 31.5 6.699999999999999 5.2
      vertex 31.617473572998048 8.492300375236429 5.2
      vertex 31.5 8.5 5.2
    endloop
  endfacet
  facet normal 0 0 1
    outer loop
      vertex 31.617473572998048 6.7076996247635705 5.2
      vertex 31.73293714059227 6.730666756339838 5.2
      vertex 31.73293714059227 8.469333243660161 5.2
    endloop
  endfacet
  facet normal 0 0 1
    outer loop
      vertex 31.73293714059227 6.730666756339838 5.2
      vertex 31.84441508912858 6.768508420739842 5.2
      vertex 31.84441508912858 8.431491579260157 5.2
    endloop
  endfacet
  facet normal 0 0 1
    outer loop
      vertex 31.84441508912858 6.768508420739842 5.2
      vertex 31.95 6.820577136594005 5.2
      vertex 31.95 8.379422863405994 5.2
    endloop
  endfacet
  facet normal 0 0 1
    outer loop
      vertex 31.95 6.820577136594005 5.2
      vertex 32.04788528610785 6.885981993737888 5.2
      vertex 32.04788528610785 8.314018006262112 5.2
    endloop
  endfacet
  facet normal 0 0 1
    outer loop
      vertex 32.04788528610785 6.885981993737888 5.2
      vertex 32.136396103067895 6.963603896932106 5.2
      vertex 32.136396103067895 8.236396103067893 5.2
    endloop
  endfacet
  facet normal 0 0 1
    outer loop
      vertex 32.136396103067895 6.963603896932106 5.2
      vertex 32.21401800626211 7.052114713892151 5.2
      vertex 32.21401800626211 8.147885286107849 5.2
    endloop
  endfacet
  facet normal 0 0 1
    outer loop
      vertex 32.21401800626211 7.052114713892151 5.2
      vertex 32.279422863406 7.1499999999999995 5.2
      vertex 32.279422863406 8.049999999999999 5.2
    endloop
  endfacet
  facet normal 0 0 1
    outer loop
      vertex 32.279422863406 7.1499999999999995 5.2
      vertex 32.33149157926016 7.255584910871419 5.2
      vertex 32.33149157926016 7.94441508912858 5.2
    endloop
  endfacet
  facet normal 0 0 1
    outer loop
      vertex 32.33149157926016 7.255584910871419 5.2
      vertex 32.369333243660165 7.367062859407731 5.2
      vertex 32.369333243660165 7.832937140592268 5.2
    endloop
  endfacet
  facet normal 0 0 1
    outer loop
      vertex 32.369333243660165 7.367062859407731 5.2
      vertex 32.39230037523643 7.482526427001953 5.2
      vertex 32.39230037523643 7.717473572998046 5.2
    endloop
  endfacet
  facet normal 0 0 1
    outer loop
      vertex 31.617473572998048 6.7076996247635705 5.2
      vertex 31.73293714059227 8.469333243660161 5.2
      vertex 31.617473572998048 8.492300375236429 5.2
    endloop
  endfacet
  facet normal 0 0 1
    outer loop
      vertex 31.73293714059227 6.730666756339838 5.2
      vertex 31.84441508912858 8.431491579260157 5.2
      vertex 31.73293714059227 8.469333243660161 5.2
    endloop
  endfacet
  facet normal 0 0 1
    outer loop
      vertex 31.84441508912858 6.768508420739842 5.2
      vertex 31.95 8.379422863405994 5.2
      vertex 31.84441508912858 8.431491579260157 5.2
    endloop
  endfacet
  facet normal 0 0 1
    outer loop
      vertex 31.95 6.820577136594005 5.2
      vertex 32.04788528610785 8.314018006262112 5.2
      vertex 31.95 8.379422863405994 5.2
    endloop
  endfacet
  facet normal 0 0 1
    outer loop
      vertex 32.04788528610785 6.885981993737888 5.2
      vertex 32.136396103067895 8.236396103067893 5.2
      vertex 32.04788528610785 8.314018006262112 5.2
    endloop
  endfacet
  facet normal 0 0 1
    outer loop
      vertex 32.136396103067895 6.963603896932106 5.2
      vertex 32.21401800626211 8.147885286107849 5.2
      vertex 32.136396103067895 8.236396103067893 5.2
    endloop
  endfacet
  facet normal 0 0 1
    outer loop
      vertex 32.21401800626211 7.052114713892151 5.2
      vertex 32.279422863406 8.049999999999999 5.2
      vertex 32.21401800626211 8.147885286107849 5.2
    endloop
  endfacet
  facet normal 0 0 1
    outer loop
      vertex 32.279422863406 7.1499999999999995 5.2
      vertex 32.33149157926016 7.94441508912858 5.2
      vertex 32.279422863406 8.049999999999999 5.2
    endloop
  endfacet
  facet normal 0 0 1
    outer loop
      vertex 32.369333243660165 7.367062859407731 5.2
      vertex 32.39230037523643 7.717473572998046 5.2
      vertex 32.369333243660165 7.832937140592268 5.2
    endloop
  endfacet
  facet normal 0 0 1
    outer loop
      vertex 32.33149157926016 7.255584910871419 5.2
      vertex 32.369333243660165 7.832937140592268 5.2
      vertex 32.33149157926016 7.94441508912858 5.2
    endloop
  endfacet
  facet normal 0 0 1
    outer loop
      vertex 32.39230037523643 7.482526427001953 5.2
      vertex 32.4 7.6 5.2
      vertex 32.39230037523643 7.717473572998046 5.2
    endloop
  endfacet
  facet normal 0.6593458151000766 0.7518398074789706 0
    outer loop
      vertex 30.86360389693211 6.963603896932106 5.2
      vertex 30.86360389693211 6.963603896932106 15.200000000000001
      vertex 30.95211471389215 6.885981993737888 5.2
    endloop
  endfacet
  facet normal 0.8968727415326814 0.44228869021901523 0
    outer loop
      vertex 30.66850842073984 7.255584910871419 5.2
      vertex 30.66850842073984 7.255584910871419 15.200000000000001
      vertex 30.720577136594006 7.1499999999999995 5.2
    endloop
  endfacet
  facet normal 0.9807852804032279 0.19509032201614163 0
    outer loop
      vertex 30.63066675633984 7.367062859407731 5.2
      vertex 30.60769962476357 7.482526427001953 5.2
      vertex 30.60769962476357 7.482526427001953 15.200000000000001
    endloop
  endfacet
  facet normal 0.997858923238605 0.06540312923011786 0
    outer loop
      vertex 30.60769962476357 7.482526427001953 5.2
      vertex 30.6 7.6 5.2
      vertex 30.6 7.6 15.200000000000001
    endloop
  endfacet
  facet normal 0.9469301294951098 0.32143946530314965 0
    outer loop
      vertex 30.63066675633984 7.367062859407731 5.2
      vertex 30.63066675633984 7.367062859407731 15.200000000000001
      vertex 30.66850842073984 7.255584910871419 5.2
    endloop
  endfacet
  facet normal 0.8314696123025486 0.5555702330195973 0
    outer loop
      vertex 30.785981993737888 7.052114713892151 5.2
      vertex 30.720577136594006 7.1499999999999995 5.2
      vertex 30.720577136594006 7.1499999999999995 15.200000000000001
    endloop
  endfacet
  facet normal 0.7518398074789729 0.6593458151000738 0
    outer loop
      vertex 30.785981993737888 7.052114713892151 5.2
      vertex 30.785981993737888 7.052114713892151 15.200000000000001
      vertex 30.86360389693211 6.963603896932106 5.2
    endloop
  endfacet
  facet normal 0.5555702330195955 0.8314696123025497 0
    outer loop
      vertex 30.95211471389215 6.885981993737888 5.2
      vertex 30.95211471389215 6.885981993737888 15.200000000000001
      vertex 31.05 6.820577136594005 5.2
    endloop
  endfacet
  facet normal 0.442288690219003 0.8968727415326874 0
    outer loop
      vertex 31.05 6.820577136594005 5.2
      vertex 31.05 6.820577136594005 15.200000000000001
      vertex 31.15558491087142 6.768508420739842 5.2
    endloop
  endfacet
  facet normal 0.3214394653031655 0.9469301294951044 0
    outer loop
      vertex 31.15558491087142 6.768508420739842 5.2
      vertex 31.15558491087142 6.768508420739842 15.200000000000001
      vertex 31.26706285940773 6.730666756339838 5.2
    endloop
  endfacet
  facet normal 0.19509032201612567 0.980785280403231 0
    outer loop
      vertex 31.26706285940773 6.730666756339838 5.2
      vertex 31.26706285940773 6.730666756339838 15.200000000000001
      vertex 31.382526427001952 6.7076996247635705 5.2
    endloop
  endfacet
  facet normal 0.06540312923014742 0.9978589232386031 0
    outer loop
      vertex 31.382526427001952 6.7076996247635705 5.2
      vertex 31.382526427001952 6.7076996247635705 15.200000000000001
      vertex 31.5 6.699999999999999 5.2
    endloop
  endfacet
  facet normal -0.06540312923014742 0.9978589232386031 0
    outer loop
      vertex 31.5 6.699999999999999 5.2
      vertex 31.5 6.699999999999999 15.200000000000001
      vertex 31.617473572998048 6.7076996247635705 5.2
    endloop
  endfacet
  facet normal 0.997858923238605 -0.06540312923011786 0
    outer loop
      vertex 30.6 7.6 5.2
      vertex 30.60769962476357 7.717473572998046 5.2
      vertex 30.60769962476357 7.717473572998046 15.200000000000001
    endloop
  endfacet
  facet normal 0.9807852804032279 -0.19509032201614163 0
    outer loop
      vertex 30.60769962476357 7.717473572998046 5.2
      vertex 30.63066675633984 7.832937140592268 5.2
      vertex 30.63066675633984 7.832937140592268 15.200000000000001
    endloop
  endfacet
  facet normal 0.9469301294951098 -0.32143946530314965 0
    outer loop
      vertex 30.63066675633984 7.832937140592268 5.2
      vertex 30.66850842073984 7.94441508912858 5.2
      vertex 30.66850842073984 7.94441508912858 15.200000000000001
    endloop
  endfacet
  facet normal 0.8968727415326799 -0.44228869021901823 0
    outer loop
      vertex 30.66850842073984 7.94441508912858 5.2
      vertex 30.720577136594006 8.049999999999999 5.2
      vertex 30.720577136594006 8.049999999999999 15.200000000000001
    endloop
  endfacet
  facet normal 0.8314696123025532 -0.5555702330195904 0
    outer loop
      vertex 30.720577136594006 8.049999999999999 5.2
      vertex 30.785981993737888 8.147885286107849 5.2
      vertex 30.785981993737888 8.147885286107849 15.200000000000001
    endloop
  endfacet
  facet normal 0.7518398074789697 -0.6593458151000776 0
    outer loop
      vertex 30.785981993737888 8.147885286107849 5.2
      vertex 30.86360389693211 8.236396103067893 5.2
      vertex 30.86360389693211 8.236396103067893 15.200000000000001
    endloop
  endfacet
  facet normal 0.6593458151000766 -0.7518398074789706 0
    outer loop
      vertex 30.86360389693211 8.236396103067893 5.2
      vertex 30.95211471389215 8.314018006262112 5.2
      vertex 30.95211471389215 8.314018006262112 15.200000000000001
    endloop
  endfacet
  facet normal 0.5555702330195904 -0.8314696123025532 0
    outer loop
      vertex 30.95211471389215 8.314018006262112 5.2
      vertex 31.05 8.379422863405994 5.2
      vertex 31.05 8.379422863405994 15.200000000000001
    endloop
  endfacet
  facet normal 0.4422886902190091 -0.8968727415326844 0
    outer loop
      vertex 31.05 8.379422863405994 5.2
      vertex 31.15558491087142 8.431491579260157 5.2
      vertex 31.15558491087142 8.431491579260157 15.200000000000001
    endloop
  endfacet
  facet normal 0.3214394653031655 -0.9469301294951044 0
    outer loop
      vertex 31.15558491087142 8.431491579260157 5.2
      vertex 31.26706285940773 8.469333243660161 5.2
      vertex 31.26706285940773 8.469333243660161 15.200000000000001
    endloop
  endfacet
  facet normal 0.19509032201612567 -0.980785280403231 0
    outer loop
      vertex 31.26706285940773 8.469333243660161 5.2
      vertex 31.382526427001952 8.492300375236429 5.2
      vertex 31.382526427001952 8.492300375236429 15.200000000000001
    endloop
  endfacet
  facet normal 0.06540312923014742 -0.9978589232386031 0
    outer loop
      vertex 31.382526427001952 8.492300375236429 5.2
      vertex 31.5 8.5 5.2
      vertex 31.5 8.5 15.200000000000001
    endloop
  endfacet
  facet normal -0.06540312923014742 -0.9978589232386031 0
    outer loop
      vertex 31.5 8.5 5.2
      vertex 31.617473572998048 8.492300375236429 5.2
      vertex 31.617473572998048 8.492300375236429 15.200000000000001
    endloop
  endfacet
  facet normal -0.19509032201612567 0.980785280403231 0
    outer loop
      vertex 31.617473572998048 6.7076996247635705 5.2
      vertex 31.617473572998048 6.7076996247635705 15.200000000000001
      vertex 31.73293714059227 6.730666756339838 5.2
    endloop
  endfacet
  facet normal -0.3214394653031655 0.9469301294951044 0
    outer loop
      vertex 31.73293714059227 6.730666756339838 5.2
      vertex 31.73293714059227 6.730666756339838 15.200000000000001
      vertex 31.84441508912858 6.768508420739842 5.2
    endloop
  endfacet
  facet normal -0.442288690219003 0.8968727415326874 0
    outer loop
      vertex 31.84441508912858 6.768508420739842 5.2
      vertex 31.84441508912858 6.768508420739842 15.200000000000001
      vertex 31.95 6.820577136594005 5.2
    endloop
  endfacet
  facet normal -0.5555702330195955 0.8314696123025497 0
    outer loop
      vertex 31.95 6.820577136594005 5.2
      vertex 31.95 6.820577136594005 15.200000000000001
      vertex 32.04788528610785 6.885981993737888 5.2
    endloop
  endfacet
  facet normal -0.6593458151000616 0.7518398074789838 0
    outer loop
      vertex 32.04788528610785 6.885981993737888 5.2
      vertex 32.04788528610785 6.885981993737888 15.200000000000001
      vertex 32.136396103067895 6.963603896932106 5.2
    endloop
  endfacet
  facet normal -0.7518398074790029 0.6593458151000398 0
    outer loop
      vertex 32.136396103067895 6.963603896932106 5.2
      vertex 32.136396103067895 6.963603896932106 15.200000000000001
      vertex 32.21401800626211 7.052114713892151 5.2
    endloop
  endfacet
  facet normal -0.8314696123025206 0.555570233019639 0
    outer loop
      vertex 32.21401800626211 7.052114713892151 5.2
      vertex 32.21401800626211 7.052114713892151 15.200000000000001
      vertex 32.279422863406 7.1499999999999995 5.2
    endloop
  endfacet
  facet normal -0.8968727415326934 0.442288690218991 0
    outer loop
      vertex 32.279422863406 7.1499999999999995 5.2
      vertex 32.279422863406 7.1499999999999995 15.200000000000001
      vertex 32.33149157926016 7.255584910871419 5.2
    endloop
  endfacet
  facet normal -0.9469301294951005 0.3214394653031767 0
    outer loop
      vertex 32.33149157926016 7.255584910871419 5.2
      vertex 32.33149157926016 7.255584910871419 15.200000000000001
      vertex 32.369333243660165 7.367062859407731 5.2
    endloop
  endfacet
  facet normal -0.9807852804032335 0.1950903220161126 0
    outer loop
      vertex 32.369333243660165 7.367062859407731 5.2
      vertex 32.369333243660165 7.367062859407731 15.200000000000001
      vertex 32.39230037523643 7.482526427001953 5.2
    endloop
  endfacet
  facet normal -0.997858923238605 0.06540312923011786 0
    outer loop
      vertex 32.39230037523643 7.482526427001953 5.2
      vertex 32.39230037523643 7.482526427001953 15.200000000000001
      vertex 32.4 7.6 5.2
    endloop
  endfacet
  facet normal -0.19509032201612567 -0.980785280403231 0
    outer loop
      vertex 31.617473572998048 8.492300375236429 5.2
      vertex 31.73293714059227 8.469333243660161 5.2
      vertex 31.73293714059227 8.469333243660161 15.200000000000001
    endloop
  endfacet
  facet normal -0.3214394653031655 -0.9469301294951044 0
    outer loop
      vertex 31.73293714059227 8.469333243660161 5.2
      vertex 31.84441508912858 8.431491579260157 5.2
      vertex 31.84441508912858 8.431491579260157 15.200000000000001
    endloop
  endfacet
  facet normal -0.4422886902190091 -0.8968727415326844 0
    outer loop
      vertex 31.84441508912858 8.431491579260157 5.2
      vertex 31.95 8.379422863405994 5.2
      vertex 31.95 8.379422863405994 15.200000000000001
    endloop
  endfacet
  facet normal -0.7518398074789996 -0.6593458151000435 0
    outer loop
      vertex 32.136396103067895 8.236396103067893 5.2
      vertex 32.21401800626211 8.147885286107849 5.2
      vertex 32.21401800626211 8.147885286107849 15.200000000000001
    endloop
  endfacet
  facet normal -0.8968727415326919 -0.442288690218994 0
    outer loop
      vertex 32.33149157926016 7.94441508912858 5.2
      vertex 32.33149157926016 7.94441508912858 15.200000000000001
      vertex 32.279422863406 8.049999999999999 5.2
    endloop
  endfacet
  facet normal -0.8314696123025254 -0.555570233019632 0
    outer loop
      vertex 32.21401800626211 8.147885286107849 5.2
      vertex 32.279422863406 8.049999999999999 5.2
      vertex 32.279422863406 8.049999999999999 15.200000000000001
    endloop
  endfacet
  facet normal -0.5555702330195904 -0.8314696123025532 0
    outer loop
      vertex 32.04788528610785 8.314018006262112 5.2
      vertex 32.04788528610785 8.314018006262112 15.200000000000001
      vertex 31.95 8.379422863405994 5.2
    endloop
  endfacet
  facet normal -0.6593458151000616 -0.7518398074789838 0
    outer loop
      vertex 32.04788528610785 8.314018006262112 5.2
      vertex 32.136396103067895 8.236396103067893 5.2
      vertex 32.136396103067895 8.236396103067893 15.200000000000001
    endloop
  endfacet
  facet normal -0.997858923238605 -0.06540312923011786 0
    outer loop
      vertex 32.4 7.6 5.2
      vertex 32.4 7.6 15.200000000000001
      vertex 32.39230037523643 7.717473572998046 5.2
    endloop
  endfacet
  facet normal -0.9807852804032335 -0.1950903220161126 0
    outer loop
      vertex 32.39230037523643 7.717473572998046 5.2
      vertex 32.39230037523643 7.717473572998046 15.200000000000001
      vertex 32.369333243660165 7.832937140592268 5.2
    endloop
  endfacet
  facet normal -0.9469301294951005 -0.3214394653031767 0
    outer loop
      vertex 32.369333243660165 7.832937140592268 5.2
      vertex 32.369333243660165 7.832937140592268 15.200000000000001
      vertex 32.33149157926016 7.94441508912858 5.2
    endloop
  endfacet
  facet normal 0.8968727415326814 0.44228869021901523 0
    outer loop
      vertex 30.720577136594006 7.1499999999999995 5.2
      vertex 30.66850842073984 7.255584910871419 15.200000000000001
      vertex 30.720577136594006 7.1499999999999995 15.200000000000001
    endloop
  endfacet
  facet normal 0.9807852804032279 0.19509032201614163 0
    outer loop
      vertex 30.63066675633984 7.367062859407731 5.2
      vertex 30.60769962476357 7.482526427001953 15.200000000000001
      vertex 30.63066675633984 7.367062859407731 15.200000000000001
    endloop
  endfacet
  facet normal 0.997858923238605 0.06540312923011786 0
    outer loop
      vertex 30.60769962476357 7.482526427001953 5.2
      vertex 30.6 7.6 15.200000000000001
      vertex 30.60769962476357 7.482526427001953 15.200000000000001
    endloop
  endfacet
  facet normal 0.9469301294951098 0.32143946530314965 0
    outer loop
      vertex 30.66850842073984 7.255584910871419 5.2
      vertex 30.63066675633984 7.367062859407731 15.200000000000001
      vertex 30.66850842073984 7.255584910871419 15.200000000000001
    endloop
  endfacet
  facet normal 0.8314696123025486 0.5555702330195973 0
    outer loop
      vertex 30.785981993737888 7.052114713892151 5.2
      vertex 30.720577136594006 7.1499999999999995 15.200000000000001
      vertex 30.785981993737888 7.052114713892151 15.200000000000001
    endloop
  endfacet
  facet normal 0.7518398074789729 0.6593458151000738 0
    outer loop
      vertex 30.86360389693211 6.963603896932106 5.2
      vertex 30.785981993737888 7.052114713892151 15.200000000000001
      vertex 30.86360389693211 6.963603896932106 15.200000000000001
    endloop
  endfacet
  facet normal 0.6593458151000766 0.7518398074789706 0
    outer loop
      vertex 30.95211471389215 6.885981993737888 5.2
      vertex 30.86360389693211 6.963603896932106 15.200000000000001
      vertex 30.95211471389215 6.885981993737888 15.200000000000001
    endloop
  endfacet
  facet normal 0.5555702330195955 0.8314696123025497 0
    outer loop
      vertex 31.05 6.820577136594005 5.2
      vertex 30.95211471389215 6.885981993737888 15.200000000000001
      vertex 31.05 6.820577136594005 15.200000000000001
    endloop
  endfacet
  facet normal 0.442288690219003 0.8968727415326874 0
    outer loop
      vertex 31.15558491087142 6.768508420739842 5.2
      vertex 31.05 6.820577136594005 15.200000000000001
      vertex 31.15558491087142 6.768508420739842 15.200000000000001
    endloop
  endfacet
  facet normal 0.3214394653031655 0.9469301294951044 0
    outer loop
      vertex 31.26706285940773 6.730666756339838 5.2
      vertex 31.15558491087142 6.768508420739842 15.200000000000001
      vertex 31.26706285940773 6.730666756339838 15.200000000000001
    endloop
  endfacet
  facet normal 0.19509032201612567 0.980785280403231 0
    outer loop
      vertex 31.382526427001952 6.7076996247635705 5.2
      vertex 31.26706285940773 6.730666756339838 15.200000000000001
      vertex 31.382526427001952 6.7076996247635705 15.200000000000001
    endloop
  endfacet
  facet normal 0.06540312923014742 0.9978589232386031 0
    outer loop
      vertex 31.5 6.699999999999999 5.2
      vertex 31.382526427001952 6.7076996247635705 15.200000000000001
      vertex 31.5 6.699999999999999 15.200000000000001
    endloop
  endfacet
  facet normal -0.06540312923014742 0.9978589232386031 0
    outer loop
      vertex 31.617473572998048 6.7076996247635705 5.2
      vertex 31.5 6.699999999999999 15.200000000000001
      vertex 31.617473572998048 6.7076996247635705 15.200000000000001
    endloop
  endfacet
  facet normal 0.997858923238605 -0.06540312923011786 0
    outer loop
      vertex 30.6 7.6 5.2
      vertex 30.60769962476357 7.717473572998046 15.200000000000001
      vertex 30.6 7.6 15.200000000000001
    endloop
  endfacet
  facet normal 0.9807852804032279 -0.19509032201614163 0
    outer loop
      vertex 30.60769962476357 7.717473572998046 5.2
      vertex 30.63066675633984 7.832937140592268 15.200000000000001
      vertex 30.60769962476357 7.717473572998046 15.200000000000001
    endloop
  endfacet
  facet normal 0.9469301294951098 -0.32143946530314965 0
    outer loop
      vertex 30.63066675633984 7.832937140592268 5.2
      vertex 30.66850842073984 7.94441508912858 15.200000000000001
      vertex 30.63066675633984 7.832937140592268 15.200000000000001
    endloop
  endfacet
  facet normal 0.8968727415326799 -0.44228869021901823 0
    outer loop
      vertex 30.66850842073984 7.94441508912858 5.2
      vertex 30.720577136594006 8.049999999999999 15.200000000000001
      vertex 30.66850842073984 7.94441508912858 15.200000000000001
    endloop
  endfacet
  facet normal 0.8314696123025532 -0.5555702330195904 0
    outer loop
      vertex 30.720577136594006 8.049999999999999 5.2
      vertex 30.785981993737888 8.147885286107849 15.200000000000001
      vertex 30.720577136594006 8.049999999999999 15.200000000000001
    endloop
  endfacet
  facet normal 0.7518398074789697 -0.6593458151000776 0
    outer loop
      vertex 30.785981993737888 8.147885286107849 5.2
      vertex 30.86360389693211 8.236396103067893 15.200000000000001
      vertex 30.785981993737888 8.147885286107849 15.200000000000001
    endloop
  endfacet
  facet normal 0.6593458151000766 -0.7518398074789706 0
    outer loop
      vertex 30.86360389693211 8.236396103067893 5.2
      vertex 30.95211471389215 8.314018006262112 15.200000000000001
      vertex 30.86360389693211 8.236396103067893 15.200000000000001
    endloop
  endfacet
  facet normal 0.5555702330195904 -0.8314696123025532 0
    outer loop
      vertex 30.95211471389215 8.314018006262112 5.2
      vertex 31.05 8.379422863405994 15.200000000000001
      vertex 30.95211471389215 8.314018006262112 15.200000000000001
    endloop
  endfacet
  facet normal 0.4422886902190091 -0.8968727415326844 0
    outer loop
      vertex 31.05 8.379422863405994 5.2
      vertex 31.15558491087142 8.431491579260157 15.200000000000001
      vertex 31.05 8.379422863405994 15.200000000000001
    endloop
  endfacet
  facet normal 0.3214394653031655 -0.9469301294951044 0
    outer loop
      vertex 31.15558491087142 8.431491579260157 5.2
      vertex 31.26706285940773 8.469333243660161 15.200000000000001
      vertex 31.15558491087142 8.431491579260157 15.200000000000001
    endloop
  endfacet
  facet normal 0.19509032201612567 -0.980785280403231 0
    outer loop
      vertex 31.26706285940773 8.469333243660161 5.2
      vertex 31.382526427001952 8.492300375236429 15.200000000000001
      vertex 31.26706285940773 8.469333243660161 15.200000000000001
    endloop
  endfacet
  facet normal 0.06540312923014742 -0.9978589232386031 0
    outer loop
      vertex 31.382526427001952 8.492300375236429 5.2
      vertex 31.5 8.5 15.200000000000001
      vertex 31.382526427001952 8.492300375236429 15.200000000000001
    endloop
  endfacet
  facet normal -0.06540312923014742 -0.9978589232386031 0
    outer loop
      vertex 31.5 8.5 5.2
      vertex 31.617473572998048 8.492300375236429 15.200000000000001
      vertex 31.5 8.5 15.200000000000001
    endloop
  endfacet
  facet normal -0.19509032201612567 0.980785280403231 0
    outer loop
      vertex 31.73293714059227 6.730666756339838 5.2
      vertex 31.617473572998048 6.7076996247635705 15.200000000000001
      vertex 31.73293714059227 6.730666756339838 15.200000000000001
    endloop
  endfacet
  facet normal -0.3214394653031655 0.9469301294951044 0
    outer loop
      vertex 31.84441508912858 6.768508420739842 5.2
      vertex 31.73293714059227 6.730666756339838 15.200000000000001
      vertex 31.84441508912858 6.768508420739842 15.200000000000001
    endloop
  endfacet
  facet normal -0.442288690219003 0.8968727415326874 0
    outer loop
      vertex 31.95 6.820577136594005 5.2
      vertex 31.84441508912858 6.768508420739842 15.200000000000001
      vertex 31.95 6.820577136594005 15.200000000000001
    endloop
  endfacet
  facet normal -0.5555702330195955 0.8314696123025497 0
    outer loop
      vertex 32.04788528610785 6.885981993737888 5.2
      vertex 31.95 6.820577136594005 15.200000000000001
      vertex 32.04788528610785 6.885981993737888 15.200000000000001
    endloop
  endfacet
  facet normal -0.6593458151000616 0.7518398074789838 0
    outer loop
      vertex 32.136396103067895 6.963603896932106 5.2
      vertex 32.04788528610785 6.885981993737888 15.200000000000001
      vertex 32.136396103067895 6.963603896932106 15.200000000000001
    endloop
  endfacet
  facet normal -0.7518398074790029 0.6593458151000398 0
    outer loop
      vertex 32.21401800626211 7.052114713892151 5.2
      vertex 32.136396103067895 6.963603896932106 15.200000000000001
      vertex 32.21401800626211 7.052114713892151 15.200000000000001
    endloop
  endfacet
  facet normal -0.8314696123025206 0.555570233019639 0
    outer loop
      vertex 32.279422863406 7.1499999999999995 5.2
      vertex 32.21401800626211 7.052114713892151 15.200000000000001
      vertex 32.279422863406 7.1499999999999995 15.200000000000001
    endloop
  endfacet
  facet normal -0.8968727415326934 0.442288690218991 0
    outer loop
      vertex 32.33149157926016 7.255584910871419 5.2
      vertex 32.279422863406 7.1499999999999995 15.200000000000001
      vertex 32.33149157926016 7.255584910871419 15.200000000000001
    endloop
  endfacet
  facet normal -0.9469301294951106 0.3214394653031468 -3.710566267696654e-16
    outer loop
      vertex 32.354878262053006 7.324479856750594 15.200000000000001
      vertex 32.369333243660165 7.367062859407731 5.2
      vertex 32.33149157926016 7.255584910871419 15.200000000000001
    endloop
  endfacet
  facet normal -0.9469301294950841 0.32143946530322504 0
    outer loop
      vertex 32.369333243660165 7.367062859407731 5.2
      vertex 32.354878262053006 7.324479856750594 15.200000000000001
      vertex 32.369333243660165 7.367062859407731 15.200000000000001
    endloop
  endfacet
  facet normal -0.9807852804032335 0.1950903220161126 0
    outer loop
      vertex 32.39230037523643 7.482526427001953 5.2
      vertex 32.369333243660165 7.367062859407731 15.200000000000001
      vertex 32.39230037523643 7.482526427001953 15.200000000000001
    endloop
  endfacet
  facet normal -0.997858923238605 0.06540312923011786 0
    outer loop
      vertex 32.4 7.6 5.2
      vertex 32.39230037523643 7.482526427001953 15.200000000000001
      vertex 32.4 7.6 15.200000000000001
    endloop
  endfacet
  facet normal -0.19509032201612567 -0.980785280403231 0
    outer loop
      vertex 31.617473572998048 8.492300375236429 5.2
      vertex 31.73293714059227 8.469333243660161 15.200000000000001
      vertex 31.617473572998048 8.492300375236429 15.200000000000001
    endloop
  endfacet
  facet normal -0.3214394653031655 -0.9469301294951044 0
    outer loop
      vertex 31.73293714059227 8.469333243660161 5.2
      vertex 31.84441508912858 8.431491579260157 15.200000000000001
      vertex 31.73293714059227 8.469333243660161 15.200000000000001
    endloop
  endfacet
  facet normal -0.4422886902190091 -0.8968727415326844 0
    outer loop
      vertex 31.84441508912858 8.431491579260157 5.2
      vertex 31.95 8.379422863405994 15.200000000000001
      vertex 31.84441508912858 8.431491579260157 15.200000000000001
    endloop
  endfacet
  facet normal -0.5555702330195904 -0.8314696123025532 0
    outer loop
      vertex 31.95 8.379422863405994 5.2
      vertex 32.04788528610785 8.314018006262112 15.200000000000001
      vertex 31.95 8.379422863405994 15.200000000000001
    endloop
  endfacet
  facet normal -0.7518398074789996 -0.6593458151000435 0
    outer loop
      vertex 32.136396103067895 8.236396103067893 5.2
      vertex 32.21401800626211 8.147885286107849 15.200000000000001
      vertex 32.136396103067895 8.236396103067893 15.200000000000001
    endloop
  endfacet
  facet normal -0.8314696123025254 -0.555570233019632 0
    outer loop
      vertex 32.21401800626211 8.147885286107849 5.2
      vertex 32.279422863406 8.049999999999999 15.200000000000001
      vertex 32.21401800626211 8.147885286107849 15.200000000000001
    endloop
  endfacet
  facet normal -0.8968727415326919 -0.442288690218994 0
    outer loop
      vertex 32.279422863406 8.049999999999999 5.2
      vertex 32.33149157926016 7.94441508912858 15.200000000000001
      vertex 32.279422863406 8.049999999999999 15.200000000000001
    endloop
  endfacet
  facet normal -0.6593458151000616 -0.7518398074789838 0
    outer loop
      vertex 32.04788528610785 8.314018006262112 5.2
      vertex 32.136396103067895 8.236396103067893 15.200000000000001
      vertex 32.04788528610785 8.314018006262112 15.200000000000001
    endloop
  endfacet
  facet normal -0.997858923238605 -0.06540312923011786 0
    outer loop
      vertex 32.39230037523643 7.717473572998046 5.2
      vertex 32.4 7.6 15.200000000000001
      vertex 32.39230037523643 7.717473572998046 15.200000000000001
    endloop
  endfacet
  facet normal -0.9807852804032335 -0.1950903220161126 0
    outer loop
      vertex 32.369333243660165 7.832937140592268 5.2
      vertex 32.39230037523643 7.717473572998046 15.200000000000001
      vertex 32.369333243660165 7.832937140592268 15.200000000000001
    endloop
  endfacet
  facet normal -0.9469301294951005 -0.3214394653031767 0
    outer loop
      vertex 32.33149157926016 7.94441508912858 5.2
      vertex 32.369333243660165 7.832937140592268 15.200000000000001
      vertex 32.33149157926016 7.94441508912858 15.200000000000001
    endloop
  endfacet
  facet normal 0 0 1
    outer loop
      vertex 22.16850842073984 77.55558491087143 5.2
      vertex 22.16850842073984 78.24441508912858 5.2
      vertex 22.13066675633984 77.66706285940774 5.2
    endloop
  endfacet
  facet normal 0 0 1
    outer loop
      vertex 22.16850842073984 77.55558491087143 5.2
      vertex 22.220577136594006 77.45 5.2
      vertex 22.220577136594006 78.35000000000001 5.2
    endloop
  endfacet
  facet normal 0 0 1
    outer loop
      vertex 22.220577136594006 77.45 5.2
      vertex 22.285981993737888 77.35211471389216 5.2
      vertex 22.285981993737888 78.44788528610785 5.2
    endloop
  endfacet
  facet normal 0 0 1
    outer loop
      vertex 22.1 77.9 5.2
      vertex 22.10769962476357 77.78252642700195 5.2
      vertex 22.10769962476357 78.01747357299806 5.2
    endloop
  endfacet
  facet normal 0 0 1
    outer loop
      vertex 22.13066675633984 77.66706285940774 5.2
      vertex 22.13066675633984 78.13293714059228 5.2
      vertex 22.10769962476357 77.78252642700195 5.2
    endloop
  endfacet
  facet normal 0 0 1
    outer loop
      vertex 22.10769962476357 77.78252642700195 5.2
      vertex 22.13066675633984 78.13293714059228 5.2
      vertex 22.10769962476357 78.01747357299806 5.2
    endloop
  endfacet
  facet normal 0 0 1
    outer loop
      vertex 22.13066675633984 77.66706285940774 5.2
      vertex 22.16850842073984 78.24441508912858 5.2
      vertex 22.13066675633984 78.13293714059228 5.2
    endloop
  endfacet
  facet normal 0 0 1
    outer loop
      vertex 22.16850842073984 77.55558491087143 5.2
      vertex 22.220577136594006 78.35000000000001 5.2
      vertex 22.16850842073984 78.24441508912858 5.2
    endloop
  endfacet
  facet normal 0 0 1
    outer loop
      vertex 22.220577136594006 77.45 5.2
      vertex 22.285981993737888 78.44788528610785 5.2
      vertex 22.220577136594006 78.35000000000001 5.2
    endloop
  endfacet
  facet normal 0 0 1
    outer loop
      vertex 22.36360389693211 77.26360389693211 5.2
      vertex 22.36360389693211 78.5363961030679 5.2
      vertex 22.285981993737888 77.35211471389216 5.2
    endloop
  endfacet
  facet normal 0 0 1
    outer loop
      vertex 22.36360389693211 77.26360389693211 5.2
      vertex 22.45211471389215 77.1859819937379 5.2
      vertex 22.45211471389215 78.61401800626211 5.2
    endloop
  endfacet
  facet normal 0 0 1
    outer loop
      vertex 22.45211471389215 77.1859819937379 5.2
      vertex 22.55 77.12057713659401 5.2
      vertex 22.55 78.679422863406 5.2
    endloop
  endfacet
  facet normal 0 0 1
    outer loop
      vertex 22.55 77.12057713659401 5.2
      vertex 22.65558491087142 77.06850842073985 5.2
      vertex 22.65558491087142 78.73149157926017 5.2
    endloop
  endfacet
  facet normal 0 0 1
    outer loop
      vertex 22.285981993737888 77.35211471389216 5.2
      vertex 22.36360389693211 78.5363961030679 5.2
      vertex 22.285981993737888 78.44788528610785 5.2
    endloop
  endfacet
  facet normal 0 0 1
    outer loop
      vertex 22.36360389693211 77.26360389693211 5.2
      vertex 22.45211471389215 78.61401800626211 5.2
      vertex 22.36360389693211 78.5363961030679 5.2
    endloop
  endfacet
  facet normal 0 0 1
    outer loop
      vertex 22.45211471389215 77.1859819937379 5.2
      vertex 22.55 78.679422863406 5.2
      vertex 22.45211471389215 78.61401800626211 5.2
    endloop
  endfacet
  facet normal 0 0 1
    outer loop
      vertex 22.55 77.12057713659401 5.2
      vertex 22.65558491087142 78.73149157926017 5.2
      vertex 22.55 78.679422863406 5.2
    endloop
  endfacet
  facet normal 0 0 1
    outer loop
      vertex 22.65558491087142 77.06850842073985 5.2
      vertex 22.76706285940773 77.03066675633984 5.2
      vertex 22.76706285940773 78.76933324366017 5.2
    endloop
  endfacet
  facet normal 0 0 1
    outer loop
      vertex 22.882526427001952 77.00769962476357 5.2
      vertex 22.882526427001952 78.79230037523644 5.2
      vertex 22.76706285940773 77.03066675633984 5.2
    endloop
  endfacet
  facet normal 0 0 1
    outer loop
      vertex 22.882526427001952 77.00769962476357 5.2
      vertex 23 77 5.2
      vertex 23 78.80000000000001 5.2
    endloop
  endfacet
  facet normal 0 0 1
    outer loop
      vertex 22.65558491087142 77.06850842073985 5.2
      vertex 22.76706285940773 78.76933324366017 5.2
      vertex 22.65558491087142 78.73149157926017 5.2
    endloop
  endfacet
  facet normal 0 0 1
    outer loop
      vertex 22.76706285940773 77.03066675633984 5.2
      vertex 22.882526427001952 78.79230037523644 5.2
      vertex 22.76706285940773 78.76933324366017 5.2
    endloop
  endfacet
  facet normal 0 0 1
    outer loop
      vertex 22.882526427001952 77.00769962476357 5.2
      vertex 23 78.80000000000001 5.2
      vertex 22.882526427001952 78.79230037523644 5.2
    endloop
  endfacet
  facet normal 0.8314696123025253 0.5555702330196322 0
    outer loop
      vertex 22.220577136594006 77.45 5.2
      vertex 22.220577136594006 77.45 15.200000000000001
      vertex 22.285981993737888 77.35211471389216 5.2
    endloop
  endfacet
  facet normal 0.9469301294951026 0.32143946530317025 0
    outer loop
      vertex 22.16850842073984 77.55558491087143 5.2
      vertex 22.13066675633984 77.66706285940774 5.2
      vertex 22.13066675633984 77.66706285940774 15.200000000000001
    endloop
  endfacet
  facet normal 0.8968727415326962 0.44228869021898537 0
    outer loop
      vertex 22.16850842073984 77.55558491087143 5.2
      vertex 22.16850842073984 77.55558491087143 15.200000000000001
      vertex 22.220577136594006 77.45 5.2
    endloop
  endfacet
  facet normal 0.980785280403227 0.19509032201614598 0
    outer loop
      vertex 22.13066675633984 77.66706285940774 5.2
      vertex 22.10769962476357 77.78252642700195 5.2
      vertex 22.10769962476357 77.78252642700195 15.200000000000001
    endloop
  endfacet
  facet normal 0.9978589232386053 0.0654031292301154 0
    outer loop
      vertex 22.1 77.9 5.2
      vertex 22.1 77.9 15.200000000000001
      vertex 22.10769962476357 77.78252642700195 5.2
    endloop
  endfacet
  facet normal 0.9978589232386053 -0.0654031292301154 0
    outer loop
      vertex 22.1 77.9 5.2
      vertex 22.10769962476357 78.01747357299806 5.2
      vertex 22.10769962476357 78.01747357299806 15.200000000000001
    endloop
  endfacet
  facet normal 0.980785280403227 -0.19509032201614598 0
    outer loop
      vertex 22.10769962476357 78.01747357299806 5.2
      vertex 22.13066675633984 78.13293714059228 5.2
      vertex 22.13066675633984 78.13293714059228 15.200000000000001
    endloop
  endfacet
  facet normal 0.9469301294951026 -0.32143946530317025 0
    outer loop
      vertex 22.13066675633984 78.13293714059228 5.2
      vertex 22.16850842073984 78.24441508912858 5.2
      vertex 22.16850842073984 78.24441508912858 15.200000000000001
    endloop
  endfacet
  facet normal 0.8968727415326962 -0.44228869021898537 0
    outer loop
      vertex 22.16850842073984 78.24441508912858 5.2
      vertex 22.220577136594006 78.35000000000001 5.2
      vertex 22.220577136594006 78.35000000000001 15.200000000000001
    endloop
  endfacet
  facet normal 0.8314696123025253 -0.5555702330196322 0
    outer loop
      vertex 22.220577136594006 78.35000000000001 5.2
      vertex 22.285981993737888 78.44788528610785 5.2
      vertex 22.285981993737888 78.44788528610785 15.200000000000001
    endloop
  endfacet
  facet normal 0.555570233019632 0.8314696123025254 0
    outer loop
      vertex 22.45211471389215 77.1859819937379 5.2
      vertex 22.45211471389215 77.1859819937379 15.200000000000001
      vertex 22.55 77.12057713659401 5.2
    endloop
  endfacet
  facet normal 0.44228869021899697 0.8968727415326905 0
    outer loop
      vertex 22.55 77.12057713659401 5.2
      vertex 22.55 77.12057713659401 15.200000000000001
      vertex 22.65558491087142 77.06850842073985 5.2
    endloop
  endfacet
  facet normal 0.32143946530317896 0.9469301294950998 0
    outer loop
      vertex 22.65558491087142 77.06850842073985 5.2
      vertex 22.65558491087142 77.06850842073985 15.200000000000001
      vertex 22.76706285940773 77.03066675633984 5.2
    endloop
  endfacet
  facet normal 0.19509032201611112 0.9807852804032338 0
    outer loop
      vertex 22.882526427001952 77.00769962476357 5.2
      vertex 22.76706285940773 77.03066675633984 5.2
      vertex 22.76706285940773 77.03066675633984 15.200000000000001
    endloop
  endfacet
  facet normal 0.06540312923017746 0.9978589232386013 0
    outer loop
      vertex 22.882526427001952 77.00769962476357 5.2
      vertex 22.882526427001952 77.00769962476357 15.200000000000001
      vertex 23 77 5.2
    endloop
  endfacet
  facet normal 0.7518398074790025 0.6593458151000402 0
    outer loop
      vertex 22.36360389693211 77.26360389693211 5.2
      vertex 22.285981993737888 77.35211471389216 5.2
      vertex 22.285981993737888 77.35211471389216 15.200000000000001
    endloop
  endfacet
  facet normal 0.659345815100051 0.751839807478993 0
    outer loop
      vertex 22.36360389693211 77.26360389693211 5.2
      vertex 22.36360389693211 77.26360389693211 15.200000000000001
      vertex 22.45211471389215 77.1859819937379 5.2
    endloop
  endfacet
  facet normal 0.7518398074790025 -0.6593458151000402 0
    outer loop
      vertex 22.285981993737888 78.44788528610785 5.2
      vertex 22.36360389693211 78.5363961030679 5.2
      vertex 22.36360389693211 78.5363961030679 15.200000000000001
    endloop
  endfacet
  facet normal 0.659345815100051 -0.751839807478993 -3.094414715517331e-17
    outer loop
      vertex 22.36360389693211 78.5363961030679 5.2
      vertex 22.45211471389215 78.61401800626211 5.2
      vertex 22.436130242970137 78.60000000149012 15.200000000000001
    endloop
  endfacet
  facet normal 0.555570233019632 -0.8314696123025254 0
    outer loop
      vertex 22.45211471389215 78.61401800626211 5.2
      vertex 22.55 78.679422863406 5.2
      vertex 22.55 78.679422863406 15.200000000000001
    endloop
  endfacet
  facet normal 0.44228869021899697 -0.8968727415326905 0
    outer loop
      vertex 22.55 78.679422863406 5.2
      vertex 22.65558491087142 78.73149157926017 5.2
      vertex 22.65558491087142 78.73149157926017 15.200000000000001
    endloop
  endfacet
  facet normal 0.32143946530317896 -0.9469301294950998 0
    outer loop
      vertex 22.65558491087142 78.73149157926017 5.2
      vertex 22.76706285940773 78.76933324366017 5.2
      vertex 22.76706285940773 78.76933324366017 15.200000000000001
    endloop
  endfacet
  facet normal 0.19509032201611112 -0.9807852804032338 0
    outer loop
      vertex 22.76706285940773 78.76933324366017 5.2
      vertex 22.882526427001952 78.79230037523644 5.2
      vertex 22.882526427001952 78.79230037523644 15.200000000000001
    endloop
  endfacet
  facet normal 0.06540312923017746 -0.9978589232386013 0
    outer loop
      vertex 22.882526427001952 78.79230037523644 5.2
      vertex 23 78.80000000000001 5.2
      vertex 23 78.80000000000001 15.200000000000001
    endloop
  endfacet
  facet normal 0.8968727415326962 0.44228869021898537 0
    outer loop
      vertex 22.220577136594006 77.45 5.2
      vertex 22.16850842073984 77.55558491087143 15.200000000000001
      vertex 22.220577136594006 77.45 15.200000000000001
    endloop
  endfacet
  facet normal 0.8314696123025253 0.5555702330196322 0
    outer loop
      vertex 22.285981993737888 77.35211471389216 5.2
      vertex 22.220577136594006 77.45 15.200000000000001
      vertex 22.285981993737888 77.35211471389216 15.200000000000001
    endloop
  endfacet
  facet normal 0.9469301294951026 0.32143946530317025 0
    outer loop
      vertex 22.16850842073984 77.55558491087143 5.2
      vertex 22.13066675633984 77.66706285940774 15.200000000000001
      vertex 22.16850842073984 77.55558491087143 15.200000000000001
    endloop
  endfacet
  facet normal 0.980785280403227 0.19509032201614598 0
    outer loop
      vertex 22.13066675633984 77.66706285940774 5.2
      vertex 22.10769962476357 77.78252642700195 15.200000000000001
      vertex 22.13066675633984 77.66706285940774 15.200000000000001
    endloop
  endfacet
  facet normal 0.9978589232386053 0.0654031292301154 0
    outer loop
      vertex 22.10769962476357 77.78252642700195 5.2
      vertex 22.1 77.9 15.200000000000001
      vertex 22.10769962476357 77.78252642700195 15.200000000000001
    endloop
  endfacet
  facet normal 0.9978589232386053 -0.0654031292301154 0
    outer loop
      vertex 22.1 77.9 5.2
      vertex 22.10769962476357 78.01747357299806 15.200000000000001
      vertex 22.1 77.9 15.200000000000001
    endloop
  endfacet
  facet normal 0.980785280403227 -0.19509032201614598 0
    outer loop
      vertex 22.10769962476357 78.01747357299806 5.2
      vertex 22.13066675633984 78.13293714059228 15.200000000000001
      vertex 22.10769962476357 78.01747357299806 15.200000000000001
    endloop
  endfacet
  facet normal 0.9469301294951026 -0.32143946530317025 0
    outer loop
      vertex 22.13066675633984 78.13293714059228 5.2
      vertex 22.16850842073984 78.24441508912858 15.200000000000001
      vertex 22.13066675633984 78.13293714059228 15.200000000000001
    endloop
  endfacet
  facet normal 0.8968727415327081 -0.4422886902189612 0
    outer loop
      vertex 22.16850842073984 78.24441508912858 5.2
      vertex 22.19636479203331 78.30090222217908 15.200000000000001
      vertex 22.16850842073984 78.24441508912858 15.200000000000001
    endloop
  endfacet
  facet normal 0.8968727415326825 -0.4422886902190132 3.6481180857873004e-16
    outer loop
      vertex 22.19636479203331 78.30090222217908 15.200000000000001
      vertex 22.16850842073984 78.24441508912858 5.2
      vertex 22.220577136594006 78.35000000000001 15.200000000000001
    endloop
  endfacet
  facet normal 0.8314696123025253 -0.5555702330196322 0
    outer loop
      vertex 22.220577136594006 78.35000000000001 5.2
      vertex 22.285981993737888 78.44788528610785 15.200000000000001
      vertex 22.220577136594006 78.35000000000001 15.200000000000001
    endloop
  endfacet
  facet normal 0.555570233019632 0.8314696123025254 0
    outer loop
      vertex 22.55 77.12057713659401 5.2
      vertex 22.45211471389215 77.1859819937379 15.200000000000001
      vertex 22.55 77.12057713659401 15.200000000000001
    endloop
  endfacet
  facet normal 0.44228869021899697 0.8968727415326905 0
    outer loop
      vertex 22.65558491087142 77.06850842073985 5.2
      vertex 22.55 77.12057713659401 15.200000000000001
      vertex 22.65558491087142 77.06850842073985 15.200000000000001
    endloop
  endfacet
  facet normal 0.32143946530317896 0.9469301294950998 0
    outer loop
      vertex 22.76706285940773 77.03066675633984 5.2
      vertex 22.65558491087142 77.06850842073985 15.200000000000001
      vertex 22.76706285940773 77.03066675633984 15.200000000000001
    endloop
  endfacet
  facet normal 0.19509032201611112 0.9807852804032338 0
    outer loop
      vertex 22.882526427001952 77.00769962476357 5.2
      vertex 22.76706285940773 77.03066675633984 15.200000000000001
      vertex 22.882526427001952 77.00769962476357 15.200000000000001
    endloop
  endfacet
  facet normal 0.06540312923017746 0.9978589232386013 0
    outer loop
      vertex 23 77 5.2
      vertex 22.882526427001952 77.00769962476357 15.200000000000001
      vertex 23 77 15.200000000000001
    endloop
  endfacet
  facet normal 0.7518398074790025 0.6593458151000402 0
    outer loop
      vertex 22.36360389693211 77.26360389693211 5.2
      vertex 22.285981993737888 77.35211471389216 15.200000000000001
      vertex 22.36360389693211 77.26360389693211 15.200000000000001
    endloop
  endfacet
  facet normal 0.659345815100051 0.751839807478993 0
    outer loop
      vertex 22.45211471389215 77.1859819937379 5.2
      vertex 22.36360389693211 77.26360389693211 15.200000000000001
      vertex 22.45211471389215 77.1859819937379 15.200000000000001
    endloop
  endfacet
  facet normal 0.7518398074790025 -0.6593458151000402 0
    outer loop
      vertex 22.285981993737888 78.44788528610785 5.2
      vertex 22.36360389693211 78.5363961030679 15.200000000000001
      vertex 22.285981993737888 78.44788528610785 15.200000000000001
    endloop
  endfacet
  facet normal 0.6593458151000486 -0.7518398074789953 0
    outer loop
      vertex 22.36360389693211 78.5363961030679 5.2
      vertex 22.436130242970137 78.60000000149012 15.200000000000001
      vertex 22.36360389693211 78.5363961030679 15.200000000000001
    endloop
  endfacet
  facet normal 0.6593458151000618 -0.7518398074789835 0
    outer loop
      vertex 22.45211471389215 78.61401800626211 5.2
      vertex 22.45211471389215 78.61401800626211 15.200000000000001
      vertex 22.436130242970137 78.60000000149012 15.200000000000001
    endloop
  endfacet
  facet normal 0.555570233019632 -0.8314696123025254 0
    outer loop
      vertex 22.45211471389215 78.61401800626211 5.2
      vertex 22.55 78.679422863406 15.200000000000001
      vertex 22.45211471389215 78.61401800626211 15.200000000000001
    endloop
  endfacet
  facet normal 0.44228869021899697 -0.8968727415326905 0
    outer loop
      vertex 22.55 78.679422863406 5.2
      vertex 22.65558491087142 78.73149157926017 15.200000000000001
      vertex 22.55 78.679422863406 15.200000000000001
    endloop
  endfacet
  facet normal 0.32143946530317896 -0.9469301294950998 0
    outer loop
      vertex 22.65558491087142 78.73149157926017 5.2
      vertex 22.76706285940773 78.76933324366017 15.200000000000001
      vertex 22.65558491087142 78.73149157926017 15.200000000000001
    endloop
  endfacet
  facet normal 0.19509032201611112 -0.9807852804032338 0
    outer loop
      vertex 22.76706285940773 78.76933324366017 5.2
      vertex 22.882526427001952 78.79230037523644 15.200000000000001
      vertex 22.76706285940773 78.76933324366017 15.200000000000001
    endloop
  endfacet
  facet normal 0.06540312923017746 -0.9978589232386013 0
    outer loop
      vertex 22.882526427001952 78.79230037523644 5.2
      vertex 23 78.80000000000001 15.200000000000001
      vertex 22.882526427001952 78.79230037523644 15.200000000000001
    endloop
  endfacet
  facet normal 0 0 1
    outer loop
      vertex 23 77 5.2
      vertex 23.117473572998048 77.00769962476357 5.2
      vertex 23.117473572998048 78.79230037523644 5.2
    endloop
  endfacet
  facet normal 0 0 1
    outer loop
      vertex 23.117473572998048 77.00769962476357 5.2
      vertex 23.23293714059227 77.03066675633984 5.2
      vertex 23.23293714059227 78.76933324366017 5.2
    endloop
  endfacet
  facet normal 0 0 1
    outer loop
      vertex 23.23293714059227 77.03066675633984 5.2
      vertex 23.34441508912858 77.06850842073985 5.2
      vertex 23.34441508912858 78.73149157926017 5.2
    endloop
  endfacet
  facet normal 0 0 1
    outer loop
      vertex 23 77 5.2
      vertex 23.117473572998048 78.79230037523644 5.2
      vertex 23 78.80000000000001 5.2
    endloop
  endfacet
  facet normal 0 0 1
    outer loop
      vertex 23.117473572998048 77.00769962476357 5.2
      vertex 23.23293714059227 78.76933324366017 5.2
      vertex 23.117473572998048 78.79230037523644 5.2
    endloop
  endfacet
  facet normal 0 0 1
    outer loop
      vertex 23.23293714059227 77.03066675633984 5.2
      vertex 23.34441508912858 78.73149157926017 5.2
      vertex 23.23293714059227 78.76933324366017 5.2
    endloop
  endfacet
  facet normal 0 0 1
    outer loop
      vertex 23.34441508912858 77.06850842073985 5.2
      vertex 23.45 77.12057713659401 5.2
      vertex 23.45 78.679422863406 5.2
    endloop
  endfacet
  facet normal 0 0 1
    outer loop
      vertex 23.45 77.12057713659401 5.2
      vertex 23.54788528610785 77.1859819937379 5.2
      vertex 23.54788528610785 78.61401800626211 5.2
    endloop
  endfacet
  facet normal 0 0 1
    outer loop
      vertex 23.54788528610785 77.1859819937379 5.2
      vertex 23.63639610306789 77.26360389693211 5.2
      vertex 23.63639610306789 78.5363961030679 5.2
    endloop
  endfacet
  facet normal 0 0 1
    outer loop
      vertex 23.63639610306789 77.26360389693211 5.2
      vertex 23.714018006262112 77.35211471389216 5.2
      vertex 23.714018006262112 78.44788528610785 5.2
    endloop
  endfacet
  facet normal 0 0 1
    outer loop
      vertex 23.45 77.12057713659401 5.2
      vertex 23.54788528610785 78.61401800626211 5.2
      vertex 23.45 78.679422863406 5.2
    endloop
  endfacet
  facet normal 0 0 1
    outer loop
      vertex 23.34441508912858 77.06850842073985 5.2
      vertex 23.45 78.679422863406 5.2
      vertex 23.34441508912858 78.73149157926017 5.2
    endloop
  endfacet
  facet normal 0 0 1
    outer loop
      vertex 23.54788528610785 77.1859819937379 5.2
      vertex 23.63639610306789 78.5363961030679 5.2
      vertex 23.54788528610785 78.61401800626211 5.2
    endloop
  endfacet
  facet normal 0 0 1
    outer loop
      vertex 23.63639610306789 77.26360389693211 5.2
      vertex 23.714018006262112 78.44788528610785 5.2
      vertex 23.63639610306789 78.5363961030679 5.2
    endloop
  endfacet
  facet normal 0 0 1
    outer loop
      vertex 23.714018006262112 77.35211471389216 5.2
      vertex 23.779422863405994 77.45 5.2
      vertex 23.779422863405994 78.35000000000001 5.2
    endloop
  endfacet
  facet normal 0 0 1
    outer loop
      vertex 23.779422863405994 77.45 5.2
      vertex 23.83149157926016 77.55558491087143 5.2
      vertex 23.83149157926016 78.24441508912858 5.2
    endloop
  endfacet
  facet normal 0 0 1
    outer loop
      vertex 23.83149157926016 77.55558491087143 5.2
      vertex 23.86933324366016 77.66706285940774 5.2
      vertex 23.86933324366016 78.13293714059228 5.2
    endloop
  endfacet
  facet normal 0 0 1
    outer loop
      vertex 23.86933324366016 77.66706285940774 5.2
      vertex 23.89230037523643 77.78252642700195 5.2
      vertex 23.89230037523643 78.01747357299806 5.2
    endloop
  endfacet
  facet normal 0 0 1
    outer loop
      vertex 23.714018006262112 77.35211471389216 5.2
      vertex 23.779422863405994 78.35000000000001 5.2
      vertex 23.714018006262112 78.44788528610785 5.2
    endloop
  endfacet
  facet normal 0 0 1
    outer loop
      vertex 23.779422863405994 77.45 5.2
      vertex 23.83149157926016 78.24441508912858 5.2
      vertex 23.779422863405994 78.35000000000001 5.2
    endloop
  endfacet
  facet normal 0 0 1
    outer loop
      vertex 23.83149157926016 77.55558491087143 5.2
      vertex 23.86933324366016 78.13293714059228 5.2
      vertex 23.83149157926016 78.24441508912858 5.2
    endloop
  endfacet
  facet normal 0 0 1
    outer loop
      vertex 23.89230037523643 77.78252642700195 5.2
      vertex 23.9 77.9 5.2
      vertex 23.89230037523643 78.01747357299806 5.2
    endloop
  endfacet
  facet normal 0 0 1
    outer loop
      vertex 23.86933324366016 77.66706285940774 5.2
      vertex 23.89230037523643 78.01747357299806 5.2
      vertex 23.86933324366016 78.13293714059228 5.2
    endloop
  endfacet
  facet normal -0.06540312923017746 0.9978589232386013 0
    outer loop
      vertex 23 77 5.2
      vertex 23 77 15.200000000000001
      vertex 23.117473572998048 77.00769962476357 5.2
    endloop
  endfacet
  facet normal -0.19509032201611112 0.9807852804032338 0
    outer loop
      vertex 23.117473572998048 77.00769962476357 5.2
      vertex 23.117473572998048 77.00769962476357 15.200000000000001
      vertex 23.23293714059227 77.03066675633984 5.2
    endloop
  endfacet
  facet normal -0.32143946530317896 0.9469301294950998 0
    outer loop
      vertex 23.23293714059227 77.03066675633984 5.2
      vertex 23.23293714059227 77.03066675633984 15.200000000000001
      vertex 23.34441508912858 77.06850842073985 5.2
    endloop
  endfacet
  facet normal -0.44228869021899697 0.8968727415326905 0
    outer loop
      vertex 23.34441508912858 77.06850842073985 5.2
      vertex 23.34441508912858 77.06850842073985 15.200000000000001
      vertex 23.45 77.12057713659401 5.2
    endloop
  endfacet
  facet normal -0.555570233019632 0.8314696123025254 0
    outer loop
      vertex 23.45 77.12057713659401 5.2
      vertex 23.45 77.12057713659401 15.200000000000001
      vertex 23.54788528610785 77.1859819937379 5.2
    endloop
  endfacet
  facet normal -0.659345815100051 0.751839807478993 0
    outer loop
      vertex 23.54788528610785 77.1859819937379 5.2
      vertex 23.54788528610785 77.1859819937379 15.200000000000001
      vertex 23.63639610306789 77.26360389693211 5.2
    endloop
  endfacet
  facet normal -0.7518398074790025 0.6593458151000402 0
    outer loop
      vertex 23.63639610306789 77.26360389693211 5.2
      vertex 23.63639610306789 77.26360389693211 15.200000000000001
      vertex 23.714018006262112 77.35211471389216 5.2
    endloop
  endfacet
  facet normal -0.8314696123025253 0.5555702330196322 0
    outer loop
      vertex 23.714018006262112 77.35211471389216 5.2
      vertex 23.714018006262112 77.35211471389216 15.200000000000001
      vertex 23.779422863405994 77.45 5.2
    endloop
  endfacet
  facet normal -0.8968727415326962 0.44228869021898537 0
    outer loop
      vertex 23.779422863405994 77.45 5.2
      vertex 23.779422863405994 77.45 15.200000000000001
      vertex 23.83149157926016 77.55558491087143 5.2
    endloop
  endfacet
  facet normal -0.9469301294951026 0.32143946530317025 0
    outer loop
      vertex 23.83149157926016 77.55558491087143 5.2
      vertex 23.83149157926016 77.55558491087143 15.200000000000001
      vertex 23.86933324366016 77.66706285940774 5.2
    endloop
  endfacet
  facet normal -0.980785280403227 0.19509032201614598 0
    outer loop
      vertex 23.86933324366016 77.66706285940774 5.2
      vertex 23.86933324366016 77.66706285940774 15.200000000000001
      vertex 23.89230037523643 77.78252642700195 5.2
    endloop
  endfacet
  facet normal -0.9978589232386053 0.0654031292301154 0
    outer loop
      vertex 23.89230037523643 77.78252642700195 5.2
      vertex 23.89230037523643 77.78252642700195 15.200000000000001
      vertex 23.9 77.9 5.2
    endloop
  endfacet
  facet normal -0.9978589232386053 -0.0654031292301154 0
    outer loop
      vertex 23.9 77.9 5.2
      vertex 23.9 77.9 15.200000000000001
      vertex 23.89230037523643 78.01747357299806 5.2
    endloop
  endfacet
  facet normal -0.980785280403227 -0.19509032201614598 0
    outer loop
      vertex 23.89230037523643 78.01747357299806 5.2
      vertex 23.89230037523643 78.01747357299806 15.200000000000001
      vertex 23.86933324366016 78.13293714059228 5.2
    endloop
  endfacet
  facet normal -0.8314696123025253 -0.5555702330196322 0
    outer loop
      vertex 23.779422863405994 78.35000000000001 5.2
      vertex 23.779422863405994 78.35000000000001 15.200000000000001
      vertex 23.714018006262112 78.44788528610785 5.2
    endloop
  endfacet
  facet normal -0.8968727415326962 -0.44228869021898537 0
    outer loop
      vertex 23.779422863405994 78.35000000000001 5.2
      vertex 23.83149157926016 78.24441508912858 5.2
      vertex 23.83149157926016 78.24441508912858 15.200000000000001
    endloop
  endfacet
  facet normal -0.9469301294951026 -0.32143946530317025 0
    outer loop
      vertex 23.86933324366016 78.13293714059228 5.2
      vertex 23.86933324366016 78.13293714059228 15.200000000000001
      vertex 23.83149157926016 78.24441508912858 5.2
    endloop
  endfacet
  facet normal -0.06540312923017746 -0.9978589232386013 0
    outer loop
      vertex 23 78.80000000000001 5.2
      vertex 23.117473572998048 78.79230037523644 5.2
      vertex 23.117473572998048 78.79230037523644 15.200000000000001
    endloop
  endfacet
  facet normal -0.19509032201611112 -0.9807852804032338 0
    outer loop
      vertex 23.117473572998048 78.79230037523644 5.2
      vertex 23.23293714059227 78.76933324366017 5.2
      vertex 23.23293714059227 78.76933324366017 15.200000000000001
    endloop
  endfacet
  facet normal -0.32143946530317896 -0.9469301294950998 0
    outer loop
      vertex 23.23293714059227 78.76933324366017 5.2
      vertex 23.34441508912858 78.73149157926017 5.2
      vertex 23.34441508912858 78.73149157926017 15.200000000000001
    endloop
  endfacet
  facet normal -0.44228869021899697 -0.8968727415326905 0
    outer loop
      vertex 23.34441508912858 78.73149157926017 5.2
      vertex 23.45 78.679422863406 5.2
      vertex 23.45 78.679422863406 15.200000000000001
    endloop
  endfacet
  facet normal -0.555570233019632 -0.8314696123025254 0
    outer loop
      vertex 23.45 78.679422863406 5.2
      vertex 23.54788528610785 78.61401800626211 5.2
      vertex 23.54788528610785 78.61401800626211 15.200000000000001
    endloop
  endfacet
  facet normal -0.659345815100051 -0.751839807478993 -3.057576445094506e-17
    outer loop
      vertex 23.54788528610785 78.61401800626211 5.2
      vertex 23.63639610306789 78.5363961030679 5.2
      vertex 23.563869757029863 78.60000000149012 15.200000000000001
    endloop
  endfacet
  facet normal -0.7518398074790025 -0.6593458151000402 0
    outer loop
      vertex 23.714018006262112 78.44788528610785 5.2
      vertex 23.714018006262112 78.44788528610785 15.200000000000001
      vertex 23.63639610306789 78.5363961030679 5.2
    endloop
  endfacet
  facet normal -0.06540312923017746 0.9978589232386013 0
    outer loop
      vertex 23.117473572998048 77.00769962476357 5.2
      vertex 23 77 15.200000000000001
      vertex 23.117473572998048 77.00769962476357 15.200000000000001
    endloop
  endfacet
  facet normal -0.19509032201611112 0.9807852804032338 0
    outer loop
      vertex 23.23293714059227 77.03066675633984 5.2
      vertex 23.117473572998048 77.00769962476357 15.200000000000001
      vertex 23.23293714059227 77.03066675633984 15.200000000000001
    endloop
  endfacet
  facet normal -0.32143946530317896 0.9469301294950998 0
    outer loop
      vertex 23.34441508912858 77.06850842073985 5.2
      vertex 23.23293714059227 77.03066675633984 15.200000000000001
      vertex 23.34441508912858 77.06850842073985 15.200000000000001
    endloop
  endfacet
  facet normal -0.44228869021899697 0.8968727415326905 0
    outer loop
      vertex 23.45 77.12057713659401 5.2
      vertex 23.34441508912858 77.06850842073985 15.200000000000001
      vertex 23.45 77.12057713659401 15.200000000000001
    endloop
  endfacet
  facet normal -0.555570233019632 0.8314696123025254 0
    outer loop
      vertex 23.54788528610785 77.1859819937379 5.2
      vertex 23.45 77.12057713659401 15.200000000000001
      vertex 23.54788528610785 77.1859819937379 15.200000000000001
    endloop
  endfacet
  facet normal -0.659345815100051 0.751839807478993 0
    outer loop
      vertex 23.63639610306789 77.26360389693211 5.2
      vertex 23.54788528610785 77.1859819937379 15.200000000000001
      vertex 23.63639610306789 77.26360389693211 15.200000000000001
    endloop
  endfacet
  facet normal -0.7518398074790025 0.6593458151000402 0
    outer loop
      vertex 23.714018006262112 77.35211471389216 5.2
      vertex 23.63639610306789 77.26360389693211 15.200000000000001
      vertex 23.714018006262112 77.35211471389216 15.200000000000001
    endloop
  endfacet
  facet normal -0.8314696123025253 0.5555702330196322 0
    outer loop
      vertex 23.779422863405994 77.45 5.2
      vertex 23.714018006262112 77.35211471389216 15.200000000000001
      vertex 23.779422863405994 77.45 15.200000000000001
    endloop
  endfacet
  facet normal -0.8968727415326962 0.44228869021898537 0
    outer loop
      vertex 23.83149157926016 77.55558491087143 5.2
      vertex 23.779422863405994 77.45 15.200000000000001
      vertex 23.83149157926016 77.55558491087143 15.200000000000001
    endloop
  endfacet
  facet normal -0.9469301294951026 0.32143946530317025 0
    outer loop
      vertex 23.86933324366016 77.66706285940774 5.2
      vertex 23.83149157926016 77.55558491087143 15.200000000000001
      vertex 23.86933324366016 77.66706285940774 15.200000000000001
    endloop
  endfacet
  facet normal -0.980785280403227 0.19509032201614598 0
    outer loop
      vertex 23.89230037523643 77.78252642700195 5.2
      vertex 23.86933324366016 77.66706285940774 15.200000000000001
      vertex 23.89230037523643 77.78252642700195 15.200000000000001
    endloop
  endfacet
  facet normal -0.9978589232386053 0.0654031292301154 0
    outer loop
      vertex 23.9 77.9 5.2
      vertex 23.89230037523643 77.78252642700195 15.200000000000001
      vertex 23.9 77.9 15.200000000000001
    endloop
  endfacet
  facet normal -0.9978589232386053 -0.0654031292301154 0
    outer loop
      vertex 23.89230037523643 78.01747357299806 5.2
      vertex 23.9 77.9 15.200000000000001
      vertex 23.89230037523643 78.01747357299806 15.200000000000001
    endloop
  endfacet
  facet normal -0.980785280403227 -0.19509032201614598 0
    outer loop
      vertex 23.86933324366016 78.13293714059228 5.2
      vertex 23.89230037523643 78.01747357299806 15.200000000000001
      vertex 23.86933324366016 78.13293714059228 15.200000000000001
    endloop
  endfacet
  facet normal -0.8314696123025253 -0.5555702330196322 0
    outer loop
      vertex 23.714018006262112 78.44788528610785 5.2
      vertex 23.779422863405994 78.35000000000001 15.200000000000001
      vertex 23.714018006262112 78.44788528610785 15.200000000000001
    endloop
  endfacet
  facet normal -0.8968727415326962 -0.44228869021898537 0
    outer loop
      vertex 23.779422863405994 78.35000000000001 5.2
      vertex 23.83149157926016 78.24441508912858 15.200000000000001
      vertex 23.779422863405994 78.35000000000001 15.200000000000001
    endloop
  endfacet
  facet normal -0.9469301294951026 -0.32143946530317025 0
    outer loop
      vertex 23.83149157926016 78.24441508912858 5.2
      vertex 23.86933324366016 78.13293714059228 15.200000000000001
      vertex 23.83149157926016 78.24441508912858 15.200000000000001
    endloop
  endfacet
  facet normal -0.19509032201611112 -0.9807852804032338 0
    outer loop
      vertex 23.117473572998048 78.79230037523644 5.2
      vertex 23.23293714059227 78.76933324366017 15.200000000000001
      vertex 23.117473572998048 78.79230037523644 15.200000000000001
    endloop
  endfacet
  facet normal -0.06540312923017746 -0.9978589232386013 0
    outer loop
      vertex 23 78.80000000000001 5.2
      vertex 23.117473572998048 78.79230037523644 15.200000000000001
      vertex 23 78.80000000000001 15.200000000000001
    endloop
  endfacet
  facet normal -0.32143946530317896 -0.9469301294950998 0
    outer loop
      vertex 23.23293714059227 78.76933324366017 5.2
      vertex 23.34441508912858 78.73149157926017 15.200000000000001
      vertex 23.23293714059227 78.76933324366017 15.200000000000001
    endloop
  endfacet
  facet normal -0.44228869021899697 -0.8968727415326905 0
    outer loop
      vertex 23.34441508912858 78.73149157926017 5.2
      vertex 23.45 78.679422863406 15.200000000000001
      vertex 23.34441508912858 78.73149157926017 15.200000000000001
    endloop
  endfacet
  facet normal -0.555570233019632 -0.8314696123025254 0
    outer loop
      vertex 23.45 78.679422863406 5.2
      vertex 23.54788528610785 78.61401800626211 15.200000000000001
      vertex 23.45 78.679422863406 15.200000000000001
    endloop
  endfacet
  facet normal -0.6593458151000618 -0.7518398074789835 0
    outer loop
      vertex 23.54788528610785 78.61401800626211 5.2
      vertex 23.563869757029863 78.60000000149012 15.200000000000001
      vertex 23.54788528610785 78.61401800626211 15.200000000000001
    endloop
  endfacet
  facet normal -0.6593458151000486 -0.7518398074789953 0
    outer loop
      vertex 23.63639610306789 78.5363961030679 5.2
      vertex 23.63639610306789 78.5363961030679 15.200000000000001
      vertex 23.563869757029863 78.60000000149012 15.200000000000001
    endloop
  endfacet
  facet normal -0.7518398074790025 -0.6593458151000402 0
    outer loop
      vertex 23.63639610306789 78.5363961030679 5.2
      vertex 23.714018006262112 78.44788528610785 15.200000000000001
      vertex 23.63639610306789 78.5363961030679 15.200000000000001
    endloop
  endfacet
  facet normal 0.8314696123025455 0.555570233019602 0
    outer loop
      vertex 3.5358983848622456 5 0.8
      vertex 3.8265866388350593 4.564954283965117 0
      vertex 3.5358983848622456 5 0
    endloop
  endfacet
  facet normal 0.7518398074789769 0.6593458151000694 0
    outer loop
      vertex 3.8265866388350593 4.564954283965117 0.8
      vertex 4.17157287525381 4.17157287525381 0
      vertex 3.8265866388350593 4.564954283965117 0
    endloop
  endfacet
  facet normal 0.6593458151000694 0.7518398074789769 0
    outer loop
      vertex 4.17157287525381 4.17157287525381 0.8
      vertex 4.564954283965117 3.8265866388350593 0
      vertex 4.17157287525381 4.17157287525381 0
    endloop
  endfacet
  facet normal 0.8314696123025455 0.555570233019602 0
    outer loop
      vertex 3.5358983848622456 5 0.8
      vertex 3.8265866388350593 4.564954283965117 0.8
      vertex 3.8265866388350593 4.564954283965117 0
    endloop
  endfacet
  facet normal 0.7518398074789769 0.6593458151000694 0
    outer loop
      vertex 4.17157287525381 4.17157287525381 0.8
      vertex 4.17157287525381 4.17157287525381 0
      vertex 3.8265866388350593 4.564954283965117 0.8
    endloop
  endfacet
  facet normal 0.555570233019602 0.8314696123025455 0
    outer loop
      vertex 4.564954283965117 3.8265866388350593 0.8
      vertex 5 3.5358983848622456 0
      vertex 4.564954283965117 3.8265866388350593 0
    endloop
  endfacet
  facet normal 0.44228869021900163 0.896872741532688 0
    outer loop
      vertex 5 3.5358983848622456 0.8
      vertex 5.469266270539641 3.304481869954853 0
      vertex 5 3.5358983848622456 0
    endloop
  endfacet
  facet normal 0.32143946530316164 0.9469301294951056 0
    outer loop
      vertex 5.469266270539641 3.304481869954853 0.8
      vertex 5.964723819589917 3.1362966948437268 0
      vertex 5.469266270539641 3.304481869954853 0
    endloop
  endfacet
  facet normal 0.555570233019602 0.8314696123025455 0
    outer loop
      vertex 4.564954283965117 3.8265866388350593 0.8
      vertex 5 3.5358983848622456 0.8
      vertex 5 3.5358983848622456 0
    endloop
  endfacet
  facet normal 0.6593458151000694 0.7518398074789769 0
    outer loop
      vertex 4.17157287525381 4.17157287525381 0.8
      vertex 4.564954283965117 3.8265866388350593 0.8
      vertex 4.564954283965117 3.8265866388350593 0
    endloop
  endfacet
  facet normal 0.44228869021900163 0.896872741532688 0
    outer loop
      vertex 5 3.5358983848622456 0.8
      vertex 5.469266270539641 3.304481869954853 0.8
      vertex 5.469266270539641 3.304481869954853 0
    endloop
  endfacet
  facet normal 0.9469301294951056 0.32143946530316164 0
    outer loop
      vertex 3.1362966948437268 5.964723819589917 0.8
      vertex 3.304481869954853 5.469266270539641 0
      vertex 3.1362966948437268 5.964723819589917 0
    endloop
  endfacet
  facet normal 0.9807852804032305 0.1950903220161279 0
    outer loop
      vertex 3.0342205545047585 6.477895231119794 0.8
      vertex 3.1362966948437268 5.964723819589917 0
      vertex 3.0342205545047585 6.477895231119794 0
    endloop
  endfacet
  facet normal 0.896872741532688 0.44228869021900163 0
    outer loop
      vertex 3.304481869954853 5.469266270539641 0.8
      vertex 3.5358983848622456 5 0
      vertex 3.304481869954853 5.469266270539641 0
    endloop
  endfacet
  facet normal 0.9978589232386036 0.0654031292301433 0
    outer loop
      vertex 3 7 0.8
      vertex 3.0342205545047585 6.477895231119794 0
      vertex 3 7 0
    endloop
  endfacet
  facet normal 0.9978589232386036 -0.0654031292301433 0
    outer loop
      vertex 3.0342205545047585 7.522104768880206 0.8
      vertex 3 7 0
      vertex 3.0342205545047585 7.522104768880206 0
    endloop
  endfacet
  facet normal 0.9807852804032305 0.1950903220161279 0
    outer loop
      vertex 3.1362966948437268 5.964723819589917 0.8
      vertex 3.1362966948437268 5.964723819589917 0
      vertex 3.0342205545047585 6.477895231119794 0.8
    endloop
  endfacet
  facet normal 0.9469301294951056 0.32143946530316164 0
    outer loop
      vertex 3.304481869954853 5.469266270539641 0.8
      vertex 3.304481869954853 5.469266270539641 0
      vertex 3.1362966948437268 5.964723819589917 0.8
    endloop
  endfacet
  facet normal 0.896872741532688 0.44228869021900163 0
    outer loop
      vertex 3.5358983848622456 5 0.8
      vertex 3.5358983848622456 5 0
      vertex 3.304481869954853 5.469266270539641 0.8
    endloop
  endfacet
  facet normal 0.9978589232386036 0.0654031292301433 0
    outer loop
      vertex 3.0342205545047585 6.477895231119794 0.8
      vertex 3.0342205545047585 6.477895231119794 0
      vertex 3 7 0.8
    endloop
  endfacet
  facet normal 0.9978589232386036 -0.0654031292301433 0
    outer loop
      vertex 3 7 0.8
      vertex 3 7 0
      vertex 3.0342205545047585 7.522104768880206 0.8
    endloop
  endfacet
  facet normal 0 0 -1
    outer loop
      vertex 3.304481869954853 5.469266270539641 0.8
      vertex 3.1362966948437268 5.964723819589917 0.8
      vertex 3.1362966948437268 8.035276180410083 0.8
    endloop
  endfacet
  facet normal 0 0 -1
    outer loop
      vertex 3.1362966948437268 5.964723819589917 0.8
      vertex 3.0342205545047585 6.477895231119794 0.8
      vertex 3.0342205545047585 7.522104768880206 0.8
    endloop
  endfacet
  facet normal 0 0 -1
    outer loop
      vertex 3.0342205545047585 6.477895231119794 0.8
      vertex 3 7 0.8
      vertex 3.0342205545047585 7.522104768880206 0.8
    endloop
  endfacet
  facet normal 0 0 -1
    outer loop
      vertex 3.1362966948437268 5.964723819589917 0.8
      vertex 3.0342205545047585 7.522104768880206 0.8
      vertex 3.1362966948437268 8.035276180410083 0.8
    endloop
  endfacet
  facet normal 0 0 -1
    outer loop
      vertex 3.5358983848622456 5 0.8
      vertex 3.304481869954853 5.469266270539641 0.8
      vertex 3.304481869954853 8.530733729460358 0.8
    endloop
  endfacet
  facet normal 0 0 -1
    outer loop
      vertex 3.304481869954853 5.469266270539641 0.8
      vertex 3.1362966948437268 8.035276180410083 0.8
      vertex 3.304481869954853 8.530733729460358 0.8
    endloop
  endfacet
  facet normal 0 0 -1
    outer loop
      vertex 3.5358983848622456 5 0.8
      vertex 3.304481869954853 8.530733729460358 0.8
      vertex 3.5358983848622456 9 0.8
    endloop
  endfacet
  facet normal 0 0 -1
    outer loop
      vertex 3.5358983848622456 5 0.8
      vertex 3.5358983848622456 9 0.8
      vertex 3.8265866388350593 4.564954283965117 0.8
    endloop
  endfacet
  facet normal 0 0 -1
    outer loop
      vertex 4.17157287525381 4.17157287525381 0.8
      vertex 3.8265866388350593 4.564954283965117 0.8
      vertex 3.8265866388350593 9.435045716034882 0.8
    endloop
  endfacet
  facet normal 0 0 -1
    outer loop
      vertex 4.17157287525381 4.17157287525381 0.8
      vertex 4.17157287525381 9.82842712474619 0.8
      vertex 4.564954283965117 3.8265866388350593 0.8
    endloop
  endfacet
  facet normal 0.9807852804032305 -0.1950903220161279 0
    outer loop
      vertex 3.1362966948437268 8.035276180410083 0.8
      vertex 3.0342205545047585 7.522104768880206 0
      vertex 3.1362966948437268 8.035276180410083 0
    endloop
  endfacet
  facet normal 0.9469301294951055 -0.3214394653031622 0
    outer loop
      vertex 3.304481869954853 8.530733729460358 0.8
      vertex 3.1362966948437268 8.035276180410083 0
      vertex 3.304481869954853 8.530733729460358 0
    endloop
  endfacet
  facet normal 0.8968727415326885 -0.442288690219001 0
    outer loop
      vertex 3.5358983848622456 9 0.8
      vertex 3.304481869954853 8.530733729460358 0
      vertex 3.5358983848622456 9 0
    endloop
  endfacet
  facet normal 0.831469612302545 -0.5555702330196027 0
    outer loop
      vertex 3.8265866388350593 9.435045716034882 0.8
      vertex 3.5358983848622456 9 0
      vertex 3.8265866388350593 9.435045716034882 0
    endloop
  endfacet
  facet normal 0.7518398074789776 -0.6593458151000685 0
    outer loop
      vertex 4.17157287525381 9.82842712474619 0.8
      vertex 3.8265866388350593 9.435045716034882 0
      vertex 4.17157287525381 9.82842712474619 0
    endloop
  endfacet
  facet normal 0.9807852804032305 -0.1950903220161279 0
    outer loop
      vertex 3.0342205545047585 7.522104768880206 0.8
      vertex 3.0342205545047585 7.522104768880206 0
      vertex 3.1362966948437268 8.035276180410083 0.8
    endloop
  endfacet
  facet normal 0.9469301294951055 -0.3214394653031622 0
    outer loop
      vertex 3.1362966948437268 8.035276180410083 0.8
      vertex 3.1362966948437268 8.035276180410083 0
      vertex 3.304481869954853 8.530733729460358 0.8
    endloop
  endfacet
  facet normal 0.8968727415326885 -0.442288690219001 0
    outer loop
      vertex 3.304481869954853 8.530733729460358 0.8
      vertex 3.304481869954853 8.530733729460358 0
      vertex 3.5358983848622456 9 0.8
    endloop
  endfacet
  facet normal 0 0 -1
    outer loop
      vertex 3.8265866388350593 4.564954283965117 0.8
      vertex 3.5358983848622456 9 0.8
      vertex 3.8265866388350593 9.435045716034882 0.8
    endloop
  endfacet
  facet normal 0 0 -1
    outer loop
      vertex 4.17157287525381 4.17157287525381 0.8
      vertex 3.8265866388350593 9.435045716034882 0.8
      vertex 4.17157287525381 9.82842712474619 0.8
    endloop
  endfacet
  facet normal 0.831469612302545 -0.5555702330196027 0
    outer loop
      vertex 3.5358983848622456 9 0.8
      vertex 3.5358983848622456 9 0
      vertex 3.8265866388350593 9.435045716034882 0.8
    endloop
  endfacet
  facet normal 0.7518398074789776 -0.6593458151000685 0
    outer loop
      vertex 3.8265866388350593 9.435045716034882 0.8
      vertex 3.8265866388350593 9.435045716034882 0
      vertex 4.17157287525381 9.82842712474619 0.8
    endloop
  endfacet
  facet normal 0.6593458151000685 -0.7518398074789777 0
    outer loop
      vertex 4.17157287525381 9.82842712474619 0.8
      vertex 4.17157287525381 9.82842712474619 0
      vertex 4.564954283965117 10.17341336116494 0.8
    endloop
  endfacet
  facet normal 0 0 -1
    outer loop
      vertex 4.564954283965117 3.8265866388350593 0.8
      vertex 4.564954283965117 10.17341336116494 0.8
      vertex 5 3.5358983848622456 0.8
    endloop
  endfacet
  facet normal 0 0 -1
    outer loop
      vertex 5 3.5358983848622456 0.8
      vertex 5 10.464101615137753 0.8
      vertex 5.469266270539641 3.304481869954853 0.8
    endloop
  endfacet
  facet normal 0 0 -1
    outer loop
      vertex 5.469266270539641 3.304481869954853 0.8
      vertex 5.469266270539641 10.695518130045148 0.8
      vertex 5.964723819589917 3.1362966948437268 0.8
    endloop
  endfacet
  facet normal 0.6593458151000685 -0.7518398074789777 0
    outer loop
      vertex 4.564954283965117 10.17341336116494 0.8
      vertex 4.17157287525381 9.82842712474619 0
      vertex 4.564954283965117 10.17341336116494 0
    endloop
  endfacet
  facet normal 0 0 -1
    outer loop
      vertex 4.564954283965117 3.8265866388350593 0.8
      vertex 4.17157287525381 9.82842712474619 0.8
      vertex 4.564954283965117 10.17341336116494 0.8
    endloop
  endfacet
  facet normal 0 0 -1
    outer loop
      vertex 5 3.5358983848622456 0.8
      vertex 4.564954283965117 10.17341336116494 0.8
      vertex 5 10.464101615137753 0.8
    endloop
  endfacet
  facet normal 0 0 -1
    outer loop
      vertex 5.469266270539641 3.304481869954853 0.8
      vertex 5 10.464101615137753 0.8
      vertex 5.469266270539641 10.695518130045148 0.8
    endloop
  endfacet
  facet normal 0.555570233019602 -0.8314696123025455 0
    outer loop
      vertex 5 10.464101615137753 0.8
      vertex 4.564954283965117 10.17341336116494 0
      vertex 5 10.464101615137753 0
    endloop
  endfacet
  facet normal 0.4422886902190044 -0.8968727415326868 0
    outer loop
      vertex 5.469266270539641 10.695518130045148 0.8
      vertex 5 10.464101615137753 0
      vertex 5.469266270539641 10.695518130045148 0
    endloop
  endfacet
  facet normal 0.555570233019602 -0.8314696123025455 0
    outer loop
      vertex 4.564954283965117 10.17341336116494 0.8
      vertex 4.564954283965117 10.17341336116494 0
      vertex 5 10.464101615137753 0.8
    endloop
  endfacet
  facet normal 0.4422886902190044 -0.8968727415326868 0
    outer loop
      vertex 5 10.464101615137753 0.8
      vertex 5 10.464101615137753 0
      vertex 5.469266270539641 10.695518130045148 0.8
    endloop
  endfacet
  facet normal 0.3214394653031594 -0.9469301294951065 0
    outer loop
      vertex 5.469266270539641 10.695518130045148 0.8
      vertex 5.469266270539641 10.695518130045148 0
      vertex 5.964723819589917 10.863703305156273 0.8
    endloop
  endfacet
  facet normal 0.1950903220161279 0.9807852804032305 0
    outer loop
      vertex 5.964723819589917 3.1362966948437268 0.8
      vertex 6.477895231119794 3.0342205545047585 0
      vertex 5.964723819589917 3.1362966948437268 0
    endloop
  endfacet
  facet normal 0.0654031292301433 0.9978589232386036 0
    outer loop
      vertex 6.477895231119794 3.0342205545047585 0.8
      vertex 7 3 0
      vertex 6.477895231119794 3.0342205545047585 0
    endloop
  endfacet
  facet normal -0.0654031292301433 0.9978589232386036 0
    outer loop
      vertex 7 3 0.8
      vertex 7.522104768880206 3.0342205545047585 0
      vertex 7 3 0
    endloop
  endfacet
  facet normal 0.32143946530316164 0.9469301294951056 0
    outer loop
      vertex 5.469266270539641 3.304481869954853 0.8
      vertex 5.964723819589917 3.1362966948437268 0.8
      vertex 5.964723819589917 3.1362966948437268 0
    endloop
  endfacet
  facet normal 0.1950903220161279 0.9807852804032305 0
    outer loop
      vertex 5.964723819589917 3.1362966948437268 0.8
      vertex 6.477895231119794 3.0342205545047585 0.8
      vertex 6.477895231119794 3.0342205545047585 0
    endloop
  endfacet
  facet normal 0.0654031292301433 0.9978589232386036 0
    outer loop
      vertex 6.477895231119794 3.0342205545047585 0.8
      vertex 7 3 0.8
      vertex 7 3 0
    endloop
  endfacet
  facet normal -0.1950903220161279 0.9807852804032305 0
    outer loop
      vertex 7.522104768880206 3.0342205545047585 0.8
      vertex 8.035276180410083 3.1362966948437268 0
      vertex 7.522104768880206 3.0342205545047585 0
    endloop
  endfacet
  facet normal -0.3214394653031622 0.9469301294951055 0
    outer loop
      vertex 8.035276180410083 3.1362966948437268 0.8
      vertex 8.530733729460358 3.304481869954853 0
      vertex 8.035276180410083 3.1362966948437268 0
    endloop
  endfacet
  facet normal -0.0654031292301433 0.9978589232386036 0
    outer loop
      vertex 7 3 0.8
      vertex 7.522104768880206 3.0342205545047585 0.8
      vertex 7.522104768880206 3.0342205545047585 0
    endloop
  endfacet
  facet normal -0.1950903220161279 0.9807852804032305 0
    outer loop
      vertex 7.522104768880206 3.0342205545047585 0.8
      vertex 8.035276180410083 3.1362966948437268 0.8
      vertex 8.035276180410083 3.1362966948437268 0
    endloop
  endfacet
  facet normal -0.3214394653031622 0.9469301294951055 0
    outer loop
      vertex 8.035276180410083 3.1362966948437268 0.8
      vertex 8.530733729460358 3.304481869954853 0.8
      vertex 8.530733729460358 3.304481869954853 0
    endloop
  endfacet
  facet normal 0 0 -1
    outer loop
      vertex 5.964723819589917 3.1362966948437268 0.8
      vertex 5.964723819589917 10.863703305156273 0.8
      vertex 6.477895231119794 3.0342205545047585 0.8
    endloop
  endfacet
  facet normal 0 0 -1
    outer loop
      vertex 6.477895231119794 3.0342205545047585 0.8
      vertex 6.477895231119794 10.965779445495242 0.8
      vertex 7 3 0.8
    endloop
  endfacet
  facet normal 0 0 -1
    outer loop
      vertex 7 3 0.8
      vertex 7 11 0.8
      vertex 7.522104768880206 3.0342205545047585 0.8
    endloop
  endfacet
  facet normal 0 0 -1
    outer loop
      vertex 5.469266270539641 10.695518130045148 0.8
      vertex 5.964723819589917 10.863703305156273 0.8
      vertex 5.964723819589917 3.1362966948437268 0.8
    endloop
  endfacet
  facet normal 0 0 -1
    outer loop
      vertex 6.477895231119794 3.0342205545047585 0.8
      vertex 5.964723819589917 10.863703305156273 0.8
      vertex 6.477895231119794 10.965779445495242 0.8
    endloop
  endfacet
  facet normal 0 0 -1
    outer loop
      vertex 7 3 0.8
      vertex 6.477895231119794 10.965779445495242 0.8
      vertex 7 11 0.8
    endloop
  endfacet
  facet normal 0 0 -1
    outer loop
      vertex 7.522104768880206 3.0342205545047585 0.8
      vertex 7.522104768880206 10.965779445495242 0.8
      vertex 8.035276180410083 3.1362966948437268 0.8
    endloop
  endfacet
  facet normal 0 0 -1
    outer loop
      vertex 8.035276180410083 3.1362966948437268 0.8
      vertex 8.035276180410083 10.863703305156273 0.8
      vertex 8.530733729460358 3.304481869954853 0.8
    endloop
  endfacet
  facet normal 0 0 -1
    outer loop
      vertex 7.522104768880206 3.0342205545047585 0.8
      vertex 7 11 0.8
      vertex 7.522104768880206 10.965779445495242 0.8
    endloop
  endfacet
  facet normal 0 0 -1
    outer loop
      vertex 7.522104768880206 10.965779445495242 0.8
      vertex 8.035276180410083 10.863703305156273 0.8
      vertex 8.035276180410083 3.1362966948437268 0.8
    endloop
  endfacet
  facet normal 0 0 -1
    outer loop
      vertex 8.530733729460358 3.304481869954853 0.8
      vertex 8.035276180410083 10.863703305156273 0.8
      vertex 8.530733729460358 10.695518130045148 0.8
    endloop
  endfacet
  facet normal -0.442288690219001 0.8968727415326885 0
    outer loop
      vertex 8.530733729460358 3.304481869954853 0.8
      vertex 9 3.5358983848622456 0
      vertex 8.530733729460358 3.304481869954853 0
    endloop
  endfacet
  facet normal -0.5555702330196027 0.831469612302545 0
    outer loop
      vertex 9 3.5358983848622456 0.8
      vertex 9.435045716034882 3.8265866388350593 0
      vertex 9 3.5358983848622456 0
    endloop
  endfacet
  facet normal -0.6593458151000685 0.7518398074789776 0
    outer loop
      vertex 9.435045716034882 3.8265866388350593 0.8
      vertex 9.82842712474619 4.17157287525381 0
      vertex 9.435045716034882 3.8265866388350593 0
    endloop
  endfacet
  facet normal -0.7518398074789777 0.6593458151000685 0
    outer loop
      vertex 9.82842712474619 4.17157287525381 0.8
      vertex 10.17341336116494 4.564954283965117 0
      vertex 9.82842712474619 4.17157287525381 0
    endloop
  endfacet
  facet normal -0.442288690219001 0.8968727415326885 0
    outer loop
      vertex 8.530733729460358 3.304481869954853 0.8
      vertex 9 3.5358983848622456 0.8
      vertex 9 3.5358983848622456 0
    endloop
  endfacet
  facet normal -0.5555702330196027 0.831469612302545 0
    outer loop
      vertex 9 3.5358983848622456 0.8
      vertex 9.435045716034882 3.8265866388350593 0.8
      vertex 9.435045716034882 3.8265866388350593 0
    endloop
  endfacet
  facet normal -0.6593458151000685 0.7518398074789776 0
    outer loop
      vertex 9.435045716034882 3.8265866388350593 0.8
      vertex 9.82842712474619 4.17157287525381 0.8
      vertex 9.82842712474619 4.17157287525381 0
    endloop
  endfacet
  facet normal -0.7518398074789777 0.6593458151000685 0
    outer loop
      vertex 9.82842712474619 4.17157287525381 0.8
      vertex 10.17341336116494 4.564954283965117 0.8
      vertex 10.17341336116494 4.564954283965117 0
    endloop
  endfacet
  facet normal -0.8314696123025455 0.555570233019602 0
    outer loop
      vertex 10.17341336116494 4.564954283965117 0.8
      vertex 10.464101615137753 5 0
      vertex 10.17341336116494 4.564954283965117 0
    endloop
  endfacet
  facet normal -0.8314696123025455 0.555570233019602 0
    outer loop
      vertex 10.17341336116494 4.564954283965117 0.8
      vertex 10.464101615137753 5 0.8
      vertex 10.464101615137753 5 0
    endloop
  endfacet
  facet normal 0 0 -1
    outer loop
      vertex 8.530733729460358 3.304481869954853 0.8
      vertex 8.530733729460358 10.695518130045148 0.8
      vertex 9 3.5358983848622456 0.8
    endloop
  endfacet
  facet normal 0 0 -1
    outer loop
      vertex 9 3.5358983848622456 0.8
      vertex 9 10.464101615137753 0.8
      vertex 9.435045716034882 3.8265866388350593 0.8
    endloop
  endfacet
  facet normal 0 0 -1
    outer loop
      vertex 9.435045716034882 3.8265866388350593 0.8
      vertex 9.435045716034882 10.17341336116494 0.8
      vertex 9.82842712474619 4.17157287525381 0.8
    endloop
  endfacet
  facet normal 0 0 -1
    outer loop
      vertex 9.82842712474619 4.17157287525381 0.8
      vertex 9.82842712474619 9.82842712474619 0.8
      vertex 10.17341336116494 4.564954283965117 0.8
    endloop
  endfacet
  facet normal -0.6593458151000677 -0.7518398074789785 0
    outer loop
      vertex 9.82842712474619 9.82842712474619 0.8
      vertex 9.435045716034882 10.17341336116494 0
      vertex 9.82842712474619 9.82842712474619 0
    endloop
  endfacet
  facet normal -0.7518398074789785 -0.6593458151000677 0
    outer loop
      vertex 10.17341336116494 9.435045716034882 0.8
      vertex 9.82842712474619 9.82842712474619 0
      vertex 10.17341336116494 9.435045716034882 0
    endloop
  endfacet
  facet normal 0 0 -1
    outer loop
      vertex 9 3.5358983848622456 0.8
      vertex 8.530733729460358 10.695518130045148 0.8
      vertex 9 10.464101615137753 0.8
    endloop
  endfacet
  facet normal 0 0 -1
    outer loop
      vertex 9.435045716034882 3.8265866388350593 0.8
      vertex 9 10.464101615137753 0.8
      vertex 9.435045716034882 10.17341336116494 0.8
    endloop
  endfacet
  facet normal 0 0 -1
    outer loop
      vertex 9.82842712474619 4.17157287525381 0.8
      vertex 9.435045716034882 10.17341336116494 0.8
      vertex 9.82842712474619 9.82842712474619 0.8
    endloop
  endfacet
  facet normal 0 0 -1
    outer loop
      vertex 10.17341336116494 4.564954283965117 0.8
      vertex 9.82842712474619 9.82842712474619 0.8
      vertex 10.17341336116494 9.435045716034882 0.8
    endloop
  endfacet
  facet normal -0.6593458151000677 -0.7518398074789785 0
    outer loop
      vertex 9.82842712474619 9.82842712474619 0.8
      vertex 9.435045716034882 10.17341336116494 0.8
      vertex 9.435045716034882 10.17341336116494 0
    endloop
  endfacet
  facet normal -0.7518398074789785 -0.6593458151000677 0
    outer loop
      vertex 9.82842712474619 9.82842712474619 0.8
      vertex 9.82842712474619 9.82842712474619 0
      vertex 10.17341336116494 9.435045716034882 0.8
    endloop
  endfacet
  facet normal -0.8968727415326868 0.4422886902190044 0
    outer loop
      vertex 10.464101615137753 5 0.8
      vertex 10.695518130045148 5.469266270539641 0
      vertex 10.464101615137753 5 0
    endloop
  endfacet
  facet normal -0.9469301294951065 0.3214394653031594 0
    outer loop
      vertex 10.695518130045148 5.469266270539641 0.8
      vertex 10.863703305156273 5.964723819589917 0
      vertex 10.695518130045148 5.469266270539641 0
    endloop
  endfacet
  facet normal -0.9807852804032301 0.1950903220161295 0
    outer loop
      vertex 10.863703305156273 5.964723819589917 0.8
      vertex 10.965779445495242 6.477895231119794 0
      vertex 10.863703305156273 5.964723819589917 0
    endloop
  endfacet
  facet normal -0.9978589232386036 0.06540312923014245 0
    outer loop
      vertex 10.965779445495242 6.477895231119794 0.8
      vertex 11 7 0
      vertex 10.965779445495242 6.477895231119794 0
    endloop
  endfacet
  facet normal -0.9978589232386036 -0.06540312923014245 0
    outer loop
      vertex 11 7 0.8
      vertex 10.965779445495242 7.522104768880206 0
      vertex 11 7 0
    endloop
  endfacet
  facet normal -0.8968727415326868 0.4422886902190044 0
    outer loop
      vertex 10.464101615137753 5 0.8
      vertex 10.695518130045148 5.469266270539641 0.8
      vertex 10.695518130045148 5.469266270539641 0
    endloop
  endfacet
  facet normal 0 0 -1
    outer loop
      vertex 10.17341336116494 4.564954283965117 0.8
      vertex 10.17341336116494 9.435045716034882 0.8
      vertex 10.464101615137753 5 0.8
    endloop
  endfacet
  facet normal 0 0 -1
    outer loop
      vertex 10.464101615137753 5 0.8
      vertex 10.464101615137753 9 0.8
      vertex 10.695518130045148 5.469266270539641 0.8
    endloop
  endfacet
  facet normal 0 0 -1
    outer loop
      vertex 10.695518130045148 5.469266270539641 0.8
      vertex 10.695518130045148 8.530733729460358 0.8
      vertex 10.863703305156273 5.964723819589917 0.8
    endloop
  endfacet
  facet normal -0.9469301294951065 0.3214394653031594 0
    outer loop
      vertex 10.695518130045148 5.469266270539641 0.8
      vertex 10.863703305156273 5.964723819589917 0.8
      vertex 10.863703305156273 5.964723819589917 0
    endloop
  endfacet
  facet normal -0.9807852804032301 0.1950903220161295 0
    outer loop
      vertex 10.863703305156273 5.964723819589917 0.8
      vertex 10.965779445495242 6.477895231119794 0.8
      vertex 10.965779445495242 6.477895231119794 0
    endloop
  endfacet
  facet normal -0.9978589232386036 0.06540312923014245 0
    outer loop
      vertex 10.965779445495242 6.477895231119794 0.8
      vertex 11 7 0.8
      vertex 11 7 0
    endloop
  endfacet
  facet normal -0.9978589232386036 -0.06540312923014245 0
    outer loop
      vertex 11 7 0.8
      vertex 10.965779445495242 7.522104768880206 0.8
      vertex 10.965779445495242 7.522104768880206 0
    endloop
  endfacet
  facet normal 0 0 -1
    outer loop
      vertex 10.863703305156273 5.964723819589917 0.8
      vertex 10.863703305156273 8.035276180410083 0.8
      vertex 10.965779445495242 6.477895231119794 0.8
    endloop
  endfacet
  facet normal 0 0 -1
    outer loop
      vertex 10.863703305156273 5.964723819589917 0.8
      vertex 10.695518130045148 8.530733729460358 0.8
      vertex 10.863703305156273 8.035276180410083 0.8
    endloop
  endfacet
  facet normal 0 0 -1
    outer loop
      vertex 10.965779445495242 6.477895231119794 0.8
      vertex 10.863703305156273 8.035276180410083 0.8
      vertex 10.965779445495242 7.522104768880206 0.8
    endloop
  endfacet
  facet normal 0 0 -1
    outer loop
      vertex 10.965779445495242 6.477895231119794 0.8
      vertex 10.965779445495242 7.522104768880206 0.8
      vertex 11 7 0.8
    endloop
  endfacet
  facet normal -0.896872741532687 -0.4422886902190037 0
    outer loop
      vertex 10.695518130045148 8.530733729460358 0.8
      vertex 10.464101615137753 9 0
      vertex 10.695518130045148 8.530733729460358 0
    endloop
  endfacet
  facet normal -0.831469612302545 -0.5555702330196027 0
    outer loop
      vertex 10.464101615137753 9 0.8
      vertex 10.17341336116494 9.435045716034882 0
      vertex 10.464101615137753 9 0
    endloop
  endfacet
  facet normal -0.9807852804032301 -0.1950903220161295 0
    outer loop
      vertex 10.965779445495242 7.522104768880206 0.8
      vertex 10.863703305156273 8.035276180410083 0
      vertex 10.965779445495242 7.522104768880206 0
    endloop
  endfacet
  facet normal -0.9469301294951062 -0.3214394653031599 0
    outer loop
      vertex 10.863703305156273 8.035276180410083 0.8
      vertex 10.695518130045148 8.530733729460358 0
      vertex 10.863703305156273 8.035276180410083 0
    endloop
  endfacet
  facet normal -0.896872741532687 -0.4422886902190037 0
    outer loop
      vertex 10.464101615137753 9 0.8
      vertex 10.464101615137753 9 0
      vertex 10.695518130045148 8.530733729460358 0.8
    endloop
  endfacet
  facet normal -0.9469301294951062 -0.3214394653031599 0
    outer loop
      vertex 10.695518130045148 8.530733729460358 0.8
      vertex 10.695518130045148 8.530733729460358 0
      vertex 10.863703305156273 8.035276180410083 0.8
    endloop
  endfacet
  facet normal 0 0 -1
    outer loop
      vertex 10.464101615137753 5 0.8
      vertex 10.17341336116494 9.435045716034882 0.8
      vertex 10.464101615137753 9 0.8
    endloop
  endfacet
  facet normal 0 0 -1
    outer loop
      vertex 10.464101615137753 9 0.8
      vertex 10.695518130045148 8.530733729460358 0.8
      vertex 10.695518130045148 5.469266270539641 0.8
    endloop
  endfacet
  facet normal -0.831469612302545 -0.5555702330196027 0
    outer loop
      vertex 10.17341336116494 9.435045716034882 0.8
      vertex 10.17341336116494 9.435045716034882 0
      vertex 10.464101615137753 9 0.8
    endloop
  endfacet
  facet normal -0.9807852804032301 -0.1950903220161295 0
    outer loop
      vertex 10.965779445495242 7.522104768880206 0.8
      vertex 10.863703305156273 8.035276180410083 0.8
      vertex 10.863703305156273 8.035276180410083 0
    endloop
  endfacet
  facet normal 0.3214394653031594 -0.9469301294951065 0
    outer loop
      vertex 5.964723819589917 10.863703305156273 0.8
      vertex 5.469266270539641 10.695518130045148 0
      vertex 5.964723819589917 10.863703305156273 0
    endloop
  endfacet
  facet normal 0.1950903220161295 -0.9807852804032301 0
    outer loop
      vertex 6.477895231119794 10.965779445495242 0.8
      vertex 5.964723819589917 10.863703305156273 0
      vertex 6.477895231119794 10.965779445495242 0
    endloop
  endfacet
  facet normal 0.06540312923014245 -0.9978589232386036 0
    outer loop
      vertex 7 11 0.8
      vertex 6.477895231119794 10.965779445495242 0
      vertex 7 11 0
    endloop
  endfacet
  facet normal 0.1950903220161295 -0.9807852804032301 0
    outer loop
      vertex 5.964723819589917 10.863703305156273 0.8
      vertex 5.964723819589917 10.863703305156273 0
      vertex 6.477895231119794 10.965779445495242 0.8
    endloop
  endfacet
  facet normal 0.06540312923014245 -0.9978589232386036 0
    outer loop
      vertex 6.477895231119794 10.965779445495242 0.8
      vertex 6.477895231119794 10.965779445495242 0
      vertex 7 11 0.8
    endloop
  endfacet
  facet normal -0.06540312923014245 -0.9978589232386036 0
    outer loop
      vertex 7 11 0.8
      vertex 7 11 0
      vertex 7.522104768880206 10.965779445495242 0.8
    endloop
  endfacet
  facet normal -0.06540312923014245 -0.9978589232386036 0
    outer loop
      vertex 7.522104768880206 10.965779445495242 0.8
      vertex 7 11 0
      vertex 7.522104768880206 10.965779445495242 0
    endloop
  endfacet
  facet normal -0.1950903220161295 -0.9807852804032301 0
    outer loop
      vertex 8.035276180410083 10.863703305156273 0.8
      vertex 7.522104768880206 10.965779445495242 0
      vertex 8.035276180410083 10.863703305156273 0
    endloop
  endfacet
  facet normal -0.3214394653031599 -0.9469301294951062 0
    outer loop
      vertex 8.530733729460358 10.695518130045148 0.8
      vertex 8.035276180410083 10.863703305156273 0
      vertex 8.530733729460358 10.695518130045148 0
    endloop
  endfacet
  facet normal -0.1950903220161295 -0.9807852804032301 0
    outer loop
      vertex 7.522104768880206 10.965779445495242 0.8
      vertex 7.522104768880206 10.965779445495242 0
      vertex 8.035276180410083 10.863703305156273 0.8
    endloop
  endfacet
  facet normal -0.3214394653031599 -0.9469301294951062 0
    outer loop
      vertex 8.035276180410083 10.863703305156273 0.8
      vertex 8.035276180410083 10.863703305156273 0
      vertex 8.530733729460358 10.695518130045148 0.8
    endloop
  endfacet
  facet normal -0.4422886902190037 -0.896872741532687 0
    outer loop
      vertex 9 10.464101615137753 0.8
      vertex 8.530733729460358 10.695518130045148 0
      vertex 9 10.464101615137753 0
    endloop
  endfacet
  facet normal -0.5555702330196027 -0.831469612302545 0
    outer loop
      vertex 9.435045716034882 10.17341336116494 0.8
      vertex 9 10.464101615137753 0
      vertex 9.435045716034882 10.17341336116494 0
    endloop
  endfacet
  facet normal -0.4422886902190037 -0.896872741532687 0
    outer loop
      vertex 8.530733729460358 10.695518130045148 0.8
      vertex 8.530733729460358 10.695518130045148 0
      vertex 9 10.464101615137753 0.8
    endloop
  endfacet
  facet normal -0.5555702330196027 -0.831469612302545 0
    outer loop
      vertex 9 10.464101615137753 0.8
      vertex 9 10.464101615137753 0
      vertex 9.435045716034882 10.17341336116494 0.8
    endloop
  endfacet
  facet normal 0.5555702330195879 0.8314696123025549 0
    outer loop
      vertex 4.564954283965117 70.82658663883505 0.8
      vertex 5 70.53589838486225 0
      vertex 4.564954283965117 70.82658663883505 0
    endloop
  endfacet
  facet normal 0.4422886902190044 0.8968727415326868 0
    outer loop
      vertex 5 70.53589838486225 0.8
      vertex 5.469266270539641 70.30448186995486 0
      vertex 5 70.53589838486225 0
    endloop
  endfacet
  facet normal 0.32143946530317463 0.9469301294951014 0
    outer loop
      vertex 5.469266270539641 70.30448186995486 0.8
      vertex 5.964723819589917 70.13629669484372 0
      vertex 5.469266270539641 70.30448186995486 0
    endloop
  endfacet
  facet normal 0.5555702330195879 0.8314696123025549 0
    outer loop
      vertex 4.564954283965117 70.82658663883505 0.8
      vertex 5 70.53589838486225 0.8
      vertex 5 70.53589838486225 0
    endloop
  endfacet
  facet normal 0.4422886902190044 0.8968727415326868 0
    outer loop
      vertex 5.469266270539641 70.30448186995486 0.8
      vertex 5.469266270539641 70.30448186995486 0
      vertex 5 70.53589838486225 0.8
    endloop
  endfacet
  facet normal 0.9469301294951076 0.321439465303156 0
    outer loop
      vertex 3.1362966948437268 72.96472381958992 0.8
      vertex 3.304481869954853 72.46926627053963 0
      vertex 3.1362966948437268 72.96472381958992 0
    endloop
  endfacet
  facet normal 0.9807852804032299 0.1950903220161311 0
    outer loop
      vertex 3.0342205545047585 73.47789523111979 0.8
      vertex 3.1362966948437268 72.96472381958992 0
      vertex 3.0342205545047585 73.47789523111979 0
    endloop
  endfacet
  facet normal 0.8968727415326858 0.4422886902190064 0
    outer loop
      vertex 3.304481869954853 72.46926627053963 0.8
      vertex 3.5358983848622456 72 0
      vertex 3.304481869954853 72.46926627053963 0
    endloop
  endfacet
  facet normal 0.7518398074789762 0.6593458151000703 0
    outer loop
      vertex 3.8265866388350593 71.56495428396512 0.8
      vertex 4.17157287525381 71.17157287525382 0
      vertex 3.8265866388350593 71.56495428396512 0
    endloop
  endfacet
  facet normal 0.8314696123025428 0.5555702330196057 0
    outer loop
      vertex 3.5358983848622456 72 0.8
      vertex 3.8265866388350593 71.56495428396512 0
      vertex 3.5358983848622456 72 0
    endloop
  endfacet
  facet normal 0.659345815100082 0.751839807478966 0
    outer loop
      vertex 4.17157287525381 71.17157287525382 0.8
      vertex 4.564954283965117 70.82658663883505 0
      vertex 4.17157287525381 71.17157287525382 0
    endloop
  endfacet
  facet normal 0.9807852804032299 0.1950903220161311 0
    outer loop
      vertex 3.1362966948437268 72.96472381958992 0.8
      vertex 3.1362966948437268 72.96472381958992 0
      vertex 3.0342205545047585 73.47789523111979 0.8
    endloop
  endfacet
  facet normal 0.9469301294951076 0.321439465303156 0
    outer loop
      vertex 3.304481869954853 72.46926627053963 0.8
      vertex 3.304481869954853 72.46926627053963 0
      vertex 3.1362966948437268 72.96472381958992 0.8
    endloop
  endfacet
  facet normal 0.8968727415326858 0.4422886902190064 0
    outer loop
      vertex 3.304481869954853 72.46926627053963 0.8
      vertex 3.5358983848622456 72 0.8
      vertex 3.5358983848622456 72 0
    endloop
  endfacet
  facet normal 0 0 -1
    outer loop
      vertex 3.304481869954853 72.46926627053963 0.8
      vertex 3.304481869954853 75.53073372946037 0.8
      vertex 3.5358983848622456 72 0.8
    endloop
  endfacet
  facet normal 0.8314696123025428 0.5555702330196057 0
    outer loop
      vertex 3.8265866388350593 71.56495428396512 0.8
      vertex 3.8265866388350593 71.56495428396512 0
      vertex 3.5358983848622456 72 0.8
    endloop
  endfacet
  facet normal 0.7518398074789762 0.6593458151000703 0
    outer loop
      vertex 3.8265866388350593 71.56495428396512 0.8
      vertex 4.17157287525381 71.17157287525382 0.8
      vertex 4.17157287525381 71.17157287525382 0
    endloop
  endfacet
  facet normal 0 0 -1
    outer loop
      vertex 3.8265866388350593 71.56495428396512 0.8
      vertex 3.5358983848622456 72 0.8
      vertex 3.5358983848622456 76 0.8
    endloop
  endfacet
  facet normal 0 0 -1
    outer loop
      vertex 3.8265866388350593 71.56495428396512 0.8
      vertex 3.8265866388350593 76.43504571603488 0.8
      vertex 4.17157287525381 71.17157287525382 0.8
    endloop
  endfacet
  facet normal 0 0 -1
    outer loop
      vertex 4.17157287525381 71.17157287525382 0.8
      vertex 4.17157287525381 76.82842712474618 0.8
      vertex 4.564954283965117 70.82658663883505 0.8
    endloop
  endfacet
  facet normal 0.9978589232386036 0.06540312923014265 0
    outer loop
      vertex 3 74 0.8
      vertex 3.0342205545047585 73.47789523111979 0
      vertex 3 74 0
    endloop
  endfacet
  facet normal 0.9978589232386036 -0.06540312923014265 0
    outer loop
      vertex 3.0342205545047585 74.52210476888021 0.8
      vertex 3 74 0
      vertex 3.0342205545047585 74.52210476888021 0
    endloop
  endfacet
  facet normal 0.9807852804032299 -0.1950903220161311 0
    outer loop
      vertex 3.1362966948437268 75.03527618041008 0.8
      vertex 3.0342205545047585 74.52210476888021 0
      vertex 3.1362966948437268 75.03527618041008 0
    endloop
  endfacet
  facet normal 0.9469301294951076 -0.321439465303156 0
    outer loop
      vertex 3.304481869954853 75.53073372946037 0.8
      vertex 3.1362966948437268 75.03527618041008 0
      vertex 3.304481869954853 75.53073372946037 0
    endloop
  endfacet
  facet normal 0.8968727415326858 -0.4422886902190064 0
    outer loop
      vertex 3.5358983848622456 76 0.8
      vertex 3.304481869954853 75.53073372946037 0
      vertex 3.5358983848622456 76 0
    endloop
  endfacet
  facet normal 0.9978589232386036 0.06540312923014265 0
    outer loop
      vertex 3.0342205545047585 73.47789523111979 0.8
      vertex 3.0342205545047585 73.47789523111979 0
      vertex 3 74 0.8
    endloop
  endfacet
  facet normal 0.9978589232386036 -0.06540312923014265 0
    outer loop
      vertex 3 74 0.8
      vertex 3 74 0
      vertex 3.0342205545047585 74.52210476888021 0.8
    endloop
  endfacet
  facet normal 0 0 -1
    outer loop
      vertex 3.0342205545047585 73.47789523111979 0.8
      vertex 3 74 0.8
      vertex 3.0342205545047585 74.52210476888021 0.8
    endloop
  endfacet
  facet normal 0 0 -1
    outer loop
      vertex 3.1362966948437268 72.96472381958992 0.8
      vertex 3.0342205545047585 73.47789523111979 0.8
      vertex 3.0342205545047585 74.52210476888021 0.8
    endloop
  endfacet
  facet normal 0 0 -1
    outer loop
      vertex 3.304481869954853 72.46926627053963 0.8
      vertex 3.1362966948437268 72.96472381958992 0.8
      vertex 3.1362966948437268 75.03527618041008 0.8
    endloop
  endfacet
  facet normal 0 0 -1
    outer loop
      vertex 3.1362966948437268 72.96472381958992 0.8
      vertex 3.0342205545047585 74.52210476888021 0.8
      vertex 3.1362966948437268 75.03527618041008 0.8
    endloop
  endfacet
  facet normal 0 0 -1
    outer loop
      vertex 3.304481869954853 72.46926627053963 0.8
      vertex 3.1362966948437268 75.03527618041008 0.8
      vertex 3.304481869954853 75.53073372946037 0.8
    endloop
  endfacet
  facet normal 0 0 -1
    outer loop
      vertex 3.5358983848622456 72 0.8
      vertex 3.304481869954853 75.53073372946037 0.8
      vertex 3.5358983848622456 76 0.8
    endloop
  endfacet
  facet normal 0.9807852804032299 -0.1950903220161311 0
    outer loop
      vertex 3.0342205545047585 74.52210476888021 0.8
      vertex 3.0342205545047585 74.52210476888021 0
      vertex 3.1362966948437268 75.03527618041008 0.8
    endloop
  endfacet
  facet normal 0.9469301294951076 -0.321439465303156 0
    outer loop
      vertex 3.1362966948437268 75.03527618041008 0.8
      vertex 3.1362966948437268 75.03527618041008 0
      vertex 3.304481869954853 75.53073372946037 0.8
    endloop
  endfacet
  facet normal 0.8968727415326858 -0.4422886902190064 0
    outer loop
      vertex 3.304481869954853 75.53073372946037 0.8
      vertex 3.304481869954853 75.53073372946037 0
      vertex 3.5358983848622456 76 0.8
    endloop
  endfacet
  facet normal 0 0 -1
    outer loop
      vertex 3.8265866388350593 71.56495428396512 0.8
      vertex 3.5358983848622456 76 0.8
      vertex 3.8265866388350593 76.43504571603488 0.8
    endloop
  endfacet
  facet normal 0 0 -1
    outer loop
      vertex 4.17157287525381 71.17157287525382 0.8
      vertex 3.8265866388350593 76.43504571603488 0.8
      vertex 4.17157287525381 76.82842712474618 0.8
    endloop
  endfacet
  facet normal 0.659345815100082 0.751839807478966 0
    outer loop
      vertex 4.17157287525381 71.17157287525382 0.8
      vertex 4.564954283965117 70.82658663883505 0.8
      vertex 4.564954283965117 70.82658663883505 0
    endloop
  endfacet
  facet normal 0 0 -1
    outer loop
      vertex 4.564954283965117 70.82658663883505 0.8
      vertex 4.564954283965117 77.17341336116495 0.8
      vertex 5 70.53589838486225 0.8
    endloop
  endfacet
  facet normal 0 0 -1
    outer loop
      vertex 5.469266270539641 70.30448186995486 0.8
      vertex 5 70.53589838486225 0.8
      vertex 5 77.46410161513775 0.8
    endloop
  endfacet
  facet normal 0 0 -1
    outer loop
      vertex 5.469266270539641 70.30448186995486 0.8
      vertex 5.469266270539641 77.69551813004514 0.8
      vertex 5.964723819589917 70.13629669484372 0.8
    endloop
  endfacet
  facet normal 0 0 -1
    outer loop
      vertex 4.564954283965117 70.82658663883505 0.8
      vertex 4.17157287525381 76.82842712474618 0.8
      vertex 4.564954283965117 77.17341336116495 0.8
    endloop
  endfacet
  facet normal 0 0 -1
    outer loop
      vertex 5 70.53589838486225 0.8
      vertex 4.564954283965117 77.17341336116495 0.8
      vertex 5 77.46410161513775 0.8
    endloop
  endfacet
  facet normal 0 0 -1
    outer loop
      vertex 5.469266270539641 70.30448186995486 0.8
      vertex 5 77.46410161513775 0.8
      vertex 5.469266270539641 77.69551813004514 0.8
    endloop
  endfacet
  facet normal 0.8314696123025428 -0.5555702330196057 0
    outer loop
      vertex 3.8265866388350593 76.43504571603488 0.8
      vertex 3.5358983848622456 76 0
      vertex 3.8265866388350593 76.43504571603488 0
    endloop
  endfacet
  facet normal 0.7518398074789762 -0.6593458151000703 0
    outer loop
      vertex 4.17157287525381 76.82842712474618 0.8
      vertex 3.8265866388350593 76.43504571603488 0
      vertex 4.17157287525381 76.82842712474618 0
    endloop
  endfacet
  facet normal 0.8314696123025428 -0.5555702330196057 0
    outer loop
      vertex 3.5358983848622456 76 0.8
      vertex 3.5358983848622456 76 0
      vertex 3.8265866388350593 76.43504571603488 0.8
    endloop
  endfacet
  facet normal 0.7518398074789762 -0.6593458151000703 0
    outer loop
      vertex 3.8265866388350593 76.43504571603488 0.8
      vertex 3.8265866388350593 76.43504571603488 0
      vertex 4.17157287525381 76.82842712474618 0.8
    endloop
  endfacet
  facet normal 0.659345815100082 -0.751839807478966 0
    outer loop
      vertex 4.17157287525381 76.82842712474618 0.8
      vertex 4.17157287525381 76.82842712474618 0
      vertex 4.564954283965117 77.17341336116495 0.8
    endloop
  endfacet
  facet normal 0.659345815100082 -0.751839807478966 0
    outer loop
      vertex 4.564954283965117 77.17341336116495 0.8
      vertex 4.17157287525381 76.82842712474618 0
      vertex 4.564954283965117 77.17341336116495 0
    endloop
  endfacet
  facet normal 0.5555702330195879 -0.8314696123025549 0
    outer loop
      vertex 5 77.46410161513775 0.8
      vertex 4.564954283965117 77.17341336116495 0
      vertex 5 77.46410161513775 0
    endloop
  endfacet
  facet normal 0.4422886902190044 -0.8968727415326868 0
    outer loop
      vertex 5.469266270539641 77.69551813004514 0.8
      vertex 5 77.46410161513775 0
      vertex 5.469266270539641 77.69551813004514 0
    endloop
  endfacet
  facet normal 0.5555702330195879 -0.8314696123025549 0
    outer loop
      vertex 4.564954283965117 77.17341336116495 0.8
      vertex 4.564954283965117 77.17341336116495 0
      vertex 5 77.46410161513775 0.8
    endloop
  endfacet
  facet normal 0.4422886902190044 -0.8968727415326868 0
    outer loop
      vertex 5 77.46410161513775 0.8
      vertex 5 77.46410161513775 0
      vertex 5.469266270539641 77.69551813004514 0.8
    endloop
  endfacet
  facet normal 0.32143946530317463 -0.9469301294951014 0
    outer loop
      vertex 5.469266270539641 77.69551813004514 0.8
      vertex 5.469266270539641 77.69551813004514 0
      vertex 5.964723819589917 77.86370330515628 0.8
    endloop
  endfacet
  facet normal 0.19509032201612297 0.9807852804032314 0
    outer loop
      vertex 5.964723819589917 70.13629669484372 0.8
      vertex 6.477895231119794 70.03422055450476 0
      vertex 5.964723819589917 70.13629669484372 0
    endloop
  endfacet
  facet normal 0.06540312923013908 0.9978589232386038 0
    outer loop
      vertex 6.477895231119794 70.03422055450476 0.8
      vertex 7 70 0
      vertex 6.477895231119794 70.03422055450476 0
    endloop
  endfacet
  facet normal -0.06540312923013908 0.9978589232386038 0
    outer loop
      vertex 7 70 0.8
      vertex 7.522104768880206 70.03422055450476 0
      vertex 7 70 0
    endloop
  endfacet
  facet normal 0.32143946530317463 0.9469301294951014 0
    outer loop
      vertex 5.469266270539641 70.30448186995486 0.8
      vertex 5.964723819589917 70.13629669484372 0.8
      vertex 5.964723819589917 70.13629669484372 0
    endloop
  endfacet
  facet normal 0.19509032201612297 0.9807852804032314 0
    outer loop
      vertex 5.964723819589917 70.13629669484372 0.8
      vertex 6.477895231119794 70.03422055450476 0.8
      vertex 6.477895231119794 70.03422055450476 0
    endloop
  endfacet
  facet normal 0.06540312923013908 0.9978589232386038 0
    outer loop
      vertex 6.477895231119794 70.03422055450476 0.8
      vertex 7 70 0.8
      vertex 7 70 0
    endloop
  endfacet
  facet normal -0.19509032201612297 0.9807852804032314 0
    outer loop
      vertex 7.522104768880206 70.03422055450476 0.8
      vertex 8.035276180410083 70.13629669484372 0
      vertex 7.522104768880206 70.03422055450476 0
    endloop
  endfacet
  facet normal -0.3214394653031752 0.9469301294951011 0
    outer loop
      vertex 8.035276180410083 70.13629669484372 0.8
      vertex 8.530733729460358 70.30448186995486 0
      vertex 8.035276180410083 70.13629669484372 0
    endloop
  endfacet
  facet normal -0.06540312923013908 0.9978589232386038 0
    outer loop
      vertex 7 70 0.8
      vertex 7.522104768880206 70.03422055450476 0.8
      vertex 7.522104768880206 70.03422055450476 0
    endloop
  endfacet
  facet normal -0.19509032201612297 0.9807852804032314 0
    outer loop
      vertex 7.522104768880206 70.03422055450476 0.8
      vertex 8.035276180410083 70.13629669484372 0.8
      vertex 8.035276180410083 70.13629669484372 0
    endloop
  endfacet
  facet normal -0.3214394653031752 0.9469301294951011 0
    outer loop
      vertex 8.035276180410083 70.13629669484372 0.8
      vertex 8.530733729460358 70.30448186995486 0.8
      vertex 8.530733729460358 70.30448186995486 0
    endloop
  endfacet
  facet normal -0.4422886902190037 0.896872741532687 0
    outer loop
      vertex 8.530733729460358 70.30448186995486 0.8
      vertex 9 70.53589838486225 0
      vertex 8.530733729460358 70.30448186995486 0
    endloop
  endfacet
  facet normal -0.5555702330195885 0.8314696123025542 0
    outer loop
      vertex 9 70.53589838486225 0.8
      vertex 9.435045716034882 70.82658663883505 0
      vertex 9 70.53589838486225 0
    endloop
  endfacet
  facet normal -0.4422886902190037 0.896872741532687 0
    outer loop
      vertex 8.530733729460358 70.30448186995486 0.8
      vertex 9 70.53589838486225 0.8
      vertex 9 70.53589838486225 0
    endloop
  endfacet
  facet normal -0.5555702330195885 0.8314696123025542 0
    outer loop
      vertex 9 70.53589838486225 0.8
      vertex 9.435045716034882 70.82658663883505 0.8
      vertex 9.435045716034882 70.82658663883505 0
    endloop
  endfacet
  facet normal 0 0 -1
    outer loop
      vertex 5.964723819589917 70.13629669484372 0.8
      vertex 5.964723819589917 77.86370330515628 0.8
      vertex 6.477895231119794 70.03422055450476 0.8
    endloop
  endfacet
  facet normal 0 0 -1
    outer loop
      vertex 6.477895231119794 70.03422055450476 0.8
      vertex 6.477895231119794 77.96577944549524 0.8
      vertex 7 70 0.8
    endloop
  endfacet
  facet normal 0 0 -1
    outer loop
      vertex 7 70 0.8
      vertex 7 78 0.8
      vertex 7.522104768880206 70.03422055450476 0.8
    endloop
  endfacet
  facet normal 0 0 -1
    outer loop
      vertex 5.469266270539641 77.69551813004514 0.8
      vertex 5.964723819589917 77.86370330515628 0.8
      vertex 5.964723819589917 70.13629669484372 0.8
    endloop
  endfacet
  facet normal 0 0 -1
    outer loop
      vertex 6.477895231119794 70.03422055450476 0.8
      vertex 5.964723819589917 77.86370330515628 0.8
      vertex 6.477895231119794 77.96577944549524 0.8
    endloop
  endfacet
  facet normal 0 0 -1
    outer loop
      vertex 7 70 0.8
      vertex 6.477895231119794 77.96577944549524 0.8
      vertex 7 78 0.8
    endloop
  endfacet
  facet normal 0 0 -1
    outer loop
      vertex 7.522104768880206 70.03422055450476 0.8
      vertex 7.522104768880206 77.96577944549524 0.8
      vertex 8.035276180410083 70.13629669484372 0.8
    endloop
  endfacet
  facet normal 0 0 -1
    outer loop
      vertex 8.035276180410083 70.13629669484372 0.8
      vertex 8.035276180410083 77.86370330515628 0.8
      vertex 8.530733729460358 70.30448186995486 0.8
    endloop
  endfacet
  facet normal 0 0 -1
    outer loop
      vertex 7.522104768880206 70.03422055450476 0.8
      vertex 7 78 0.8
      vertex 7.522104768880206 77.96577944549524 0.8
    endloop
  endfacet
  facet normal 0 0 -1
    outer loop
      vertex 7.522104768880206 77.96577944549524 0.8
      vertex 8.035276180410083 77.86370330515628 0.8
      vertex 8.035276180410083 70.13629669484372 0.8
    endloop
  endfacet
  facet normal 0 0 -1
    outer loop
      vertex 8.530733729460358 70.30448186995486 0.8
      vertex 8.035276180410083 77.86370330515628 0.8
      vertex 8.530733729460358 77.69551813004514 0.8
    endloop
  endfacet
  facet normal 0.32143946530317463 -0.9469301294951014 0
    outer loop
      vertex 5.964723819589917 77.86370330515628 0.8
      vertex 5.469266270539641 77.69551813004514 0
      vertex 5.964723819589917 77.86370330515628 0
    endloop
  endfacet
  facet normal 0.19509032201612297 -0.9807852804032314 0
    outer loop
      vertex 6.477895231119794 77.96577944549524 0.8
      vertex 5.964723819589917 77.86370330515628 0
      vertex 6.477895231119794 77.96577944549524 0
    endloop
  endfacet
  facet normal 0.06540312923013908 -0.9978589232386038 0
    outer loop
      vertex 7 78 0.8
      vertex 6.477895231119794 77.96577944549524 0
      vertex 7 78 0
    endloop
  endfacet
  facet normal 0.19509032201612297 -0.9807852804032314 0
    outer loop
      vertex 5.964723819589917 77.86370330515628 0.8
      vertex 5.964723819589917 77.86370330515628 0
      vertex 6.477895231119794 77.96577944549524 0.8
    endloop
  endfacet
  facet normal 0.06540312923013908 -0.9978589232386038 0
    outer loop
      vertex 6.477895231119794 77.96577944549524 0.8
      vertex 6.477895231119794 77.96577944549524 0
      vertex 7 78 0.8
    endloop
  endfacet
  facet normal -0.06540312923013908 -0.9978589232386038 0
    outer loop
      vertex 7 78 0.8
      vertex 7 78 0
      vertex 7.522104768880206 77.96577944549524 0.8
    endloop
  endfacet
  facet normal -0.06540312923013908 -0.9978589232386038 0
    outer loop
      vertex 7.522104768880206 77.96577944549524 0.8
      vertex 7 78 0
      vertex 7.522104768880206 77.96577944549524 0
    endloop
  endfacet
  facet normal -0.19509032201612297 -0.9807852804032314 0
    outer loop
      vertex 8.035276180410083 77.86370330515628 0.8
      vertex 7.522104768880206 77.96577944549524 0
      vertex 8.035276180410083 77.86370330515628 0
    endloop
  endfacet
  facet normal -0.3214394653031752 -0.9469301294951011 0
    outer loop
      vertex 8.530733729460358 77.69551813004514 0.8
      vertex 8.035276180410083 77.86370330515628 0
      vertex 8.530733729460358 77.69551813004514 0
    endloop
  endfacet
  facet normal -0.19509032201612297 -0.9807852804032314 0
    outer loop
      vertex 7.522104768880206 77.96577944549524 0.8
      vertex 7.522104768880206 77.96577944549524 0
      vertex 8.035276180410083 77.86370330515628 0.8
    endloop
  endfacet
  facet normal -0.3214394653031752 -0.9469301294951011 0
    outer loop
      vertex 8.035276180410083 77.86370330515628 0.8
      vertex 8.035276180410083 77.86370330515628 0
      vertex 8.530733729460358 77.69551813004514 0.8
    endloop
  endfacet
  facet normal -0.6593458151000811 0.7518398074789666 0
    outer loop
      vertex 9.435045716034882 70.82658663883505 0.8
      vertex 9.82842712474619 71.17157287525382 0
      vertex 9.435045716034882 70.82658663883505 0
    endloop
  endfacet
  facet normal -0.7518398074789769 0.6593458151000694 0
    outer loop
      vertex 9.82842712474619 71.17157287525382 0.8
      vertex 10.17341336116494 71.56495428396512 0
      vertex 9.82842712474619 71.17157287525382 0
    endloop
  endfacet
  facet normal 0 0 -1
    outer loop
      vertex 8.530733729460358 70.30448186995486 0.8
      vertex 8.530733729460358 77.69551813004514 0.8
      vertex 9 70.53589838486225 0.8
    endloop
  endfacet
  facet normal 0 0 -1
    outer loop
      vertex 9 70.53589838486225 0.8
      vertex 9 77.46410161513775 0.8
      vertex 9.435045716034882 70.82658663883505 0.8
    endloop
  endfacet
  facet normal -0.6593458151000811 0.7518398074789666 0
    outer loop
      vertex 9.435045716034882 70.82658663883505 0.8
      vertex 9.82842712474619 71.17157287525382 0.8
      vertex 9.82842712474619 71.17157287525382 0
    endloop
  endfacet
  facet normal -0.7518398074789769 0.6593458151000694 0
    outer loop
      vertex 9.82842712474619 71.17157287525382 0.8
      vertex 10.17341336116494 71.56495428396512 0.8
      vertex 10.17341336116494 71.56495428396512 0
    endloop
  endfacet
  facet normal 0 0 -1
    outer loop
      vertex 9.435045716034882 70.82658663883505 0.8
      vertex 9.435045716034882 77.17341336116495 0.8
      vertex 9.82842712474619 71.17157287525382 0.8
    endloop
  endfacet
  facet normal 0 0 -1
    outer loop
      vertex 9.82842712474619 71.17157287525382 0.8
      vertex 9.82842712474619 76.82842712474618 0.8
      vertex 10.17341336116494 71.56495428396512 0.8
    endloop
  endfacet
  facet normal 0 0 -1
    outer loop
      vertex 9 70.53589838486225 0.8
      vertex 8.530733729460358 77.69551813004514 0.8
      vertex 9 77.46410161513775 0.8
    endloop
  endfacet
  facet normal 0 0 -1
    outer loop
      vertex 9.435045716034882 70.82658663883505 0.8
      vertex 9 77.46410161513775 0.8
      vertex 9.435045716034882 77.17341336116495 0.8
    endloop
  endfacet
  facet normal 0 0 -1
    outer loop
      vertex 9.82842712474619 71.17157287525382 0.8
      vertex 9.435045716034882 77.17341336116495 0.8
      vertex 9.82842712474619 76.82842712474618 0.8
    endloop
  endfacet
  facet normal 0 0 -1
    outer loop
      vertex 10.17341336116494 71.56495428396512 0.8
      vertex 9.82842712474619 76.82842712474618 0.8
      vertex 10.17341336116494 76.43504571603488 0.8
    endloop
  endfacet
  facet normal -0.8314696123025428 0.5555702330196057 0
    outer loop
      vertex 10.17341336116494 71.56495428396512 0.8
      vertex 10.464101615137753 72 0
      vertex 10.17341336116494 71.56495428396512 0
    endloop
  endfacet
  facet normal -0.8968727415326844 0.4422886902190091 0
    outer loop
      vertex 10.464101615137753 72 0.8
      vertex 10.695518130045148 72.46926627053963 0
      vertex 10.464101615137753 72 0
    endloop
  endfacet
  facet normal -0.9469301294951084 0.3214394653031537 0
    outer loop
      vertex 10.695518130045148 72.46926627053963 0.8
      vertex 10.863703305156273 72.96472381958992 0
      vertex 10.695518130045148 72.46926627053963 0
    endloop
  endfacet
  facet normal -0.9807852804032295 0.19509032201613274 0
    outer loop
      vertex 10.863703305156273 72.96472381958992 0.8
      vertex 10.965779445495242 73.47789523111979 0
      vertex 10.863703305156273 72.96472381958992 0
    endloop
  endfacet
  facet normal -0.8314696123025428 0.5555702330196057 0
    outer loop
      vertex 10.17341336116494 71.56495428396512 0.8
      vertex 10.464101615137753 72 0.8
      vertex 10.464101615137753 72 0
    endloop
  endfacet
  facet normal -0.8968727415326844 0.4422886902190091 0
    outer loop
      vertex 10.464101615137753 72 0.8
      vertex 10.695518130045148 72.46926627053963 0.8
      vertex 10.695518130045148 72.46926627053963 0
    endloop
  endfacet
  facet normal 0 0 -1
    outer loop
      vertex 10.17341336116494 71.56495428396512 0.8
      vertex 10.17341336116494 76.43504571603488 0.8
      vertex 10.464101615137753 72 0.8
    endloop
  endfacet
  facet normal -0.9469301294951084 0.3214394653031537 0
    outer loop
      vertex 10.695518130045148 72.46926627053963 0.8
      vertex 10.863703305156273 72.96472381958992 0.8
      vertex 10.863703305156273 72.96472381958992 0
    endloop
  endfacet
  facet normal -0.9807852804032295 0.19509032201613274 0
    outer loop
      vertex 10.863703305156273 72.96472381958992 0.8
      vertex 10.965779445495242 73.47789523111979 0.8
      vertex 10.965779445495242 73.47789523111979 0
    endloop
  endfacet
  facet normal -0.8968727415326844 -0.4422886902190091 0
    outer loop
      vertex 10.695518130045148 75.53073372946037 0.8
      vertex 10.464101615137753 76 0
      vertex 10.695518130045148 75.53073372946037 0
    endloop
  endfacet
  facet normal -0.9978589232386036 0.06540312923014178 0
    outer loop
      vertex 10.965779445495242 73.47789523111979 0.8
      vertex 11 74 0
      vertex 10.965779445495242 73.47789523111979 0
    endloop
  endfacet
  facet normal -0.9978589232386036 -0.06540312923014178 0
    outer loop
      vertex 11 74 0.8
      vertex 10.965779445495242 74.52210476888021 0
      vertex 11 74 0
    endloop
  endfacet
  facet normal -0.9807852804032295 -0.19509032201613274 0
    outer loop
      vertex 10.965779445495242 74.52210476888021 0.8
      vertex 10.863703305156273 75.03527618041008 0
      vertex 10.965779445495242 74.52210476888021 0
    endloop
  endfacet
  facet normal -0.9469301294951084 -0.3214394653031537 0
    outer loop
      vertex 10.863703305156273 75.03527618041008 0.8
      vertex 10.695518130045148 75.53073372946037 0
      vertex 10.863703305156273 75.03527618041008 0
    endloop
  endfacet
  facet normal 0 0 -1
    outer loop
      vertex 10.464101615137753 72 0.8
      vertex 10.464101615137753 76 0.8
      vertex 10.695518130045148 72.46926627053963 0.8
    endloop
  endfacet
  facet normal 0 0 -1
    outer loop
      vertex 10.695518130045148 72.46926627053963 0.8
      vertex 10.695518130045148 75.53073372946037 0.8
      vertex 10.863703305156273 72.96472381958992 0.8
    endloop
  endfacet
  facet normal 0 0 -1
    outer loop
      vertex 10.464101615137753 76 0.8
      vertex 10.695518130045148 75.53073372946037 0.8
      vertex 10.695518130045148 72.46926627053963 0.8
    endloop
  endfacet
  facet normal -0.8968727415326844 -0.4422886902190091 0
    outer loop
      vertex 10.464101615137753 76 0.8
      vertex 10.464101615137753 76 0
      vertex 10.695518130045148 75.53073372946037 0.8
    endloop
  endfacet
  facet normal -0.9469301294951084 -0.3214394653031537 0
    outer loop
      vertex 10.863703305156273 75.03527618041008 0.8
      vertex 10.695518130045148 75.53073372946037 0.8
      vertex 10.695518130045148 75.53073372946037 0
    endloop
  endfacet
  facet normal 0 0 -1
    outer loop
      vertex 10.464101615137753 72 0.8
      vertex 10.17341336116494 76.43504571603488 0.8
      vertex 10.464101615137753 76 0.8
    endloop
  endfacet
  facet normal -0.9978589232386036 0.06540312923014178 0
    outer loop
      vertex 10.965779445495242 73.47789523111979 0.8
      vertex 11 74 0.8
      vertex 11 74 0
    endloop
  endfacet
  facet normal -0.9978589232386036 -0.06540312923014178 0
    outer loop
      vertex 11 74 0.8
      vertex 10.965779445495242 74.52210476888021 0.8
      vertex 10.965779445495242 74.52210476888021 0
    endloop
  endfacet
  facet normal 0 0 -1
    outer loop
      vertex 10.863703305156273 72.96472381958992 0.8
      vertex 10.863703305156273 75.03527618041008 0.8
      vertex 10.965779445495242 73.47789523111979 0.8
    endloop
  endfacet
  facet normal 0 0 -1
    outer loop
      vertex 10.965779445495242 73.47789523111979 0.8
      vertex 10.965779445495242 74.52210476888021 0.8
      vertex 11 74 0.8
    endloop
  endfacet
  facet normal 0 0 -1
    outer loop
      vertex 10.965779445495242 73.47789523111979 0.8
      vertex 10.863703305156273 75.03527618041008 0.8
      vertex 10.965779445495242 74.52210476888021 0.8
    endloop
  endfacet
  facet normal 0 0 -1
    outer loop
      vertex 10.863703305156273 72.96472381958992 0.8
      vertex 10.695518130045148 75.53073372946037 0.8
      vertex 10.863703305156273 75.03527618041008 0.8
    endloop
  endfacet
  facet normal -0.9807852804032295 -0.19509032201613274 0
    outer loop
      vertex 10.965779445495242 74.52210476888021 0.8
      vertex 10.863703305156273 75.03527618041008 0.8
      vertex 10.863703305156273 75.03527618041008 0
    endloop
  endfacet
  facet normal -0.4422886902190037 -0.896872741532687 0
    outer loop
      vertex 9 77.46410161513775 0.8
      vertex 8.530733729460358 77.69551813004514 0
      vertex 9 77.46410161513775 0
    endloop
  endfacet
  facet normal -0.5555702330195885 -0.8314696123025542 0
    outer loop
      vertex 9.435045716034882 77.17341336116495 0.8
      vertex 9 77.46410161513775 0
      vertex 9.435045716034882 77.17341336116495 0
    endloop
  endfacet
  facet normal -0.6593458151000811 -0.7518398074789666 0
    outer loop
      vertex 9.82842712474619 76.82842712474618 0.8
      vertex 9.435045716034882 77.17341336116495 0
      vertex 9.82842712474619 76.82842712474618 0
    endloop
  endfacet
  facet normal -0.7518398074789769 -0.6593458151000694 0
    outer loop
      vertex 10.17341336116494 76.43504571603488 0.8
      vertex 9.82842712474619 76.82842712474618 0
      vertex 10.17341336116494 76.43504571603488 0
    endloop
  endfacet
  facet normal -0.4422886902190037 -0.896872741532687 0
    outer loop
      vertex 8.530733729460358 77.69551813004514 0.8
      vertex 8.530733729460358 77.69551813004514 0
      vertex 9 77.46410161513775 0.8
    endloop
  endfacet
  facet normal -0.5555702330195885 -0.8314696123025542 0
    outer loop
      vertex 9 77.46410161513775 0.8
      vertex 9 77.46410161513775 0
      vertex 9.435045716034882 77.17341336116495 0.8
    endloop
  endfacet
  facet normal -0.6593458151000811 -0.7518398074789666 0
    outer loop
      vertex 9.435045716034882 77.17341336116495 0.8
      vertex 9.435045716034882 77.17341336116495 0
      vertex 9.82842712474619 76.82842712474618 0.8
    endloop
  endfacet
  facet normal -0.7518398074789769 -0.6593458151000694 0
    outer loop
      vertex 9.82842712474619 76.82842712474618 0.8
      vertex 9.82842712474619 76.82842712474618 0
      vertex 10.17341336116494 76.43504571603488 0.8
    endloop
  endfacet
  facet normal -0.8314696123025428 -0.5555702330196057 0
    outer loop
      vertex 10.464101615137753 76 0.8
      vertex 10.17341336116494 76.43504571603488 0
      vertex 10.464101615137753 76 0
    endloop
  endfacet
  facet normal -0.8314696123025428 -0.5555702330196057 0
    outer loop
      vertex 10.464101615137753 76 0.8
      vertex 10.17341336116494 76.43504571603488 0.8
      vertex 10.17341336116494 76.43504571603488 0
    endloop
  endfacet
  facet normal 0.8314696123025423 0.5555702330196065 0
    outer loop
      vertex 35.53589838486224 5 0.8
      vertex 35.82658663883506 4.564954283965117 0
      vertex 35.53589838486224 5 0
    endloop
  endfacet
  facet normal 0.8314696123025423 0.5555702330196065 0
    outer loop
      vertex 35.53589838486224 5 0.8
      vertex 35.82658663883506 4.564954283965117 0.8
      vertex 35.82658663883506 4.564954283965117 0
    endloop
  endfacet
  facet normal 0.7518398074789794 0.6593458151000665 0
    outer loop
      vertex 35.82658663883506 4.564954283965117 0.8
      vertex 36.17157287525381 4.17157287525381 0
      vertex 35.82658663883506 4.564954283965117 0
    endloop
  endfacet
  facet normal 0.6593458151000703 0.7518398074789762 0
    outer loop
      vertex 36.17157287525381 4.17157287525381 0.8
      vertex 36.564954283965115 3.8265866388350593 0
      vertex 36.17157287525381 4.17157287525381 0
    endloop
  endfacet
  facet normal 0.5555702330195995 0.831469612302547 0
    outer loop
      vertex 36.564954283965115 3.8265866388350593 0.8
      vertex 37 3.5358983848622456 0
      vertex 36.564954283965115 3.8265866388350593 0
    endloop
  endfacet
  facet normal 0.442288690219001 0.8968727415326885 0
    outer loop
      vertex 37 3.5358983848622456 0.8
      vertex 37.46926627053964 3.304481869954853 0
      vertex 37 3.5358983848622456 0
    endloop
  endfacet
  facet normal 0.7518398074789794 0.6593458151000665 0
    outer loop
      vertex 35.82658663883506 4.564954283965117 0.8
      vertex 36.17157287525381 4.17157287525381 0.8
      vertex 36.17157287525381 4.17157287525381 0
    endloop
  endfacet
  facet normal 0.6593458151000703 0.7518398074789762 0
    outer loop
      vertex 36.17157287525381 4.17157287525381 0.8
      vertex 36.564954283965115 3.8265866388350593 0.8
      vertex 36.564954283965115 3.8265866388350593 0
    endloop
  endfacet
  facet normal 0.5555702330195995 0.831469612302547 0
    outer loop
      vertex 36.564954283965115 3.8265866388350593 0.8
      vertex 37 3.5358983848622456 0.8
      vertex 37 3.5358983848622456 0
    endloop
  endfacet
  facet normal 0.442288690219001 0.8968727415326885 0
    outer loop
      vertex 37 3.5358983848622456 0.8
      vertex 37.46926627053964 3.304481869954853 0.8
      vertex 37.46926627053964 3.304481869954853 0
    endloop
  endfacet
  facet normal 0.9469301294951054 0.3214394653031624 0
    outer loop
      vertex 35.13629669484373 5.964723819589917 0.8
      vertex 35.304481869954856 5.469266270539641 0
      vertex 35.13629669484373 5.964723819589917 0
    endloop
  endfacet
  facet normal 0.9807852804032289 0.19509032201613602 0
    outer loop
      vertex 35.034220554504756 6.477895231119794 0.8
      vertex 35.13629669484373 5.964723819589917 0
      vertex 35.034220554504756 6.477895231119794 0
    endloop
  endfacet
  facet normal 0.9978589232386038 0.06540312923013908 0
    outer loop
      vertex 35 7 0.8
      vertex 35.034220554504756 6.477895231119794 0
      vertex 35 7 0
    endloop
  endfacet
  facet normal 0.9978589232386038 -0.06540312923013908 0
    outer loop
      vertex 35.034220554504756 7.522104768880206 0.8
      vertex 35 7 0
      vertex 35.034220554504756 7.522104768880206 0
    endloop
  endfacet
  facet normal 0.8968727415326921 0.4422886902189935 0
    outer loop
      vertex 35.304481869954856 5.469266270539641 0.8
      vertex 35.53589838486224 5 0
      vertex 35.304481869954856 5.469266270539641 0
    endloop
  endfacet
  facet normal 0.9807852804032289 0.19509032201613602 0
    outer loop
      vertex 35.13629669484373 5.964723819589917 0.8
      vertex 35.13629669484373 5.964723819589917 0
      vertex 35.034220554504756 6.477895231119794 0.8
    endloop
  endfacet
  facet normal 0.9978589232386038 0.06540312923013908 0
    outer loop
      vertex 35.034220554504756 6.477895231119794 0.8
      vertex 35.034220554504756 6.477895231119794 0
      vertex 35 7 0.8
    endloop
  endfacet
  facet normal 0.9978589232386038 -0.06540312923013908 0
    outer loop
      vertex 35 7 0.8
      vertex 35 7 0
      vertex 35.034220554504756 7.522104768880206 0.8
    endloop
  endfacet
  facet normal 0 0 -1
    outer loop
      vertex 35.13629669484373 5.964723819589917 0.8
      vertex 35.13629669484373 8.035276180410083 0.8
      vertex 35.304481869954856 5.469266270539641 0.8
    endloop
  endfacet
  facet normal 0 0 -1
    outer loop
      vertex 35.13629669484373 5.964723819589917 0.8
      vertex 35.034220554504756 6.477895231119794 0.8
      vertex 35.034220554504756 7.522104768880206 0.8
    endloop
  endfacet
  facet normal 0 0 -1
    outer loop
      vertex 35.034220554504756 6.477895231119794 0.8
      vertex 35 7 0.8
      vertex 35.034220554504756 7.522104768880206 0.8
    endloop
  endfacet
  facet normal 0 0 -1
    outer loop
      vertex 35.13629669484373 5.964723819589917 0.8
      vertex 35.034220554504756 7.522104768880206 0.8
      vertex 35.13629669484373 8.035276180410083 0.8
    endloop
  endfacet
  facet normal 0.9469301294951054 0.3214394653031624 0
    outer loop
      vertex 35.13629669484373 5.964723819589917 0.8
      vertex 35.304481869954856 5.469266270539641 0.8
      vertex 35.304481869954856 5.469266270539641 0
    endloop
  endfacet
  facet normal 0.8968727415326921 0.4422886902189935 0
    outer loop
      vertex 35.304481869954856 5.469266270539641 0.8
      vertex 35.53589838486224 5 0.8
      vertex 35.53589838486224 5 0
    endloop
  endfacet
  facet normal 0 0 -1
    outer loop
      vertex 35.53589838486224 5 0.8
      vertex 35.53589838486224 9 0.8
      vertex 35.82658663883506 4.564954283965117 0.8
    endloop
  endfacet
  facet normal 0 0 -1
    outer loop
      vertex 35.304481869954856 5.469266270539641 0.8
      vertex 35.304481869954856 8.530733729460358 0.8
      vertex 35.53589838486224 5 0.8
    endloop
  endfacet
  facet normal 0 0 -1
    outer loop
      vertex 35.304481869954856 5.469266270539641 0.8
      vertex 35.13629669484373 8.035276180410083 0.8
      vertex 35.304481869954856 8.530733729460358 0.8
    endloop
  endfacet
  facet normal 0 0 -1
    outer loop
      vertex 35.304481869954856 8.530733729460358 0.8
      vertex 35.53589838486224 9 0.8
      vertex 35.53589838486224 5 0.8
    endloop
  endfacet
  facet normal 0.9807852804032289 -0.19509032201613602 0
    outer loop
      vertex 35.13629669484373 8.035276180410083 0.8
      vertex 35.034220554504756 7.522104768880206 0
      vertex 35.13629669484373 8.035276180410083 0
    endloop
  endfacet
  facet normal 0.9469301294951052 -0.321439465303163 0
    outer loop
      vertex 35.304481869954856 8.530733729460358 0.8
      vertex 35.13629669484373 8.035276180410083 0
      vertex 35.304481869954856 8.530733729460358 0
    endloop
  endfacet
  facet normal 0.8968727415326925 -0.44228869021899286 0
    outer loop
      vertex 35.53589838486224 9 0.8
      vertex 35.304481869954856 8.530733729460358 0
      vertex 35.53589838486224 9 0
    endloop
  endfacet
  facet normal 0.8314696123025418 -0.5555702330196074 0
    outer loop
      vertex 35.82658663883506 9.435045716034882 0.8
      vertex 35.53589838486224 9 0
      vertex 35.82658663883506 9.435045716034882 0
    endloop
  endfacet
  facet normal 0.9807852804032289 -0.19509032201613602 0
    outer loop
      vertex 35.034220554504756 7.522104768880206 0.8
      vertex 35.034220554504756 7.522104768880206 0
      vertex 35.13629669484373 8.035276180410083 0.8
    endloop
  endfacet
  facet normal 0.9469301294951052 -0.321439465303163 0
    outer loop
      vertex 35.13629669484373 8.035276180410083 0.8
      vertex 35.13629669484373 8.035276180410083 0
      vertex 35.304481869954856 8.530733729460358 0.8
    endloop
  endfacet
  facet normal 0.8968727415326925 -0.44228869021899286 0
    outer loop
      vertex 35.304481869954856 8.530733729460358 0.8
      vertex 35.304481869954856 8.530733729460358 0
      vertex 35.53589838486224 9 0.8
    endloop
  endfacet
  facet normal 0 0 -1
    outer loop
      vertex 35.82658663883506 4.564954283965117 0.8
      vertex 35.53589838486224 9 0.8
      vertex 35.82658663883506 9.435045716034882 0.8
    endloop
  endfacet
  facet normal 0.8314696123025418 -0.5555702330196074 0
    outer loop
      vertex 35.53589838486224 9 0.8
      vertex 35.53589838486224 9 0
      vertex 35.82658663883506 9.435045716034882 0.8
    endloop
  endfacet
  facet normal 0 0 -1
    outer loop
      vertex 35.82658663883506 4.564954283965117 0.8
      vertex 35.82658663883506 9.435045716034882 0.8
      vertex 36.17157287525381 4.17157287525381 0.8
    endloop
  endfacet
  facet normal 0 0 -1
    outer loop
      vertex 36.17157287525381 4.17157287525381 0.8
      vertex 36.17157287525381 9.82842712474619 0.8
      vertex 36.564954283965115 3.8265866388350593 0.8
    endloop
  endfacet
  facet normal 0 0 -1
    outer loop
      vertex 36.564954283965115 3.8265866388350593 0.8
      vertex 36.564954283965115 10.17341336116494 0.8
      vertex 37 3.5358983848622456 0.8
    endloop
  endfacet
  facet normal 0 0 -1
    outer loop
      vertex 37 3.5358983848622456 0.8
      vertex 37 10.464101615137753 0.8
      vertex 37.46926627053964 3.304481869954853 0.8
    endloop
  endfacet
  facet normal 0.7518398074789802 -0.6593458151000656 0
    outer loop
      vertex 36.17157287525381 9.82842712474619 0.8
      vertex 35.82658663883506 9.435045716034882 0
      vertex 36.17157287525381 9.82842712474619 0
    endloop
  endfacet
  facet normal 0.6593458151000694 -0.7518398074789769 0
    outer loop
      vertex 36.564954283965115 10.17341336116494 0.8
      vertex 36.17157287525381 9.82842712474619 0
      vertex 36.564954283965115 10.17341336116494 0
    endloop
  endfacet
  facet normal 0 0 -1
    outer loop
      vertex 36.17157287525381 4.17157287525381 0.8
      vertex 35.82658663883506 9.435045716034882 0.8
      vertex 36.17157287525381 9.82842712474619 0.8
    endloop
  endfacet
  facet normal 0 0 -1
    outer loop
      vertex 36.564954283965115 3.8265866388350593 0.8
      vertex 36.17157287525381 9.82842712474619 0.8
      vertex 36.564954283965115 10.17341336116494 0.8
    endloop
  endfacet
  facet normal 0.7518398074789802 -0.6593458151000656 0
    outer loop
      vertex 35.82658663883506 9.435045716034882 0.8
      vertex 35.82658663883506 9.435045716034882 0
      vertex 36.17157287525381 9.82842712474619 0.8
    endloop
  endfacet
  facet normal 0.6593458151000694 -0.7518398074789769 0
    outer loop
      vertex 36.17157287525381 9.82842712474619 0.8
      vertex 36.17157287525381 9.82842712474619 0
      vertex 36.564954283965115 10.17341336116494 0.8
    endloop
  endfacet
  facet normal 0 0 -1
    outer loop
      vertex 37 3.5358983848622456 0.8
      vertex 36.564954283965115 10.17341336116494 0.8
      vertex 37 10.464101615137753 0.8
    endloop
  endfacet
  facet normal 0 0 -1
    outer loop
      vertex 37.46926627053964 3.304481869954853 0.8
      vertex 37 10.464101615137753 0.8
      vertex 37.46926627053964 10.695518130045148 0.8
    endloop
  endfacet
  facet normal 0.3214394653031601 0.9469301294951061 0
    outer loop
      vertex 37.46926627053964 3.304481869954853 0.8
      vertex 37.96472381958992 3.1362966948437268 0
      vertex 37.46926627053964 3.304481869954853 0
    endloop
  endfacet
  facet normal 0.1950903220161285 0.9807852804032303 0
    outer loop
      vertex 37.96472381958992 3.1362966948437268 0.8
      vertex 38.477895231119795 3.0342205545047585 0
      vertex 37.96472381958992 3.1362966948437268 0
    endloop
  endfacet
  facet normal 0.06540312923014352 0.9978589232386035 0
    outer loop
      vertex 38.477895231119795 3.0342205545047585 0.8
      vertex 39 3 0
      vertex 38.477895231119795 3.0342205545047585 0
    endloop
  endfacet
  facet normal 0.3214394653031601 0.9469301294951061 0
    outer loop
      vertex 37.46926627053964 3.304481869954853 0.8
      vertex 37.96472381958992 3.1362966948437268 0.8
      vertex 37.96472381958992 3.1362966948437268 0
    endloop
  endfacet
  facet normal 0.1950903220161285 0.9807852804032303 0
    outer loop
      vertex 37.96472381958992 3.1362966948437268 0.8
      vertex 38.477895231119795 3.0342205545047585 0.8
      vertex 38.477895231119795 3.0342205545047585 0
    endloop
  endfacet
  facet normal -0.06540312923014352 0.9978589232386035 0
    outer loop
      vertex 39 3 0.8
      vertex 39.522104768880205 3.0342205545047585 0
      vertex 39 3 0
    endloop
  endfacet
  facet normal -0.1950903220161285 0.9807852804032303 0
    outer loop
      vertex 39.522104768880205 3.0342205545047585 0.8
      vertex 40.03527618041008 3.1362966948437268 0
      vertex 39.522104768880205 3.0342205545047585 0
    endloop
  endfacet
  facet normal -0.3214394653031601 0.9469301294951061 0
    outer loop
      vertex 40.03527618041008 3.1362966948437268 0.8
      vertex 40.53073372946036 3.304481869954853 0
      vertex 40.03527618041008 3.1362966948437268 0
    endloop
  endfacet
  facet normal 0.06540312923014352 0.9978589232386035 0
    outer loop
      vertex 38.477895231119795 3.0342205545047585 0.8
      vertex 39 3 0.8
      vertex 39 3 0
    endloop
  endfacet
  facet normal -0.06540312923014352 0.9978589232386035 0
    outer loop
      vertex 39 3 0.8
      vertex 39.522104768880205 3.0342205545047585 0.8
      vertex 39.522104768880205 3.0342205545047585 0
    endloop
  endfacet
  facet normal -0.1950903220161285 0.9807852804032303 0
    outer loop
      vertex 39.522104768880205 3.0342205545047585 0.8
      vertex 40.03527618041008 3.1362966948437268 0.8
      vertex 40.03527618041008 3.1362966948437268 0
    endloop
  endfacet
  facet normal 0 0 -1
    outer loop
      vertex 37.46926627053964 3.304481869954853 0.8
      vertex 37.46926627053964 10.695518130045148 0.8
      vertex 37.96472381958992 3.1362966948437268 0.8
    endloop
  endfacet
  facet normal 0 0 -1
    outer loop
      vertex 37.96472381958992 3.1362966948437268 0.8
      vertex 37.96472381958992 10.863703305156273 0.8
      vertex 38.477895231119795 3.0342205545047585 0.8
    endloop
  endfacet
  facet normal 0 0 -1
    outer loop
      vertex 38.477895231119795 3.0342205545047585 0.8
      vertex 38.477895231119795 10.965779445495242 0.8
      vertex 39 3 0.8
    endloop
  endfacet
  facet normal 0 0 -1
    outer loop
      vertex 37.96472381958992 3.1362966948437268 0.8
      vertex 37.46926627053964 10.695518130045148 0.8
      vertex 37.96472381958992 10.863703305156273 0.8
    endloop
  endfacet
  facet normal 0 0 -1
    outer loop
      vertex 37.96472381958992 10.863703305156273 0.8
      vertex 38.477895231119795 10.965779445495242 0.8
      vertex 38.477895231119795 3.0342205545047585 0.8
    endloop
  endfacet
  facet normal 0 0 -1
    outer loop
      vertex 39 3 0.8
      vertex 39 11 0.8
      vertex 39.522104768880205 3.0342205545047585 0.8
    endloop
  endfacet
  facet normal 0 0 -1
    outer loop
      vertex 39.522104768880205 3.0342205545047585 0.8
      vertex 39.522104768880205 10.965779445495242 0.8
      vertex 40.03527618041008 3.1362966948437268 0.8
    endloop
  endfacet
  facet normal 0 0 -1
    outer loop
      vertex 40.03527618041008 3.1362966948437268 0.8
      vertex 40.03527618041008 10.863703305156273 0.8
      vertex 40.53073372946036 3.304481869954853 0.8
    endloop
  endfacet
  facet normal 0 0 -1
    outer loop
      vertex 39 3 0.8
      vertex 38.477895231119795 10.965779445495242 0.8
      vertex 39 11 0.8
    endloop
  endfacet
  facet normal 0 0 -1
    outer loop
      vertex 39.522104768880205 3.0342205545047585 0.8
      vertex 39 11 0.8
      vertex 39.522104768880205 10.965779445495242 0.8
    endloop
  endfacet
  facet normal 0 0 -1
    outer loop
      vertex 40.03527618041008 3.1362966948437268 0.8
      vertex 39.522104768880205 10.965779445495242 0.8
      vertex 40.03527618041008 10.863703305156273 0.8
    endloop
  endfacet
  facet normal 0.5555702330195995 -0.831469612302547 0
    outer loop
      vertex 37 10.464101615137753 0.8
      vertex 36.564954283965115 10.17341336116494 0
      vertex 37 10.464101615137753 0
    endloop
  endfacet
  facet normal 0.4422886902190037 -0.896872741532687 0
    outer loop
      vertex 37.46926627053964 10.695518130045148 0.8
      vertex 37 10.464101615137753 0
      vertex 37.46926627053964 10.695518130045148 0
    endloop
  endfacet
  facet normal 0.5555702330195995 -0.831469612302547 0
    outer loop
      vertex 36.564954283965115 10.17341336116494 0.8
      vertex 36.564954283965115 10.17341336116494 0
      vertex 37 10.464101615137753 0.8
    endloop
  endfacet
  facet normal 0.4422886902190037 -0.896872741532687 0
    outer loop
      vertex 37 10.464101615137753 0.8
      vertex 37 10.464101615137753 0
      vertex 37.46926627053964 10.695518130045148 0.8
    endloop
  endfacet
  facet normal 0.32143946530315787 -0.946930129495107 0
    outer loop
      vertex 37.96472381958992 10.863703305156273 0.8
      vertex 37.46926627053964 10.695518130045148 0
      vertex 37.96472381958992 10.863703305156273 0
    endloop
  endfacet
  facet normal 0.19509032201613014 -0.9807852804032301 0
    outer loop
      vertex 38.477895231119795 10.965779445495242 0.8
      vertex 37.96472381958992 10.863703305156273 0
      vertex 38.477895231119795 10.965779445495242 0
    endloop
  endfacet
  facet normal 0.32143946530315787 -0.946930129495107 0
    outer loop
      vertex 37.46926627053964 10.695518130045148 0.8
      vertex 37.46926627053964 10.695518130045148 0
      vertex 37.96472381958992 10.863703305156273 0.8
    endloop
  endfacet
  facet normal 0.19509032201613014 -0.9807852804032301 0
    outer loop
      vertex 37.96472381958992 10.863703305156273 0.8
      vertex 37.96472381958992 10.863703305156273 0
      vertex 38.477895231119795 10.965779445495242 0.8
    endloop
  endfacet
  facet normal 0.06540312923014266 -0.9978589232386035 0
    outer loop
      vertex 38.477895231119795 10.965779445495242 0.8
      vertex 38.477895231119795 10.965779445495242 0
      vertex 39 11 0.8
    endloop
  endfacet
  facet normal 0.06540312923014266 -0.9978589232386035 0
    outer loop
      vertex 39 11 0.8
      vertex 38.477895231119795 10.965779445495242 0
      vertex 39 11 0
    endloop
  endfacet
  facet normal -0.06540312923014266 -0.9978589232386035 0
    outer loop
      vertex 39.522104768880205 10.965779445495242 0.8
      vertex 39 11 0
      vertex 39.522104768880205 10.965779445495242 0
    endloop
  endfacet
  facet normal -0.19509032201613014 -0.9807852804032301 0
    outer loop
      vertex 40.03527618041008 10.863703305156273 0.8
      vertex 39.522104768880205 10.965779445495242 0
      vertex 40.03527618041008 10.863703305156273 0
    endloop
  endfacet
  facet normal -0.06540312923014266 -0.9978589232386035 0
    outer loop
      vertex 39 11 0.8
      vertex 39 11 0
      vertex 39.522104768880205 10.965779445495242 0.8
    endloop
  endfacet
  facet normal -0.19509032201613014 -0.9807852804032301 0
    outer loop
      vertex 39.522104768880205 10.965779445495242 0.8
      vertex 39.522104768880205 10.965779445495242 0
      vertex 40.03527618041008 10.863703305156273 0.8
    endloop
  endfacet
  facet normal -0.32143946530315787 -0.946930129495107 0
    outer loop
      vertex 40.03527618041008 10.863703305156273 0.8
      vertex 40.03527618041008 10.863703305156273 0
      vertex 40.53073372946036 10.695518130045148 0.8
    endloop
  endfacet
  facet normal -0.442288690219001 0.8968727415326885 0
    outer loop
      vertex 40.53073372946036 3.304481869954853 0.8
      vertex 41 3.5358983848622456 0
      vertex 40.53073372946036 3.304481869954853 0
    endloop
  endfacet
  facet normal -0.5555702330195995 0.831469612302547 0
    outer loop
      vertex 41 3.5358983848622456 0.8
      vertex 41.435045716034885 3.8265866388350593 0
      vertex 41 3.5358983848622456 0
    endloop
  endfacet
  facet normal -0.6593458151000703 0.7518398074789762 0
    outer loop
      vertex 41.435045716034885 3.8265866388350593 0.8
      vertex 41.82842712474619 4.17157287525381 0
      vertex 41.435045716034885 3.8265866388350593 0
    endloop
  endfacet
  facet normal -0.3214394653031601 0.9469301294951061 0
    outer loop
      vertex 40.03527618041008 3.1362966948437268 0.8
      vertex 40.53073372946036 3.304481869954853 0.8
      vertex 40.53073372946036 3.304481869954853 0
    endloop
  endfacet
  facet normal -0.442288690219001 0.8968727415326885 0
    outer loop
      vertex 40.53073372946036 3.304481869954853 0.8
      vertex 41 3.5358983848622456 0.8
      vertex 41 3.5358983848622456 0
    endloop
  endfacet
  facet normal -0.5555702330195995 0.831469612302547 0
    outer loop
      vertex 41 3.5358983848622456 0.8
      vertex 41.435045716034885 3.8265866388350593 0.8
      vertex 41.435045716034885 3.8265866388350593 0
    endloop
  endfacet
  facet normal -0.7518398074789794 0.6593458151000665 0
    outer loop
      vertex 41.82842712474619 4.17157287525381 0.8
      vertex 42.17341336116494 4.564954283965117 0
      vertex 41.82842712474619 4.17157287525381 0
    endloop
  endfacet
  facet normal -0.8314696123025423 0.5555702330196065 0
    outer loop
      vertex 42.17341336116494 4.564954283965117 0.8
      vertex 42.46410161513776 5 0
      vertex 42.17341336116494 4.564954283965117 0
    endloop
  endfacet
  facet normal -0.6593458151000703 0.7518398074789762 0
    outer loop
      vertex 41.435045716034885 3.8265866388350593 0.8
      vertex 41.82842712474619 4.17157287525381 0.8
      vertex 41.82842712474619 4.17157287525381 0
    endloop
  endfacet
  facet normal -0.7518398074789794 0.6593458151000665 0
    outer loop
      vertex 41.82842712474619 4.17157287525381 0.8
      vertex 42.17341336116494 4.564954283965117 0.8
      vertex 42.17341336116494 4.564954283965117 0
    endloop
  endfacet
  facet normal -0.8314696123025423 0.5555702330196065 0
    outer loop
      vertex 42.17341336116494 4.564954283965117 0.8
      vertex 42.46410161513776 5 0.8
      vertex 42.46410161513776 5 0
    endloop
  endfacet
  facet normal 0 0 -1
    outer loop
      vertex 40.53073372946036 3.304481869954853 0.8
      vertex 40.53073372946036 10.695518130045148 0.8
      vertex 41 3.5358983848622456 0.8
    endloop
  endfacet
  facet normal 0 0 -1
    outer loop
      vertex 41 3.5358983848622456 0.8
      vertex 41 10.464101615137753 0.8
      vertex 41.435045716034885 3.8265866388350593 0.8
    endloop
  endfacet
  facet normal 0 0 -1
    outer loop
      vertex 41.435045716034885 3.8265866388350593 0.8
      vertex 41.435045716034885 10.17341336116494 0.8
      vertex 41.82842712474619 4.17157287525381 0.8
    endloop
  endfacet
  facet normal 0 0 -1
    outer loop
      vertex 40.03527618041008 10.863703305156273 0.8
      vertex 40.53073372946036 10.695518130045148 0.8
      vertex 40.53073372946036 3.304481869954853 0.8
    endloop
  endfacet
  facet normal 0 0 -1
    outer loop
      vertex 41 3.5358983848622456 0.8
      vertex 40.53073372946036 10.695518130045148 0.8
      vertex 41 10.464101615137753 0.8
    endloop
  endfacet
  facet normal 0 0 -1
    outer loop
      vertex 41.435045716034885 3.8265866388350593 0.8
      vertex 41 10.464101615137753 0.8
      vertex 41.435045716034885 10.17341336116494 0.8
    endloop
  endfacet
  facet normal -0.6593458151000694 -0.7518398074789769 0
    outer loop
      vertex 41.435045716034885 10.17341336116494 0.8
      vertex 41.435045716034885 10.17341336116494 0
      vertex 41.82842712474619 9.82842712474619 0.8
    endloop
  endfacet
  facet normal -0.8968727415326921 0.4422886902189935 0
    outer loop
      vertex 42.46410161513776 5 0.8
      vertex 42.695518130045144 5.469266270539641 0
      vertex 42.46410161513776 5 0
    endloop
  endfacet
  facet normal -0.9469301294951054 0.3214394653031624 0
    outer loop
      vertex 42.695518130045144 5.469266270539641 0.8
      vertex 42.86370330515627 5.964723819589917 0
      vertex 42.695518130045144 5.469266270539641 0
    endloop
  endfacet
  facet normal -0.9807852804032289 0.19509032201613602 0
    outer loop
      vertex 42.86370330515627 5.964723819589917 0.8
      vertex 42.965779445495244 6.477895231119794 0
      vertex 42.86370330515627 5.964723819589917 0
    endloop
  endfacet
  facet normal -0.9978589232386038 0.06540312923013908 0
    outer loop
      vertex 42.965779445495244 6.477895231119794 0.8
      vertex 43 7 0
      vertex 42.965779445495244 6.477895231119794 0
    endloop
  endfacet
  facet normal -0.9978589232386038 -0.06540312923013908 0
    outer loop
      vertex 43 7 0.8
      vertex 42.965779445495244 7.522104768880206 0
      vertex 43 7 0
    endloop
  endfacet
  facet normal 0 0 -1
    outer loop
      vertex 41.82842712474619 4.17157287525381 0.8
      vertex 41.82842712474619 9.82842712474619 0.8
      vertex 42.17341336116494 4.564954283965117 0.8
    endloop
  endfacet
  facet normal 0 0 -1
    outer loop
      vertex 42.17341336116494 4.564954283965117 0.8
      vertex 42.17341336116494 9.435045716034882 0.8
      vertex 42.46410161513776 5 0.8
    endloop
  endfacet
  facet normal -0.8968727415326921 0.4422886902189935 0
    outer loop
      vertex 42.46410161513776 5 0.8
      vertex 42.695518130045144 5.469266270539641 0.8
      vertex 42.695518130045144 5.469266270539641 0
    endloop
  endfacet
  facet normal -0.9469301294951054 0.3214394653031624 0
    outer loop
      vertex 42.695518130045144 5.469266270539641 0.8
      vertex 42.86370330515627 5.964723819589917 0.8
      vertex 42.86370330515627 5.964723819589917 0
    endloop
  endfacet
  facet normal -0.9807852804032289 0.19509032201613602 0
    outer loop
      vertex 42.86370330515627 5.964723819589917 0.8
      vertex 42.965779445495244 6.477895231119794 0.8
      vertex 42.965779445495244 6.477895231119794 0
    endloop
  endfacet
  facet normal -0.9978589232386038 0.06540312923013908 0
    outer loop
      vertex 42.965779445495244 6.477895231119794 0.8
      vertex 43 7 0.8
      vertex 43 7 0
    endloop
  endfacet
  facet normal -0.9978589232386038 -0.06540312923013908 0
    outer loop
      vertex 43 7 0.8
      vertex 42.965779445495244 7.522104768880206 0.8
      vertex 42.965779445495244 7.522104768880206 0
    endloop
  endfacet
  facet normal 0 0 -1
    outer loop
      vertex 42.46410161513776 5 0.8
      vertex 42.46410161513776 9 0.8
      vertex 42.695518130045144 5.469266270539641 0.8
    endloop
  endfacet
  facet normal 0 0 -1
    outer loop
      vertex 42.695518130045144 5.469266270539641 0.8
      vertex 42.695518130045144 8.530733729460358 0.8
      vertex 42.86370330515627 5.964723819589917 0.8
    endloop
  endfacet
  facet normal 0 0 -1
    outer loop
      vertex 42.86370330515627 5.964723819589917 0.8
      vertex 42.86370330515627 8.035276180410083 0.8
      vertex 42.965779445495244 6.477895231119794 0.8
    endloop
  endfacet
  facet normal 0 0 -1
    outer loop
      vertex 42.86370330515627 5.964723819589917 0.8
      vertex 42.695518130045144 8.530733729460358 0.8
      vertex 42.86370330515627 8.035276180410083 0.8
    endloop
  endfacet
  facet normal 0 0 -1
    outer loop
      vertex 42.965779445495244 6.477895231119794 0.8
      vertex 42.86370330515627 8.035276180410083 0.8
      vertex 42.965779445495244 7.522104768880206 0.8
    endloop
  endfacet
  facet normal 0 0 -1
    outer loop
      vertex 42.965779445495244 6.477895231119794 0.8
      vertex 42.965779445495244 7.522104768880206 0.8
      vertex 43 7 0.8
    endloop
  endfacet
  facet normal -0.6593458151000694 -0.7518398074789769 0
    outer loop
      vertex 41.82842712474619 9.82842712474619 0.8
      vertex 41.435045716034885 10.17341336116494 0
      vertex 41.82842712474619 9.82842712474619 0
    endloop
  endfacet
  facet normal -0.8314696123025418 -0.5555702330196074 0
    outer loop
      vertex 42.46410161513776 9 0.8
      vertex 42.17341336116494 9.435045716034882 0
      vertex 42.46410161513776 9 0
    endloop
  endfacet
  facet normal -0.7518398074789802 -0.6593458151000656 0
    outer loop
      vertex 42.17341336116494 9.435045716034882 0.8
      vertex 41.82842712474619 9.82842712474619 0
      vertex 42.17341336116494 9.435045716034882 0
    endloop
  endfacet
  facet normal -0.8968727415326925 -0.44228869021899286 0
    outer loop
      vertex 42.695518130045144 8.530733729460358 0.8
      vertex 42.46410161513776 9 0
      vertex 42.695518130045144 8.530733729460358 0
    endloop
  endfacet
  facet normal -0.9807852804032289 -0.19509032201613602 0
    outer loop
      vertex 42.965779445495244 7.522104768880206 0.8
      vertex 42.86370330515627 8.035276180410083 0
      vertex 42.965779445495244 7.522104768880206 0
    endloop
  endfacet
  facet normal -0.9469301294951052 -0.321439465303163 0
    outer loop
      vertex 42.86370330515627 8.035276180410083 0.8
      vertex 42.695518130045144 8.530733729460358 0
      vertex 42.86370330515627 8.035276180410083 0
    endloop
  endfacet
  facet normal 0 0 -1
    outer loop
      vertex 41.82842712474619 4.17157287525381 0.8
      vertex 41.435045716034885 10.17341336116494 0.8
      vertex 41.82842712474619 9.82842712474619 0.8
    endloop
  endfacet
  facet normal 0 0 -1
    outer loop
      vertex 42.17341336116494 4.564954283965117 0.8
      vertex 41.82842712474619 9.82842712474619 0.8
      vertex 42.17341336116494 9.435045716034882 0.8
    endloop
  endfacet
  facet normal 0 0 -1
    outer loop
      vertex 42.46410161513776 5 0.8
      vertex 42.17341336116494 9.435045716034882 0.8
      vertex 42.46410161513776 9 0.8
    endloop
  endfacet
  facet normal -0.7518398074789802 -0.6593458151000656 0
    outer loop
      vertex 41.82842712474619 9.82842712474619 0.8
      vertex 41.82842712474619 9.82842712474619 0
      vertex 42.17341336116494 9.435045716034882 0.8
    endloop
  endfacet
  facet normal -0.8314696123025418 -0.5555702330196074 0
    outer loop
      vertex 42.17341336116494 9.435045716034882 0.8
      vertex 42.17341336116494 9.435045716034882 0
      vertex 42.46410161513776 9 0.8
    endloop
  endfacet
  facet normal -0.8968727415326925 -0.44228869021899286 0
    outer loop
      vertex 42.695518130045144 8.530733729460358 0.8
      vertex 42.46410161513776 9 0.8
      vertex 42.46410161513776 9 0
    endloop
  endfacet
  facet normal -0.9469301294951052 -0.321439465303163 0
    outer loop
      vertex 42.86370330515627 8.035276180410083 0.8
      vertex 42.695518130045144 8.530733729460358 0.8
      vertex 42.695518130045144 8.530733729460358 0
    endloop
  endfacet
  facet normal -0.9807852804032289 -0.19509032201613602 0
    outer loop
      vertex 42.965779445495244 7.522104768880206 0.8
      vertex 42.86370330515627 8.035276180410083 0.8
      vertex 42.86370330515627 8.035276180410083 0
    endloop
  endfacet
  facet normal 0 0 -1
    outer loop
      vertex 42.695518130045144 5.469266270539641 0.8
      vertex 42.46410161513776 9 0.8
      vertex 42.695518130045144 8.530733729460358 0.8
    endloop
  endfacet
  facet normal -0.32143946530315787 -0.946930129495107 0
    outer loop
      vertex 40.53073372946036 10.695518130045148 0.8
      vertex 40.03527618041008 10.863703305156273 0
      vertex 40.53073372946036 10.695518130045148 0
    endloop
  endfacet
  facet normal -0.4422886902190037 -0.896872741532687 0
    outer loop
      vertex 41 10.464101615137753 0.8
      vertex 40.53073372946036 10.695518130045148 0
      vertex 41 10.464101615137753 0
    endloop
  endfacet
  facet normal -0.5555702330195995 -0.831469612302547 0
    outer loop
      vertex 41.435045716034885 10.17341336116494 0.8
      vertex 41 10.464101615137753 0
      vertex 41.435045716034885 10.17341336116494 0
    endloop
  endfacet
  facet normal -0.4422886902190037 -0.896872741532687 0
    outer loop
      vertex 40.53073372946036 10.695518130045148 0.8
      vertex 40.53073372946036 10.695518130045148 0
      vertex 41 10.464101615137753 0.8
    endloop
  endfacet
  facet normal -0.5555702330195995 -0.831469612302547 0
    outer loop
      vertex 41 10.464101615137753 0.8
      vertex 41 10.464101615137753 0
      vertex 41.435045716034885 10.17341336116494 0.8
    endloop
  endfacet
  facet normal 0.5555702330195855 0.8314696123025564 0
    outer loop
      vertex 36.564954283965115 70.82658663883505 0.8
      vertex 37 70.53589838486225 0
      vertex 36.564954283965115 70.82658663883505 0
    endloop
  endfacet
  facet normal 0.4422886902190037 0.896872741532687 0
    outer loop
      vertex 37 70.53589838486225 0.8
      vertex 37.46926627053964 70.30448186995486 0
      vertex 37 70.53589838486225 0
    endloop
  endfacet
  facet normal 0.5555702330195855 0.8314696123025564 0
    outer loop
      vertex 36.564954283965115 70.82658663883505 0.8
      vertex 37 70.53589838486225 0.8
      vertex 37 70.53589838486225 0
    endloop
  endfacet
  facet normal 0.4422886902190037 0.896872741532687 0
    outer loop
      vertex 37 70.53589838486225 0.8
      vertex 37.46926627053964 70.30448186995486 0.8
      vertex 37.46926627053964 70.30448186995486 0
    endloop
  endfacet
  facet normal 0.3214394653031731 0.9469301294951018 0
    outer loop
      vertex 37.46926627053964 70.30448186995486 0.8
      vertex 37.96472381958992 70.13629669484372 0
      vertex 37.46926627053964 70.30448186995486 0
    endloop
  endfacet
  facet normal 0.1950903220161236 0.9807852804032312 0
    outer loop
      vertex 37.96472381958992 70.13629669484372 0.8
      vertex 38.477895231119795 70.03422055450476 0
      vertex 37.96472381958992 70.13629669484372 0
    endloop
  endfacet
  facet normal 0.06540312923013929 0.9978589232386037 0
    outer loop
      vertex 38.477895231119795 70.03422055450476 0.8
      vertex 39 70 0
      vertex 38.477895231119795 70.03422055450476 0
    endloop
  endfacet
  facet normal 0.3214394653031731 0.9469301294951018 0
    outer loop
      vertex 37.46926627053964 70.30448186995486 0.8
      vertex 37.96472381958992 70.13629669484372 0.8
      vertex 37.96472381958992 70.13629669484372 0
    endloop
  endfacet
  facet normal 0.1950903220161236 0.9807852804032312 0
    outer loop
      vertex 37.96472381958992 70.13629669484372 0.8
      vertex 38.477895231119795 70.03422055450476 0.8
      vertex 38.477895231119795 70.03422055450476 0
    endloop
  endfacet
  facet normal -0.06540312923013929 0.9978589232386037 0
    outer loop
      vertex 39 70 0.8
      vertex 39.522104768880205 70.03422055450476 0
      vertex 39 70 0
    endloop
  endfacet
  facet normal -0.1950903220161236 0.9807852804032312 0
    outer loop
      vertex 39.522104768880205 70.03422055450476 0.8
      vertex 40.03527618041008 70.13629669484372 0
      vertex 39.522104768880205 70.03422055450476 0
    endloop
  endfacet
  facet normal -0.3214394653031731 0.9469301294951018 0
    outer loop
      vertex 40.03527618041008 70.13629669484372 0.8
      vertex 40.53073372946036 70.30448186995486 0
      vertex 40.03527618041008 70.13629669484372 0
    endloop
  endfacet
  facet normal 0.06540312923013929 0.9978589232386037 0
    outer loop
      vertex 38.477895231119795 70.03422055450476 0.8
      vertex 39 70 0.8
      vertex 39 70 0
    endloop
  endfacet
  facet normal -0.06540312923013929 0.9978589232386037 0
    outer loop
      vertex 39 70 0.8
      vertex 39.522104768880205 70.03422055450476 0.8
      vertex 39.522104768880205 70.03422055450476 0
    endloop
  endfacet
  facet normal -0.1950903220161236 0.9807852804032312 0
    outer loop
      vertex 39.522104768880205 70.03422055450476 0.8
      vertex 40.03527618041008 70.13629669484372 0.8
      vertex 40.03527618041008 70.13629669484372 0
    endloop
  endfacet
  facet normal 0.9469301294951074 0.32143946530315676 0
    outer loop
      vertex 35.13629669484373 72.96472381958992 0.8
      vertex 35.304481869954856 72.46926627053963 0
      vertex 35.13629669484373 72.96472381958992 0
    endloop
  endfacet
  facet normal 0.9807852804032282 0.1950903220161393 0
    outer loop
      vertex 35.034220554504756 73.47789523111979 0.8
      vertex 35.13629669484373 72.96472381958992 0
      vertex 35.034220554504756 73.47789523111979 0
    endloop
  endfacet
  facet normal 0.8314696123025397 0.5555702330196105 0
    outer loop
      vertex 35.53589838486224 72 0.8
      vertex 35.82658663883506 71.56495428396512 0
      vertex 35.53589838486224 72 0
    endloop
  endfacet
  facet normal 0.8968727415326898 0.44228869021899825 0
    outer loop
      vertex 35.304481869954856 72.46926627053963 0.8
      vertex 35.53589838486224 72 0
      vertex 35.304481869954856 72.46926627053963 0
    endloop
  endfacet
  facet normal 0.9807852804032282 0.1950903220161393 0
    outer loop
      vertex 35.13629669484373 72.96472381958992 0.8
      vertex 35.13629669484373 72.96472381958992 0
      vertex 35.034220554504756 73.47789523111979 0.8
    endloop
  endfacet
  facet normal 0.8314696123025397 0.5555702330196105 0
    outer loop
      vertex 35.82658663883506 71.56495428396512 0.8
      vertex 35.82658663883506 71.56495428396512 0
      vertex 35.53589838486224 72 0.8
    endloop
  endfacet
  facet normal 0.9469301294951074 0.32143946530315676 0
    outer loop
      vertex 35.304481869954856 72.46926627053963 0.8
      vertex 35.304481869954856 72.46926627053963 0
      vertex 35.13629669484373 72.96472381958992 0.8
    endloop
  endfacet
  facet normal 0.8968727415326898 0.44228869021899825 0
    outer loop
      vertex 35.304481869954856 72.46926627053963 0.8
      vertex 35.53589838486224 72 0.8
      vertex 35.53589838486224 72 0
    endloop
  endfacet
  facet normal 0 0 -1
    outer loop
      vertex 35.304481869954856 72.46926627053963 0.8
      vertex 35.304481869954856 75.53073372946037 0.8
      vertex 35.53589838486224 72 0.8
    endloop
  endfacet
  facet normal 0 0 -1
    outer loop
      vertex 35.82658663883506 71.56495428396512 0.8
      vertex 35.53589838486224 72 0.8
      vertex 35.53589838486224 76 0.8
    endloop
  endfacet
  facet normal 0.9978589232386038 0.06540312923013841 0
    outer loop
      vertex 35 74 0.8
      vertex 35.034220554504756 73.47789523111979 0
      vertex 35 74 0
    endloop
  endfacet
  facet normal 0.9978589232386038 -0.06540312923013841 0
    outer loop
      vertex 35.034220554504756 74.52210476888021 0.8
      vertex 35 74 0
      vertex 35.034220554504756 74.52210476888021 0
    endloop
  endfacet
  facet normal 0.9807852804032282 -0.1950903220161393 0
    outer loop
      vertex 35.13629669484373 75.03527618041008 0.8
      vertex 35.034220554504756 74.52210476888021 0
      vertex 35.13629669484373 75.03527618041008 0
    endloop
  endfacet
  facet normal 0.9469301294951074 -0.32143946530315676 0
    outer loop
      vertex 35.304481869954856 75.53073372946037 0.8
      vertex 35.13629669484373 75.03527618041008 0
      vertex 35.304481869954856 75.53073372946037 0
    endloop
  endfacet
  facet normal 0.8968727415326898 -0.44228869021899825 0
    outer loop
      vertex 35.53589838486224 76 0.8
      vertex 35.304481869954856 75.53073372946037 0
      vertex 35.53589838486224 76 0
    endloop
  endfacet
  facet normal 0.9978589232386038 0.06540312923013841 0
    outer loop
      vertex 35 74 0.8
      vertex 35.034220554504756 73.47789523111979 0.8
      vertex 35.034220554504756 73.47789523111979 0
    endloop
  endfacet
  facet normal 0.9978589232386038 -0.06540312923013841 0
    outer loop
      vertex 35 74 0.8
      vertex 35 74 0
      vertex 35.034220554504756 74.52210476888021 0.8
    endloop
  endfacet
  facet normal 0 0 -1
    outer loop
      vertex 35 74 0.8
      vertex 35.034220554504756 74.52210476888021 0.8
      vertex 35.034220554504756 73.47789523111979 0.8
    endloop
  endfacet
  facet normal 0 0 -1
    outer loop
      vertex 35.13629669484373 72.96472381958992 0.8
      vertex 35.034220554504756 73.47789523111979 0.8
      vertex 35.034220554504756 74.52210476888021 0.8
    endloop
  endfacet
  facet normal 0 0 -1
    outer loop
      vertex 35.304481869954856 72.46926627053963 0.8
      vertex 35.13629669484373 72.96472381958992 0.8
      vertex 35.13629669484373 75.03527618041008 0.8
    endloop
  endfacet
  facet normal 0 0 -1
    outer loop
      vertex 35.13629669484373 72.96472381958992 0.8
      vertex 35.034220554504756 74.52210476888021 0.8
      vertex 35.13629669484373 75.03527618041008 0.8
    endloop
  endfacet
  facet normal 0.9807852804032282 -0.1950903220161393 0
    outer loop
      vertex 35.034220554504756 74.52210476888021 0.8
      vertex 35.034220554504756 74.52210476888021 0
      vertex 35.13629669484373 75.03527618041008 0.8
    endloop
  endfacet
  facet normal 0.9469301294951074 -0.32143946530315676 0
    outer loop
      vertex 35.13629669484373 75.03527618041008 0.8
      vertex 35.13629669484373 75.03527618041008 0
      vertex 35.304481869954856 75.53073372946037 0.8
    endloop
  endfacet
  facet normal 0 0 -1
    outer loop
      vertex 35.304481869954856 72.46926627053963 0.8
      vertex 35.13629669484373 75.03527618041008 0.8
      vertex 35.304481869954856 75.53073372946037 0.8
    endloop
  endfacet
  facet normal 0 0 -1
    outer loop
      vertex 35.304481869954856 75.53073372946037 0.8
      vertex 35.53589838486224 76 0.8
      vertex 35.53589838486224 72 0.8
    endloop
  endfacet
  facet normal 0 0 -1
    outer loop
      vertex 35.82658663883506 71.56495428396512 0.8
      vertex 35.53589838486224 76 0.8
      vertex 35.82658663883506 76.43504571603488 0.8
    endloop
  endfacet
  facet normal 0.8968727415326898 -0.44228869021899825 0
    outer loop
      vertex 35.304481869954856 75.53073372946037 0.8
      vertex 35.304481869954856 75.53073372946037 0
      vertex 35.53589838486224 76 0.8
    endloop
  endfacet
  facet normal 0.7518398074789787 0.6593458151000674 0
    outer loop
      vertex 35.82658663883506 71.56495428396512 0.8
      vertex 36.17157287525381 71.17157287525382 0
      vertex 35.82658663883506 71.56495428396512 0
    endloop
  endfacet
  facet normal 0.6593458151000827 0.7518398074789651 0
    outer loop
      vertex 36.17157287525381 71.17157287525382 0.8
      vertex 36.564954283965115 70.82658663883505 0
      vertex 36.17157287525381 71.17157287525382 0
    endloop
  endfacet
  facet normal 0.7518398074789787 0.6593458151000674 0
    outer loop
      vertex 35.82658663883506 71.56495428396512 0.8
      vertex 36.17157287525381 71.17157287525382 0.8
      vertex 36.17157287525381 71.17157287525382 0
    endloop
  endfacet
  facet normal 0.6593458151000827 0.7518398074789651 0
    outer loop
      vertex 36.17157287525381 71.17157287525382 0.8
      vertex 36.564954283965115 70.82658663883505 0.8
      vertex 36.564954283965115 70.82658663883505 0
    endloop
  endfacet
  facet normal 0 0 -1
    outer loop
      vertex 35.82658663883506 71.56495428396512 0.8
      vertex 35.82658663883506 76.43504571603488 0.8
      vertex 36.17157287525381 71.17157287525382 0.8
    endloop
  endfacet
  facet normal 0 0 -1
    outer loop
      vertex 36.17157287525381 71.17157287525382 0.8
      vertex 36.17157287525381 76.82842712474618 0.8
      vertex 36.564954283965115 70.82658663883505 0.8
    endloop
  endfacet
  facet normal 0 0 -1
    outer loop
      vertex 36.564954283965115 70.82658663883505 0.8
      vertex 36.564954283965115 77.17341336116495 0.8
      vertex 37 70.53589838486225 0.8
    endloop
  endfacet
  facet normal 0 0 -1
    outer loop
      vertex 37 70.53589838486225 0.8
      vertex 37 77.46410161513775 0.8
      vertex 37.46926627053964 70.30448186995486 0.8
    endloop
  endfacet
  facet normal 0 0 -1
    outer loop
      vertex 36.17157287525381 71.17157287525382 0.8
      vertex 35.82658663883506 76.43504571603488 0.8
      vertex 36.17157287525381 76.82842712474618 0.8
    endloop
  endfacet
  facet normal 0 0 -1
    outer loop
      vertex 36.564954283965115 70.82658663883505 0.8
      vertex 36.17157287525381 76.82842712474618 0.8
      vertex 36.564954283965115 77.17341336116495 0.8
    endloop
  endfacet
  facet normal 0 0 -1
    outer loop
      vertex 37 70.53589838486225 0.8
      vertex 36.564954283965115 77.17341336116495 0.8
      vertex 37 77.46410161513775 0.8
    endloop
  endfacet
  facet normal 0 0 -1
    outer loop
      vertex 37.46926627053964 70.30448186995486 0.8
      vertex 37 77.46410161513775 0.8
      vertex 37.46926627053964 77.69551813004514 0.8
    endloop
  endfacet
  facet normal 0.8314696123025397 -0.5555702330196105 0
    outer loop
      vertex 35.82658663883506 76.43504571603488 0.8
      vertex 35.53589838486224 76 0
      vertex 35.82658663883506 76.43504571603488 0
    endloop
  endfacet
  facet normal 0.8314696123025397 -0.5555702330196105 0
    outer loop
      vertex 35.53589838486224 76 0.8
      vertex 35.53589838486224 76 0
      vertex 35.82658663883506 76.43504571603488 0.8
    endloop
  endfacet
  facet normal 0.7518398074789787 -0.6593458151000674 0
    outer loop
      vertex 36.17157287525381 76.82842712474618 0.8
      vertex 35.82658663883506 76.43504571603488 0
      vertex 36.17157287525381 76.82842712474618 0
    endloop
  endfacet
  facet normal 0.6593458151000827 -0.7518398074789651 0
    outer loop
      vertex 36.564954283965115 77.17341336116495 0.8
      vertex 36.17157287525381 76.82842712474618 0
      vertex 36.564954283965115 77.17341336116495 0
    endloop
  endfacet
  facet normal 0.5555702330195855 -0.8314696123025564 0
    outer loop
      vertex 37 77.46410161513775 0.8
      vertex 36.564954283965115 77.17341336116495 0
      vertex 37 77.46410161513775 0
    endloop
  endfacet
  facet normal 0.4422886902190037 -0.896872741532687 0
    outer loop
      vertex 37.46926627053964 77.69551813004514 0.8
      vertex 37 77.46410161513775 0
      vertex 37.46926627053964 77.69551813004514 0
    endloop
  endfacet
  facet normal 0.7518398074789787 -0.6593458151000674 0
    outer loop
      vertex 35.82658663883506 76.43504571603488 0.8
      vertex 35.82658663883506 76.43504571603488 0
      vertex 36.17157287525381 76.82842712474618 0.8
    endloop
  endfacet
  facet normal 0.6593458151000827 -0.7518398074789651 0
    outer loop
      vertex 36.17157287525381 76.82842712474618 0.8
      vertex 36.17157287525381 76.82842712474618 0
      vertex 36.564954283965115 77.17341336116495 0.8
    endloop
  endfacet
  facet normal 0.5555702330195855 -0.8314696123025564 0
    outer loop
      vertex 36.564954283965115 77.17341336116495 0.8
      vertex 36.564954283965115 77.17341336116495 0
      vertex 37 77.46410161513775 0.8
    endloop
  endfacet
  facet normal 0.4422886902190037 -0.896872741532687 0
    outer loop
      vertex 37 77.46410161513775 0.8
      vertex 37 77.46410161513775 0
      vertex 37.46926627053964 77.69551813004514 0.8
    endloop
  endfacet
  facet normal 0 0 -1
    outer loop
      vertex 37.46926627053964 70.30448186995486 0.8
      vertex 37.46926627053964 77.69551813004514 0.8
      vertex 37.96472381958992 70.13629669484372 0.8
    endloop
  endfacet
  facet normal 0 0 -1
    outer loop
      vertex 37.96472381958992 70.13629669484372 0.8
      vertex 37.96472381958992 77.86370330515628 0.8
      vertex 38.477895231119795 70.03422055450476 0.8
    endloop
  endfacet
  facet normal 0 0 -1
    outer loop
      vertex 38.477895231119795 70.03422055450476 0.8
      vertex 38.477895231119795 77.96577944549524 0.8
      vertex 39 70 0.8
    endloop
  endfacet
  facet normal 0 0 -1
    outer loop
      vertex 37.96472381958992 70.13629669484372 0.8
      vertex 37.46926627053964 77.69551813004514 0.8
      vertex 37.96472381958992 77.86370330515628 0.8
    endloop
  endfacet
  facet normal 0 0 -1
    outer loop
      vertex 37.96472381958992 77.86370330515628 0.8
      vertex 38.477895231119795 77.96577944549524 0.8
      vertex 38.477895231119795 70.03422055450476 0.8
    endloop
  endfacet
  facet normal 0 0 -1
    outer loop
      vertex 39 70 0.8
      vertex 39 78 0.8
      vertex 39.522104768880205 70.03422055450476 0.8
    endloop
  endfacet
  facet normal 0 0 -1
    outer loop
      vertex 39.522104768880205 70.03422055450476 0.8
      vertex 39.522104768880205 77.96577944549524 0.8
      vertex 40.03527618041008 70.13629669484372 0.8
    endloop
  endfacet
  facet normal 0 0 -1
    outer loop
      vertex 40.03527618041008 70.13629669484372 0.8
      vertex 40.03527618041008 77.86370330515628 0.8
      vertex 40.53073372946036 70.30448186995486 0.8
    endloop
  endfacet
  facet normal 0 0 -1
    outer loop
      vertex 39 70 0.8
      vertex 38.477895231119795 77.96577944549524 0.8
      vertex 39 78 0.8
    endloop
  endfacet
  facet normal 0 0 -1
    outer loop
      vertex 39.522104768880205 70.03422055450476 0.8
      vertex 39 78 0.8
      vertex 39.522104768880205 77.96577944549524 0.8
    endloop
  endfacet
  facet normal 0 0 -1
    outer loop
      vertex 40.03527618041008 70.13629669484372 0.8
      vertex 39.522104768880205 77.96577944549524 0.8
      vertex 40.03527618041008 77.86370330515628 0.8
    endloop
  endfacet
  facet normal 0.3214394653031731 -0.9469301294951018 0
    outer loop
      vertex 37.96472381958992 77.86370330515628 0.8
      vertex 37.46926627053964 77.69551813004514 0
      vertex 37.96472381958992 77.86370330515628 0
    endloop
  endfacet
  facet normal 0.1950903220161236 -0.9807852804032312 0
    outer loop
      vertex 38.477895231119795 77.96577944549524 0.8
      vertex 37.96472381958992 77.86370330515628 0
      vertex 38.477895231119795 77.96577944549524 0
    endloop
  endfacet
  facet normal 0.3214394653031731 -0.9469301294951018 0
    outer loop
      vertex 37.46926627053964 77.69551813004514 0.8
      vertex 37.46926627053964 77.69551813004514 0
      vertex 37.96472381958992 77.86370330515628 0.8
    endloop
  endfacet
  facet normal 0.1950903220161236 -0.9807852804032312 0
    outer loop
      vertex 37.96472381958992 77.86370330515628 0.8
      vertex 37.96472381958992 77.86370330515628 0
      vertex 38.477895231119795 77.96577944549524 0.8
    endloop
  endfacet
  facet normal 0.06540312923013929 -0.9978589232386037 0
    outer loop
      vertex 38.477895231119795 77.96577944549524 0.8
      vertex 38.477895231119795 77.96577944549524 0
      vertex 39 78 0.8
    endloop
  endfacet
  facet normal 0.06540312923013929 -0.9978589232386037 0
    outer loop
      vertex 39 78 0.8
      vertex 38.477895231119795 77.96577944549524 0
      vertex 39 78 0
    endloop
  endfacet
  facet normal -0.06540312923013929 -0.9978589232386037 0
    outer loop
      vertex 39.522104768880205 77.96577944549524 0.8
      vertex 39 78 0
      vertex 39.522104768880205 77.96577944549524 0
    endloop
  endfacet
  facet normal -0.1950903220161236 -0.9807852804032312 0
    outer loop
      vertex 40.03527618041008 77.86370330515628 0.8
      vertex 39.522104768880205 77.96577944549524 0
      vertex 40.03527618041008 77.86370330515628 0
    endloop
  endfacet
  facet normal -0.06540312923013929 -0.9978589232386037 0
    outer loop
      vertex 39 78 0.8
      vertex 39 78 0
      vertex 39.522104768880205 77.96577944549524 0.8
    endloop
  endfacet
  facet normal -0.1950903220161236 -0.9807852804032312 0
    outer loop
      vertex 39.522104768880205 77.96577944549524 0.8
      vertex 39.522104768880205 77.96577944549524 0
      vertex 40.03527618041008 77.86370330515628 0.8
    endloop
  endfacet
  facet normal -0.3214394653031731 -0.9469301294951018 0
    outer loop
      vertex 40.03527618041008 77.86370330515628 0.8
      vertex 40.03527618041008 77.86370330515628 0
      vertex 40.53073372946036 77.69551813004514 0.8
    endloop
  endfacet
  facet normal -0.4422886902190037 0.896872741532687 0
    outer loop
      vertex 40.53073372946036 70.30448186995486 0.8
      vertex 41 70.53589838486225 0
      vertex 40.53073372946036 70.30448186995486 0
    endloop
  endfacet
  facet normal -0.5555702330195855 0.8314696123025564 0
    outer loop
      vertex 41 70.53589838486225 0.8
      vertex 41.435045716034885 70.82658663883505 0
      vertex 41 70.53589838486225 0
    endloop
  endfacet
  facet normal -0.3214394653031731 0.9469301294951018 0
    outer loop
      vertex 40.03527618041008 70.13629669484372 0.8
      vertex 40.53073372946036 70.30448186995486 0.8
      vertex 40.53073372946036 70.30448186995486 0
    endloop
  endfacet
  facet normal -0.4422886902190037 0.896872741532687 0
    outer loop
      vertex 40.53073372946036 70.30448186995486 0.8
      vertex 41 70.53589838486225 0.8
      vertex 41 70.53589838486225 0
    endloop
  endfacet
  facet normal -0.5555702330195855 0.8314696123025564 0
    outer loop
      vertex 41 70.53589838486225 0.8
      vertex 41.435045716034885 70.82658663883505 0.8
      vertex 41.435045716034885 70.82658663883505 0
    endloop
  endfacet
  facet normal -0.6593458151000827 0.7518398074789651 0
    outer loop
      vertex 41.435045716034885 70.82658663883505 0.8
      vertex 41.82842712474619 71.17157287525382 0
      vertex 41.435045716034885 70.82658663883505 0
    endloop
  endfacet
  facet normal 0 0 -1
    outer loop
      vertex 40.53073372946036 70.30448186995486 0.8
      vertex 40.53073372946036 77.69551813004514 0.8
      vertex 41 70.53589838486225 0.8
    endloop
  endfacet
  facet normal 0 0 -1
    outer loop
      vertex 41 70.53589838486225 0.8
      vertex 41 77.46410161513775 0.8
      vertex 41.435045716034885 70.82658663883505 0.8
    endloop
  endfacet
  facet normal 0 0 -1
    outer loop
      vertex 41.435045716034885 70.82658663883505 0.8
      vertex 41.435045716034885 77.17341336116495 0.8
      vertex 41.82842712474619 71.17157287525382 0.8
    endloop
  endfacet
  facet normal 0 0 -1
    outer loop
      vertex 40.03527618041008 77.86370330515628 0.8
      vertex 40.53073372946036 77.69551813004514 0.8
      vertex 40.53073372946036 70.30448186995486 0.8
    endloop
  endfacet
  facet normal 0 0 -1
    outer loop
      vertex 41 70.53589838486225 0.8
      vertex 40.53073372946036 77.69551813004514 0.8
      vertex 41 77.46410161513775 0.8
    endloop
  endfacet
  facet normal 0 0 -1
    outer loop
      vertex 41.435045716034885 70.82658663883505 0.8
      vertex 41 77.46410161513775 0.8
      vertex 41.435045716034885 77.17341336116495 0.8
    endloop
  endfacet
  facet normal -0.7518398074789787 0.6593458151000674 0
    outer loop
      vertex 41.82842712474619 71.17157287525382 0.8
      vertex 42.17341336116494 71.56495428396512 0
      vertex 41.82842712474619 71.17157287525382 0
    endloop
  endfacet
  facet normal -0.8314696123025397 0.5555702330196105 0
    outer loop
      vertex 42.17341336116494 71.56495428396512 0.8
      vertex 42.46410161513776 72 0
      vertex 42.17341336116494 71.56495428396512 0
    endloop
  endfacet
  facet normal -0.8968727415326898 0.44228869021899825 0
    outer loop
      vertex 42.46410161513776 72 0.8
      vertex 42.695518130045144 72.46926627053963 0
      vertex 42.46410161513776 72 0
    endloop
  endfacet
  facet normal -0.9469301294951074 0.32143946530315676 0
    outer loop
      vertex 42.695518130045144 72.46926627053963 0.8
      vertex 42.86370330515627 72.96472381958992 0
      vertex 42.695518130045144 72.46926627053963 0
    endloop
  endfacet
  facet normal -0.9807852804032282 0.1950903220161393 0
    outer loop
      vertex 42.86370330515627 72.96472381958992 0.8
      vertex 42.965779445495244 73.47789523111979 0
      vertex 42.86370330515627 72.96472381958992 0
    endloop
  endfacet
  facet normal -0.6593458151000827 0.7518398074789651 0
    outer loop
      vertex 41.435045716034885 70.82658663883505 0.8
      vertex 41.82842712474619 71.17157287525382 0.8
      vertex 41.82842712474619 71.17157287525382 0
    endloop
  endfacet
  facet normal -0.7518398074789787 0.6593458151000674 0
    outer loop
      vertex 41.82842712474619 71.17157287525382 0.8
      vertex 42.17341336116494 71.56495428396512 0.8
      vertex 42.17341336116494 71.56495428396512 0
    endloop
  endfacet
  facet normal -0.8314696123025397 0.5555702330196105 0
    outer loop
      vertex 42.17341336116494 71.56495428396512 0.8
      vertex 42.46410161513776 72 0.8
      vertex 42.46410161513776 72 0
    endloop
  endfacet
  facet normal 0 0 -1
    outer loop
      vertex 41.82842712474619 71.17157287525382 0.8
      vertex 41.82842712474619 76.82842712474618 0.8
      vertex 42.17341336116494 71.56495428396512 0.8
    endloop
  endfacet
  facet normal 0 0 -1
    outer loop
      vertex 42.17341336116494 71.56495428396512 0.8
      vertex 42.17341336116494 76.43504571603488 0.8
      vertex 42.46410161513776 72 0.8
    endloop
  endfacet
  facet normal -0.8968727415326898 0.44228869021899825 0
    outer loop
      vertex 42.46410161513776 72 0.8
      vertex 42.695518130045144 72.46926627053963 0.8
      vertex 42.695518130045144 72.46926627053963 0
    endloop
  endfacet
  facet normal -0.9469301294951074 0.32143946530315676 0
    outer loop
      vertex 42.695518130045144 72.46926627053963 0.8
      vertex 42.86370330515627 72.96472381958992 0.8
      vertex 42.86370330515627 72.96472381958992 0
    endloop
  endfacet
  facet normal -0.9807852804032282 0.1950903220161393 0
    outer loop
      vertex 42.86370330515627 72.96472381958992 0.8
      vertex 42.965779445495244 73.47789523111979 0.8
      vertex 42.965779445495244 73.47789523111979 0
    endloop
  endfacet
  facet normal -0.9978589232386038 0.06540312923013841 0
    outer loop
      vertex 42.965779445495244 73.47789523111979 0.8
      vertex 43 74 0
      vertex 42.965779445495244 73.47789523111979 0
    endloop
  endfacet
  facet normal -0.9978589232386038 -0.06540312923013841 0
    outer loop
      vertex 43 74 0.8
      vertex 42.965779445495244 74.52210476888021 0
      vertex 43 74 0
    endloop
  endfacet
  facet normal -0.8968727415326898 -0.44228869021899825 0
    outer loop
      vertex 42.695518130045144 75.53073372946037 0.8
      vertex 42.46410161513776 76 0
      vertex 42.695518130045144 75.53073372946037 0
    endloop
  endfacet
  facet normal -0.9807852804032282 -0.1950903220161393 0
    outer loop
      vertex 42.965779445495244 74.52210476888021 0.8
      vertex 42.86370330515627 75.03527618041008 0
      vertex 42.965779445495244 74.52210476888021 0
    endloop
  endfacet
  facet normal -0.9469301294951074 -0.32143946530315676 0
    outer loop
      vertex 42.86370330515627 75.03527618041008 0.8
      vertex 42.695518130045144 75.53073372946037 0
      vertex 42.86370330515627 75.03527618041008 0
    endloop
  endfacet
  facet normal 0 0 -1
    outer loop
      vertex 41.82842712474619 71.17157287525382 0.8
      vertex 41.435045716034885 77.17341336116495 0.8
      vertex 41.82842712474619 76.82842712474618 0.8
    endloop
  endfacet
  facet normal 0 0 -1
    outer loop
      vertex 42.17341336116494 71.56495428396512 0.8
      vertex 41.82842712474619 76.82842712474618 0.8
      vertex 42.17341336116494 76.43504571603488 0.8
    endloop
  endfacet
  facet normal 0 0 -1
    outer loop
      vertex 42.46410161513776 72 0.8
      vertex 42.17341336116494 76.43504571603488 0.8
      vertex 42.46410161513776 76 0.8
    endloop
  endfacet
  facet normal -0.9978589232386038 0.06540312923013841 0
    outer loop
      vertex 42.965779445495244 73.47789523111979 0.8
      vertex 43 74 0.8
      vertex 43 74 0
    endloop
  endfacet
  facet normal -0.9978589232386038 -0.06540312923013841 0
    outer loop
      vertex 43 74 0.8
      vertex 42.965779445495244 74.52210476888021 0.8
      vertex 42.965779445495244 74.52210476888021 0
    endloop
  endfacet
  facet normal 0 0 -1
    outer loop
      vertex 42.46410161513776 72 0.8
      vertex 42.46410161513776 76 0.8
      vertex 42.695518130045144 72.46926627053963 0.8
    endloop
  endfacet
  facet normal 0 0 -1
    outer loop
      vertex 42.695518130045144 72.46926627053963 0.8
      vertex 42.695518130045144 75.53073372946037 0.8
      vertex 42.86370330515627 72.96472381958992 0.8
    endloop
  endfacet
  facet normal 0 0 -1
    outer loop
      vertex 42.695518130045144 72.46926627053963 0.8
      vertex 42.46410161513776 76 0.8
      vertex 42.695518130045144 75.53073372946037 0.8
    endloop
  endfacet
  facet normal 0 0 -1
    outer loop
      vertex 42.86370330515627 72.96472381958992 0.8
      vertex 42.86370330515627 75.03527618041008 0.8
      vertex 42.965779445495244 73.47789523111979 0.8
    endloop
  endfacet
  facet normal 0 0 -1
    outer loop
      vertex 42.965779445495244 73.47789523111979 0.8
      vertex 42.965779445495244 74.52210476888021 0.8
      vertex 43 74 0.8
    endloop
  endfacet
  facet normal 0 0 -1
    outer loop
      vertex 42.965779445495244 73.47789523111979 0.8
      vertex 42.86370330515627 75.03527618041008 0.8
      vertex 42.965779445495244 74.52210476888021 0.8
    endloop
  endfacet
  facet normal 0 0 -1
    outer loop
      vertex 42.86370330515627 72.96472381958992 0.8
      vertex 42.695518130045144 75.53073372946037 0.8
      vertex 42.86370330515627 75.03527618041008 0.8
    endloop
  endfacet
  facet normal -0.8968727415326898 -0.44228869021899825 0
    outer loop
      vertex 42.46410161513776 76 0.8
      vertex 42.46410161513776 76 0
      vertex 42.695518130045144 75.53073372946037 0.8
    endloop
  endfacet
  facet normal -0.9469301294951074 -0.32143946530315676 0
    outer loop
      vertex 42.86370330515627 75.03527618041008 0.8
      vertex 42.695518130045144 75.53073372946037 0.8
      vertex 42.695518130045144 75.53073372946037 0
    endloop
  endfacet
  facet normal -0.9807852804032282 -0.1950903220161393 0
    outer loop
      vertex 42.965779445495244 74.52210476888021 0.8
      vertex 42.86370330515627 75.03527618041008 0.8
      vertex 42.86370330515627 75.03527618041008 0
    endloop
  endfacet
  facet normal -0.3214394653031731 -0.9469301294951018 0
    outer loop
      vertex 40.53073372946036 77.69551813004514 0.8
      vertex 40.03527618041008 77.86370330515628 0
      vertex 40.53073372946036 77.69551813004514 0
    endloop
  endfacet
  facet normal -0.4422886902190037 -0.896872741532687 0
    outer loop
      vertex 41 77.46410161513775 0.8
      vertex 40.53073372946036 77.69551813004514 0
      vertex 41 77.46410161513775 0
    endloop
  endfacet
  facet normal -0.5555702330195855 -0.8314696123025564 0
    outer loop
      vertex 41.435045716034885 77.17341336116495 0.8
      vertex 41 77.46410161513775 0
      vertex 41.435045716034885 77.17341336116495 0
    endloop
  endfacet
  facet normal -0.4422886902190037 -0.896872741532687 0
    outer loop
      vertex 41 77.46410161513775 0.8
      vertex 40.53073372946036 77.69551813004514 0.8
      vertex 40.53073372946036 77.69551813004514 0
    endloop
  endfacet
  facet normal -0.6593458151000827 -0.7518398074789651 0
    outer loop
      vertex 41.435045716034885 77.17341336116495 0.8
      vertex 41.435045716034885 77.17341336116495 0
      vertex 41.82842712474619 76.82842712474618 0.8
    endloop
  endfacet
  facet normal -0.5555702330195855 -0.8314696123025564 0
    outer loop
      vertex 41 77.46410161513775 0.8
      vertex 41 77.46410161513775 0
      vertex 41.435045716034885 77.17341336116495 0.8
    endloop
  endfacet
  facet normal -0.6593458151000827 -0.7518398074789651 0
    outer loop
      vertex 41.82842712474619 76.82842712474618 0.8
      vertex 41.435045716034885 77.17341336116495 0
      vertex 41.82842712474619 76.82842712474618 0
    endloop
  endfacet
  facet normal -0.7518398074789787 -0.6593458151000674 0
    outer loop
      vertex 42.17341336116494 76.43504571603488 0.8
      vertex 41.82842712474619 76.82842712474618 0
      vertex 42.17341336116494 76.43504571603488 0
    endloop
  endfacet
  facet normal -0.8314696123025397 -0.5555702330196105 0
    outer loop
      vertex 42.46410161513776 76 0.8
      vertex 42.17341336116494 76.43504571603488 0
      vertex 42.46410161513776 76 0
    endloop
  endfacet
  facet normal -0.7518398074789787 -0.6593458151000674 0
    outer loop
      vertex 41.82842712474619 76.82842712474618 0.8
      vertex 41.82842712474619 76.82842712474618 0
      vertex 42.17341336116494 76.43504571603488 0.8
    endloop
  endfacet
  facet normal -0.8314696123025397 -0.5555702330196105 0
    outer loop
      vertex 42.46410161513776 76 0.8
      vertex 42.17341336116494 76.43504571603488 0.8
      vertex 42.17341336116494 76.43504571603488 0
    endloop
  endfacet
endsolid OpenSCAD_Model
