solid OpenSCAD_Model
  facet normal -1 0 0
    outer loop
      vertex 0 3 22.433520757478536
      vertex 0 13.359855285886512 6.791076787149855
      vertex 0 3 11.621956644336278
    endloop
  endfacet
  facet normal 1.1751683522622926e-15 -0.9063077870626006 0.4226182616850483
    outer loop
      vertex 1.1737157106399536 0.6199399754405022 17.329465562764316
      vertex 9.531677842033663 2.0455641763781154 20.386726528211042
      vertex 9.330000001084667 2.08759631379615 20.476864737802277
    endloop
  endfacet
  facet normal -1.0273046436594972e-15 -0.906307787062598 0.42261826168505373
    outer loop
      vertex 1.1737157106399536 0.6199399754405022 17.329465562764316
      vertex 9.330000001084667 2.08759631379615 20.476864737802277
      vertex 9.233103454181547 2.1149583953053686 20.53554291096775
    endloop
  endfacet
  facet normal -3.60886191415349e-15 -0.9063077870625972 0.42261826168505556
    outer loop
      vertex 1.1737157106399536 0.6199399754405022 17.329465562764316
      vertex 8.439417899278148 2.4503844048163925 21.254866309798363
      vertex 8.374673698682008 2.4913346550257036 21.342684404782904
    endloop
  endfacet
  facet normal 2.805408281643166e-15 -0.9063077870626014 0.42261826168504635
    outer loop
      vertex 1.1737157106399536 0.6199399754405022 17.329465562764316
      vertex 8.564347779813037 2.371367137170984 21.08541323246586
      vertex 8.439417899278148 2.4503844048163925 21.254866309798363
    endloop
  endfacet
  facet normal 0 -0.9063077870625996 0.4226182616850501
    outer loop
      vertex 1.1737157106399536 0.6199399754405022 17.329465562764316
      vertex 8.78945130352183 2.262888904117976 20.85278091092174
      vertex 8.712613457748347 2.2999173499269796 20.932188669227592
    endloop
  endfacet
  facet normal 0 -0.9063077870625991 0.4226182616850514
    outer loop
      vertex 1.1737157106399536 0.6199399754405022 17.329465562764316
      vertex 8.877068070637256 2.2304158273079118 20.783142172961156
      vertex 8.78945130352183 2.262888904117976 20.85278091092174
    endloop
  endfacet
  facet normal 1.9060223159094755e-15 -0.9063077870626006 0.42261826168504796
    outer loop
      vertex 1.1737157106399536 0.6199399754405022 17.329465562764316
      vertex 8.712613457748347 2.2999173499269796 20.932188669227592
      vertex 8.564347779813037 2.371367137170984 21.08541323246586
    endloop
  endfacet
  facet normal 4.971892708103465e-16 -0.9063077870625998 0.4226182616850497
    outer loop
      vertex 1.1737157106399536 0.6199399754405022 17.329465562764316
      vertex 9.046132670361256 2.1677560442389048 20.6487678345105
      vertex 8.877068070637256 2.2304158273079118 20.783142172961156
    endloop
  endfacet
  facet normal -1.0647895900101398e-15 -0.9063077870625983 0.42261826168505306
    outer loop
      vertex 1.1737157106399536 0.6199399754405022 17.329465562764316
      vertex 9.233103454181547 2.1149583953053686 20.53554291096775
      vertex 9.046132670361256 2.1677560442389048 20.6487678345105
    endloop
  endfacet
  facet normal 3.1723370841363546e-15 -0.9063077870626032 0.42261826168504246
    outer loop
      vertex 1.1737157106399536 0.6199399754405022 17.329465562764316
      vertex 10.63499999850988 1.9398178228902103 20.159952741301225
      vertex 10.410613607881245 1.9460332955560307 20.173281865449454
    endloop
  endfacet
  facet normal 1.1337976188043145e-15 -0.906307787062601 0.42261826168504746
    outer loop
      vertex 1.1737157106399536 0.6199399754405022 17.329465562764316
      vertex 9.636196237956398 2.023781259958221 20.340012913192208
      vertex 9.531677842033663 2.0455641763781154 20.386726528211042
    endloop
  endfacet
  facet normal -5.197342655723555e-15 -0.9063077870625946 0.42261826168506106
    outer loop
      vertex 1.1737157106399536 0.6199399754405022 17.329465562764316
      vertex 9.746548149426925 2.0079502227282076 20.30606314428816
      vertex 9.636196237956398 2.023781259958221 20.340012913192208
    endloop
  endfacet
  facet normal 4.040240071531262e-15 -0.9063077870626038 0.42261826168504096
    outer loop
      vertex 1.1737157106399536 0.6199399754405022 17.329465562764316
      vertex 9.959482292621534 1.9774027841277397 20.24055395079511
      vertex 9.746548149426925 2.0079502227282076 20.30606314428816
    endloop
  endfacet
  facet normal -2.029970775754508e-15 -0.9063077870625965 0.42261826168505684
    outer loop
      vertex 1.1737157106399536 0.6199399754405022 17.329465562764316
      vertex 10.180029368127904 1.958862713920948 20.20079464192354
      vertex 9.959482292621534 1.9774027841277397 20.24055395079511
    endloop
  endfacet
  facet normal 7.834030561627853e-16 -0.9063077870625998 0.42261826168504973
    outer loop
      vertex 1.1737157106399536 0.6199399754405022 17.329465562764316
      vertex 10.294326635950847 1.9492544295415355 20.180189609574363
      vertex 10.180029368127904 1.958862713920948 20.20079464192354
    endloop
  endfacet
  facet normal -6.121315527568997e-15 -0.9063077870625935 0.42261826168506356
    outer loop
      vertex 1.1737157106399536 0.6199399754405022 17.329465562764316
      vertex 10.410613607881245 1.9460332955560307 20.173281865449454
      vertex 10.294326635950847 1.9492544295415355 20.180189609574363
    endloop
  endfacet
  facet normal -9.385421199181479e-16 -0.9063077870625988 0.4226182616850518
    outer loop
      vertex 1.1737157106399536 0.6199399754405022 17.329465562764316
      vertex 8.374673698682008 2.4913346550257036 21.342684404782904
      vertex 8.275217188538486 2.576567393594835 21.52546660252769
    endloop
  endfacet
  facet normal 0 -0.9063077870625992 0.4226182616850512
    outer loop
      vertex 1.1737157106399536 0.6199399754405022 17.329465562764316
      vertex 8.275217188538486 2.576567393594835 21.52546660252769
      vertex 8.223674417212527 2.6207387763853074 21.62019243862552
    endloop
  endfacet
  facet normal 0 -0.9063077870625995 0.42261826168505057
    outer loop
      vertex 1.1737157106399536 0.6199399754405022 17.329465562764316
      vertex 8.223674417212527 2.6207387763853074 21.62019243862552
      vertex 8.18621499184993 2.667375509374017 21.720205235285796
    endloop
  endfacet
  facet normal -9.63642072378532e-16 -0.9063077870625985 0.42261826168505234
    outer loop
      vertex 1.1737157106399536 0.6199399754405022 17.329465562764316
      vertex 8.18621499184993 2.667375509374017 21.720205235285796
      vertex 8.113933594234457 2.7573653668365363 21.913189107420774
    endloop
  endfacet
  facet normal 1.0136023585334692e-15 -0.9063077870625994 0.4226182616850505
    outer loop
      vertex 1.1737157106399536 0.6199399754405022 17.329465562764316
      vertex 8.113933594234457 2.7573653668365363 21.913189107420774
      vertex 8.070064050728615 2.8505725885247815 22.113072639404727
    endloop
  endfacet
  facet normal 3.911677770306999e-15 -0.9063077870626011 0.4226182616850471
    outer loop
      vertex 1.1737157106399536 0.6199399754405022 17.329465562764316
      vertex 8.070064050728615 2.8505725885247815 22.113072639404727
      vertex 8.047328913013349 2.898876701154228 22.216661143244256
    endloop
  endfacet
  facet normal -2.113674011568178e-15 -0.9063077870625998 0.4226182616850498
    outer loop
      vertex 1.1737157106399536 0.6199399754405022 17.329465562764316
      vertex 8.047328913013349 2.898876701154228 22.216661143244256
      vertex 8.039707060671015 2.9480216990730503 22.322052931406493
    endloop
  endfacet
  facet normal -1.0953995556317286e-15 -0.9063077870625994 0.4226182616850506
    outer loop
      vertex 1.1737157106399536 0.6199399754405022 17.329465562764316
      vertex 8.039707060671015 2.9480216990730503 22.322052931406493
      vertex 8.024999999388982 3.0428514854489377 22.525416064592626
    endloop
  endfacet
  facet normal -1 0 0
    outer loop
      vertex 0 3 22.433520757478536
      vertex 0 9.320563454609951 26.164793537818802
      vertex 0 9.383781599739175 26.02111937392756
    endloop
  endfacet
  facet normal -1 0 0
    outer loop
      vertex 0 3 22.433520757478536
      vertex 0 9.276639391009121 26.31549017308388
      vertex 0 9.320563454609951 26.164793537818802
    endloop
  endfacet
  facet normal -1 0 0
    outer loop
      vertex 0 3 22.433520757478536
      vertex 0 9.676849467929195 25.655964378066827
      vertex 0 9.803435069536853 25.56314797483414
    endloop
  endfacet
  facet normal -1 0 0
    outer loop
      vertex 0 3 22.433520757478536
      vertex 0 9.383781599739175 26.02111937392756
      vertex 0 9.465212146406252 25.88692598618835
    endloop
  endfacet
  facet normal -1 0 0
    outer loop
      vertex 0 3 22.433520757478536
      vertex 0 9.465212146406252 25.88692598618835
      vertex 0 9.563461795380892 25.76450946067081
    endloop
  endfacet
  facet normal -1 0 0
    outer loop
      vertex 0 3 22.433520757478536
      vertex 0 9.563461795380892 25.76450946067081
      vertex 0 9.676849467929195 25.655964378066827
    endloop
  endfacet
  facet normal -1 0 0
    outer loop
      vertex 0 3 22.433520757478536
      vertex 0 9.252760961842947 26.470630818512415
      vertex 0 9.276639391009121 26.31549017308388
    endloop
  endfacet
  facet normal -1 0 0
    outer loop
      vertex 0 3 22.433520757478536
      vertex 0 9.249336733654811 26.627560974648006
      vertex 0 9.252760961842947 26.470630818512415
    endloop
  endfacet
  facet normal -1 0 0
    outer loop
      vertex 0 3 22.433520757478536
      vertex 0 9.266425295938392 26.783595523009918
      vertex 0 9.249336733654811 26.627560974648006
    endloop
  endfacet
  facet normal -1 0 0
    outer loop
      vertex 0 3 22.433520757478536
      vertex 0 9.30373425865517 26.93606466921473
      vertex 0 9.266425295938392 26.783595523009918
    endloop
  endfacet
  facet normal -1 0 0
    outer loop
      vertex 0 3 22.433520757478536
      vertex 0 9.360625255109062 27.08235962389844
      vertex 0 9.30373425865517 26.93606466921473
    endloop
  endfacet
  facet normal -1 0 0
    outer loop
      vertex 0 3 22.433520757478536
      vertex 0 9.803435069536853 25.56314797483414
      vertex 0 9.941052685464202 25.487648365365622
    endloop
  endfacet
  facet normal -1 0 0
    outer loop
      vertex 0 3 22.433520757478536
      vertex 0 9.941052685464202 25.487648365365622
      vertex 0 10.087347640147915 25.43075736891173
    endloop
  endfacet
  facet normal 4.332961881677123e-16 -0.9063077870625996 0.42261826168505046
    outer loop
      vertex 0.4019237905740738 1.5 19.216760376198522
      vertex 8.024999997507996 15.989339315319414 50.289248816493426
      vertex 0.22836140543222427 1.8519496992230415 19.971518941974587
    endloop
  endfacet
  facet normal -1 0 0
    outer loop
      vertex 0 3 22.433520757478536
      vertex 0 13.095162915495179 34.87496183668152
      vertex 0 9.360625255109062 27.08235962389844
    endloop
  endfacet
  facet normal -2.5663190627555665e-15 -0.9063077870625992 0.42261826168505096
    outer loop
      vertex 0.22836140543222427 1.8519496992230415 19.971518941974587
      vertex 8.024999997507996 15.989339315319414 50.289248816493426
      vertex 0.10222252458333969 2.2235428616404533 20.768403050520504
    endloop
  endfacet
  facet normal 1.2807261787884314e-15 -0.9063077870625996 0.4226182616850503
    outer loop
      vertex 0.10222252458333969 2.2235428616404533 20.768403050520504
      vertex 8.024999997507996 15.989339315319414 50.289248816493426
      vertex 0.025665417313575745 2.6084214225411415 21.593777788060105
    endloop
  endfacet
  facet normal 4.3197073577942524e-15 -0.9063077870625998 0.4226182616850495
    outer loop
      vertex 0.025665417313575745 2.6084214225411415 21.593777788060105
      vertex 8.024999997507996 15.989339315319414 50.289248816493426
      vertex 0 3 22.433520757478536
    endloop
  endfacet
  facet normal 5.951275830192469e-16 -0.9063077870625995 0.42261826168505034
    outer loop
      vertex 1.1737157106399536 0.6199399754405022 17.329465562764316
      vertex 8.024999997507996 15.989339315319414 50.289248816493426
      vertex 0.8786796554923058 0.8786796554923058 17.88433459733479
    endloop
  endfacet
  facet normal 2.4948561049886286e-16 -0.9063077870625995 0.42261826168505046
    outer loop
      vertex 0.6199399754405022 1.1737157106399536 18.517041459500188
      vertex 0.8786796554923058 0.8786796554923058 17.88433459733479
      vertex 8.024999997507996 15.989339315319414 50.289248816493426
    endloop
  endfacet
  facet normal 0 -0.9063077870625995 0.4226182616850505
    outer loop
      vertex 0.6199399754405022 1.1737157106399536 18.517041459500188
      vertex 8.024999997507996 15.989339315319414 50.289248816493426
      vertex 0.4019237905740738 1.5 19.216760376198522
    endloop
  endfacet
  facet normal 1.3541740850930576e-16 -0.9063077870625995 0.42261826168505046
    outer loop
      vertex 1.1737157106399536 0.6199399754405022 17.329465562764316
      vertex 8.024999999388982 3.0428514854489377 22.525416064592626
      vertex 8.024999997507996 15.989339315319414 50.289248816493426
    endloop
  endfacet
  facet normal -1 0 0
    outer loop
      vertex 0 3 22.433520757478536
      vertex 0 10.087347640147915 25.43075736891173
      vertex 0 13.359855285886512 6.791076787149855
    endloop
  endfacet
  facet normal -1 0 0
    outer loop
      vertex 0 10.087347640147915 25.43075736891173
      vertex 0 10.239816786352726 25.393448406194953
      vertex 0 13.359855285886512 6.791076787149855
    endloop
  endfacet
  facet normal -1 0 0
    outer loop
      vertex 0 10.239816786352726 25.393448406194953
      vertex 0 10.395851334714639 25.376359843911374
      vertex 0 13.359855285886512 6.791076787149855
    endloop
  endfacet
  facet normal -1 0 0
    outer loop
      vertex 0 10.395851334714639 25.376359843911374
      vertex 0 10.552781490850231 25.37978407209951
      vertex 0 13.359855285886512 6.791076787149855
    endloop
  endfacet
  facet normal -1 0 0
    outer loop
      vertex 0 10.552781490850231 25.37978407209951
      vertex 0 10.707922136278766 25.403662501265682
      vertex 0 13.359855285886512 6.791076787149855
    endloop
  endfacet
  facet normal -1 0 0
    outer loop
      vertex 0 10.707922136278766 25.403662501265682
      vertex 0 10.858618771543844 25.447586564866512
      vertex 0 13.359855285886512 6.791076787149855
    endloop
  endfacet
  facet normal -1 0 0
    outer loop
      vertex 0 10.858618771543844 25.447586564866512
      vertex 0 11.002292935435081 25.510804709995735
      vertex 0 13.359855285886512 6.791076787149855
    endloop
  endfacet
  facet normal -1 0 0
    outer loop
      vertex 0 11.002292935435081 25.510804709995735
      vertex 0 11.136486323174298 25.592235256662814
      vertex 0 13.359855285886512 6.791076787149855
    endloop
  endfacet
  facet normal -1 0 0
    outer loop
      vertex 0 11.136486323174298 25.592235256662814
      vertex 0 11.258902848691834 25.690484905637454
      vertex 0 13.359855285886512 6.791076787149855
    endloop
  endfacet
  facet normal -1 0 0
    outer loop
      vertex 0 11.258902848691834 25.690484905637454
      vertex 0 11.367447931295816 25.803872578185754
      vertex 0 13.359855285886512 6.791076787149855
    endloop
  endfacet
  facet normal -1 0 0
    outer loop
      vertex 0 11.367447931295816 25.803872578185754
      vertex 0 11.460264334528505 25.930458179793412
      vertex 0 13.359855285886512 6.791076787149855
    endloop
  endfacet
  facet normal -1 0 0
    outer loop
      vertex 0 11.460264334528505 25.930458179793412
      vertex 0 11.53576394399702 26.068075795720762
      vertex 0 13.359855285886512 6.791076787149855
    endloop
  endfacet
  facet normal -1 0 0
    outer loop
      vertex 0 11.53576394399702 26.068075795720762
      vertex 0 11.592654940450915 26.214370750404477
      vertex 0 13.359855285886512 6.791076787149855
    endloop
  endfacet
  facet normal -1 0 0
    outer loop
      vertex 0 11.592654940450915 26.214370750404477
      vertex 0 11.62996390316769 26.366839896609285
      vertex 0 13.359855285886512 6.791076787149855
    endloop
  endfacet
  facet normal -1 0 0
    outer loop
      vertex 0 11.62996390316769 26.366839896609285
      vertex 0 11.64705246545127 26.5228744449712
      vertex 0 13.359855285886512 6.791076787149855
    endloop
  endfacet
  facet normal -1 0 0
    outer loop
      vertex 0 11.64705246545127 26.5228744449712
      vertex 0 11.643628237263135 26.679804601106795
      vertex 0 13.359855285886512 6.791076787149855
    endloop
  endfacet
  facet normal -1 0 0
    outer loop
      vertex 0 11.643628237263135 26.679804601106795
      vertex 0 21.044877974593803 23.27166112735561
      vertex 0 13.359855285886512 6.791076787149855
    endloop
  endfacet
  facet normal -1 0 0
    outer loop
      vertex 0 9.360625255109062 27.08235962389844
      vertex 0 13.095162915495179 34.87496183668152
      vertex 0 9.436124864577579 27.21997723982579
    endloop
  endfacet
  facet normal -1 0 0
    outer loop
      vertex 0 9.436124864577579 27.21997723982579
      vertex 0 13.095162915495179 34.87496183668152
      vertex 0 9.528941267810268 27.34656284143345
    endloop
  endfacet
  facet normal -1 0 0
    outer loop
      vertex 0 3 22.433520757478536
      vertex 0 13.112251477778758 35.03099638504344
      vertex 0 13.095162915495179 34.87496183668152
    endloop
  endfacet
  facet normal -1 0 0
    outer loop
      vertex 0 3 22.433520757478536
      vertex 0 13.149560440495534 35.183465531248245
      vertex 0 13.112251477778758 35.03099638504344
    endloop
  endfacet
  facet normal -1 0 0
    outer loop
      vertex 0 3 22.433520757478536
      vertex 0 13.206451436949427 35.329760485931956
      vertex 0 13.149560440495534 35.183465531248245
    endloop
  endfacet
  facet normal -1 0 0
    outer loop
      vertex 0 3 22.433520757478536
      vertex 0 13.281951046417946 35.46737810185931
      vertex 0 13.206451436949427 35.329760485931956
    endloop
  endfacet
  facet normal -1 0 0
    outer loop
      vertex 0 3 22.433520757478536
      vertex 0 13.374767449650633 35.59396370346697
      vertex 0 13.281951046417946 35.46737810185931
    endloop
  endfacet
  facet normal -1 0 0
    outer loop
      vertex 0 9.528941267810268 27.34656284143345
      vertex 0 13.095162915495179 34.87496183668152
      vertex 0 9.63748635041425 27.459950513981752
    endloop
  endfacet
  facet normal -1 0 0
    outer loop
      vertex 0 9.63748635041425 27.459950513981752
      vertex 0 13.098587143683313 34.71803168054593
      vertex 0 9.759902875931786 27.558200162956393
    endloop
  endfacet
  facet normal -1 0 0
    outer loop
      vertex 0 9.759902875931786 27.558200162956393
      vertex 0 13.122465572849487 34.562891035117396
      vertex 0 9.894096263671 27.639630709623468
    endloop
  endfacet
  facet normal -1 0 0
    outer loop
      vertex 0 9.894096263671 27.639630709623468
      vertex 0 13.166389636450319 34.41219439985232
      vertex 0 10.03777042756224 27.702848854752695
    endloop
  endfacet
  facet normal -1 0 0
    outer loop
      vertex 0 10.03777042756224 27.702848854752695
      vertex 0 13.22960778157954 34.26852023596108
      vertex 0 10.188467062827318 27.746772918353525
    endloop
  endfacet
  facet normal -1 0 0
    outer loop
      vertex 0 10.188467062827318 27.746772918353525
      vertex 0 13.311038328246616 34.13432684822186
      vertex 0 10.34360770825585 27.770651347519696
    endloop
  endfacet
  facet normal -1 0 0
    outer loop
      vertex 0 10.34360770825585 27.770651347519696
      vertex 0 13.40928797722126 34.011910322704324
      vertex 0 10.500537864391445 27.774075575707833
    endloop
  endfacet
  facet normal -1 0 0
    outer loop
      vertex 0 10.500537864391445 27.774075575707833
      vertex 0 13.522675649769559 33.90336524010034
      vertex 0 10.656572412753357 27.75698701342425
    endloop
  endfacet
  facet normal -1 0 0
    outer loop
      vertex 0 10.656572412753357 27.75698701342425
      vertex 0 13.64926125137722 33.81054883686765
      vertex 0 10.80904155895817 27.719678050707472
    endloop
  endfacet
  facet normal -1 0 0
    outer loop
      vertex 0 10.80904155895817 27.719678050707472
      vertex 0 13.786878867304567 33.735049227399145
      vertex 0 10.95533651364188 27.662787054253585
    endloop
  endfacet
  facet normal -1 0 0
    outer loop
      vertex 0 10.95533651364188 27.662787054253585
      vertex 0 13.93317382198828 33.67815823094524
      vertex 0 11.09295412956923 27.587287444785066
    endloop
  endfacet
  facet normal -1 0 0
    outer loop
      vertex 0 11.219539731176889 27.494471041552377
      vertex 0 11.09295412956923 27.587287444785066
      vertex 0 14.08564296819309 33.640849268228465
    endloop
  endfacet
  facet normal -1 0 0
    outer loop
      vertex 0 11.332927403725192 27.385925958948395
      vertex 0 11.219539731176889 27.494471041552377
      vertex 0 14.241677516555004 33.62376070594489
    endloop
  endfacet
  facet normal -1 0 0
    outer loop
      vertex 0 11.332927403725192 27.385925958948395
      vertex 0 14.398607672690597 33.62718493413303
      vertex 0 11.431177052699832 27.26350943343086
    endloop
  endfacet
  facet normal -1 0 0
    outer loop
      vertex 0 9.63748635041425 27.459950513981752
      vertex 0 13.095162915495179 34.87496183668152
      vertex 0 13.098587143683313 34.71803168054593
    endloop
  endfacet
  facet normal -1 0 0
    outer loop
      vertex 0 9.894096263671 27.639630709623468
      vertex 0 13.122465572849487 34.562891035117396
      vertex 0 13.166389636450319 34.41219439985232
    endloop
  endfacet
  facet normal -1 0 0
    outer loop
      vertex 0 9.759902875931786 27.558200162956393
      vertex 0 13.098587143683313 34.71803168054593
      vertex 0 13.122465572849487 34.562891035117396
    endloop
  endfacet
  facet normal -1 0 0
    outer loop
      vertex 0 10.188467062827318 27.746772918353525
      vertex 0 13.22960778157954 34.26852023596108
      vertex 0 13.311038328246616 34.13432684822186
    endloop
  endfacet
  facet normal -1 0 0
    outer loop
      vertex 0 10.34360770825585 27.770651347519696
      vertex 0 13.311038328246616 34.13432684822186
      vertex 0 13.40928797722126 34.011910322704324
    endloop
  endfacet
  facet normal -1 0 0
    outer loop
      vertex 0 10.03777042756224 27.702848854752695
      vertex 0 13.166389636450319 34.41219439985232
      vertex 0 13.22960778157954 34.26852023596108
    endloop
  endfacet
  facet normal -1 0 0
    outer loop
      vertex 0 10.500537864391445 27.774075575707833
      vertex 0 13.40928797722126 34.011910322704324
      vertex 0 13.522675649769559 33.90336524010034
    endloop
  endfacet
  facet normal -1 0 0
    outer loop
      vertex 0 10.656572412753357 27.75698701342425
      vertex 0 13.522675649769559 33.90336524010034
      vertex 0 13.64926125137722 33.81054883686765
    endloop
  endfacet
  facet normal -1 0 0
    outer loop
      vertex 0 10.80904155895817 27.719678050707472
      vertex 0 13.64926125137722 33.81054883686765
      vertex 0 13.786878867304567 33.735049227399145
    endloop
  endfacet
  facet normal -1 0 0
    outer loop
      vertex 0 10.95533651364188 27.662787054253585
      vertex 0 13.786878867304567 33.735049227399145
      vertex 0 13.93317382198828 33.67815823094524
    endloop
  endfacet
  facet normal -1 0 0
    outer loop
      vertex 0 11.643628237263135 26.679804601106795
      vertex 0 11.61974980809696 26.834945246535327
      vertex 0 21.044877974593803 23.27166112735561
    endloop
  endfacet
  facet normal -1 0 0
    outer loop
      vertex 0 11.61974980809696 26.834945246535327
      vertex 0 11.575825744496132 26.985641881800404
      vertex 0 21.044877974593803 23.27166112735561
    endloop
  endfacet
  facet normal -1 0 0
    outer loop
      vertex 0 11.575825744496132 26.985641881800404
      vertex 0 11.512607599366907 27.129316045691645
      vertex 0 21.044877974593803 23.27166112735561
    endloop
  endfacet
  facet normal -1 0 0
    outer loop
      vertex 0 11.512607599366907 27.129316045691645
      vertex 0 11.431177052699832 27.26350943343086
      vertex 0 21.044877974593803 23.27166112735561
    endloop
  endfacet
  facet normal -1 0 0
    outer loop
      vertex 0 11.09295412956923 27.587287444785066
      vertex 0 13.93317382198828 33.67815823094524
      vertex 0 14.08564296819309 33.640849268228465
    endloop
  endfacet
  facet normal -1 0 0
    outer loop
      vertex 0 11.219539731176889 27.494471041552377
      vertex 0 14.08564296819309 33.640849268228465
      vertex 0 14.241677516555004 33.62376070594489
    endloop
  endfacet
  facet normal -1 0 0
    outer loop
      vertex 0 11.332927403725192 27.385925958948395
      vertex 0 14.241677516555004 33.62376070594489
      vertex 0 14.398607672690597 33.62718493413303
    endloop
  endfacet
  facet normal -1 0 0
    outer loop
      vertex 0 11.431177052699832 27.26350943343086
      vertex 0 14.398607672690597 33.62718493413303
      vertex 0 21.044877974593803 23.27166112735561
    endloop
  endfacet
  facet normal -1 0 0
    outer loop
      vertex 0 14.398607672690597 33.62718493413303
      vertex 0 14.553748318119132 33.6510633632992
      vertex 0 21.044877974593803 23.27166112735561
    endloop
  endfacet
  facet normal -1 0 0
    outer loop
      vertex 0 14.553748318119132 33.6510633632992
      vertex 0 14.704444953384211 33.69498742690003
      vertex 0 21.044877974593803 23.27166112735561
    endloop
  endfacet
  facet normal -1 0 0
    outer loop
      vertex 0 14.704444953384211 33.69498742690003
      vertex 0 14.848119117275449 33.758205572029254
      vertex 0 21.044877974593803 23.27166112735561
    endloop
  endfacet
  facet normal -1 0 0
    outer loop
      vertex 0 14.848119117275449 33.758205572029254
      vertex 0 14.982312505014663 33.839636118696326
      vertex 0 21.044877974593803 23.27166112735561
    endloop
  endfacet
  facet normal -1 0 0
    outer loop
      vertex 0 14.982312505014663 33.839636118696326
      vertex 0 15.1047290305322 33.93788576767097
      vertex 0 21.044877974593803 23.27166112735561
    endloop
  endfacet
  facet normal -1 0 0
    outer loop
      vertex 0 15.1047290305322 33.93788576767097
      vertex 0 15.213274113136181 34.051273440219276
      vertex 0 21.044877974593803 23.27166112735561
    endloop
  endfacet
  facet normal -1 0 0
    outer loop
      vertex 0 15.213274113136181 34.051273440219276
      vertex 0 15.306090516368869 34.17785904182693
      vertex 0 21.044877974593803 23.27166112735561
    endloop
  endfacet
  facet normal 0 -1 0
    outer loop
      vertex 3 0 15.4457633420825
      vertex 3 0 13.020879618801274
      vertex 44.600000001490116 0 13.020879618801272
    endloop
  endfacet
  facet normal 0 -0.9997620268553368 0.02181489532656054
    outer loop
      vertex 2.9636966527039172 0.0023794472217559814 15.55481181293726
      vertex 3 0 15.4457633420825
      vertex 44.6363033487862 0.0023794472217559814 15.55481181293726
    endloop
  endfacet
  facet normal 0 -0.9940563390612667 0.1088668671915941
    outer loop
      vertex 2.546508738633082 0.037980616092681885 15.879883788526058
      vertex 2.6084214225411415 0.025665417313575745 15.767434503183573
      vertex 45.05349126285704 0.037980616092681885 15.879883788526058
    endloop
  endfacet
  facet normal 3.8997789010988236e-18 -0.9940563390612668 0.10886686719159264
    outer loop
      vertex 2.6084214225411415 0.025665417313575745 15.767434503183573
      vertex 2.9636966527039172 0.0023794472217559814 15.55481181293726
      vertex 45.05349126285704 0.037980616092681885 15.879883788526058
    endloop
  endfacet
  facet normal 4.747602276372037e-18 -0.9713420699477244 0.2376858917766675
    outer loop
      vertex 2.2235428616404533 0.10222252458333969 16.142418800193223
      vertex 2.546508738633082 0.037980616092681885 15.879883788526058
      vertex 45.416182953026414 0.11570762097835541 16.197527840733528
    endloop
  endfacet
  facet normal 0 -0.9713420699477238 0.23768589177667102
    outer loop
      vertex 2.1838170484637 0.11570762097835541 16.197527840733528
      vertex 2.2235428616404533 0.10222252458333969 16.142418800193223
      vertex 45.416182953026414 0.11570762097835541 16.197527840733528
    endloop
  endfacet
  facet normal 0 -0.9320078654792482 0.3624380480645146
    outer loop
      vertex 1.8400482854129965 0.23423053324222565 16.50230899453163
      vertex 1.8519496992230415 0.22836140543222427 16.48721655787484
      vertex 45.75995171607712 0.23423053324222565 16.50230899453163
    endloop
  endfacet
  facet normal 1.4929369368342508e-18 -0.9320078654792497 0.3624380480645108
    outer loop
      vertex 1.8519496992230415 0.22836140543222427 16.48721655787484
      vertex 2.1838170484637 0.11570762097835541 16.197527840733528
      vertex 45.75995171607712 0.23423053324222565 16.50230899453163
    endloop
  endfacet
  facet normal -3.8324578440072544e-17 -0.9063077870625994 0.4226182616850507
    outer loop
      vertex 1.1737157106399536 0.6199399754405022 17.329465562764316
      vertex 36.607000001370906 1.9398178228902092 20.159952741301225
      vertex 10.63499999850988 1.9398178228902103 20.159952741301225
    endloop
  endfacet
  facet normal 0 -0.9063077870626001 0.4226182616850497
    outer loop
      vertex 1.8400482854129965 0.23423053324222565 16.50230899453163
      vertex 46.100000001490116 0.4019237905740738 16.86192834546022
      vertex 1.5 0.4019237905740738 16.86192834546022
    endloop
  endfacet
  facet normal 0 -0.9063077870625986 0.42261826168505234
    outer loop
      vertex 1.1737157106399536 0.6199399754405022 17.329465562764316
      vertex 1.5 0.4019237905740738 16.86192834546022
      vertex 46.42628429085016 0.6199399754405022 17.329465562764316
    endloop
  endfacet
  facet normal -1 0 0
    outer loop
      vertex 0 3 22.433520757478536
      vertex 0 18.484098152307638 42.07972578274004
      vertex 0 13.374767449650633 35.59396370346697
    endloop
  endfacet
  facet normal -1 0 0
    outer loop
      vertex 0 3 22.433520757478536
      vertex 0 17.025512749683685 43.30362425612237
      vertex 0 17.028936977871815 43.146694099986775
    endloop
  endfacet
  facet normal -1 0 0
    outer loop
      vertex 0 3 22.433520757478536
      vertex 0 17.04260131196726 43.45965880448428
      vertex 0 17.025512749683685 43.30362425612237
    endloop
  endfacet
  facet normal -1 0 0
    outer loop
      vertex 0 3 22.433520757478536
      vertex 0 17.339637811409766 42.44057274214517
      vertex 0 17.453025483958065 42.3320276595412
    endloop
  endfacet
  facet normal -1 0 0
    outer loop
      vertex 0 3 22.433520757478536
      vertex 0 17.453025483958065 42.3320276595412
      vertex 0 17.579611085565723 42.23921125630851
    endloop
  endfacet
  facet normal -1 0 0
    outer loop
      vertex 0 3 22.433520757478536
      vertex 0 17.717228701493074 42.163711646839985
      vertex 0 17.86352365617679 42.1068206503861
    endloop
  endfacet
  facet normal -1 0 0
    outer loop
      vertex 0 3 22.433520757478536
      vertex 0 17.579611085565723 42.23921125630851
      vertex 0 17.717228701493074 42.163711646839985
    endloop
  endfacet
  facet normal -1 0 0
    outer loop
      vertex 0 3 22.433520757478536
      vertex 0 17.096739470638823 42.840856819293165
      vertex 0 17.159957615768043 42.69718265540192
    endloop
  endfacet
  facet normal -1 0 0
    outer loop
      vertex 0 3 22.433520757478536
      vertex 0 17.159957615768043 42.69718265540192
      vertex 0 17.241388162435122 42.56298926766271
    endloop
  endfacet
  facet normal -1 0 0
    outer loop
      vertex 0 3 22.433520757478536
      vertex 0 17.05281540703799 42.99155345455824
      vertex 0 17.096739470638823 42.840856819293165
    endloop
  endfacet
  facet normal -1 0 0
    outer loop
      vertex 0 3 22.433520757478536
      vertex 0 17.028936977871815 43.146694099986775
      vertex 0 17.05281540703799 42.99155345455824
    endloop
  endfacet
  facet normal -1 0 0
    outer loop
      vertex 0 3 22.433520757478536
      vertex 0 17.241388162435122 42.56298926766271
      vertex 0 17.339637811409766 42.44057274214517
    endloop
  endfacet
  facet normal -1 0 0
    outer loop
      vertex 0 3 22.433520757478536
      vertex 0 17.86352365617679 42.1068206503861
      vertex 0 18.015992802381597 42.06951168766932
    endloop
  endfacet
  facet normal -1 0 0
    outer loop
      vertex 0 3 22.433520757478536
      vertex 0 18.015992802381597 42.06951168766932
      vertex 0 18.172027350743512 42.05242312538574
    endloop
  endfacet
  facet normal -1 0 0
    outer loop
      vertex 0 3 22.433520757478536
      vertex 0 18.172027350743512 42.05242312538574
      vertex 0 18.3289575068791 42.05584735357387
    endloop
  endfacet
  facet normal -1 0 0
    outer loop
      vertex 0 3 22.433520757478536
      vertex 0 18.3289575068791 42.05584735357387
      vertex 0 18.484098152307638 42.07972578274004
    endloop
  endfacet
  facet normal -1 0 0
    outer loop
      vertex 0 13.374767449650633 35.59396370346697
      vertex 0 18.484098152307638 42.07972578274004
      vertex 0 13.483312532254613 35.70735137601527
    endloop
  endfacet
  facet normal -1 0 0
    outer loop
      vertex 0 13.483312532254613 35.70735137601527
      vertex 0 18.484098152307638 42.07972578274004
      vertex 0 13.605729057772152 35.80560102498991
    endloop
  endfacet
  facet normal -1 0 0
    outer loop
      vertex 0 13.605729057772152 35.80560102498991
      vertex 0 18.484098152307638 42.07972578274004
      vertex 0 13.739922445511366 35.88703157165698
    endloop
  endfacet
  facet normal -1 0 0
    outer loop
      vertex 0 13.739922445511366 35.88703157165698
      vertex 0 18.484098152307638 42.07972578274004
      vertex 0 13.883596609402604 35.9502497167862
    endloop
  endfacet
  facet normal -1 0 0
    outer loop
      vertex 0 13.883596609402604 35.9502497167862
      vertex 0 18.484098152307638 42.07972578274004
      vertex 0 14.034293244667683 35.99417378038704
    endloop
  endfacet
  facet normal -1 0 0
    outer loop
      vertex 0 14.034293244667683 35.99417378038704
      vertex 0 18.484098152307638 42.07972578274004
      vertex 0 14.189433890096218 36.01805220955322
    endloop
  endfacet
  facet normal -1 0 0
    outer loop
      vertex 0 14.189433890096218 36.01805220955322
      vertex 0 18.484098152307638 42.07972578274004
      vertex 0 14.346364046231809 36.02147643774134
    endloop
  endfacet
  facet normal -1 0 0
    outer loop
      vertex 0 14.346364046231809 36.02147643774134
      vertex 0 18.484098152307638 42.07972578274004
      vertex 0 14.502398594593723 36.004387875457766
    endloop
  endfacet
  facet normal -1 0 0
    outer loop
      vertex 0 14.654867740798535 35.96707891274099
      vertex 0 14.502398594593723 36.004387875457766
      vertex 0 18.484098152307638 42.07972578274004
    endloop
  endfacet
  facet normal -1 0 0
    outer loop
      vertex 0 14.654867740798535 35.96707891274099
      vertex 0 18.484098152307638 42.07972578274004
      vertex 0 14.801162695482246 35.9101879162871
    endloop
  endfacet
  facet normal -1 0 0
    outer loop
      vertex 0 14.801162695482246 35.9101879162871
      vertex 0 18.484098152307638 42.07972578274004
      vertex 0 14.938780311409596 35.83468830681858
    endloop
  endfacet
  facet normal -1 0 0
    outer loop
      vertex 0 15.178753585565554 35.63332682098191
      vertex 0 15.065365913017255 35.74187190358589
      vertex 0 18.634794787572716 42.123649846340875
    endloop
  endfacet
  facet normal -1 0 0
    outer loop
      vertex 0 14.938780311409596 35.83468830681858
      vertex 0 18.634794787572716 42.123649846340875
      vertex 0 15.065365913017255 35.74187190358589
    endloop
  endfacet
  facet normal -1 0 0
    outer loop
      vertex 0 3 22.433520757478536
      vertex 0 19.76897844672203 58.39471109211445
      vertex 0 17.04260131196726 43.45965880448428
    endloop
  endfacet
  facet normal 0 -0.9063077870625995 0.42261826168505046
    outer loop
      vertex 0 3 22.433520757478536
      vertex 8.024999997507996 15.989339315319414 50.289248816493426
      vertex 0 19.76897844672203 58.39471109211445
    endloop
  endfacet
  facet normal -1 0 0
    outer loop
      vertex 0 15.306090516368869 34.17785904182693
      vertex 0 15.381590125837388 34.315476657754274
      vertex 0 21.044877974593803 23.27166112735561
    endloop
  endfacet
  facet normal -1 0 0
    outer loop
      vertex 0 15.381590125837388 34.315476657754274
      vertex 0 15.43848112229128 34.46177161243799
      vertex 0 21.044877974593803 23.27166112735561
    endloop
  endfacet
  facet normal -1 0 0
    outer loop
      vertex 0 15.43848112229128 34.46177161243799
      vertex 0 15.475790085008056 34.6142407586428
      vertex 0 21.044877974593803 23.27166112735561
    endloop
  endfacet
  facet normal -1 0 0
    outer loop
      vertex 0 15.465575989937326 35.08234610856884
      vertex 0 15.421651926336496 35.23304274383392
      vertex 0 21.044877974593803 23.27166112735561
    endloop
  endfacet
  facet normal -1 0 0
    outer loop
      vertex 0 15.475790085008056 34.6142407586428
      vertex 0 15.492878647291636 34.77027530700472
      vertex 0 21.044877974593803 23.27166112735561
    endloop
  endfacet
  facet normal -1 0 0
    outer loop
      vertex 0 15.492878647291636 34.77027530700472
      vertex 0 15.4894544191035 34.92720546314031
      vertex 0 21.044877974593803 23.27166112735561
    endloop
  endfacet
  facet normal -1 0 0
    outer loop
      vertex 0 15.4894544191035 34.92720546314031
      vertex 0 15.465575989937326 35.08234610856884
      vertex 0 21.044877974593803 23.27166112735561
    endloop
  endfacet
  facet normal -1 0 0
    outer loop
      vertex 0 14.938780311409596 35.83468830681858
      vertex 0 18.484098152307638 42.07972578274004
      vertex 0 18.634794787572716 42.123649846340875
    endloop
  endfacet
  facet normal -1 0 0
    outer loop
      vertex 0 15.178753585565554 35.63332682098191
      vertex 0 18.634794787572716 42.123649846340875
      vertex 0 18.778468951463957 42.1868679914701
    endloop
  endfacet
  facet normal -1 0 0
    outer loop
      vertex 0 15.178753585565554 35.63332682098191
      vertex 0 18.778468951463957 42.1868679914701
      vertex 0 18.912662339203166 42.268298538137174
    endloop
  endfacet
  facet normal -1 0 0
    outer loop
      vertex 0 15.178753585565554 35.63332682098191
      vertex 0 18.912662339203166 42.268298538137174
      vertex 0 19.035078864720703 42.36654818711182
    endloop
  endfacet
  facet normal -1 0 0
    outer loop
      vertex 0 15.421651926336496 35.23304274383392
      vertex 0 34.3873560755025 51.88469775150155
      vertex 0 21.044877974593803 23.27166112735561
    endloop
  endfacet
  facet normal -1 0 0
    outer loop
      vertex 0 15.277003234540198 35.51091029546437
      vertex 0 15.178753585565554 35.63332682098191
      vertex 0 34.3873560755025 51.88469775150155
    endloop
  endfacet
  facet normal -1 0 0
    outer loop
      vertex 0 15.358433781207273 35.376716907725154
      vertex 0 15.277003234540198 35.51091029546437
      vertex 0 34.3873560755025 51.88469775150155
    endloop
  endfacet
  facet normal -1 0 0
    outer loop
      vertex 0 15.358433781207273 35.376716907725154
      vertex 0 34.3873560755025 51.88469775150155
      vertex 0 15.421651926336496 35.23304274383392
    endloop
  endfacet
  facet normal -1 0 0
    outer loop
      vertex 0 15.178753585565554 35.63332682098191
      vertex 0 19.035078864720703 42.36654818711182
      vertex 0 34.3873560755025 51.88469775150155
    endloop
  endfacet
  facet normal -1 0 0
    outer loop
      vertex 0 19.035078864720703 42.36654818711182
      vertex 0 19.143623947324684 42.47993585966012
      vertex 0 34.3873560755025 51.88469775150155
    endloop
  endfacet
  facet normal -1 0 0
    outer loop
      vertex 0 19.143623947324684 42.47993585966012
      vertex 0 19.236440350557373 42.606521461267775
      vertex 0 34.3873560755025 51.88469775150155
    endloop
  endfacet
  facet normal -1 0 0
    outer loop
      vertex 0 19.236440350557373 42.606521461267775
      vertex 0 19.311939960025896 42.74413907719512
      vertex 0 34.3873560755025 51.88469775150155
    endloop
  endfacet
  facet normal -1 0 0
    outer loop
      vertex 0 19.311939960025896 42.74413907719512
      vertex 0 19.368830956479783 42.89043403187884
      vertex 0 34.3873560755025 51.88469775150155
    endloop
  endfacet
  facet normal -1 0 0
    outer loop
      vertex 0 19.368830956479783 42.89043403187884
      vertex 0 19.406139919196562 43.04290317808365
      vertex 0 34.3873560755025 51.88469775150155
    endloop
  endfacet
  facet normal -1 0 0
    outer loop
      vertex 0 19.406139919196562 43.04290317808365
      vertex 0 19.423228481480145 43.198937726445564
      vertex 0 34.3873560755025 51.88469775150155
    endloop
  endfacet
  facet normal -1 0 0
    outer loop
      vertex 0 19.423228481480145 43.198937726445564
      vertex 0 19.419804253292007 43.35586788258115
      vertex 0 34.3873560755025 51.88469775150155
    endloop
  endfacet
  facet normal -1 0 0
    outer loop
      vertex 0 19.2073530687287 43.939572714905225
      vertex 0 34.3873560755025 51.88469775150155
      vertex 0 19.28878361539578 43.80537932716601
    endloop
  endfacet
  facet normal -1 0 0
    outer loop
      vertex 0 19.352001760525006 43.66170516327476
      vertex 0 34.3873560755025 51.88469775150155
      vertex 0 19.395925824125833 43.51100852800968
    endloop
  endfacet
  facet normal -1 0 0
    outer loop
      vertex 0 19.419804253292007 43.35586788258115
      vertex 0 19.395925824125833 43.51100852800968
      vertex 0 34.3873560755025 51.88469775150155
    endloop
  endfacet
  facet normal -1 0 0
    outer loop
      vertex 0 19.352001760525006 43.66170516327476
      vertex 0 19.28878361539578 43.80537932716601
      vertex 0 34.3873560755025 51.88469775150155
    endloop
  endfacet
  facet normal -1 0 0
    outer loop
      vertex 0 17.04260131196726 43.45965880448428
      vertex 0 19.76897844672203 58.39471109211445
      vertex 0 17.07991027468404 43.61212795068909
    endloop
  endfacet
  facet normal -1 0 0
    outer loop
      vertex 0 17.07991027468404 43.61212795068909
      vertex 0 19.76897844672203 58.39471109211445
      vertex 0 17.136801271137934 43.7584229053728
    endloop
  endfacet
  facet normal -1 0 0
    outer loop
      vertex 0 17.136801271137934 43.7584229053728
      vertex 0 19.76897844672203 58.39471109211445
      vertex 0 17.21230088060645 43.89604052130015
    endloop
  endfacet
  facet normal -1 0 0
    outer loop
      vertex 0 17.21230088060645 43.89604052130015
      vertex 0 19.76897844672203 58.39471109211445
      vertex 0 17.305117283839138 44.02262612290781
    endloop
  endfacet
  facet normal -1 0 0
    outer loop
      vertex 0 17.305117283839138 44.02262612290781
      vertex 0 19.76897844672203 58.39471109211445
      vertex 0 17.41366236644312 44.13601379545611
    endloop
  endfacet
  facet normal -1 0 0
    outer loop
      vertex 0 17.41366236644312 44.13601379545611
      vertex 0 19.76897844672203 58.39471109211445
      vertex 0 17.536078891960656 44.23426344443075
    endloop
  endfacet
  facet normal -1 0 0
    outer loop
      vertex 0 17.536078891960656 44.23426344443075
      vertex 0 19.76897844672203 58.39471109211445
      vertex 0 17.670272279699873 44.31569399109783
    endloop
  endfacet
  facet normal -1 0 0
    outer loop
      vertex 0 17.670272279699873 44.31569399109783
      vertex 0 19.76897844672203 58.39471109211445
      vertex 0 17.81394644359111 44.37891213622705
    endloop
  endfacet
  facet normal -1 0 0
    outer loop
      vertex 0 17.81394644359111 44.37891213622705
      vertex 0 19.76897844672203 58.39471109211445
      vertex 0 17.964643078856188 44.422836199827884
    endloop
  endfacet
  facet normal -1 0 0
    outer loop
      vertex 0 17.964643078856188 44.422836199827884
      vertex 0 19.76897844672203 58.39471109211445
      vertex 0 18.119783724284723 44.44671462899406
    endloop
  endfacet
  facet normal -1 0 0
    outer loop
      vertex 0 18.119783724284723 44.44671462899406
      vertex 0 19.76897844672203 58.39471109211445
      vertex 0 18.276713880420317 44.450138857182196
    endloop
  endfacet
  facet normal -1 0 0
    outer loop
      vertex 0 18.58521757498704 44.395741332181835
      vertex 0 19.76897844672203 58.39471109211445
      vertex 0 18.731512529670752 44.33885033572794
    endloop
  endfacet
  facet normal -1 0 0
    outer loop
      vertex 0 18.8691301455981 44.263350726259425
      vertex 0 18.731512529670752 44.33885033572794
      vertex 0 19.76897844672203 58.39471109211445
    endloop
  endfacet
  facet normal -1 0 0
    outer loop
      vertex 0 18.276713880420317 44.450138857182196
      vertex 0 19.76897844672203 58.39471109211445
      vertex 0 18.432748428782233 44.433050294898614
    endloop
  endfacet
  facet normal -1 0 0
    outer loop
      vertex 0 18.58521757498704 44.395741332181835
      vertex 0 18.432748428782233 44.433050294898614
      vertex 0 19.76897844672203 58.39471109211445
    endloop
  endfacet
  facet normal -1.8386581649904896e-15 -0.9063077870625998 0.42261826168505
    outer loop
      vertex 0 19.76897844672203 58.39471109211445
      vertex 8.024999997507996 15.989339315319414 50.289248816493426
      vertex 8.039707058808492 16.084169101992003 50.49261195031584
    endloop
  endfacet
  facet normal 1.0643579253778379e-14 -0.9063077870625951 0.42261826168505956
    outer loop
      vertex 0 19.76897844672203 58.39471109211445
      vertex 8.039707058808492 16.084169101992003 50.49261195031584
      vertex 8.04732891110698 16.133314099720195 50.598003738069266
    endloop
  endfacet
  facet normal -1 0 0
    outer loop
      vertex 0 19.80703929066658 58.472764171659946
      vertex 0 19.97419249266386 58.75383184850216
      vertex 0 23.450414322316647 59.39872086048126
    endloop
  endfacet
  facet normal -1 0 0
    outer loop
      vertex 0 19.97419249266386 58.75383184850216
      vertex 0 20.176602378487587 59.01067707687616
      vertex 0 23.169346645474434 59.56587406247854
    endloop
  endfacet
  facet normal -1 0 0
    outer loop
      vertex 0 20.176602378487587 59.01067707687616
      vertex 0 20.41080565005541 59.23890516906977
      vertex 0 22.86886566877365 59.69491056352854
    endloop
  endfacet
  facet normal -1 0 0
    outer loop
      vertex 0 20.41080565005541 59.23890516906977
      vertex 0 20.67279502004385 59.434611074626446
      vertex 0 22.55411271005869 59.78362249583006
    endloop
  endfacet
  facet normal -1 0 0
    outer loop
      vertex 0 20.67279502004385 59.434611074626446
      vertex 0 20.958087779581547 59.59444621950388
      vertex 0 22.230473272502422 59.83049198240042
    endloop
  endfacet
  facet normal -1 0 0
    outer loop
      vertex 0 20.958087779581547 59.59444621950388
      vertex 0 21.26180249452591 59.71567577123642
      vertex 0 21.90348492562771 59.8347170650959
    endloop
  endfacet
  facet normal -9.555686165000486e-15 -0.9063077870626042 0.4226182616850402
    outer loop
      vertex 0 19.76897844672203 58.39471109211445
      vertex 8.04732891110698 16.133314099720195 50.598003738069266
      vertex 8.070064048718466 16.18161821215948 50.701592241501
    endloop
  endfacet
  facet normal -3.3014532274857353e-15 -0.9063077870626006 0.422618261685048
    outer loop
      vertex 0 19.76897844672203 58.39471109211445
      vertex 8.070064048718466 16.18161821215948 50.701592241501
      vertex 8.113933592337437 16.274825434146635 50.90147577412596
    endloop
  endfacet
  facet normal 9.166926281135934e-15 -0.9063077870625956 0.422618261685059
    outer loop
      vertex 0 19.76897844672203 58.39471109211445
      vertex 8.113933592337437 16.274825434146635 50.90147577412596
      vertex 8.186214990163466 16.364815291905604 51.094459646896674
    endloop
  endfacet
  facet normal -2.3584567669664704e-14 -0.90630778706261 0.4226182616850277
    outer loop
      vertex 0 19.76897844672203 58.39471109211445
      vertex 8.186214990163466 16.364815291905604 51.094459646896674
      vertex 8.223674415361403 16.411452024707092 51.19447244315546
    endloop
  endfacet
  facet normal 1.399796088414262e-14 -0.9063077870625933 0.422618261685064
    outer loop
      vertex 0 19.76897844672203 58.39471109211445
      vertex 8.223674415361403 16.411452024707092 51.19447244315546
      vertex 8.275217186463392 16.455623407317866 51.28919827886792
    endloop
  endfacet
  facet normal 0 -0.9063077870625994 0.42261826168505057
    outer loop
      vertex 0 19.76897844672203 58.39471109211445
      vertex 8.275217186463392 16.455623407317866 51.28919827886792
      vertex 8.37467369691424 16.540856146173983 51.47198047722815
    endloop
  endfacet
  facet normal 8.160790037395658e-15 -0.9063077870625967 0.4226182616850564
    outer loop
      vertex 0 19.76897844672203 58.39471109211445
      vertex 8.37467369691424 16.540856146173983 51.47198047722815
      vertex 8.43941789722879 16.581806396214223 51.559798571850116
    endloop
  endfacet
  facet normal 1.4097610155361884e-15 -0.9063077870625987 0.42261826168505184
    outer loop
      vertex 0 19.76897844672203 58.39471109211445
      vertex 8.43941789722879 16.581806396214223 51.559798571850116
      vertex 8.564347778165956 16.6608236641315 51.72925164976564
    endloop
  endfacet
  facet normal -1.399614795387429e-15 -0.9063077870626004 0.4226182616850488
    outer loop
      vertex 0 19.76897844672203 58.39471109211445
      vertex 8.564347778165956 16.6608236641315 51.72925164976564
      vertex 8.712613456594452 16.73227345162645 51.88247621354206
    endloop
  endfacet
  facet normal -1.6204111798332955e-14 -0.9063077870626075 0.4226182616850331
    outer loop
      vertex 0 19.76897844672203 58.39471109211445
      vertex 8.712613456594452 16.73227345162645 51.88247621354206
      vertex 8.789451302031512 16.76930189728021 51.961883971515
    endloop
  endfacet
  facet normal 8.215935736814193e-15 -0.9063077870625963 0.42261826168505734
    outer loop
      vertex 0 19.76897844672203 58.39471109211445
      vertex 8.789451302031512 16.76930189728021 51.961883971515
      vertex 8.877068068761712 16.801774973952796 52.031522709180756
    endloop
  endfacet
  facet normal -1 0 0
    outer loop
      vertex 0 18.995715747205757 44.170534323026736
      vertex 0 18.8691301455981 44.263350726259425
      vertex 0 34.3873560755025 51.88469775150155
    endloop
  endfacet
  facet normal -1 0 0
    outer loop
      vertex 0 18.995715747205757 44.170534323026736
      vertex 0 34.3873560755025 51.88469775150155
      vertex 0 19.109103419754064 44.06198924042276
    endloop
  endfacet
  facet normal -1 0 0
    outer loop
      vertex 0 19.2073530687287 43.939572714905225
      vertex 0 19.109103419754064 44.06198924042276
      vertex 0 34.3873560755025 51.88469775150155
    endloop
  endfacet
  facet normal -1 0 0
    outer loop
      vertex 0 18.8691301455981 44.263350726259425
      vertex 0 19.76897844672203 58.39471109211445
      vertex 0 34.3873560755025 51.88469775150155
    endloop
  endfacet
  facet normal -1 0 0
    outer loop
      vertex 0 21.26180249452591 59.71567577123642
      vertex 0 21.578742519021034 59.79622546583414
      vertex 0 21.90348492562771 59.8347170650959
    endloop
  endfacet
  facet normal -1 0 0
    outer loop
      vertex 0 20.958087779581547 59.59444621950388
      vertex 0 21.90348492562771 59.8347170650959
      vertex 0 22.230473272502422 59.83049198240042
    endloop
  endfacet
  facet normal -1 0 0
    outer loop
      vertex 0 20.67279502004385 59.434611074626446
      vertex 0 22.230473272502422 59.83049198240042
      vertex 0 22.55411271005869 59.78362249583006
    endloop
  endfacet
  facet normal -1 0 0
    outer loop
      vertex 0 20.41080565005541 59.23890516906977
      vertex 0 22.55411271005869 59.78362249583006
      vertex 0 22.86886566877365 59.69491056352854
    endloop
  endfacet
  facet normal -1 0 0
    outer loop
      vertex 0 19.97419249266386 58.75383184850216
      vertex 0 23.169346645474434 59.56587406247854
      vertex 0 23.450414322316647 59.39872086048126
    endloop
  endfacet
  facet normal -1 0 0
    outer loop
      vertex 0 20.176602378487587 59.01067707687616
      vertex 0 22.86886566877365 59.69491056352854
      vertex 0 23.169346645474434 59.56587406247854
    endloop
  endfacet
  facet normal -1 0 0
    outer loop
      vertex 0 19.76897844672203 58.39471109211445
      vertex 0 19.80703929066658 58.472764171659946
      vertex 0 34.3873560755025 51.88469775150155
    endloop
  endfacet
  facet normal 2.838574648866607e-15 -0.9063077870625986 0.4226182616850524
    outer loop
      vertex 0 19.76897844672203 58.39471109211445
      vertex 8.877068068761712 16.801774973952796 52.031522709180756
      vertex 9.046132669061386 16.864434757245373 52.16589704811086
    endloop
  endfacet
  facet normal -8.82613140806994e-15 -0.9063077870626044 0.42261826168504
    outer loop
      vertex 0 19.76897844672203 58.39471109211445
      vertex 9.046132669061386 16.864434757245373 52.16589704811086
      vertex 9.233103453531522 16.917232406370196 52.279121972063834
    endloop
  endfacet
  facet normal 1.7030831121917083e-14 -0.9063077870625901 0.4226182616850707
    outer loop
      vertex 0 19.76897844672203 58.39471109211445
      vertex 9.233103453531522 16.917232406370196 52.279121972063834
      vertex 9.330000000005388 16.944594487762235 52.337800144978004
    endloop
  endfacet
  facet normal 0 -0.9063077870626 0.42261826168504985
    outer loop
      vertex 0 19.76897844672203 58.39471109211445
      vertex 9.330000000005388 16.944594487762235 52.337800144978004
      vertex 9.531677841665976 16.986626625334313 52.42793835489959
    endloop
  endfacet
  facet normal 3.012313775142877e-15 -0.9063077870625984 0.42261826168505284
    outer loop
      vertex 0 19.76897844672203 58.39471109211445
      vertex 9.531677841665976 16.986626625334313 52.42793835489959
      vertex 9.636196237123258 17.00840954166018 52.474651969716774
    endloop
  endfacet
  facet normal -9.852302011032077e-15 -0.9063077870626066 0.4226182616850352
    outer loop
      vertex 0 19.76897844672203 58.39471109211445
      vertex 9.636196237123258 17.00840954166018 52.474651969716774
      vertex 9.746548148100688 17.0242405788215 52.50860173847352
    endloop
  endfacet
  facet normal 2.552949813617605e-15 -0.9063077870625976 0.42261826168505473
    outer loop
      vertex 0 19.76897844672203 58.39471109211445
      vertex 9.746548148100688 17.0242405788215 52.50860173847352
      vertex 9.959482292054568 17.05478801753485 52.57411093220864
    endloop
  endfacet
  facet normal 1.9169226545055107e-15 -0.9063077870625975 0.4226182616850548
    outer loop
      vertex 0 19.76897844672203 58.39471109211445
      vertex 9.959482292054568 17.05478801753485 52.57411093220864
      vertex 10.180029368353505 17.073328087810584 52.61387024122806
    endloop
  endfacet
  facet normal 0 -0.9063077870626005 0.4226182616850481
    outer loop
      vertex 0 19.76897844672203 58.39471109211445
      vertex 10.180029368353505 17.073328087810584 52.61387024122806
      vertex 10.294326635663852 17.0829363721481 52.63447527348739
    endloop
  endfacet
  facet normal 8.6911341802851e-15 -0.9063077870625939 0.42261826168506256
    outer loop
      vertex 0 19.76897844672203 58.39471109211445
      vertex 10.294326635663852 17.0829363721481 52.63447527348739
      vertex 10.410613607072094 17.08615750611954 52.641383017582136
    endloop
  endfacet
  facet normal -4.504130948159254e-15 -0.9063077870626026 0.42261826168504374
    outer loop
      vertex 0 19.76897844672203 58.39471109211445
      vertex 10.410613607072094 17.08615750611954 52.641383017582136
      vertex 10.63499999850988 17.092372978808537 52.65471214178007
    endloop
  endfacet
  facet normal -1 0 0
    outer loop
      vertex 0 19.80703929066658 58.472764171659946
      vertex 0 23.450414322316647 59.39872086048126
      vertex 0 34.3873560755025 51.88469775150155
    endloop
  endfacet
  facet normal 0 -0.8988311874564744 0.43829498794257754
    outer loop
      vertex 0 19.76897844672203 58.39471109211445
      vertex 47.599999999999994 19.80703929066658 58.472764171659946
      vertex 0 19.80703929066658 58.472764171659946
    endloop
  endfacet
  facet normal 0 -0.8594930590167448 0.5111474166050717
    outer loop
      vertex 0 19.80703929066658 58.472764171659946
      vertex 47.599999999999994 19.97419249266386 58.75383184850216
      vertex 0 19.97419249266386 58.75383184850216
    endloop
  endfacet
  facet normal 0 -0.7854218320395661 0.6189608596313758
    outer loop
      vertex 0 19.97419249266386 58.75383184850216
      vertex 47.599999999999994 20.176602378487587 59.01067707687616
      vertex 0 20.176602378487587 59.01067707687616
    endloop
  endfacet
  facet normal 0 -0.6979118372995088 0.7161836826940586
    outer loop
      vertex 0 20.176602378487587 59.01067707687616
      vertex 47.599999999999994 20.41080565005541 59.23890516906977
      vertex 0 20.41080565005541 59.23890516906977
    endloop
  endfacet
  facet normal 0 -0.5984603767878739 0.8011524058597815
    outer loop
      vertex 0 20.41080565005541 59.23890516906977
      vertex 47.599999999999994 20.67279502004385 59.434611074626446
      vertex 0 20.67279502004385 59.434611074626446
    endloop
  endfacet
  facet normal 0 -0.4887691070463291 0.8724131819253617
    outer loop
      vertex 0 20.67279502004385 59.434611074626446
      vertex 47.599999999999994 20.958087779581547 59.59444621950388
      vertex 0 20.958087779581547 59.59444621950388
    endloop
  endfacet
  facet normal 0 -0.37071483724345394 0.9287467412850283
    outer loop
      vertex 0 20.958087779581547 59.59444621950388
      vertex 47.599999999999994 21.26180249452591 59.71567577123642
      vertex 0 21.26180249452591 59.71567577123642
    endloop
  endfacet
  facet normal 0 -0.24631755604584746 0.9691891773970657
    outer loop
      vertex 0 21.26180249452591 59.71567577123642
      vertex 47.599999999999994 21.578742519021034 59.79622546583414
      vertex 0 21.578742519021034 59.79622546583414
    endloop
  endfacet
  facet normal 0 -0.11770568022834836 0.9930485249180837
    outer loop
      vertex 0 21.578742519021034 59.79622546583414
      vertex 47.599999999999994 21.90348492562771 59.8347170650959
      vertex 0 21.90348492562771 59.8347170650959
    endloop
  endfacet
  facet normal 0 0.01292012414340283 0.9999165317125821
    outer loop
      vertex 0 21.90348492562771 59.8347170650959
      vertex 47.599999999999994 22.230473272502422 59.83049198240042
      vertex 0 22.230473272502422 59.83049198240042
    endloop
  endfacet
  facet normal 0 0.14332490447008078 0.9896756901928239
    outer loop
      vertex 0 22.230473272502422 59.83049198240042
      vertex 47.599999999999994 22.55411271005869 59.78362249583006
      vertex 0 22.55411271005869 59.78362249583006
    endloop
  endfacet
  facet normal 0 0.27127733400106185 0.9625012249640393
    outer loop
      vertex 0 22.55411271005869 59.78362249583006
      vertex 47.599999999999994 22.86886566877365 59.69491056352854
      vertex 0 22.86886566877365 59.69491056352854
    endloop
  endfacet
  facet normal 0 0.3945881509876732 0.9188580908389115
    outer loop
      vertex 0 22.86886566877365 59.69491056352854
      vertex 47.599999999999994 23.169346645474434 59.56587406247854
      vertex 0 23.169346645474434 59.56587406247854
    endloop
  endfacet
  facet normal 0 0.5111474166050717 0.8594930590167448
    outer loop
      vertex 0 23.169346645474434 59.56587406247854
      vertex 47.599999999999994 23.450414322316647 59.39872086048126
      vertex 0 23.450414322316647 59.39872086048126
    endloop
  endfacet
  facet normal 0 -0.9063077870625995 0.4226182616850506
    outer loop
      vertex 0 19.76897844672203 58.39471109211445
      vertex 10.63499999850988 17.092372978808537 52.65471214178007
      vertex 47.599999999999994 19.76897844672203 58.39471109211445
    endloop
  endfacet
  facet normal 0 0.5662665623261477 0.8242221668890779
    outer loop
      vertex 0 23.450414322316647 59.39872086048126
      vertex 47.599999999999994 23.450414322316647 59.39872086048126
      vertex 0 34.3873560755025 51.88469775150155
    endloop
  endfacet
  facet normal 1.4830905829139224e-14 -0.9063077870626587 0.4226182616849234
    outer loop
      vertex 1.1737157106399536 0.6199399754405022 17.329465562764316
      vertex 36.831386391999544 1.9460332955560313 20.173281865449454
      vertex 36.607000001370906 1.9398178228902092 20.159952741301225
    endloop
  endfacet
  facet normal -4.7696016805004555e-15 -0.906307787062587 0.4226182616850774
    outer loop
      vertex 1.1737157106399536 0.6199399754405022 17.329465562764316
      vertex 36.94767336392994 1.9492544295415368 20.180189609574366
      vertex 36.831386391999544 1.9460332955560313 20.173281865449454
    endloop
  endfacet
  facet normal 8.911641930088287e-17 -0.9063077870625994 0.4226182616850505
    outer loop
      vertex 1.1737157106399536 0.6199399754405022 17.329465562764316
      vertex 47.497777476906776 2.2235428616404533 20.768403050520504
      vertex 36.94767336392994 1.9492544295415368 20.180189609574366
    endloop
  endfacet
  facet normal 0 -1 0
    outer loop
      vertex 3 0 15.4457633420825
      vertex 44.600000001490116 0 13.020879618801272
      vertex 44.600000001490116 0 15.4457633420825
    endloop
  endfacet
  facet normal 0 -0.9997620268553369 0.021814895326560543
    outer loop
      vertex 3 0 15.4457633420825
      vertex 44.600000001490116 0 15.4457633420825
      vertex 44.6363033487862 0.0023794472217559814 15.55481181293726
    endloop
  endfacet
  facet normal 0 -0.9940563390612668 0.10886686719159354
    outer loop
      vertex 2.9636966527039172 0.0023794472217559814 15.55481181293726
      vertex 44.6363033487862 0.0023794472217559814 15.55481181293726
      vertex 44.991578578948975 0.025665417313575745 15.767434503183571
    endloop
  endfacet
  facet normal 5.8543465495397655e-18 -0.9940563390612669 0.10886686719159243
    outer loop
      vertex 2.9636966527039172 0.0023794472217559814 15.55481181293726
      vertex 44.991578578948975 0.025665417313575745 15.767434503183571
      vertex 45.05349126285704 0.037980616092681885 15.879883788526058
    endloop
  endfacet
  facet normal 0 -0.9713420699477238 0.23768589177667054
    outer loop
      vertex 2.546508738633082 0.037980616092681885 15.879883788526058
      vertex 45.05349126285704 0.037980616092681885 15.879883788526058
      vertex 45.37645713984966 0.10222252458333969 16.14241880019322
    endloop
  endfacet
  facet normal 9.178363867935335e-17 -0.9713420699477273 0.23768589177665655
    outer loop
      vertex 2.546508738633082 0.037980616092681885 15.879883788526058
      vertex 45.37645713984966 0.10222252458333969 16.14241880019322
      vertex 45.416182953026414 0.11570762097835541 16.197527840733528
    endloop
  endfacet
  facet normal 0 -0.9320078654792499 0.3624380480645108
    outer loop
      vertex 2.1838170484637 0.11570762097835541 16.197527840733528
      vertex 45.416182953026414 0.11570762097835541 16.197527840733528
      vertex 45.748050302267075 0.22836140543222427 16.48721655787484
    endloop
  endfacet
  facet normal -2.9663675367880866e-17 -0.9320078654792482 0.36243804806451485
    outer loop
      vertex 2.1838170484637 0.11570762097835541 16.197527840733528
      vertex 45.748050302267075 0.22836140543222427 16.48721655787484
      vertex 45.75995171607712 0.23423053324222565 16.50230899453163
    endloop
  endfacet
  facet normal 0 -0.9063077870625998 0.4226182616850496
    outer loop
      vertex 1.8400482854129965 0.23423053324222565 16.50230899453163
      vertex 45.75995171607712 0.23423053324222565 16.50230899453163
      vertex 46.100000001490116 0.4019237905740738 16.86192834546022
    endloop
  endfacet
  facet normal 0 -0.9063077870625987 0.4226182616850524
    outer loop
      vertex 1.5 0.4019237905740738 16.86192834546022
      vertex 46.100000001490116 0.4019237905740738 16.86192834546022
      vertex 46.42628429085016 0.6199399754405022 17.329465562764316
    endloop
  endfacet
  facet normal 0 -0.9063077870625996 0.42261826168505007
    outer loop
      vertex 1.1737157106399536 0.6199399754405022 17.329465562764316
      vertex 46.42628429085016 0.6199399754405022 17.329465562764316
      vertex 46.72132034599781 0.8786796554923058 17.88433459733479
    endloop
  endfacet
  facet normal -3.509027934741496e-18 -0.9063077870625996 0.4226182616850504
    outer loop
      vertex 1.1737157106399536 0.6199399754405022 17.329465562764316
      vertex 46.72132034599781 0.8786796554923058 17.88433459733479
      vertex 46.980060026049614 1.1737157106399536 18.517041459500188
    endloop
  endfacet
  facet normal -6.329787664163545e-18 -0.9063077870625995 0.42261826168505057
    outer loop
      vertex 1.1737157106399536 0.6199399754405022 17.329465562764316
      vertex 46.980060026049614 1.1737157106399536 18.517041459500188
      vertex 47.19807621091604 1.5 19.216760376198522
    endloop
  endfacet
  facet normal 0 -0.9063077870625995 0.42261826168505034
    outer loop
      vertex 1.1737157106399536 0.6199399754405022 17.329465562764316
      vertex 47.19807621091604 1.5 19.216760376198522
      vertex 47.37163859605789 1.8519496992230415 19.971518941974587
    endloop
  endfacet
  facet normal -8.826076711450816e-17 -0.9063077870625991 0.42261826168505146
    outer loop
      vertex 1.1737157106399536 0.6199399754405022 17.329465562764316
      vertex 47.37163859605789 1.8519496992230415 19.971518941974587
      vertex 47.497777476906776 2.2235428616404533 20.768403050520504
    endloop
  endfacet
  facet normal 1 0 0
    outer loop
      vertex 47.599999999999994 2.999999977265136 22.43352070872346
      vertex 47.599999999999994 2.999999977265136 11.62195665493772
      vertex 47.599999999999994 13.359855285886512 6.791076787149855
    endloop
  endfacet
  facet normal 5.35567928826301e-15 -0.9063077870626361 0.4226182616849718
    outer loop
      vertex 36.94767336392994 1.9492544295415368 20.180189609574366
      vertex 47.497777476906776 2.2235428616404533 20.768403050520504
      vertex 37.06197063175288 1.9588627139209462 20.20079464192354
    endloop
  endfacet
  facet normal -1.801529803868704e-15 -0.9063077870625857 0.42261826168508
    outer loop
      vertex 37.06197063175288 1.9588627139209462 20.20079464192354
      vertex 47.497777476906776 2.2235428616404533 20.768403050520504
      vertex 37.28251770725925 1.9774027841277384 20.24055395079511
    endloop
  endfacet
  facet normal 1.807130745797772e-16 -0.9063077870626005 0.4226182616850485
    outer loop
      vertex 37.28251770725925 1.9774027841277384 20.24055395079511
      vertex 47.497777476906776 2.2235428616404533 20.768403050520504
      vertex 37.49545185045386 2.0079502227282062 20.306063144288157
    endloop
  endfacet
  facet normal -1.7925485484307243e-15 -0.9063077870625842 0.4226182616850836
    outer loop
      vertex 37.49545185045386 2.0079502227282062 20.306063144288157
      vertex 47.497777476906776 2.2235428616404533 20.768403050520504
      vertex 37.60580376192439 2.0237812599582212 20.340012913192208
    endloop
  endfacet
  facet normal 2.260440148063386e-16 -0.906307787062602 0.42261826168504524
    outer loop
      vertex 37.60580376192439 2.0237812599582212 20.340012913192208
      vertex 47.497777476906776 2.2235428616404533 20.768403050520504
      vertex 37.71032215784712 2.045564176378116 20.386726528211042
    endloop
  endfacet
  facet normal 5.115376485332974e-16 -0.9063077870626047 0.4226182616850392
    outer loop
      vertex 37.71032215784712 2.045564176378116 20.386726528211042
      vertex 47.497777476906776 2.2235428616404533 20.768403050520504
      vertex 37.91199999879612 2.0875963137961495 20.476864737802277
    endloop
  endfacet
  facet normal 1.3831781172946416e-16 -0.9063077870626001 0.42261826168504935
    outer loop
      vertex 37.91199999879612 2.0875963137961495 20.476864737802277
      vertex 47.497777476906776 2.2235428616404533 20.768403050520504
      vertex 38.00889654569924 2.1149583953053677 20.53554291096775
    endloop
  endfacet
  facet normal 7.930820918603381e-17 -0.9063077870625993 0.4226182616850513
    outer loop
      vertex 38.00889654569924 2.1149583953053677 20.53554291096775
      vertex 47.497777476906776 2.2235428616404533 20.768403050520504
      vertex 38.19586732951953 2.1677560442389034 20.6487678345105
    endloop
  endfacet
  facet normal -1.3029492198467732e-15 -0.9063077870625944 0.42261826168506167
    outer loop
      vertex 38.19586732951953 2.1677560442389034 20.6487678345105
      vertex 47.57433458417654 2.6084214225411415 21.593777788060105
      vertex 38.36493192924353 2.230415827307911 20.783142172961153
    endloop
  endfacet
  facet normal 1.2570800687527873e-15 -0.9063077870626055 0.42261826168503763
    outer loop
      vertex 38.36493192924353 2.230415827307911 20.783142172961153
      vertex 47.57433458417654 2.6084214225411415 21.593777788060105
      vertex 38.45254869635895 2.262888904117977 20.852780910921744
    endloop
  endfacet
  facet normal -3.863323116433984e-16 -0.9063077870625977 0.42261826168505423
    outer loop
      vertex 38.45254869635895 2.262888904117977 20.852780910921744
      vertex 47.57433458417654 2.6084214225411415 21.593777788060105
      vertex 38.52938654213244 2.2999173499269814 20.932188669227596
    endloop
  endfacet
  facet normal 7.422587179725945e-16 -0.9063077870626036 0.42261826168504163
    outer loop
      vertex 38.52938654213244 2.2999173499269814 20.932188669227596
      vertex 47.57433458417654 2.6084214225411415 21.593777788060105
      vertex 38.67765222006775 2.371367137170985 21.085413232465864
    endloop
  endfacet
  facet normal -2.5258562419513816e-16 -0.906307787062597 0.42261826168505595
    outer loop
      vertex 38.67765222006775 2.371367137170985 21.085413232465864
      vertex 47.57433458417654 2.6084214225411415 21.593777788060105
      vertex 38.80258210060264 2.4503844048163943 21.254866309798363
    endloop
  endfacet
  facet normal -3.991532718881399e-17 -0.906307787062599 0.4226182616850514
    outer loop
      vertex 38.80258210060264 2.4503844048163943 21.254866309798363
      vertex 47.57433458417654 2.6084214225411415 21.593777788060105
      vertex 38.86732630119877 2.4913346550257045 21.342684404782904
    endloop
  endfacet
  facet normal -2.70541880911733e-16 -0.9063077870625986 0.4226182616850523
    outer loop
      vertex 38.86732630119877 2.4913346550257045 21.342684404782904
      vertex 47.599999999999994 2.999999977265136 22.43352070872346
      vertex 38.9667828113423 2.576567393594836 21.52546660252769
    endloop
  endfacet
  facet normal 8.075235064182893e-16 -0.9063077870626026 0.42261826168504385
    outer loop
      vertex 38.9667828113423 2.576567393594836 21.52546660252769
      vertex 47.599999999999994 2.999999977265136 22.43352070872346
      vertex 39.01832558266826 2.6207387763853074 21.62019243862552
    endloop
  endfacet
  facet normal -4.862000831034976e-16 -0.9063077870625974 0.422618261685055
    outer loop
      vertex 39.01832558266826 2.6207387763853074 21.62019243862552
      vertex 47.599999999999994 2.999999977265136 22.43352070872346
      vertex 39.05578500803086 2.6673755093740175 21.720205235285796
    endloop
  endfacet
  facet normal -2.3622228177945843e-17 -0.9063077870625995 0.4226182616850505
    outer loop
      vertex 39.05578500803086 2.6673755093740175 21.720205235285796
      vertex 47.599999999999994 2.999999977265136 22.43352070872346
      vertex 39.12806640564633 2.7573653668365363 21.913189107420774
    endloop
  endfacet
  facet normal 3.7644403748374845e-18 -0.9063077870625996 0.4226182616850502
    outer loop
      vertex 39.12806640564633 2.7573653668365363 21.913189107420774
      vertex 47.599999999999994 2.999999977265136 22.43352070872346
      vertex 39.17193594915217 2.8505725885247815 22.113072639404727
    endloop
  endfacet
  facet normal 1.0895750143093476e-17 -0.9063077870625997 0.42261826168505
    outer loop
      vertex 39.17193594915217 2.8505725885247815 22.113072639404727
      vertex 47.599999999999994 2.999999977265136 22.43352070872346
      vertex 39.19467108686744 2.8988767011542285 22.216661143244256
    endloop
  endfacet
  facet normal 1.7780974880245676e-17 -0.9063077870625998 0.42261826168504973
    outer loop
      vertex 39.19467108686744 2.8988767011542285 22.216661143244256
      vertex 47.599999999999994 2.999999977265136 22.43352070872346
      vertex 39.20229293920977 2.9480216990730503 22.322052931406493
    endloop
  endfacet
  facet normal -3.962402351537931e-17 -0.9063077870625982 0.42261826168505334
    outer loop
      vertex 39.20229293920977 2.9480216990730503 22.322052931406493
      vertex 47.599999999999994 2.999999977265136 22.43352070872346
      vertex 39.21700000049181 3.042851485448938 22.525416064592626
    endloop
  endfacet
  facet normal 9.677051523506498e-17 -0.9063077870625996 0.4226182616850501
    outer loop
      vertex 38.19586732951953 2.1677560442389034 20.6487678345105
      vertex 47.497777476906776 2.2235428616404533 20.768403050520504
      vertex 47.57433458417654 2.6084214225411415 21.593777788060105
    endloop
  endfacet
  facet normal -1.0330345517817463e-17 -0.9063077870625995 0.42261826168505057
    outer loop
      vertex 38.86732630119877 2.4913346550257045 21.342684404782904
      vertex 47.57433458417654 2.6084214225411415 21.593777788060105
      vertex 47.599999999999994 2.999999977265136 22.43352070872346
    endloop
  endfacet
  facet normal 1 0 0
    outer loop
      vertex 47.599999999999994 2.999999977265136 22.43352070872346
      vertex 47.599999999999994 13.359855285886512 6.791076787149855
      vertex 47.599999999999994 15.9273270313178 27.440727845616003
    endloop
  endfacet
  facet normal 1 0 0
    outer loop
      vertex 47.599999999999994 2.999999977265136 22.43352070872346
      vertex 47.599999999999994 15.9273270313178 27.440727845616003
      vertex 47.599999999999994 9.130018628542924 30.61036480867125
    endloop
  endfacet
  facet normal 1 0 0
    outer loop
      vertex 47.599999999999994 2.999999977265136 22.43352070872346
      vertex 47.599999999999994 9.130018628542924 30.61036480867125
      vertex 47.599999999999994 14.62405603117202 42.3923660401477
    endloop
  endfacet
  facet normal 1 0 0
    outer loop
      vertex 47.599999999999994 15.9273270313178 27.440727845616003
      vertex 47.599999999999994 13.359855285886512 6.791076787149855
      vertex 47.599999999999994 21.42136443394689 39.22272907709245
    endloop
  endfacet
  facet normal -7.810310026268473e-17 -0.9063077870625995 0.4226182616850505
    outer loop
      vertex 39.21700000049181 3.042851485448938 22.525416064592626
      vertex 47.599999999999994 2.999999977265136 22.43352070872346
      vertex 47.599999999999994 19.76897844672203 58.39471109211445
    endloop
  endfacet
  facet normal 1 0 0
    outer loop
      vertex 47.599999999999994 2.999999977265136 22.43352070872346
      vertex 47.599999999999994 14.62405603117202 42.3923660401477
      vertex 47.599999999999994 19.76897844672203 58.39471109211445
    endloop
  endfacet
  facet normal 0 -0.9063077870625995 0.4226182616850505
    outer loop
      vertex 39.21700000049181 3.042851485448938 22.525416064592626
      vertex 47.599999999999994 19.76897844672203 58.39471109211445
      vertex 39.21700000237279 15.989339315319414 50.289248816493426
    endloop
  endfacet
  facet normal 1 0 0
    outer loop
      vertex 47.599999999999994 21.42136443394689 39.22272907709245
      vertex 47.599999999999994 13.359855285886512 6.791076787149855
      vertex 47.599999999999994 34.3873560755025 51.88469775150155
    endloop
  endfacet
  facet normal 1.2397397473995138e-16 -0.9063077870625997 0.42261826168504996
    outer loop
      vertex 10.63499999850988 17.092372978808537 52.65471214178007
      vertex 36.607000001370906 17.09237297880854 52.65471214178007
      vertex 47.599999999999994 19.76897844672203 58.39471109211445
    endloop
  endfacet
  facet normal 0 -0.8988311874564744 0.43829498794257754
    outer loop
      vertex 0 19.76897844672203 58.39471109211445
      vertex 47.599999999999994 19.76897844672203 58.39471109211445
      vertex 47.599999999999994 19.80703929066658 58.472764171659946
    endloop
  endfacet
  facet normal 0 -0.8594930590167448 0.5111474166050717
    outer loop
      vertex 0 19.80703929066658 58.472764171659946
      vertex 47.599999999999994 19.80703929066658 58.472764171659946
      vertex 47.599999999999994 19.97419249266386 58.75383184850216
    endloop
  endfacet
  facet normal 0 -0.7854218320395661 0.6189608596313758
    outer loop
      vertex 0 19.97419249266386 58.75383184850216
      vertex 47.599999999999994 19.97419249266386 58.75383184850216
      vertex 47.599999999999994 20.176602378487587 59.01067707687616
    endloop
  endfacet
  facet normal 0 -0.6979118372995088 0.7161836826940586
    outer loop
      vertex 0 20.176602378487587 59.01067707687616
      vertex 47.599999999999994 20.176602378487587 59.01067707687616
      vertex 47.599999999999994 20.41080565005541 59.23890516906977
    endloop
  endfacet
  facet normal 0 -0.5984603767878739 0.8011524058597815
    outer loop
      vertex 0 20.41080565005541 59.23890516906977
      vertex 47.599999999999994 20.41080565005541 59.23890516906977
      vertex 47.599999999999994 20.67279502004385 59.434611074626446
    endloop
  endfacet
  facet normal 0 -0.4887691070463291 0.8724131819253617
    outer loop
      vertex 0 20.67279502004385 59.434611074626446
      vertex 47.599999999999994 20.67279502004385 59.434611074626446
      vertex 47.599999999999994 20.958087779581547 59.59444621950388
    endloop
  endfacet
  facet normal 0 -0.37071483724345394 0.9287467412850283
    outer loop
      vertex 0 20.958087779581547 59.59444621950388
      vertex 47.599999999999994 20.958087779581547 59.59444621950388
      vertex 47.599999999999994 21.26180249452591 59.71567577123642
    endloop
  endfacet
  facet normal 0 -0.24631755604584746 0.9691891773970657
    outer loop
      vertex 0 21.26180249452591 59.71567577123642
      vertex 47.599999999999994 21.26180249452591 59.71567577123642
      vertex 47.599999999999994 21.578742519021034 59.79622546583414
    endloop
  endfacet
  facet normal 0 -0.11770568022834836 0.9930485249180837
    outer loop
      vertex 0 21.578742519021034 59.79622546583414
      vertex 47.599999999999994 21.578742519021034 59.79622546583414
      vertex 47.599999999999994 21.90348492562771 59.8347170650959
    endloop
  endfacet
  facet normal 0 0.01292012414340283 0.9999165317125821
    outer loop
      vertex 0 21.90348492562771 59.8347170650959
      vertex 47.599999999999994 21.90348492562771 59.8347170650959
      vertex 47.599999999999994 22.230473272502422 59.83049198240042
    endloop
  endfacet
  facet normal 0 0.14332490447008078 0.9896756901928239
    outer loop
      vertex 0 22.230473272502422 59.83049198240042
      vertex 47.599999999999994 22.230473272502422 59.83049198240042
      vertex 47.599999999999994 22.55411271005869 59.78362249583006
    endloop
  endfacet
  facet normal 0 0.27127733400106185 0.9625012249640393
    outer loop
      vertex 0 22.55411271005869 59.78362249583006
      vertex 47.599999999999994 22.55411271005869 59.78362249583006
      vertex 47.599999999999994 22.86886566877365 59.69491056352854
    endloop
  endfacet
  facet normal 0 0.3945881509876732 0.9188580908389115
    outer loop
      vertex 0 22.86886566877365 59.69491056352854
      vertex 47.599999999999994 22.86886566877365 59.69491056352854
      vertex 47.599999999999994 23.169346645474434 59.56587406247854
    endloop
  endfacet
  facet normal 0 0.5111474166050717 0.8594930590167448
    outer loop
      vertex 0 23.169346645474434 59.56587406247854
      vertex 47.599999999999994 23.169346645474434 59.56587406247854
      vertex 47.599999999999994 23.450414322316647 59.39872086048126
    endloop
  endfacet
  facet normal 0 0.5662665623261477 0.8242221668890779
    outer loop
      vertex 47.599999999999994 23.450414322316647 59.39872086048126
      vertex 47.599999999999994 34.3873560755025 51.88469775150155
      vertex 0 34.3873560755025 51.88469775150155
    endloop
  endfacet
  facet normal -8.018214765223603e-15 -0.9063077870625937 0.4226182616850627
    outer loop
      vertex 36.607000001370906 17.09237297880854 52.65471214178007
      vertex 36.83138639280869 17.08615750611954 52.641383017582136
      vertex 47.599999999999994 19.76897844672203 58.39471109211445
    endloop
  endfacet
  facet normal 1.7184870040560782e-14 -0.9063077870626118 0.42261826168502403
    outer loop
      vertex 36.83138639280869 17.08615750611954 52.641383017582136
      vertex 36.94767336421693 17.082936372148104 52.63447527348739
      vertex 47.599999999999994 19.76897844672203 58.39471109211445
    endloop
  endfacet
  facet normal -1.992932120563532e-14 -0.9063077870625855 0.4226182616850803
    outer loop
      vertex 36.94767336421693 17.082936372148104 52.63447527348739
      vertex 37.06197063152728 17.073328087810584 52.61387024122806
      vertex 47.599999999999994 19.76897844672203 58.39471109211445
    endloop
  endfacet
  facet normal -1.930515306466261e-15 -0.9063077870625981 0.4226182616850534
    outer loop
      vertex 37.06197063152728 17.073328087810584 52.61387024122806
      vertex 37.282517707826216 17.05478801753485 52.57411093220864
      vertex 47.599999999999994 19.76897844672203 58.39471109211445
    endloop
  endfacet
  facet normal -2.7186965949619816e-15 -0.9063077870625976 0.4226182616850545
    outer loop
      vertex 37.282517707826216 17.05478801753485 52.57411093220864
      vertex 37.495451851780096 17.0242405788215 52.50860173847352
      vertex 47.599999999999994 19.76897844672203 58.39471109211445
    endloop
  endfacet
  facet normal 1.1315592626179306e-14 -0.9063077870626068 0.42261826168503475
    outer loop
      vertex 37.495451851780096 17.0242405788215 52.50860173847352
      vertex 37.60580376275753 17.00840954166018 52.474651969716774
      vertex 47.599999999999994 19.76897844672203 58.39471109211445
    endloop
  endfacet
  facet normal 6.621499348827536e-16 -0.9063077870626 0.4226182616850496
    outer loop
      vertex 38.529386543286336 16.73227345162645 51.88247621354206
      vertex 38.67765222171483 16.6608236641315 51.72925164976564
      vertex 47.599999999999994 19.76897844672203 58.39471109211445
    endloop
  endfacet
  facet normal -1.2512434834115893e-15 -0.9063077870625986 0.42261826168505223
    outer loop
      vertex 37.60580376275753 17.00840954166018 52.474651969716774
      vertex 37.71032215821481 16.986626625334313 52.42793835489959
      vertex 47.599999999999994 19.76897844672203 58.39471109211445
    endloop
  endfacet
  facet normal 8.645997649433528e-16 -0.9063077870626002 0.42261826168504935
    outer loop
      vertex 37.9119999998754 16.944594487762235 52.337800144978004
      vertex 47.599999999999994 19.76897844672203 58.39471109211445
      vertex 37.71032215821481 16.986626625334313 52.42793835489959
    endloop
  endfacet
  facet normal 8.552821493581214e-15 -0.9063077870626045 0.42261826168503985
    outer loop
      vertex 38.00889654634926 16.917232406370196 52.279121972063834
      vertex 38.1958673308194 16.864434757245373 52.16589704811086
      vertex 47.599999999999994 19.76897844672203 58.39471109211445
    endloop
  endfacet
  facet normal -1.6873584790023724e-14 -0.9063077870625891 0.4226182616850726
    outer loop
      vertex 37.9119999998754 16.944594487762235 52.337800144978004
      vertex 38.00889654634926 16.917232406370196 52.279121972063834
      vertex 47.599999999999994 19.76897844672203 58.39471109211445
    endloop
  endfacet
  facet normal -2.2150201580614996e-15 -0.9063077870625983 0.4226182616850532
    outer loop
      vertex 38.1958673308194 16.864434757245373 52.16589704811086
      vertex 38.364931931119074 16.801774973952796 52.031522709180756
      vertex 47.599999999999994 19.76897844672203 58.39471109211445
    endloop
  endfacet
  facet normal 1.110424000098014e-14 -0.9063077870626056 0.4226182616850374
    outer loop
      vertex 38.364931931119074 16.801774973952796 52.031522709180756
      vertex 38.452548697849274 16.769301897280215 51.961883971515
      vertex 47.599999999999994 19.76897844672203 58.39471109211445
    endloop
  endfacet
  facet normal -2.5553582337081496e-15 -0.9063077870625982 0.4226182616850533
    outer loop
      vertex 38.529386543286336 16.73227345162645 51.88247621354206
      vertex 47.599999999999994 19.76897844672203 58.39471109211445
      vertex 38.452548697849274 16.769301897280215 51.961883971515
    endloop
  endfacet
  facet normal 1.3239518381234666e-15 -0.9063077870626 0.42261826168504957
    outer loop
      vertex 39.21700000237279 15.989339315319414 50.289248816493426
      vertex 47.599999999999994 19.76897844672203 58.39471109211445
      vertex 39.202292941072294 16.084169101992003 50.49261195031584
    endloop
  endfacet
  facet normal -9.7929654361353e-15 -0.9063077870625955 0.42261826168505917
    outer loop
      vertex 39.202292941072294 16.084169101992003 50.49261195031584
      vertex 47.599999999999994 19.76897844672203 58.39471109211445
      vertex 39.1946710887738 16.133314099720195 50.598003738069266
    endloop
  endfacet
  facet normal 1 0 0
    outer loop
      vertex 47.599999999999994 14.62405603117202 42.3923660401477
      vertex 47.599999999999994 21.42136443394689 39.22272907709245
      vertex 47.599999999999994 19.76897844672203 58.39471109211445
    endloop
  endfacet
  facet normal -1.2914147235411428e-14 -0.9063077870625941 0.4226182616850619
    outer loop
      vertex 39.1946710887738 16.133314099720195 50.598003738069266
      vertex 47.599999999999994 19.76897844672203 58.39471109211445
      vertex 39.17193595116232 16.18161821215948 50.70159224150099
    endloop
  endfacet
  facet normal 1.4430320521022983e-15 -0.9063077870626001 0.42261826168504896
    outer loop
      vertex 39.17193595116232 16.18161821215948 50.70159224150099
      vertex 47.599999999999994 19.76897844672203 58.39471109211445
      vertex 39.12806640754335 16.27482543414664 50.90147577412596
    endloop
  endfacet
  facet normal 2.5888191527936305e-15 -0.9063077870626007 0.422618261685048
    outer loop
      vertex 39.12806640754335 16.27482543414664 50.90147577412596
      vertex 47.599999999999994 19.76897844672203 58.39471109211445
      vertex 39.05578500971732 16.364815291905604 51.094459646896674
    endloop
  endfacet
  facet normal 2.3371168228095632e-14 -0.90630778706261 0.422618261685028
    outer loop
      vertex 39.01832558451938 16.411452024707092 51.19447244315546
      vertex 39.05578500971732 16.364815291905604 51.094459646896674
      vertex 47.599999999999994 19.76897844672203 58.39471109211445
    endloop
  endfacet
  facet normal -9.248650105428744e-15 -0.906307787062595 0.4226182616850602
    outer loop
      vertex 38.966782813417396 16.455623407317862 51.28919827886792
      vertex 47.599999999999994 19.76897844672203 58.39471109211445
      vertex 38.867326302966546 16.540856146173983 51.47198047722815
    endloop
  endfacet
  facet normal -7.245766330262071e-15 -0.9063077870625958 0.4226182616850581
    outer loop
      vertex 38.802582102651996 16.581806396214223 51.559798571850116
      vertex 38.867326302966546 16.540856146173983 51.47198047722815
      vertex 47.599999999999994 19.76897844672203 58.39471109211445
    endloop
  endfacet
  facet normal -1.9311825662479293e-15 -0.9063077870625986 0.42261826168505257
    outer loop
      vertex 38.802582102651996 16.581806396214223 51.559798571850116
      vertex 47.599999999999994 19.76897844672203 58.39471109211445
      vertex 38.67765222171483 16.6608236641315 51.72925164976564
    endloop
  endfacet
  facet normal 5.651271233457593e-15 -0.906307787062602 0.42261826168504535
    outer loop
      vertex 38.966782813417396 16.455623407317862 51.28919827886792
      vertex 39.01832558451938 16.411452024707092 51.19447244315546
      vertex 47.599999999999994 19.76897844672203 58.39471109211445
    endloop
  endfacet
  facet normal 1 0 0
    outer loop
      vertex 47.599999999999994 19.80703929066658 58.472764171659946
      vertex 47.599999999999994 23.450414322316647 59.39872086048126
      vertex 47.599999999999994 19.97419249266386 58.75383184850216
    endloop
  endfacet
  facet normal 1 0 0
    outer loop
      vertex 47.599999999999994 19.97419249266386 58.75383184850216
      vertex 47.599999999999994 23.169346645474434 59.56587406247854
      vertex 47.599999999999994 20.176602378487587 59.01067707687616
    endloop
  endfacet
  facet normal 1 0 0
    outer loop
      vertex 47.599999999999994 20.176602378487587 59.01067707687616
      vertex 47.599999999999994 22.86886566877365 59.69491056352854
      vertex 47.599999999999994 20.41080565005541 59.23890516906977
    endloop
  endfacet
  facet normal 1 0 0
    outer loop
      vertex 47.599999999999994 20.41080565005541 59.23890516906977
      vertex 47.599999999999994 22.55411271005869 59.78362249583006
      vertex 47.599999999999994 20.67279502004385 59.434611074626446
    endloop
  endfacet
  facet normal 1 0 0
    outer loop
      vertex 47.599999999999994 20.67279502004385 59.434611074626446
      vertex 47.599999999999994 22.230473272502422 59.83049198240042
      vertex 47.599999999999994 20.958087779581547 59.59444621950388
    endloop
  endfacet
  facet normal 1 0 0
    outer loop
      vertex 47.599999999999994 20.958087779581547 59.59444621950388
      vertex 47.599999999999994 21.90348492562771 59.8347170650959
      vertex 47.599999999999994 21.26180249452591 59.71567577123642
    endloop
  endfacet
  facet normal 1 0 0
    outer loop
      vertex 47.599999999999994 19.76897844672203 58.39471109211445
      vertex 47.599999999999994 21.42136443394689 39.22272907709245
      vertex 47.599999999999994 34.3873560755025 51.88469775150155
    endloop
  endfacet
  facet normal 1 0 0
    outer loop
      vertex 47.599999999999994 21.26180249452591 59.71567577123642
      vertex 47.599999999999994 21.90348492562771 59.8347170650959
      vertex 47.599999999999994 21.578742519021034 59.79622546583414
    endloop
  endfacet
  facet normal 1 0 0
    outer loop
      vertex 47.599999999999994 20.958087779581547 59.59444621950388
      vertex 47.599999999999994 22.230473272502422 59.83049198240042
      vertex 47.599999999999994 21.90348492562771 59.8347170650959
    endloop
  endfacet
  facet normal 1 0 0
    outer loop
      vertex 47.599999999999994 20.67279502004385 59.434611074626446
      vertex 47.599999999999994 22.55411271005869 59.78362249583006
      vertex 47.599999999999994 22.230473272502422 59.83049198240042
    endloop
  endfacet
  facet normal 1 0 0
    outer loop
      vertex 47.599999999999994 20.41080565005541 59.23890516906977
      vertex 47.599999999999994 22.86886566877365 59.69491056352854
      vertex 47.599999999999994 22.55411271005869 59.78362249583006
    endloop
  endfacet
  facet normal 1 0 0
    outer loop
      vertex 47.599999999999994 19.97419249266386 58.75383184850216
      vertex 47.599999999999994 23.450414322316647 59.39872086048126
      vertex 47.599999999999994 23.169346645474434 59.56587406247854
    endloop
  endfacet
  facet normal 1 0 0
    outer loop
      vertex 47.599999999999994 20.176602378487587 59.01067707687616
      vertex 47.599999999999994 23.169346645474434 59.56587406247854
      vertex 47.599999999999994 22.86886566877365 59.69491056352854
    endloop
  endfacet
  facet normal 1 0 0
    outer loop
      vertex 47.599999999999994 19.76897844672203 58.39471109211445
      vertex 47.599999999999994 34.3873560755025 51.88469775150155
      vertex 47.599999999999994 19.80703929066658 58.472764171659946
    endloop
  endfacet
  facet normal 1 0 0
    outer loop
      vertex 47.599999999999994 19.80703929066658 58.472764171659946
      vertex 47.599999999999994 34.3873560755025 51.88469775150155
      vertex 47.599999999999994 23.450414322316647 59.39872086048126
    endloop
  endfacet
  facet normal -0.5555702203832521 -0.8314696207458843 0
    outer loop
      vertex 1.5 0.4019237905740738 16.86192834546022
      vertex 1.1737157106399536 0.6199399754405022 12.731796860656946
      vertex 1.5 0.4019237905740738 12.833459477261897
    endloop
  endfacet
  facet normal -0.6593458207943228 -0.7518398024852507 0
    outer loop
      vertex 1.1737157106399536 0.6199399754405022 17.329465562764316
      vertex 0.8786796554923058 0.8786796554923058 12.611144566380215
      vertex 1.0264135559326353 0.7491205000405874 12.671558992751445
    endloop
  endfacet
  facet normal -0.5555702203832521 -0.8314696207458844 0
    outer loop
      vertex 1.1737157106399536 0.6199399754405022 17.329465562764316
      vertex 1.1737157106399536 0.6199399754405022 12.731796860656946
      vertex 1.5 0.4019237905740738 16.86192834546022
    endloop
  endfacet
  facet normal -0.6593458207943227 -0.7518398024852507 0
    outer loop
      vertex 1.1737157106399536 0.6199399754405022 17.329465562764316
      vertex 0.8786796554923058 0.8786796554923058 17.88433459733479
      vertex 0.8786796554923058 0.8786796554923058 12.611144566380215
    endloop
  endfacet
  facet normal -0.7518398024852507 -0.6593458207943227 0
    outer loop
      vertex 0.6199399754405022 1.1737157106399536 18.517041459500188
      vertex 0.8786796554923058 0.8786796554923058 12.611144566380215
      vertex 0.8786796554923058 0.8786796554923058 17.88433459733479
    endloop
  endfacet
  facet normal -0.8314696207458843 -0.5555702203832522 0
    outer loop
      vertex 0.6199399754405022 1.1737157106399536 18.517041459500188
      vertex 0.4019237905740738 1.5 12.321418131568775
      vertex 0.6199399754405022 1.1737157106399536 12.473566994433027
    endloop
  endfacet
  facet normal -0.7518398024852507 -0.6593458207943228 0
    outer loop
      vertex 0.6199399754405022 1.1737157106399536 18.517041459500188
      vertex 0.6199399754405022 1.1737157106399536 12.473566994433027
      vertex 0.8786796554923058 0.8786796554923058 12.611144566380215
    endloop
  endfacet
  facet normal -0.8968727407473451 -0.4422886918115197 0
    outer loop
      vertex 0.4019237905740738 1.5 19.216760376198522
      vertex 0.22836140543222427 1.8519496992230415 12.157301291535724
      vertex 0.4019237905740738 1.5 12.321418131568775
    endloop
  endfacet
  facet normal -0.9469301300366789 -0.3214394637077385 0
    outer loop
      vertex 0.22836140543222427 1.8519496992230415 19.971518941974587
      vertex 0.10222252458333969 2.2235428616404533 11.984024554182449
      vertex 0.22836140543222427 1.8519496992230415 12.157301291535724
    endloop
  endfacet
  facet normal -0.8314696207458843 -0.5555702203832522 0
    outer loop
      vertex 0.6199399754405022 1.1737157106399536 18.517041459500188
      vertex 0.4019237905740738 1.5 19.216760376198522
      vertex 0.4019237905740738 1.5 12.321418131568775
    endloop
  endfacet
  facet normal -0.44228869181151975 -0.8968727407473452 3.3856320301126224e-18
    outer loop
      vertex 1.8400482854129965 0.23423053324222565 16.50230899453163
      vertex 1.5 0.4019237905740738 12.833459477261897
      vertex 1.8519496992230415 0.22836140543222427 12.91439294662119
    endloop
  endfacet
  facet normal -0.32143946370773846 -0.9469301300366788 -1.3683487768348732e-18
    outer loop
      vertex 2.1838170484637 0.11570762097835541 16.197527840733528
      vertex 1.8519496992230415 0.22836140543222427 12.91439294662119
      vertex 2.2235428616404533 0.10222252458333969 12.973212472752124
    endloop
  endfacet
  facet normal -0.1950903258581441 -0.980785279639006 -1.3061786763273658e-17
    outer loop
      vertex 2.546508738633082 0.037980616092681885 15.879883788526058
      vertex 2.2235428616404533 0.10222252458333969 12.973212472752124
      vertex 2.6084214225411415 0.025665417313575745 13.008911638158208
    endloop
  endfacet
  facet normal -0.06540313273849394 -0.9978589230086541 4.305971480956624e-18
    outer loop
      vertex 2.9636966527039172 0.0023794472217559814 15.55481181293726
      vertex 2.6084214225411415 0.025665417313575745 13.008911638158208
      vertex 2.9057553093213087 0.006177123711808805 13.017999178709086
    endloop
  endfacet
  facet normal -0.19509032585814423 -0.980785279639006 0
    outer loop
      vertex 2.2235428616404533 0.10222252458333969 16.142418800193223
      vertex 2.2235428616404533 0.10222252458333969 12.973212472752124
      vertex 2.546508738633082 0.037980616092681885 15.879883788526058
    endloop
  endfacet
  facet normal -0.19509032585814343 -0.980785279639006 0
    outer loop
      vertex 2.546508738633082 0.037980616092681885 15.879883788526058
      vertex 2.6084214225411415 0.025665417313575745 13.008911638158208
      vertex 2.6084214225411415 0.025665417313575745 15.767434503183573
    endloop
  endfacet
  facet normal -0.06540313273849392 -0.9978589230086541 0
    outer loop
      vertex 2.6084214225411415 0.025665417313575745 15.767434503183573
      vertex 2.6084214225411415 0.025665417313575745 13.008911638158208
      vertex 2.9636966527039172 0.0023794472217559814 15.55481181293726
    endloop
  endfacet
  facet normal -0.44228869181152053 -0.8968727407473447 0
    outer loop
      vertex 1.8400482854129965 0.23423053324222565 16.50230899453163
      vertex 1.8519496992230415 0.22836140543222427 12.91439294662119
      vertex 1.8519496992230415 0.22836140543222427 16.48721655787484
    endloop
  endfacet
  facet normal -0.44228869181151964 -0.8968727407473452 0
    outer loop
      vertex 1.8400482854129965 0.23423053324222565 16.50230899453163
      vertex 1.5 0.4019237905740738 16.86192834546022
      vertex 1.5 0.4019237905740738 12.833459477261897
    endloop
  endfacet
  facet normal -0.32143946370773846 -0.9469301300366788 0
    outer loop
      vertex 1.8519496992230415 0.22836140543222427 16.48721655787484
      vertex 1.8519496992230415 0.22836140543222427 12.91439294662119
      vertex 2.1838170484637 0.11570762097835541 16.197527840733528
    endloop
  endfacet
  facet normal -0.32143946370773846 -0.9469301300366789 0
    outer loop
      vertex 2.1838170484637 0.11570762097835541 16.197527840733528
      vertex 2.2235428616404533 0.10222252458333969 12.973212472752124
      vertex 2.2235428616404533 0.10222252458333969 16.142418800193223
    endloop
  endfacet
  facet normal -0.8968727407473451 -0.4422886918115197 0
    outer loop
      vertex 0.4019237905740738 1.5 19.216760376198522
      vertex 0.22836140543222427 1.8519496992230415 19.971518941974587
      vertex 0.22836140543222427 1.8519496992230415 12.157301291535724
    endloop
  endfacet
  facet normal -0.9469301300366788 -0.32143946370773846 0
    outer loop
      vertex 0.22836140543222427 1.8519496992230415 19.971518941974587
      vertex 0.10222252458333969 2.2235428616404533 20.768403050520504
      vertex 0.10222252458333969 2.2235428616404533 11.984024554182449
    endloop
  endfacet
  facet normal -0.980785279639006 -0.1950903258581441 0
    outer loop
      vertex 0.10222252458333969 2.2235428616404533 20.768403050520504
      vertex 0.025665417313575745 2.6084214225411415 11.804552733774782
      vertex 0.10222252458333969 2.2235428616404533 11.984024554182449
    endloop
  endfacet
  facet normal -0.9978589230086541 -0.06540313273849395 0
    outer loop
      vertex 0 3 22.433520757478536
      vertex 0 3 11.621956644336278
      vertex 0.025665417313575745 2.6084214225411415 11.804552733774782
    endloop
  endfacet
  facet normal -0.980785279639006 -0.1950903258581441 0
    outer loop
      vertex 0.10222252458333969 2.2235428616404533 20.768403050520504
      vertex 0.025665417313575745 2.6084214225411415 21.593777788060105
      vertex 0.025665417313575745 2.6084214225411415 11.804552733774782
    endloop
  endfacet
  facet normal -0.9978589230086541 -0.06540313273849395 0
    outer loop
      vertex 0.025665417313575745 2.6084214225411415 21.593777788060105
      vertex 0 3 22.433520757478536
      vertex 0.025665417313575745 2.6084214225411415 11.804552733774782
    endloop
  endfacet
  facet normal -0.06540313273849375 -0.997858923008654 0
    outer loop
      vertex 3 0 15.4457633420825
      vertex 2.938477056574304 0.004032426971942537 13.018999267223306
      vertex 3 0 13.020879618801274
    endloop
  endfacet
  facet normal 0.06540313273849395 -0.9978589230086541 0
    outer loop
      vertex 44.600000001490116 0 15.4457633420825
      vertex 44.600000001490116 0 13.020879618801272
      vertex 44.991578578948975 0.025665417313575745 13.008911638158208
    endloop
  endfacet
  facet normal 0.19509032585814406 -0.9807852796390059 0
    outer loop
      vertex 44.991578578948975 0.025665417313575745 15.767434503183571
      vertex 44.991578578948975 0.025665417313575745 13.008911638158208
      vertex 45.37645713984966 0.10222252458333969 12.973212472752124
    endloop
  endfacet
  facet normal 0.06540313273849309 -0.997858923008654 -1.3774364548061864e-16
    outer loop
      vertex 44.600000001490116 0 15.4457633420825
      vertex 44.991578578948975 0.025665417313575745 13.008911638158208
      vertex 44.6363033487862 0.0023794472217559814 15.55481181293726
    endloop
  endfacet
  facet normal 0.06540313273849409 -0.9978589230086541 0
    outer loop
      vertex 44.6363033487862 0.0023794472217559814 15.55481181293726
      vertex 44.991578578948975 0.025665417313575745 13.008911638158208
      vertex 44.991578578948975 0.025665417313575745 15.767434503183571
    endloop
  endfacet
  facet normal 0.19509032585813713 -0.9807852796390073 -9.912066188143596e-16
    outer loop
      vertex 44.991578578948975 0.025665417313575745 15.767434503183571
      vertex 45.37645713984966 0.10222252458333969 12.973212472752124
      vertex 45.05349126285704 0.037980616092681885 15.879883788526058
    endloop
  endfacet
  facet normal 0.19509032585814576 -0.9807852796390056 0
    outer loop
      vertex 45.05349126285704 0.037980616092681885 15.879883788526058
      vertex 45.37645713984966 0.10222252458333969 12.973212472752124
      vertex 45.37645713984966 0.10222252458333969 16.14241880019322
    endloop
  endfacet
  facet normal 0.321439463707752 -0.9469301300366741 0
    outer loop
      vertex 45.37645713984966 0.10222252458333969 16.14241880019322
      vertex 45.37645713984966 0.10222252458333969 12.973212472752124
      vertex 45.449678026636256 0.12707766630322256 12.961622329823614
    endloop
  endfacet
  facet normal 0.3214394637077339 -0.9469301300366804 -3.4477555016337513e-16
    outer loop
      vertex 45.416182953026414 0.11570762097835541 16.197527840733528
      vertex 45.48258939929422 0.1382495718551684 12.956412784708558
      vertex 45.748050302267075 0.22836140543222427 12.914392946621188
    endloop
  endfacet
  facet normal 0.4422886918115088 -0.8968727407473503 0
    outer loop
      vertex 45.748050302267075 0.22836140543222427 16.48721655787484
      vertex 45.748050302267075 0.22836140543222427 12.914392946621188
      vertex 45.82469497483389 0.26615837530740444 12.896767930113338
    endloop
  endfacet
  facet normal 0.44228869181151664 -0.8968727407473466 -2.152579324251256e-16
    outer loop
      vertex 45.75995171607712 0.23423053324222565 16.50230899453163
      vertex 45.83429335021751 0.27089177024635736 12.894560711804234
      vertex 46.100000001490116 0.4019237905740738 12.833459477261897
    endloop
  endfacet
  facet normal 0.32143946370773696 -0.9469301300366794 0
    outer loop
      vertex 45.416182953026414 0.11570762097835541 16.197527840733528
      vertex 45.748050302267075 0.22836140543222427 12.914392946621188
      vertex 45.748050302267075 0.22836140543222427 16.48721655787484
    endloop
  endfacet
  facet normal 0.44228869181151853 -0.8968727407473458 0
    outer loop
      vertex 45.75995171607712 0.23423053324222565 16.50230899453163
      vertex 46.100000001490116 0.4019237905740738 12.833459477261897
      vertex 46.100000001490116 0.4019237905740738 16.86192834546022
    endloop
  endfacet
  facet normal 0.5555702203832521 -0.8314696207458843 0
    outer loop
      vertex 46.100000001490116 0.4019237905740738 16.86192834546022
      vertex 46.100000001490116 0.4019237905740738 12.833459477261897
      vertex 46.42628429085016 0.6199399754405022 12.731796860656946
    endloop
  endfacet
  facet normal 0.6593458207943239 -0.7518398024852497 1.2289032860216868e-16
    outer loop
      vertex 46.42628429085016 0.6199399754405022 17.329465562764316
      vertex 46.57358644555748 0.7491205000405874 12.671558992751445
      vertex 46.72132034599781 0.8786796554923058 12.611144566380215
    endloop
  endfacet
  facet normal 0.7518398024852507 -0.6593458207943229 0
    outer loop
      vertex 46.72132034599781 0.8786796554923058 17.88433459733479
      vertex 46.72132034599781 0.8786796554923058 12.611144566380215
      vertex 46.980060026049614 1.1737157106399536 12.473566994433027
    endloop
  endfacet
  facet normal 0.5555702203832522 -0.8314696207458843 0
    outer loop
      vertex 46.100000001490116 0.4019237905740738 16.86192834546022
      vertex 46.42628429085016 0.6199399754405022 12.731796860656946
      vertex 46.42628429085016 0.6199399754405022 17.329465562764316
    endloop
  endfacet
  facet normal 0.6593458207943227 -0.7518398024852507 0
    outer loop
      vertex 46.42628429085016 0.6199399754405022 17.329465562764316
      vertex 46.72132034599781 0.8786796554923058 12.611144566380215
      vertex 46.72132034599781 0.8786796554923058 17.88433459733479
    endloop
  endfacet
  facet normal 0.8314696207458843 -0.5555702203832522 0
    outer loop
      vertex 46.980060026049614 1.1737157106399536 18.517041459500188
      vertex 46.980060026049614 1.1737157106399536 12.473566994433027
      vertex 47.19807621091604 1.5 12.321418131568775
    endloop
  endfacet
  facet normal 0.8968727407473451 -0.4422886918115197 0
    outer loop
      vertex 47.19807621091604 1.5 19.216760376198522
      vertex 47.19807621091604 1.5 12.321418131568775
      vertex 47.37163859605789 1.8519496992230415 12.157301291535722
    endloop
  endfacet
  facet normal 0.9469301300366788 -0.32143946370773846 0
    outer loop
      vertex 47.37163859605789 1.8519496992230415 19.971518941974587
      vertex 47.37163859605789 1.8519496992230415 12.157301291535722
      vertex 47.497777476906776 2.2235428616404533 11.984024554182449
    endloop
  endfacet
  facet normal 0.7518398024852506 -0.6593458207943228 0
    outer loop
      vertex 46.72132034599781 0.8786796554923058 17.88433459733479
      vertex 46.980060026049614 1.1737157106399536 12.473566994433027
      vertex 46.980060026049614 1.1737157106399536 18.517041459500188
    endloop
  endfacet
  facet normal 0.8314696207458843 -0.5555702203832522 0
    outer loop
      vertex 46.980060026049614 1.1737157106399536 18.517041459500188
      vertex 47.19807621091604 1.5 12.321418131568775
      vertex 47.19807621091604 1.5 19.216760376198522
    endloop
  endfacet
  facet normal 0.8968727407473451 -0.4422886918115197 0
    outer loop
      vertex 47.19807621091604 1.5 19.216760376198522
      vertex 47.37163859605789 1.8519496992230415 12.157301291535722
      vertex 47.37163859605789 1.8519496992230415 19.971518941974587
    endloop
  endfacet
  facet normal 0.9469301300366788 -0.32143946370773846 0
    outer loop
      vertex 47.37163859605789 1.8519496992230415 19.971518941974587
      vertex 47.497777476906776 2.2235428616404533 11.984024554182449
      vertex 47.497777476906776 2.2235428616404533 20.768403050520504
    endloop
  endfacet
  facet normal 0.980785279639006 -0.1950903258581441 0
    outer loop
      vertex 47.497777476906776 2.2235428616404533 20.768403050520504
      vertex 47.497777476906776 2.2235428616404533 11.984024554182449
      vertex 47.57433458417654 2.6084214225411415 11.804552733774784
    endloop
  endfacet
  facet normal 0.997858923008654 -0.06540313273849395 0
    outer loop
      vertex 47.57433458417654 2.6084214225411415 21.593777788060105
      vertex 47.57433458417654 2.6084214225411415 11.804552733774784
      vertex 47.599999999999994 2.999999977265136 11.62195665493772
    endloop
  endfacet
  facet normal 0.980785279639006 -0.19509032585814406 0
    outer loop
      vertex 47.497777476906776 2.2235428616404533 20.768403050520504
      vertex 47.57433458417654 2.6084214225411415 11.804552733774784
      vertex 47.57433458417654 2.6084214225411415 21.593777788060105
    endloop
  endfacet
  facet normal 0.9978589230086539 -0.06540313273849395 0
    outer loop
      vertex 47.57433458417654 2.6084214225411415 21.593777788060105
      vertex 47.599999999999994 2.999999977265136 11.62195665493772
      vertex 47.599999999999994 2.999999977265136 22.43352070872346
    endloop
  endfacet
  facet normal -0.6593458207943228 -0.7518398024852506 0
    outer loop
      vertex 1.1737157106399536 0.6199399754405022 17.329465562764316
      vertex 1.0264135559326353 0.7491205000405874 12.671558992751445
      vertex 1.1737157106399536 0.6199399754405022 12.731796860656946
    endloop
  endfacet
  facet normal -0.06540313273849431 -0.997858923008654 1.4316646882294135e-17
    outer loop
      vertex 3 0 15.4457633420825
      vertex 2.9057553093213087 0.006177123711808805 13.017999178709086
      vertex 2.938477056574304 0.004032426971942537 13.018999267223306
    endloop
  endfacet
  facet normal -0.06540313273849424 -0.997858923008654 1.1268079651327333e-17
    outer loop
      vertex 2.9636966527039172 0.0023794472217559814 15.55481181293726
      vertex 2.9057553093213087 0.006177123711808805 13.017999178709086
      vertex 3 0 15.4457633420825
    endloop
  endfacet
  facet normal 0.3214394637077451 -0.9469301300366766 -1.7717571875980289e-16
    outer loop
      vertex 45.37645713984966 0.10222252458333969 16.14241880019322
      vertex 45.449678026636256 0.12707766630322256 12.961622329823614
      vertex 45.48258939929422 0.1382495718551684 12.956412784708558
    endloop
  endfacet
  facet normal 0.44228869181169095 -0.8968727407472608 4.831715801393543e-15
    outer loop
      vertex 45.748050302267075 0.22836140543222427 16.48721655787484
      vertex 45.82469497483389 0.26615837530740444 12.896767930113338
      vertex 45.83429335021751 0.27089177024635736 12.894560711804234
    endloop
  endfacet
  facet normal 0.3214394637077513 -0.9469301300366745 5.272276869873546e-17
    outer loop
      vertex 45.37645713984966 0.10222252458333969 16.14241880019322
      vertex 45.48258939929422 0.1382495718551684 12.956412784708558
      vertex 45.416182953026414 0.11570762097835541 16.197527840733528
    endloop
  endfacet
  facet normal 0.44228869181155295 -0.8968727407473287 7.150699022460901e-16
    outer loop
      vertex 45.75995171607712 0.23423053324222565 16.50230899453163
      vertex 45.748050302267075 0.22836140543222427 16.48721655787484
      vertex 45.83429335021751 0.27089177024635736 12.894560711804234
    endloop
  endfacet
  facet normal 0.6593458207943217 -0.7518398024852517 0
    outer loop
      vertex 46.42628429085016 0.6199399754405022 17.329465562764316
      vertex 46.42628429085016 0.6199399754405022 12.731796860656946
      vertex 46.57358644555748 0.7491205000405874 12.671558992751445
    endloop
  endfacet
  facet normal 2.085966665666836e-15 0.906307787153126 -0.4226182614909158
    outer loop
      vertex 2.5757359340786934 2.5757359340786934 15.844799722537545
      vertex 7.2623180082440335 4.564817272443331 20.110398421186282
      vertex 2.6347431391477585 2.5239879935979843 15.733825905974696
    endloop
  endfacet
  facet normal -1.2957263931930115e-15 0.9063077871531273 -0.42261826149091286
    outer loop
      vertex 2.7000000029802322 2.480384759604931 15.64031846885271
      vertex 2.6347431391477585 2.5239879935979843 15.733825905974696
      vertex 7.2623180082440335 4.564817272443331 20.110398421186282
    endloop
  endfacet
  facet normal 1.490979418705124e-15 0.9063077871531262 -0.42261826149091525
    outer loop
      vertex 2.5239879935979843 2.6347431391477585 15.971341082259135
      vertex 2.480384759604931 2.7000000029802322 16.111284878459323
      vertex 7.2623180082440335 4.564817272443331 20.110398421186282
    endloop
  endfacet
  facet normal -1.753660547319232e-15 0.9063077871531278 -0.4226182614909121
    outer loop
      vertex 2.480384759604931 2.7000000029802322 16.111284878459323
      vertex 2.445672281086445 2.770389936864376 16.2622365789167
      vertex 7.2623180082440335 4.564817272443331 20.110398421186282
    endloop
  endfacet
  facet normal 6.182265389998427e-16 0.9063077871531267 -0.42261826149091447
    outer loop
      vertex 2.5757359340786934 2.5757359340786934 15.844799722537545
      vertex 2.5239879935979843 2.6347431391477585 15.971341082259135
      vertex 7.2623180082440335 4.564817272443331 20.110398421186282
    endloop
  endfacet
  facet normal 2.313507860882465e-15 0.9063077871531259 -0.42261826149091586
    outer loop
      vertex 2.445672281086445 2.770389936864376 16.2622365789167
      vertex 2.420444503426552 2.8447085693478584 16.421613400715014
      vertex 7.081518948674198 4.789910887498201 20.59311323678131
    endloop
  endfacet
  facet normal -3.622486022034449e-15 0.9063077871531284 -0.42261826149091036
    outer loop
      vertex 2.405133083462715 2.9216842874884605 16.58668836109751
      vertex 7.081518948674198 4.789910887498201 20.59311323678131
      vertex 2.420444503426552 2.8447085693478584 16.421613400715014
    endloop
  endfacet
  facet normal 1.3108805107266208e-15 0.9063077871531263 -0.4226182614909152
    outer loop
      vertex 2.405133083462715 2.9216842874884605 16.58668836109751
      vertex 2.4 2.9999999772652313 16.754636899929125
      vertex 7.081518948674198 4.789910887498201 20.59311323678131
    endloop
  endfacet
  facet normal -5.034302360260339e-16 0.9063077871531272 -0.42261826149091325
    outer loop
      vertex 2.7000000029802322 2.480384759604931 15.64031846885271
      vertex 7.2623180082440335 4.564817272443331 20.110398421186282
      vertex 7.511090763509269 4.351622741769478 19.653201274412435
    endloop
  endfacet
  facet normal -5.329450970077871e-16 0.9063077871531272 -0.42261826149091314
    outer loop
      vertex 2.445672281086445 2.770389936864376 16.2622365789167
      vertex 7.081518948674198 4.789910887498201 20.59311323678131
      vertex 7.2623180082440335 4.564817272443331 20.110398421186282
    endloop
  endfacet
  facet normal 1.4572966016338446e-15 0.9063077871531263 -0.4226182614909151
    outer loop
      vertex 2.4 2.9999999772652313 16.754636899929125
      vertex 6.971787095665928 5.023052166445962 21.09308632330099
      vertex 7.081518948674198 4.789910887498201 20.59311323678131
    endloop
  endfacet
  facet normal 1 0 0
    outer loop
      vertex 2.4 2.9999999772652313 16.754636899929125
      vertex 2.4 2.9999999772652313 11.621956654937675
      vertex 2.4 13.359855285886512 6.791076787149855
    endloop
  endfacet
  facet normal 1.94344717438059e-15 0.906307787153126 -0.4226182614909155
    outer loop
      vertex 2.4 2.9999999772652313 16.754636899929125
      vertex 6.935000002980228 5.260252003345194 21.601763015441154
      vertex 6.971787095665928 5.023052166445962 21.09308632330099
    endloop
  endfacet
  facet normal -9.772791004505967e-16 0.9063077871531271 -0.42261826149091325
    outer loop
      vertex 2.7000000029802322 2.480384759604931 15.64031846885271
      vertex 7.823580638170238 4.1539751082517595 19.22934455620636
      vertex 8.194440842270847 3.9752561781454228 18.846080573491474
    endloop
  endfacet
  facet normal -2.4443198492198703e-16 0.9063077871531267 -0.4226182614909141
    outer loop
      vertex 2.7000000029802322 2.480384759604931 15.64031846885271
      vertex 7.511090763509269 4.351622741769478 19.653201274412435
      vertex 7.823580638170238 4.1539751082517595 19.22934455620636
    endloop
  endfacet
  facet normal 1.2568025116957314e-15 0.9063077871531258 -0.4226182614909162
    outer loop
      vertex 2.7000000029802322 2.480384759604931 15.64031846885271
      vertex 8.194440842270847 3.9752561781454228 18.846080573491474
      vertex 8.617325857877727 3.818523883432258 18.509967082569897
    endloop
  endfacet
  facet normal -1.8670953868452004e-15 0.9063077871531282 -0.42261826149091114
    outer loop
      vertex 2.7000000029802322 2.480384759604931 15.64031846885271
      vertex 8.617325857877727 3.818523883432258 18.509967082569897
      vertex 9.085000001490112 3.686459955869526 18.226755075758152
    endloop
  endfacet
  facet normal 1.4665828055598798e-15 0.9063077871531252 -0.4226182614909174
    outer loop
      vertex 2.7000000029802322 2.480384759604931 15.64031846885271
      vertex 9.085000001490112 3.686459955869526 18.226755075758152
      vertex 9.589461237788196 3.581324046533027 18.001290390429734
    endloop
  endfacet
  facet normal -5.059695099536356e-16 0.9063077871531273 -0.42261826149091297
    outer loop
      vertex 2.7000000029802322 2.480384759604931 15.64031846885271
      vertex 9.589461237788196 3.581324046533027 18.001290390429734
      vertex 10.122078106403347 3.5049150622984313 17.83743079483163
    endloop
  endfacet
  facet normal 0 0.9063077871531268 -0.4226182614909141
    outer loop
      vertex 2.7000000029802322 2.480384759604931 15.64031846885271
      vertex 10.122078106403347 3.5049150622984313 17.83743079483163
      vertex 10.673737370073791 3.458540377349898 17.73797996195149
    endloop
  endfacet
  facet normal -2.7888385719128427e-16 0.906307787153127 -0.4226182614909136
    outer loop
      vertex 2.7000000029802322 2.480384759604931 15.64031846885271
      vertex 10.673737370073791 3.458540377349898 17.73797996195149
      vertex 11.234999999999996 3.4429934801937634 17.704639533383716
    endloop
  endfacet
  facet normal 1 0 0
    outer loop
      vertex 2.4 2.9999999772652313 16.754636899929125
      vertex 2.4 9.383781599739175 26.02111937392756
      vertex 2.4 9.320563454609951 26.164793537818802
    endloop
  endfacet
  facet normal 1 0 0
    outer loop
      vertex 2.4 2.9999999772652313 16.754636899929125
      vertex 2.4 9.320563454609951 26.164793537818802
      vertex 2.4 9.276639391009121 26.31549017308388
    endloop
  endfacet
  facet normal 1 0 0
    outer loop
      vertex 2.4 2.9999999772652313 16.754636899929125
      vertex 2.4 9.276639391009121 26.31549017308388
      vertex 2.4 9.252760961842947 26.470630818512415
    endloop
  endfacet
  facet normal 1 0 0
    outer loop
      vertex 2.4 2.9999999772652313 16.754636899929125
      vertex 2.4 9.252760961842947 26.470630818512415
      vertex 2.4 9.249336733654811 26.627560974648006
    endloop
  endfacet
  facet normal 1 0 0
    outer loop
      vertex 2.4 2.9999999772652313 16.754636899929125
      vertex 2.4 9.465212146406252 25.88692598618835
      vertex 2.4 9.383781599739175 26.02111937392756
    endloop
  endfacet
  facet normal 1 0 0
    outer loop
      vertex 2.4 2.9999999772652313 16.754636899929125
      vertex 2.4 9.563461795380892 25.76450946067081
      vertex 2.4 9.465212146406252 25.88692598618835
    endloop
  endfacet
  facet normal 1 0 0
    outer loop
      vertex 2.4 2.9999999772652313 16.754636899929125
      vertex 2.4 9.676849467929195 25.655964378066827
      vertex 2.4 9.563461795380892 25.76450946067081
    endloop
  endfacet
  facet normal 1 0 0
    outer loop
      vertex 2.4 2.9999999772652313 16.754636899929125
      vertex 2.4 9.803435069536853 25.56314797483414
      vertex 2.4 9.676849467929195 25.655964378066827
    endloop
  endfacet
  facet normal 1 0 0
    outer loop
      vertex 2.4 2.9999999772652313 16.754636899929125
      vertex 2.4 10.239816786352726 25.393448406194953
      vertex 2.4 10.087347640147915 25.43075736891173
    endloop
  endfacet
  facet normal 1 0 0
    outer loop
      vertex 2.4 2.9999999772652313 16.754636899929125
      vertex 2.4 9.941052685464202 25.487648365365622
      vertex 2.4 9.803435069536853 25.56314797483414
    endloop
  endfacet
  facet normal 1 0 0
    outer loop
      vertex 2.4 2.9999999772652313 16.754636899929125
      vertex 2.4 10.087347640147915 25.43075736891173
      vertex 2.4 9.941052685464202 25.487648365365622
    endloop
  endfacet
  facet normal 1 0 0
    outer loop
      vertex 2.4 2.9999999772652313 16.754636899929125
      vertex 2.4 9.249336733654811 26.627560974648006
      vertex 2.4 9.266425295938392 26.783595523009918
    endloop
  endfacet
  facet normal 1 0 0
    outer loop
      vertex 2.4 2.9999999772652313 16.754636899929125
      vertex 2.4 9.266425295938392 26.783595523009918
      vertex 2.4 9.30373425865517 26.93606466921473
    endloop
  endfacet
  facet normal 1 0 0
    outer loop
      vertex 2.4 2.9999999772652313 16.754636899929125
      vertex 2.4 9.30373425865517 26.93606466921473
      vertex 2.4 9.360625255109062 27.08235962389844
    endloop
  endfacet
  facet normal 1 0 0
    outer loop
      vertex 2.4 2.9999999772652313 16.754636899929125
      vertex 2.4 9.360625255109062 27.08235962389844
      vertex 2.4 9.436124864577579 27.21997723982579
    endloop
  endfacet
  facet normal 1 0 0
    outer loop
      vertex 2.4 2.9999999772652313 16.754636899929125
      vertex 2.4 9.436124864577579 27.21997723982579
      vertex 2.4 13.149560440495534 35.183465531248245
    endloop
  endfacet
  facet normal 1 0 0
    outer loop
      vertex 2.4 2.9999999772652313 16.754636899929125
      vertex 2.4 13.359855285886512 6.791076787149855
      vertex 2.4 10.239816786352726 25.393448406194953
    endloop
  endfacet
  facet normal 1 0 0
    outer loop
      vertex 2.4 10.239816786352726 25.393448406194953
      vertex 2.4 13.359855285886512 6.791076787149855
      vertex 2.4 10.395851334714639 25.376359843911374
    endloop
  endfacet
  facet normal 1 0 0
    outer loop
      vertex 2.4 10.395851334714639 25.376359843911374
      vertex 2.4 13.359855285886512 6.791076787149855
      vertex 2.4 10.552781490850231 25.37978407209951
    endloop
  endfacet
  facet normal 1 0 0
    outer loop
      vertex 2.4 10.552781490850231 25.37978407209951
      vertex 2.4 13.359855285886512 6.791076787149855
      vertex 2.4 10.707922136278766 25.403662501265682
    endloop
  endfacet
  facet normal 1 0 0
    outer loop
      vertex 2.4 10.707922136278766 25.403662501265682
      vertex 2.4 13.359855285886512 6.791076787149855
      vertex 2.4 10.858618771543844 25.447586564866512
    endloop
  endfacet
  facet normal 1 0 0
    outer loop
      vertex 2.4 10.858618771543844 25.447586564866512
      vertex 2.4 13.359855285886512 6.791076787149855
      vertex 2.4 11.002292935435081 25.510804709995735
    endloop
  endfacet
  facet normal 1 0 0
    outer loop
      vertex 2.4 11.002292935435081 25.510804709995735
      vertex 2.4 13.359855285886512 6.791076787149855
      vertex 2.4 11.136486323174298 25.592235256662814
    endloop
  endfacet
  facet normal 1 0 0
    outer loop
      vertex 2.4 11.136486323174298 25.592235256662814
      vertex 2.4 13.359855285886512 6.791076787149855
      vertex 2.4 11.258902848691834 25.690484905637454
    endloop
  endfacet
  facet normal 1 0 0
    outer loop
      vertex 2.4 11.258902848691834 25.690484905637454
      vertex 2.4 13.359855285886512 6.791076787149855
      vertex 2.4 11.367447931295816 25.803872578185754
    endloop
  endfacet
  facet normal 1 0 0
    outer loop
      vertex 2.4 11.367447931295816 25.803872578185754
      vertex 2.4 13.359855285886512 6.791076787149855
      vertex 2.4 11.460264334528505 25.930458179793412
    endloop
  endfacet
  facet normal 1 0 0
    outer loop
      vertex 2.4 11.460264334528505 25.930458179793412
      vertex 2.4 13.359855285886512 6.791076787149855
      vertex 2.4 11.53576394399702 26.068075795720762
    endloop
  endfacet
  facet normal 1 0 0
    outer loop
      vertex 2.4 11.53576394399702 26.068075795720762
      vertex 2.4 13.359855285886512 6.791076787149855
      vertex 2.4 11.592654940450915 26.214370750404477
    endloop
  endfacet
  facet normal 1 0 0
    outer loop
      vertex 2.4 2.9999999772652313 16.754636899929125
      vertex 2.4 13.149560440495534 35.183465531248245
      vertex 2.4 13.206451436949427 35.329760485931956
    endloop
  endfacet
  facet normal 1 0 0
    outer loop
      vertex 2.4 2.9999999772652313 16.754636899929125
      vertex 2.4 13.206451436949427 35.329760485931956
      vertex 2.4 13.281951046417946 35.46737810185931
    endloop
  endfacet
  facet normal 1 0 0
    outer loop
      vertex 2.4 9.436124864577579 27.21997723982579
      vertex 2.4 9.528941267810268 27.34656284143345
      vertex 2.4 13.149560440495534 35.183465531248245
    endloop
  endfacet
  facet normal 1 0 0
    outer loop
      vertex 2.4 9.528941267810268 27.34656284143345
      vertex 2.4 9.63748635041425 27.459950513981752
      vertex 2.4 13.112251477778758 35.03099638504344
    endloop
  endfacet
  facet normal 1 0 0
    outer loop
      vertex 2.4 9.63748635041425 27.459950513981752
      vertex 2.4 9.759902875931786 27.558200162956393
      vertex 2.4 13.095162915495179 34.87496183668152
    endloop
  endfacet
  facet normal 1 0 0
    outer loop
      vertex 2.4 9.759902875931786 27.558200162956393
      vertex 2.4 9.894096263671 27.639630709623468
      vertex 2.4 13.098587143683313 34.71803168054593
    endloop
  endfacet
  facet normal 1 0 0
    outer loop
      vertex 2.4 9.894096263671 27.639630709623468
      vertex 2.4 10.03777042756224 27.702848854752695
      vertex 2.4 13.122465572849487 34.562891035117396
    endloop
  endfacet
  facet normal 1 0 0
    outer loop
      vertex 2.4 10.03777042756224 27.702848854752695
      vertex 2.4 10.188467062827318 27.746772918353525
      vertex 2.4 13.166389636450319 34.41219439985232
    endloop
  endfacet
  facet normal 1 0 0
    outer loop
      vertex 2.4 10.188467062827318 27.746772918353525
      vertex 2.4 10.34360770825585 27.770651347519696
      vertex 2.4 13.22960778157954 34.26852023596108
    endloop
  endfacet
  facet normal 1 0 0
    outer loop
      vertex 2.4 10.34360770825585 27.770651347519696
      vertex 2.4 10.500537864391445 27.774075575707833
      vertex 2.4 13.311038328246616 34.13432684822186
    endloop
  endfacet
  facet normal 1 0 0
    outer loop
      vertex 2.4 10.500537864391445 27.774075575707833
      vertex 2.4 10.656572412753357 27.75698701342425
      vertex 2.4 13.40928797722126 34.011910322704324
    endloop
  endfacet
  facet normal 1 0 0
    outer loop
      vertex 2.4 10.656572412753357 27.75698701342425
      vertex 2.4 10.80904155895817 27.719678050707472
      vertex 2.4 13.522675649769559 33.90336524010034
    endloop
  endfacet
  facet normal 1 0 0
    outer loop
      vertex 2.4 10.80904155895817 27.719678050707472
      vertex 2.4 10.95533651364188 27.662787054253585
      vertex 2.4 13.64926125137722 33.81054883686765
    endloop
  endfacet
  facet normal 1 0 0
    outer loop
      vertex 2.4 10.95533651364188 27.662787054253585
      vertex 2.4 11.09295412956923 27.587287444785066
      vertex 2.4 13.786878867304567 33.735049227399145
    endloop
  endfacet
  facet normal 1 0 0
    outer loop
      vertex 2.4 11.219539731176889 27.494471041552377
      vertex 2.4 14.08564296819309 33.640849268228465
      vertex 2.4 11.09295412956923 27.587287444785066
    endloop
  endfacet
  facet normal 1 0 0
    outer loop
      vertex 2.4 11.332927403725192 27.385925958948395
      vertex 2.4 14.08564296819309 33.640849268228465
      vertex 2.4 11.219539731176889 27.494471041552377
    endloop
  endfacet
  facet normal 1 0 0
    outer loop
      vertex 2.4 11.512607599366907 27.129316045691645
      vertex 2.4 14.08564296819309 33.640849268228465
      vertex 2.4 11.431177052699832 27.26350943343086
    endloop
  endfacet
  facet normal 1 0 0
    outer loop
      vertex 2.4 11.332927403725192 27.385925958948395
      vertex 2.4 11.431177052699832 27.26350943343086
      vertex 2.4 14.08564296819309 33.640849268228465
    endloop
  endfacet
  facet normal 1 0 0
    outer loop
      vertex 2.4 11.592654940450915 26.214370750404477
      vertex 2.4 14.08564296819309 33.640849268228465
      vertex 2.4 11.62996390316769 26.366839896609285
    endloop
  endfacet
  facet normal 1 0 0
    outer loop
      vertex 2.4 11.62996390316769 26.366839896609285
      vertex 2.4 14.08564296819309 33.640849268228465
      vertex 2.4 11.64705246545127 26.5228744449712
    endloop
  endfacet
  facet normal 1 0 0
    outer loop
      vertex 2.4 11.64705246545127 26.5228744449712
      vertex 2.4 14.08564296819309 33.640849268228465
      vertex 2.4 11.643628237263135 26.679804601106795
    endloop
  endfacet
  facet normal 1 0 0
    outer loop
      vertex 2.4 11.643628237263135 26.679804601106795
      vertex 2.4 14.08564296819309 33.640849268228465
      vertex 2.4 11.61974980809696 26.834945246535327
    endloop
  endfacet
  facet normal 1 0 0
    outer loop
      vertex 2.4 11.61974980809696 26.834945246535327
      vertex 2.4 14.08564296819309 33.640849268228465
      vertex 2.4 11.575825744496132 26.985641881800404
    endloop
  endfacet
  facet normal 1 0 0
    outer loop
      vertex 2.4 11.575825744496132 26.985641881800404
      vertex 2.4 14.08564296819309 33.640849268228465
      vertex 2.4 11.512607599366907 27.129316045691645
    endloop
  endfacet
  facet normal 1 0 0
    outer loop
      vertex 2.4 2.9999999772652313 16.754636899929125
      vertex 2.4 13.281951046417946 35.46737810185931
      vertex 2.4 17.07991027468404 43.61212795068909
    endloop
  endfacet
  facet normal 1 0 0
    outer loop
      vertex 2.4 9.63748635041425 27.459950513981752
      vertex 2.4 13.095162915495179 34.87496183668152
      vertex 2.4 13.112251477778758 35.03099638504344
    endloop
  endfacet
  facet normal 1 0 0
    outer loop
      vertex 2.4 9.759902875931786 27.558200162956393
      vertex 2.4 13.098587143683313 34.71803168054593
      vertex 2.4 13.095162915495179 34.87496183668152
    endloop
  endfacet
  facet normal 1 0 0
    outer loop
      vertex 2.4 9.894096263671 27.639630709623468
      vertex 2.4 13.122465572849487 34.562891035117396
      vertex 2.4 13.098587143683313 34.71803168054593
    endloop
  endfacet
  facet normal 1 0 0
    outer loop
      vertex 2.4 10.34360770825585 27.770651347519696
      vertex 2.4 13.311038328246616 34.13432684822186
      vertex 2.4 13.22960778157954 34.26852023596108
    endloop
  endfacet
  facet normal 1 0 0
    outer loop
      vertex 2.4 10.03777042756224 27.702848854752695
      vertex 2.4 13.166389636450319 34.41219439985232
      vertex 2.4 13.122465572849487 34.562891035117396
    endloop
  endfacet
  facet normal 1 0 0
    outer loop
      vertex 2.4 10.188467062827318 27.746772918353525
      vertex 2.4 13.22960778157954 34.26852023596108
      vertex 2.4 13.166389636450319 34.41219439985232
    endloop
  endfacet
  facet normal 1 0 0
    outer loop
      vertex 2.4 9.528941267810268 27.34656284143345
      vertex 2.4 13.112251477778758 35.03099638504344
      vertex 2.4 13.149560440495534 35.183465531248245
    endloop
  endfacet
  facet normal 1 0 0
    outer loop
      vertex 2.4 10.500537864391445 27.774075575707833
      vertex 2.4 13.40928797722126 34.011910322704324
      vertex 2.4 13.311038328246616 34.13432684822186
    endloop
  endfacet
  facet normal 1 0 0
    outer loop
      vertex 2.4 10.656572412753357 27.75698701342425
      vertex 2.4 13.522675649769559 33.90336524010034
      vertex 2.4 13.40928797722126 34.011910322704324
    endloop
  endfacet
  facet normal 1 0 0
    outer loop
      vertex 2.4 10.80904155895817 27.719678050707472
      vertex 2.4 13.64926125137722 33.81054883686765
      vertex 2.4 13.522675649769559 33.90336524010034
    endloop
  endfacet
  facet normal 1 0 0
    outer loop
      vertex 2.4 10.95533651364188 27.662787054253585
      vertex 2.4 13.786878867304567 33.735049227399145
      vertex 2.4 13.64926125137722 33.81054883686765
    endloop
  endfacet
  facet normal -2.0971913167603589e-16 0.9063077871531268 -0.42261826149091397
    outer loop
      vertex 2.4 2.9999999772652313 16.754636899929125
      vertex 2.4 21.94411712884903 57.38042726367712
      vertex 6.935000002980228 5.260252003345194 21.601763015441154
    endloop
  endfacet
  facet normal 1 0 0
    outer loop
      vertex 2.4 11.592654940450915 26.214370750404477
      vertex 2.4 13.359855285886512 6.791076787149855
      vertex 2.4 14.08564296819309 33.640849268228465
    endloop
  endfacet
  facet normal 1 0 0
    outer loop
      vertex 2.4 14.08564296819309 33.640849268228465
      vertex 2.4 13.359855285886512 6.791076787149855
      vertex 2.4 14.241677516555004 33.62376070594489
    endloop
  endfacet
  facet normal 1 0 0
    outer loop
      vertex 2.4 14.241677516555004 33.62376070594489
      vertex 2.4 13.359855285886512 6.791076787149855
      vertex 2.4 14.398607672690597 33.62718493413303
    endloop
  endfacet
  facet normal 1 0 0
    outer loop
      vertex 2.4 14.398607672690597 33.62718493413303
      vertex 2.4 13.359855285886512 6.791076787149855
      vertex 2.4 14.553748318119132 33.6510633632992
    endloop
  endfacet
  facet normal 1 0 0
    outer loop
      vertex 2.4 14.553748318119132 33.6510633632992
      vertex 2.4 13.359855285886512 6.791076787149855
      vertex 2.4 14.704444953384211 33.69498742690003
    endloop
  endfacet
  facet normal 1 0 0
    outer loop
      vertex 2.4 14.704444953384211 33.69498742690003
      vertex 2.4 13.359855285886512 6.791076787149855
      vertex 2.4 14.848119117275449 33.758205572029254
    endloop
  endfacet
  facet normal 1 0 0
    outer loop
      vertex 2.4 14.848119117275449 33.758205572029254
      vertex 2.4 13.359855285886512 6.791076787149855
      vertex 2.4 14.982312505014663 33.839636118696326
    endloop
  endfacet
  facet normal 1 0 0
    outer loop
      vertex 2.4 14.982312505014663 33.839636118696326
      vertex 2.4 13.359855285886512 6.791076787149855
      vertex 2.4 15.1047290305322 33.93788576767097
    endloop
  endfacet
  facet normal 1 0 0
    outer loop
      vertex 2.4 15.1047290305322 33.93788576767097
      vertex 2.4 13.359855285886512 6.791076787149855
      vertex 2.4 15.213274113136181 34.051273440219276
    endloop
  endfacet
  facet normal 1 0 0
    outer loop
      vertex 2.4 15.213274113136181 34.051273440219276
      vertex 2.4 13.359855285886512 6.791076787149855
      vertex 2.4 15.306090516368869 34.17785904182693
    endloop
  endfacet
  facet normal 1 0 0
    outer loop
      vertex 2.4 15.306090516368869 34.17785904182693
      vertex 2.4 13.359855285886512 6.791076787149855
      vertex 2.4 15.381590125837388 34.315476657754274
    endloop
  endfacet
  facet normal 1 0 0
    outer loop
      vertex 2.4 15.381590125837388 34.315476657754274
      vertex 2.4 13.359855285886512 6.791076787149855
      vertex 2.4 15.43848112229128 34.46177161243799
    endloop
  endfacet
  facet normal 1 0 0
    outer loop
      vertex 2.4 11.09295412956923 27.587287444785066
      vertex 2.4 14.08564296819309 33.640849268228465
      vertex 2.4 13.93317382198828 33.67815823094524
    endloop
  endfacet
  facet normal 1 0 0
    outer loop
      vertex 2.4 11.09295412956923 27.587287444785066
      vertex 2.4 13.93317382198828 33.67815823094524
      vertex 2.4 13.786878867304567 33.735049227399145
    endloop
  endfacet
  facet normal 1 0 0
    outer loop
      vertex 2.4 15.43848112229128 34.46177161243799
      vertex 2.4 13.359855285886512 6.791076787149855
      vertex 2.4 17.717228701493074 42.163711646839985
    endloop
  endfacet
  facet normal 1 0 0
    outer loop
      vertex 2.4 17.717228701493074 42.163711646839985
      vertex 2.4 13.359855285886512 6.791076787149855
      vertex 2.4 17.86352365617679 42.1068206503861
    endloop
  endfacet
  facet normal 1 0 0
    outer loop
      vertex 2.4 18.015992802381597 42.06951168766932
      vertex 2.4 17.86352365617679 42.1068206503861
      vertex 2.4 13.359855285886512 6.791076787149855
    endloop
  endfacet
  facet normal 0 1 0
    outer loop
      vertex 3 2.399999998509884 15.44576333463192
      vertex 44.600000001490116 2.399999998509884 15.44576333463192
      vertex 3 2.399999998509884 11.90174123992413
    endloop
  endfacet
  facet normal 0 0.9997620108577783 -0.021815628471616905
    outer loop
      vertex 2.998547816568472 2.4000951796770096 15.450125277042389
      vertex 44.60145218492165 2.4000951796770096 15.450125277042389
      vertex 3 2.399999998509884 15.44576333463192
    endloop
  endfacet
  facet normal 0 0.9320078462395066 -0.3624380975394228
    outer loop
      vertex 2.9216842874884605 2.405133083462715 15.477131946408653
      vertex 2.9003877735187684 2.409369222819805 15.488025158643723
      vertex 44.69961222797135 2.409369222819805 15.488025158643723
    endloop
  endfacet
  facet normal -1.889556337549085e-17 0.9320078462395311 -0.3624380975393599
    outer loop
      vertex 2.9216842874884605 2.405133083462715 15.477131946408653
      vertex 44.69961222797135 2.409369222819805 15.488025158643723
      vertex 2.9293856908141787 2.4046283066272736 15.475833915174007
    endloop
  endfacet
  facet normal 0 0.9713420433123902 -0.23768600062626874
    outer loop
      vertex 2.9293856908141787 2.4046283066272736 15.475833915174007
      vertex 44.67061431067594 2.4046283066272736 15.475833915174007
      vertex 2.97682110630351 2.401519224047661 15.46312814950943
    endloop
  endfacet
  facet normal 0 0.9940563528456503 -0.1088667413272024
    outer loop
      vertex 2.998547816568472 2.4000951796770096 15.450125277042389
      vertex 2.97682110630351 2.401519224047661 15.46312814950943
      vertex 44.623178895186605 2.401519224047661 15.46312814950943
    endloop
  endfacet
  facet normal 0 0.9063077871531307 -0.4226182614909057
    outer loop
      vertex 2.8447085693478584 2.420444503426552 15.511776174568567
      vertex 44.75529143214226 2.420444503426552 15.511776174568567
      vertex 2.9003877735187684 2.409369222819805 15.488025158643723
    endloop
  endfacet
  facet normal 0 0.9063077871531243 -0.42261826149091947
    outer loop
      vertex 2.770389936864376 2.445672281086445 15.565877318388212
      vertex 44.82961006462574 2.445672281086445 15.565877318388212
      vertex 2.8447085693478584 2.420444503426552 15.511776174568567
    endloop
  endfacet
  facet normal 0 0.9063077871531275 -0.42261826149091236
    outer loop
      vertex 2.7000000029802322 2.480384759604931 15.64031846885271
      vertex 44.899999998509884 2.480384759604931 15.64031846885271
      vertex 2.770389936864376 2.445672281086445 15.565877318388212
    endloop
  endfacet
  facet normal 2.3153909079729622e-17 0.9063077871531267 -0.4226182614909143
    outer loop
      vertex 2.7000000029802322 2.480384759604931 15.64031846885271
      vertex 11.234999999999996 3.4429934801937634 17.704639533383716
      vertex 45.199999999999996 2.999999954530395 16.754636851174112
    endloop
  endfacet
  facet normal 1 0 0
    outer loop
      vertex 2.4 2.9999999772652313 16.754636899929125
      vertex 2.4 17.07991027468404 43.61212795068909
      vertex 2.4 17.136801271137934 43.7584229053728
    endloop
  endfacet
  facet normal 1 0 0
    outer loop
      vertex 2.4 13.281951046417946 35.46737810185931
      vertex 2.4 13.374767449650633 35.59396370346697
      vertex 2.4 17.07991027468404 43.61212795068909
    endloop
  endfacet
  facet normal 1 0 0
    outer loop
      vertex 2.4 13.374767449650633 35.59396370346697
      vertex 2.4 13.483312532254613 35.70735137601527
      vertex 2.4 17.04260131196726 43.45965880448428
    endloop
  endfacet
  facet normal 1 0 0
    outer loop
      vertex 2.4 13.483312532254613 35.70735137601527
      vertex 2.4 13.605729057772152 35.80560102498991
      vertex 2.4 17.025512749683685 43.30362425612237
    endloop
  endfacet
  facet normal 1 0 0
    outer loop
      vertex 2.4 13.605729057772152 35.80560102498991
      vertex 2.4 13.739922445511366 35.88703157165698
      vertex 2.4 17.028936977871815 43.146694099986775
    endloop
  endfacet
  facet normal 1 0 0
    outer loop
      vertex 2.4 13.739922445511366 35.88703157165698
      vertex 2.4 13.883596609402604 35.9502497167862
      vertex 2.4 17.05281540703799 42.99155345455824
    endloop
  endfacet
  facet normal 1 0 0
    outer loop
      vertex 2.4 13.883596609402604 35.9502497167862
      vertex 2.4 14.034293244667683 35.99417378038704
      vertex 2.4 17.096739470638823 42.840856819293165
    endloop
  endfacet
  facet normal 1 0 0
    outer loop
      vertex 2.4 2.9999999772652313 16.754636899929125
      vertex 2.4 17.136801271137934 43.7584229053728
      vertex 2.4 21.94411712884903 57.38042726367712
    endloop
  endfacet
  facet normal 1 0 0
    outer loop
      vertex 2.4 14.034293244667683 35.99417378038704
      vertex 2.4 14.189433890096218 36.01805220955322
      vertex 2.4 17.096739470638823 42.840856819293165
    endloop
  endfacet
  facet normal 1 0 0
    outer loop
      vertex 2.4 14.654867740798535 35.96707891274099
      vertex 2.4 17.096739470638823 42.840856819293165
      vertex 2.4 14.502398594593723 36.004387875457766
    endloop
  endfacet
  facet normal 1 0 0
    outer loop
      vertex 2.4 14.654867740798535 35.96707891274099
      vertex 2.4 14.801162695482246 35.9101879162871
      vertex 2.4 17.096739470638823 42.840856819293165
    endloop
  endfacet
  facet normal 1 0 0
    outer loop
      vertex 2.4 14.801162695482246 35.9101879162871
      vertex 2.4 14.938780311409596 35.83468830681858
      vertex 2.4 17.096739470638823 42.840856819293165
    endloop
  endfacet
  facet normal 1 0 0
    outer loop
      vertex 2.4 15.277003234540198 35.51091029546437
      vertex 2.4 17.579611085565723 42.23921125630851
      vertex 2.4 15.178753585565554 35.63332682098191
    endloop
  endfacet
  facet normal 1 0 0
    outer loop
      vertex 2.4 15.358433781207273 35.376716907725154
      vertex 2.4 17.579611085565723 42.23921125630851
      vertex 2.4 15.277003234540198 35.51091029546437
    endloop
  endfacet
  facet normal 1 0 0
    outer loop
      vertex 2.4 14.938780311409596 35.83468830681858
      vertex 2.4 15.065365913017255 35.74187190358589
      vertex 2.4 17.579611085565723 42.23921125630851
    endloop
  endfacet
  facet normal 1 0 0
    outer loop
      vertex 2.4 15.178753585565554 35.63332682098191
      vertex 2.4 17.579611085565723 42.23921125630851
      vertex 2.4 15.065365913017255 35.74187190358589
    endloop
  endfacet
  facet normal 1 0 0
    outer loop
      vertex 2.4 14.189433890096218 36.01805220955322
      vertex 2.4 14.346364046231809 36.02147643774134
      vertex 2.4 17.096739470638823 42.840856819293165
    endloop
  endfacet
  facet normal 1 0 0
    outer loop
      vertex 2.4 14.346364046231809 36.02147643774134
      vertex 2.4 14.502398594593723 36.004387875457766
      vertex 2.4 17.096739470638823 42.840856819293165
    endloop
  endfacet
  facet normal 1 0 0
    outer loop
      vertex 2.4 15.43848112229128 34.46177161243799
      vertex 2.4 17.717228701493074 42.163711646839985
      vertex 2.4 15.475790085008056 34.6142407586428
    endloop
  endfacet
  facet normal 1 0 0
    outer loop
      vertex 2.4 15.475790085008056 34.6142407586428
      vertex 2.4 17.717228701493074 42.163711646839985
      vertex 2.4 15.492878647291636 34.77027530700472
    endloop
  endfacet
  facet normal 1 0 0
    outer loop
      vertex 2.4 15.4894544191035 34.92720546314031
      vertex 2.4 17.579611085565723 42.23921125630851
      vertex 2.4 15.465575989937326 35.08234610856884
    endloop
  endfacet
  facet normal 1 0 0
    outer loop
      vertex 2.4 15.492878647291636 34.77027530700472
      vertex 2.4 17.579611085565723 42.23921125630851
      vertex 2.4 15.4894544191035 34.92720546314031
    endloop
  endfacet
  facet normal 1 0 0
    outer loop
      vertex 2.4 15.465575989937326 35.08234610856884
      vertex 2.4 17.579611085565723 42.23921125630851
      vertex 2.4 15.421651926336496 35.23304274383392
    endloop
  endfacet
  facet normal 1 0 0
    outer loop
      vertex 2.4 15.358433781207273 35.376716907725154
      vertex 2.4 15.421651926336496 35.23304274383392
      vertex 2.4 17.579611085565723 42.23921125630851
    endloop
  endfacet
  facet normal 1 0 0
    outer loop
      vertex 2.4 15.492878647291636 34.77027530700472
      vertex 2.4 17.717228701493074 42.163711646839985
      vertex 2.4 17.579611085565723 42.23921125630851
    endloop
  endfacet
  facet normal 1 0 0
    outer loop
      vertex 2.4 13.605729057772152 35.80560102498991
      vertex 2.4 17.028936977871815 43.146694099986775
      vertex 2.4 17.025512749683685 43.30362425612237
    endloop
  endfacet
  facet normal 1 0 0
    outer loop
      vertex 2.4 13.739922445511366 35.88703157165698
      vertex 2.4 17.05281540703799 42.99155345455824
      vertex 2.4 17.028936977871815 43.146694099986775
    endloop
  endfacet
  facet normal 1 0 0
    outer loop
      vertex 2.4 13.883596609402604 35.9502497167862
      vertex 2.4 17.096739470638823 42.840856819293165
      vertex 2.4 17.05281540703799 42.99155345455824
    endloop
  endfacet
  facet normal 1 0 0
    outer loop
      vertex 2.4 13.374767449650633 35.59396370346697
      vertex 2.4 17.04260131196726 43.45965880448428
      vertex 2.4 17.07991027468404 43.61212795068909
    endloop
  endfacet
  facet normal 1 0 0
    outer loop
      vertex 2.4 13.483312532254613 35.70735137601527
      vertex 2.4 17.025512749683685 43.30362425612237
      vertex 2.4 17.04260131196726 43.45965880448428
    endloop
  endfacet
  facet normal 1 0 0
    outer loop
      vertex 2.4 14.938780311409596 35.83468830681858
      vertex 2.4 17.339637811409766 42.44057274214517
      vertex 2.4 17.241388162435122 42.56298926766271
    endloop
  endfacet
  facet normal 1 0 0
    outer loop
      vertex 2.4 14.938780311409596 35.83468830681858
      vertex 2.4 17.453025483958065 42.3320276595412
      vertex 2.4 17.339637811409766 42.44057274214517
    endloop
  endfacet
  facet normal 1 0 0
    outer loop
      vertex 2.4 14.938780311409596 35.83468830681858
      vertex 2.4 17.159957615768043 42.69718265540192
      vertex 2.4 17.096739470638823 42.840856819293165
    endloop
  endfacet
  facet normal 1 0 0
    outer loop
      vertex 2.4 14.938780311409596 35.83468830681858
      vertex 2.4 17.241388162435122 42.56298926766271
      vertex 2.4 17.159957615768043 42.69718265540192
    endloop
  endfacet
  facet normal 1 0 0
    outer loop
      vertex 2.4 14.938780311409596 35.83468830681858
      vertex 2.4 17.579611085565723 42.23921125630851
      vertex 2.4 17.453025483958065 42.3320276595412
    endloop
  endfacet
  facet normal -7.566786125533426e-16 0.9063077871531268 -0.4226182614909141
    outer loop
      vertex 6.935000002980228 5.260252003345194 21.601763015441154
      vertex 2.4 21.94411712884903 57.38042726367712
      vertex 6.935000002980228 19.261595007672728 51.62774000625515
    endloop
  endfacet
  facet normal 1 0 0
    outer loop
      vertex 2.4 18.015992802381597 42.06951168766932
      vertex 2.4 13.359855285886512 6.791076787149855
      vertex 2.4 28.778792903328167 39.85709521465865
    endloop
  endfacet
  facet normal 1 0 0
    outer loop
      vertex 2.4 18.015992802381597 42.06951168766932
      vertex 2.4 28.778792903328167 39.85709521465865
      vertex 2.4 18.172027350743512 42.05242312538574
    endloop
  endfacet
  facet normal 1 0 0
    outer loop
      vertex 2.4 18.172027350743512 42.05242312538574
      vertex 2.4 28.778792903328167 39.85709521465865
      vertex 2.4 18.3289575068791 42.05584735357387
    endloop
  endfacet
  facet normal 1 0 0
    outer loop
      vertex 2.4 18.3289575068791 42.05584735357387
      vertex 2.4 28.778792903328167 39.85709521465865
      vertex 2.4 18.484098152307638 42.07972578274004
    endloop
  endfacet
  facet normal 1 0 0
    outer loop
      vertex 2.4 18.484098152307638 42.07972578274004
      vertex 2.4 28.778792903328167 39.85709521465865
      vertex 2.4 18.634794787572716 42.123649846340875
    endloop
  endfacet
  facet normal 1 0 0
    outer loop
      vertex 2.4 18.634794787572716 42.123649846340875
      vertex 2.4 28.778792903328167 39.85709521465865
      vertex 2.4 18.778468951463957 42.1868679914701
    endloop
  endfacet
  facet normal 1 0 0
    outer loop
      vertex 2.4 18.778468951463957 42.1868679914701
      vertex 2.4 28.778792903328167 39.85709521465865
      vertex 2.4 18.912662339203166 42.268298538137174
    endloop
  endfacet
  facet normal 1 0 0
    outer loop
      vertex 2.4 18.912662339203166 42.268298538137174
      vertex 2.4 28.778792903328167 39.85709521465865
      vertex 2.4 19.035078864720703 42.36654818711182
    endloop
  endfacet
  facet normal 1 0 0
    outer loop
      vertex 2.4 19.035078864720703 42.36654818711182
      vertex 2.4 28.778792903328167 39.85709521465865
      vertex 2.4 19.143623947324684 42.47993585966012
    endloop
  endfacet
  facet normal 1 0 0
    outer loop
      vertex 2.4 19.143623947324684 42.47993585966012
      vertex 2.4 28.778792903328167 39.85709521465865
      vertex 2.4 19.236440350557373 42.606521461267775
    endloop
  endfacet
  facet normal 1 0 0
    outer loop
      vertex 2.4 19.236440350557373 42.606521461267775
      vertex 2.4 28.778792903328167 39.85709521465865
      vertex 2.4 19.311939960025896 42.74413907719512
    endloop
  endfacet
  facet normal 1 0 0
    outer loop
      vertex 2.4 19.311939960025896 42.74413907719512
      vertex 2.4 28.778792903328167 39.85709521465865
      vertex 2.4 19.368830956479783 42.89043403187884
    endloop
  endfacet
  facet normal 1 0 0
    outer loop
      vertex 2.4 19.368830956479783 42.89043403187884
      vertex 2.4 28.778792903328167 39.85709521465865
      vertex 2.4 19.406139919196562 43.04290317808365
    endloop
  endfacet
  facet normal 1 0 0
    outer loop
      vertex 2.4 19.406139919196562 43.04290317808365
      vertex 2.4 28.778792903328167 39.85709521465865
      vertex 2.4 19.423228481480145 43.198937726445564
    endloop
  endfacet
  facet normal 1 0 0
    outer loop
      vertex 2.4 19.423228481480145 43.198937726445564
      vertex 2.4 28.778792903328167 39.85709521465865
      vertex 2.4 19.419804253292007 43.35586788258115
    endloop
  endfacet
  facet normal 1 0 0
    outer loop
      vertex 2.4 19.419804253292007 43.35586788258115
      vertex 2.4 28.778792903328167 39.85709521465865
      vertex 2.4 19.395925824125833 43.51100852800968
    endloop
  endfacet
  facet normal 1 0 0
    outer loop
      vertex 2.4 19.352001760525006 43.66170516327476
      vertex 2.4 19.395925824125833 43.51100852800968
      vertex 2.4 28.778792903328167 39.85709521465865
    endloop
  endfacet
  facet normal 1 0 0
    outer loop
      vertex 2.4 18.8691301455981 44.263350726259425
      vertex 2.4 28.778792903328167 39.85709521465865
      vertex 2.4 18.731512529670752 44.33885033572794
    endloop
  endfacet
  facet normal 1 0 0
    outer loop
      vertex 2.4 18.995715747205757 44.170534323026736
      vertex 2.4 28.778792903328167 39.85709521465865
      vertex 2.4 18.8691301455981 44.263350726259425
    endloop
  endfacet
  facet normal 1 0 0
    outer loop
      vertex 2.4 18.995715747205757 44.170534323026736
      vertex 2.4 19.109103419754064 44.06198924042276
      vertex 2.4 28.778792903328167 39.85709521465865
    endloop
  endfacet
  facet normal 1 0 0
    outer loop
      vertex 2.4 19.2073530687287 43.939572714905225
      vertex 2.4 28.778792903328167 39.85709521465865
      vertex 2.4 19.109103419754064 44.06198924042276
    endloop
  endfacet
  facet normal 1 0 0
    outer loop
      vertex 2.4 19.2073530687287 43.939572714905225
      vertex 2.4 19.28878361539578 43.80537932716601
      vertex 2.4 28.778792903328167 39.85709521465865
    endloop
  endfacet
  facet normal 1 0 0
    outer loop
      vertex 2.4 19.352001760525006 43.66170516327476
      vertex 2.4 28.778792903328167 39.85709521465865
      vertex 2.4 19.28878361539578 43.80537932716601
    endloop
  endfacet
  facet normal 1 0 0
    outer loop
      vertex 2.4 17.136801271137934 43.7584229053728
      vertex 2.4 17.21230088060645 43.89604052130015
      vertex 2.4 21.94411712884903 57.38042726367712
    endloop
  endfacet
  facet normal 1 0 0
    outer loop
      vertex 2.4 17.21230088060645 43.89604052130015
      vertex 2.4 17.305117283839138 44.02262612290781
      vertex 2.4 21.94411712884903 57.38042726367712
    endloop
  endfacet
  facet normal 1 0 0
    outer loop
      vertex 2.4 17.305117283839138 44.02262612290781
      vertex 2.4 17.41366236644312 44.13601379545611
      vertex 2.4 21.94411712884903 57.38042726367712
    endloop
  endfacet
  facet normal 1 0 0
    outer loop
      vertex 2.4 17.41366236644312 44.13601379545611
      vertex 2.4 17.536078891960656 44.23426344443075
      vertex 2.4 21.94411712884903 57.38042726367712
    endloop
  endfacet
  facet normal 1 0 0
    outer loop
      vertex 2.4 17.536078891960656 44.23426344443075
      vertex 2.4 17.670272279699873 44.31569399109783
      vertex 2.4 21.94411712884903 57.38042726367712
    endloop
  endfacet
  facet normal 1 0 0
    outer loop
      vertex 2.4 17.670272279699873 44.31569399109783
      vertex 2.4 17.81394644359111 44.37891213622705
      vertex 2.4 21.94411712884903 57.38042726367712
    endloop
  endfacet
  facet normal 1 0 0
    outer loop
      vertex 2.4 17.81394644359111 44.37891213622705
      vertex 2.4 17.964643078856188 44.422836199827884
      vertex 2.4 21.94411712884903 57.38042726367712
    endloop
  endfacet
  facet normal 1 0 0
    outer loop
      vertex 2.4 17.964643078856188 44.422836199827884
      vertex 2.4 18.119783724284723 44.44671462899406
      vertex 2.4 21.94411712884903 57.38042726367712
    endloop
  endfacet
  facet normal 1 0 0
    outer loop
      vertex 2.4 18.119783724284723 44.44671462899406
      vertex 2.4 18.276713880420317 44.450138857182196
      vertex 2.4 21.94411712884903 57.38042726367712
    endloop
  endfacet
  facet normal 1 0 0
    outer loop
      vertex 2.4 18.276713880420317 44.450138857182196
      vertex 2.4 18.432748428782233 44.433050294898614
      vertex 2.4 21.945639558136463 57.38354939222336
    endloop
  endfacet
  facet normal 1 0 0
    outer loop
      vertex 2.4 18.58521757498704 44.395741332181835
      vertex 2.4 22.091374561190605 57.42058765888214
      vertex 2.4 18.432748428782233 44.433050294898614
    endloop
  endfacet
  facet normal 1 0 0
    outer loop
      vertex 2.4 18.58521757498704 44.395741332181835
      vertex 2.4 18.731512529670752 44.33885033572794
      vertex 2.4 22.091374561190605 57.42058765888214
    endloop
  endfacet
  facet normal 1 0 0
    outer loop
      vertex 2.4 18.276713880420317 44.450138857182196
      vertex 2.4 21.945639558136463 57.38354939222336
      vertex 2.4 21.94411712884903 57.38042726367712
    endloop
  endfacet
  facet normal 1 0 0
    outer loop
      vertex 2.4 18.432748428782233 44.433050294898614
      vertex 2.4 22.091374561190605 57.42058765888214
      vertex 2.4 21.945639558136463 57.38354939222336
    endloop
  endfacet
  facet normal 3.3560455938867967e-15 0.9063077871531279 -0.42261826149091186
    outer loop
      vertex 6.935000002980228 19.261595007672728 51.62774000625515
      vertex 2.4 21.94411712884903 57.38042726367712
      vertex 6.971787095665928 19.498794844571957 52.136416698395315
    endloop
  endfacet
  facet normal 1.3363508262612878e-15 0.9063077871531271 -0.4226182614909131
    outer loop
      vertex 6.971787095665928 19.498794844571957 52.136416698395315
      vertex 2.4 21.94411712884903 57.38042726367712
      vertex 7.081518948674198 19.731936123519716 52.636389784914996
    endloop
  endfacet
  facet normal -1.4201177138114715e-15 0.9063077871531263 -0.4226182614909154
    outer loop
      vertex 7.081518948674198 19.731936123519716 52.636389784914996
      vertex 2.4 21.94411712884903 57.38042726367712
      vertex 7.2623180082440335 19.957029738574587 53.11910460051002
    endloop
  endfacet
  facet normal 2.5743996668743665e-15 0.9063077871531279 -0.42261826149091175
    outer loop
      vertex 7.2623180082440335 19.957029738574587 53.11910460051002
      vertex 2.4 21.94411712884903 57.38042726367712
      vertex 7.511090763509269 20.17022426924844 53.57630174728387
    endloop
  endfacet
  facet normal -2.819068477331283e-15 0.9063077871531251 -0.42261826149091763
    outer loop
      vertex 7.511090763509269 20.17022426924844 53.57630174728387
      vertex 2.4 21.94411712884903 57.38042726367712
      vertex 7.823580638170238 20.367871902766158 54.00015846548994
    endloop
  endfacet
  facet normal 1 0 0
    outer loop
      vertex 2.4 18.731512529670752 44.33885033572794
      vertex 2.4 33.358997677310114 49.679376049813854
      vertex 2.4 22.091374561190605 57.42058765888214
    endloop
  endfacet
  facet normal 1 0 0
    outer loop
      vertex 2.4 21.9523256868124 57.3947920948267
      vertex 2.4 21.945639558136463 57.38354939222336
      vertex 2.4 22.091374561190605 57.42058765888214
    endloop
  endfacet
  facet normal 1 0 0
    outer loop
      vertex 2.4 21.9523256868124 57.3947920948267
      vertex 2.4 22.080131858587265 57.42727378755808
      vertex 2.4 21.960422083735466 57.40506590157747
    endloop
  endfacet
  facet normal 1 0 0
    outer loop
      vertex 2.4 21.960422083735466 57.40506590157747
      vertex 2.4 22.06811261922121 57.43243524432182
      vertex 2.4 21.96979021281004 57.41419503092766
    endloop
  endfacet
  facet normal 1 0 0
    outer loop
      vertex 2.4 21.98026978969574 57.42202326655388
      vertex 2.4 21.96979021281004 57.41419503092766
      vertex 2.4 22.05552250146866 57.43598372489214
    endloop
  endfacet
  facet normal 1 0 0
    outer loop
      vertex 2.4 21.98026978969574 57.42202326655388
      vertex 2.4 22.05552250146866 57.43598372489214
      vertex 2.4 22.042576923966408 57.43785849958658
    endloop
  endfacet
  facet normal 1 0 0
    outer loop
      vertex 2.4 21.98026978969574 57.42202326655388
      vertex 2.4 22.042576923966408 57.43785849958658
      vertex 2.4 21.99168150126934 57.428416669368744
    endloop
  endfacet
  facet normal 1 0 0
    outer loop
      vertex 2.4 22.042576923966408 57.43785849958658
      vertex 2.4 22.029497385025024 57.43802750110626
      vertex 2.4 21.99168150126934 57.428416669368744
    endloop
  endfacet
  facet normal 1 0 0
    outer loop
      vertex 2.4 22.029497385025024 57.43802750110626
      vertex 2.4 22.00383009016514 57.43326584994793
      vertex 2.4 21.99168150126934 57.428416669368744
    endloop
  endfacet
  facet normal 1 0 0
    outer loop
      vertex 2.4 22.029497385025024 57.43802750110626
      vertex 2.4 22.01650769263506 57.43648783862591
      vertex 2.4 22.00383009016514 57.43326584994793
    endloop
  endfacet
  facet normal 1 0 0
    outer loop
      vertex 2.4 21.9523256868124 57.3947920948267
      vertex 2.4 22.091374561190605 57.42058765888214
      vertex 2.4 22.080131858587265 57.42727378755808
    endloop
  endfacet
  facet normal 1 0 0
    outer loop
      vertex 2.4 21.960422083735466 57.40506590157747
      vertex 2.4 22.080131858587265 57.42727378755808
      vertex 2.4 22.06811261922121 57.43243524432182
    endloop
  endfacet
  facet normal 1 0 0
    outer loop
      vertex 2.4 21.96979021281004 57.41419503092766
      vertex 2.4 22.06811261922121 57.43243524432182
      vertex 2.4 22.05552250146866 57.43598372489214
    endloop
  endfacet
  facet normal 2.113702008203389e-15 0.9063077871531281 -0.4226182614909111
    outer loop
      vertex 7.823580638170238 20.367871902766158 54.00015846548994
      vertex 2.4 21.94411712884903 57.38042726367712
      vertex 8.194440842270847 20.546590832872496 54.38342244820483
    endloop
  endfacet
  facet normal -1.893491186395099e-15 0.9063077871531251 -0.42261826149091747
    outer loop
      vertex 8.194440842270847 20.546590832872496 54.38342244820483
      vertex 2.4 21.94411712884903 57.38042726367712
      vertex 8.617325857877727 20.703323127585662 54.71953593912641
    endloop
  endfacet
  facet normal -1.6405943537856363e-15 0.9063077871531254 -0.4226182614909171
    outer loop
      vertex 8.617325857877727 20.703323127585662 54.71953593912641
      vertex 2.4 21.94411712884903 57.38042726367712
      vertex 9.085000001490112 20.835387055148395 55.00274794593815
    endloop
  endfacet
  facet normal 2.527890080186117e-15 0.9063077871531299 -0.4226182614909074
    outer loop
      vertex 9.085000001490112 20.835387055148395 55.00274794593815
      vertex 2.4 21.94411712884903 57.38042726367712
      vertex 9.589461237788196 20.940522964484895 55.22821263126658
    endloop
  endfacet
  facet normal -5.411168541834324e-17 0.9063077871531267 -0.4226182614909144
    outer loop
      vertex 9.589461237788196 20.940522964484895 55.22821263126658
      vertex 2.4 21.94411712884903 57.38042726367712
      vertex 10.122078106403347 21.01693194871949 55.39207222686468
    endloop
  endfacet
  facet normal -1.8884582384425879e-16 0.9063077871531264 -0.4226182614909149
    outer loop
      vertex 10.122078106403347 21.01693194871949 55.39207222686468
      vertex 2.4 21.94411712884903 57.38042726367712
      vertex 10.673737370073791 21.06330663366802 55.491523059744814
    endloop
  endfacet
  facet normal 2.0923018779306756e-15 0.9063077871531302 -0.42261826149090664
    outer loop
      vertex 10.673737370073791 21.06330663366802 55.491523059744814
      vertex 2.4 21.94411712884903 57.38042726367712
      vertex 11.234999999999996 21.07885353082416 55.5248634883126
    endloop
  endfacet
  facet normal 1 0 0
    outer loop
      vertex 2.4 18.731512529670752 44.33885033572794
      vertex 2.4 28.778792903328167 39.85709521465865
      vertex 2.4 33.358997677310114 49.679376049813854
    endloop
  endfacet
  facet normal 0 0.9063077871531264 -0.4226182614909149
    outer loop
      vertex 11.234999999999996 21.07885353082416 55.5248634883126
      vertex 2.4 21.94411712884903 57.38042726367712
      vertex 36.36500000268221 21.07885353082416 55.5248634883126
    endloop
  endfacet
  facet normal 0 0.8594929497073134 -0.5111476004085528
    outer loop
      vertex 2.4 21.9523256868124 57.3947920948267
      vertex 45.199999999999996 21.9523256868124 57.3947920948267
      vertex 2.4 21.945639558136463 57.38354939222336
    endloop
  endfacet
  facet normal 0 0.898831991138367 -0.438293339792243
    outer loop
      vertex 2.4 21.94411712884903 57.38042726367712
      vertex 2.4 21.945639558136463 57.38354939222336
      vertex 45.199999999999996 21.945639558136463 57.38354939222336
    endloop
  endfacet
  facet normal 0 0.7854217068295883 -0.6189610185148142
    outer loop
      vertex 2.4 21.9523256868124 57.3947920948267
      vertex 2.4 21.960422083735466 57.40506590157747
      vertex 45.199999999999996 21.960422083735466 57.40506590157747
    endloop
  endfacet
  facet normal 0 0.697912127663575 -0.7161833997378758
    outer loop
      vertex 2.4 21.960422083735466 57.40506590157747
      vertex 2.4 21.96979021281004 57.41419503092766
      vertex 45.199999999999996 21.96979021281004 57.41419503092766
    endloop
  endfacet
  facet normal 0 0.5984602710745264 -0.8011524848275792
    outer loop
      vertex 2.4 21.98026978969574 57.42202326655388
      vertex 45.199999999999996 21.98026978969574 57.42202326655388
      vertex 2.4 21.96979021281004 57.41419503092766
    endloop
  endfacet
  facet normal 0 0.4887688947791227 -0.872413300847938
    outer loop
      vertex 2.4 21.98026978969574 57.42202326655388
      vertex 2.4 21.99168150126934 57.428416669368744
      vertex 45.199999999999996 21.99168150126934 57.428416669368744
    endloop
  endfacet
  facet normal 0 0.11770560250927273 -0.9930485341300943
    outer loop
      vertex 2.4 22.029497385025024 57.43802750110626
      vertex 45.199999999999996 22.029497385025024 57.43802750110626
      vertex 2.4 22.01650769263506 57.43648783862591
    endloop
  endfacet
  facet normal 0 0.24631759305412326 -0.9691891679914831
    outer loop
      vertex 2.4 22.01650769263506 57.43648783862591
      vertex 45.199999999999996 22.01650769263506 57.43648783862591
      vertex 2.4 22.00383009016514 57.43326584994793
    endloop
  endfacet
  facet normal 0 0.37071473113693 -0.9287467836380773
    outer loop
      vertex 2.4 22.00383009016514 57.43326584994793
      vertex 45.199999999999996 22.00383009016514 57.43326584994793
      vertex 2.4 21.99168150126934 57.428416669368744
    endloop
  endfacet
  facet normal 0 -0.012919982461103617 -0.9999165335432777
    outer loop
      vertex 2.4 22.042576923966408 57.43785849958658
      vertex 45.199999999999996 22.042576923966408 57.43785849958658
      vertex 2.4 22.029497385025024 57.43802750110626
    endloop
  endfacet
  facet normal 0 -0.1433245474214237 -0.9896757419005702
    outer loop
      vertex 2.4 22.042576923966408 57.43785849958658
      vertex 2.4 22.05552250146866 57.43598372489214
      vertex 45.199999999999996 22.05552250146866 57.43598372489214
    endloop
  endfacet
  facet normal 0 -0.27127757807458774 -0.9625011561728049
    outer loop
      vertex 2.4 22.06811261922121 57.43243524432182
      vertex 45.199999999999996 22.06811261922121 57.43243524432182
      vertex 2.4 22.05552250146866 57.43598372489214
    endloop
  endfacet
  facet normal 0 -0.5111476004085528 -0.8594929497073134
    outer loop
      vertex 2.4 22.091374561190605 57.42058765888214
      vertex 45.199999999999996 22.091374561190605 57.42058765888214
      vertex 2.4 22.080131858587265 57.42727378755808
    endloop
  endfacet
  facet normal 0 -0.39458793112919616 -0.918858185253405
    outer loop
      vertex 2.4 22.06811261922121 57.43243524432182
      vertex 2.4 22.080131858587265 57.42727378755808
      vertex 45.199999999999996 22.080131858587265 57.42727378755808
    endloop
  endfacet
  facet normal 0 -0.5662665622792119 -0.8242221669213243
    outer loop
      vertex 2.4 22.091374561190605 57.42058765888214
      vertex 2.4 33.358997677310114 49.679376049813854
      vertex 45.199999999999996 33.358997677310114 49.679376049813854
    endloop
  endfacet
  facet normal 0 1 0
    outer loop
      vertex 44.600000001490116 2.399999998509884 15.44576333463192
      vertex 44.600000001490116 2.399999998509884 11.901741239924128
      vertex 3 2.399999998509884 11.90174123992413
    endloop
  endfacet
  facet normal 0 0.9997620108577784 -0.02181562847161691
    outer loop
      vertex 3 2.399999998509884 15.44576333463192
      vertex 44.60145218492165 2.4000951796770096 15.450125277042389
      vertex 44.600000001490116 2.399999998509884 15.44576333463192
    endloop
  endfacet
  facet normal 0 0.9940563528456504 -0.1088667413272024
    outer loop
      vertex 2.998547816568472 2.4000951796770096 15.450125277042389
      vertex 44.623178895186605 2.401519224047661 15.46312814950943
      vertex 44.60145218492165 2.4000951796770096 15.450125277042389
    endloop
  endfacet
  facet normal 2.2550392615615497e-18 0.9320078462395066 -0.3624380975394228
    outer loop
      vertex 2.9293856908141787 2.4046283066272736 15.475833915174007
      vertex 44.69961222797135 2.409369222819805 15.488025158643723
      vertex 44.678315714001656 2.405133083462715 15.477131946408653
    endloop
  endfacet
  facet normal 0 0.9320078462395311 -0.3624380975393598
    outer loop
      vertex 2.9293856908141787 2.4046283066272736 15.475833915174007
      vertex 44.678315714001656 2.405133083462715 15.477131946408653
      vertex 44.67061431067594 2.4046283066272736 15.475833915174007
    endloop
  endfacet
  facet normal 0 0.9713420433123903 -0.23768600062626877
    outer loop
      vertex 2.97682110630351 2.401519224047661 15.46312814950943
      vertex 44.67061431067594 2.4046283066272736 15.475833915174007
      vertex 44.623178895186605 2.401519224047661 15.46312814950943
    endloop
  endfacet
  facet normal 0 0.9063077871531308 -0.42261826149090576
    outer loop
      vertex 2.9003877735187684 2.409369222819805 15.488025158643723
      vertex 44.75529143214226 2.420444503426552 15.511776174568567
      vertex 44.69961222797135 2.409369222819805 15.488025158643723
    endloop
  endfacet
  facet normal 0 0.9063077871531243 -0.42261826149091947
    outer loop
      vertex 2.8447085693478584 2.420444503426552 15.511776174568567
      vertex 44.82961006462574 2.445672281086445 15.565877318388212
      vertex 44.75529143214226 2.420444503426552 15.511776174568567
    endloop
  endfacet
  facet normal 0 0.9063077871531277 -0.4226182614909123
    outer loop
      vertex 2.770389936864376 2.445672281086445 15.565877318388212
      vertex 44.899999998509884 2.480384759604931 15.64031846885271
      vertex 44.82961006462574 2.445672281086445 15.565877318388212
    endloop
  endfacet
  facet normal 0 0.9063077871531277 -0.42261826149091214
    outer loop
      vertex 2.7000000029802322 2.480384759604931 15.64031846885271
      vertex 44.96525686234236 2.5239879935979843 15.733825905974696
      vertex 44.899999998509884 2.480384759604931 15.64031846885271
    endloop
  endfacet
  facet normal 1.2081354520568484e-17 0.9063077871531255 -0.42261826149091675
    outer loop
      vertex 2.7000000029802322 2.480384759604931 15.64031846885271
      vertex 45.02426406741142 2.5757359340786934 15.844799722537545
      vertex 44.96525686234236 2.5239879935979843 15.733825905974696
    endloop
  endfacet
  facet normal 0 0.9063077871531265 -0.42261826149091475
    outer loop
      vertex 2.7000000029802322 2.480384759604931 15.64031846885271
      vertex 45.07601200789213 2.6347431391477585 15.971341082259135
      vertex 45.02426406741142 2.5757359340786934 15.844799722537545
    endloop
  endfacet
  facet normal 8.50433833196636e-18 0.906307787153126 -0.42261826149091564
    outer loop
      vertex 2.7000000029802322 2.480384759604931 15.64031846885271
      vertex 45.119615241885185 2.7000000029802322 16.111284878459323
      vertex 45.07601200789213 2.6347431391477585 15.971341082259135
    endloop
  endfacet
  facet normal -4.3323558687813066e-17 0.906307787153128 -0.42261826149091164
    outer loop
      vertex 2.7000000029802322 2.480384759604931 15.64031846885271
      vertex 45.15432772040367 2.770389936864376 16.2622365789167
      vertex 45.119615241885185 2.7000000029802322 16.111284878459323
    endloop
  endfacet
  facet normal 3.3537411902236516e-17 0.9063077871531258 -0.42261826149091625
    outer loop
      vertex 2.7000000029802322 2.480384759604931 15.64031846885271
      vertex 45.179555498063564 2.8447085693478584 16.421613400715014
      vertex 45.15432772040367 2.770389936864376 16.2622365789167
    endloop
  endfacet
  facet normal -1.0061537229287051e-16 0.9063077871531287 -0.4226182614909099
    outer loop
      vertex 2.7000000029802322 2.480384759604931 15.64031846885271
      vertex 45.1948669180274 2.9216842874884605 16.58668836109751
      vertex 45.179555498063564 2.8447085693478584 16.421613400715014
    endloop
  endfacet
  facet normal -3.527029384290962e-17 0.9063077871531277 -0.42261826149091253
    outer loop
      vertex 2.7000000029802322 2.480384759604931 15.64031846885271
      vertex 45.199999999999996 2.999999954530395 16.754636851174112
      vertex 45.1948669180274 2.9216842874884605 16.58668836109751
    endloop
  endfacet
  facet normal 9.177893738237417e-17 0.9063077871531277 -0.42261826149091236
    outer loop
      vertex 11.234999999999996 3.4429934801937634 17.704639533383716
      vertex 36.36500000268221 3.4429934801937625 17.70463953338372
      vertex 45.199999999999996 2.999999954530395 16.754636851174112
    endloop
  endfacet
  facet normal -2.9382578756718075e-15 0.9063077871531167 -0.4226182614909355
    outer loop
      vertex 36.36500000268221 3.4429934801937625 17.70463953338372
      vertex 36.92626263260841 3.4585403773498986 17.73797996195149
      vertex 45.199999999999996 2.999999954530395 16.754636851174112
    endloop
  endfacet
  facet normal 1.3265701668154631e-15 0.9063077871531305 -0.42261826149090603
    outer loop
      vertex 36.92626263260841 3.4585403773498986 17.73797996195149
      vertex 37.47792189627886 3.50491506229843 17.83743079483163
      vertex 45.199999999999996 2.999999954530395 16.754636851174112
    endloop
  endfacet
  facet normal -1.1061380677635273e-15 0.9063077871531239 -0.42261826149092024
    outer loop
      vertex 37.47792189627886 3.50491506229843 17.83743079483163
      vertex 38.01053876489401 3.5813240465330267 18.00129039042973
      vertex 45.199999999999996 2.999999954530395 16.754636851174112
    endloop
  endfacet
  facet normal 8.720983084895616e-16 0.9063077871531282 -0.4226182614909108
    outer loop
      vertex 38.01053876489401 3.5813240465330267 18.00129039042973
      vertex 38.51500000119209 3.6864599558695255 18.226755075758156
      vertex 45.199999999999996 2.999999954530395 16.754636851174112
    endloop
  endfacet
  facet normal 3.0204697115576475e-16 0.9063077871531273 -0.42261826149091297
    outer loop
      vertex 38.51500000119209 3.6864599558695255 18.226755075758156
      vertex 38.98267414480448 3.8185238834322575 18.509967082569897
      vertex 45.199999999999996 2.999999954530395 16.754636851174112
    endloop
  endfacet
  facet normal -1.1724708102964048e-15 0.9063077871531253 -0.4226182614909173
    outer loop
      vertex 38.98267414480448 3.8185238834322575 18.509967082569897
      vertex 39.40555916041136 3.9752561781454228 18.846080573491474
      vertex 45.199999999999996 2.999999954530395 16.754636851174112
    endloop
  endfacet
  facet normal 1.276041686269692e-15 0.9063077871531279 -0.4226182614909117
    outer loop
      vertex 39.40555916041136 3.9752561781454228 18.846080573491474
      vertex 39.776419364511966 4.153975108251759 19.22934455620636
      vertex 45.199999999999996 2.999999954530395 16.754636851174112
    endloop
  endfacet
  facet normal -4.4215892666458877e-16 0.9063077871531263 -0.4226182614909148
    outer loop
      vertex 39.776419364511966 4.153975108251759 19.22934455620636
      vertex 40.088909239172935 4.351622741769478 19.653201274412435
      vertex 45.199999999999996 2.999999954530395 16.754636851174112
    endloop
  endfacet
  facet normal 1.2504085775533053e-15 0.9063077871531277 -0.4226182614909123
    outer loop
      vertex 40.088909239172935 4.351622741769478 19.653201274412435
      vertex 40.33768199443817 4.56481727244333 20.110398421186282
      vertex 45.199999999999996 2.999999954530395 16.754636851174112
    endloop
  endfacet
  facet normal 3.7470795445678373e-16 0.906307787153127 -0.42261826149091347
    outer loop
      vertex 40.33768199443817 4.56481727244333 20.110398421186282
      vertex 40.51848105400801 4.7899108874982 20.59311323678131
      vertex 45.199999999999996 2.999999954530395 16.754636851174112
    endloop
  endfacet
  facet normal -1.5301614294944306e-15 0.9063077871531262 -0.4226182614909154
    outer loop
      vertex 40.51848105400801 4.7899108874982 20.59311323678131
      vertex 40.62821290701628 5.023052166445961 21.09308632330099
      vertex 45.199999999999996 2.999999954530395 16.754636851174112
    endloop
  endfacet
  facet normal -1 0 0
    outer loop
      vertex 45.199999999999996 2.999999954530395 16.754636851174112
      vertex 45.199999999999996 13.359855285886512 6.791076787149855
      vertex 45.199999999999996 2.999999954530395 11.621956665539102
    endloop
  endfacet
  facet normal -2.4293089675562066e-16 0.9063077871531267 -0.42261826149091414
    outer loop
      vertex 40.62821290701628 5.023052166445961 21.09308632330099
      vertex 40.664999999701976 5.260252003345192 21.601763015441154
      vertex 45.199999999999996 2.999999954530395 16.754636851174112
    endloop
  endfacet
  facet normal -3.5485531717526074e-16 0.9063077871531267 -0.42261826149091425
    outer loop
      vertex 40.664999999701976 5.260252003345192 21.601763015441154
      vertex 41.71499999999999 9.401910965956153 30.483579329541797
      vertex 45.199999999999996 2.999999954530395 16.754636851174112
    endloop
  endfacet
  facet normal 1.0767528612306282e-15 0.9063077871531268 -0.422618261490914
    outer loop
      vertex 45.199999999999996 2.999999954530395 16.754636851174112
      vertex 41.71499999999999 9.401910965956153 30.483579329541797
      vertex 45.199999999999996 9.401910965956152 30.4835793295418
    endloop
  endfacet
  facet normal -1 0 0
    outer loop
      vertex 45.199999999999996 2.999999954530395 16.754636851174112
      vertex 45.199999999999996 15.9273270313178 27.440727845616003
      vertex 45.199999999999996 13.359855285886512 6.791076787149855
    endloop
  endfacet
  facet normal -1 0 0
    outer loop
      vertex 45.199999999999996 2.999999954530395 16.754636851174112
      vertex 45.199999999999996 9.401910965956152 30.4835793295418
      vertex 45.199999999999996 15.9273270313178 27.440727845616003
    endloop
  endfacet
  facet normal -1 0 0
    outer loop
      vertex 45.199999999999996 15.9273270313178 27.440727845616003
      vertex 45.199999999999996 21.42136443394689 39.22272907709245
      vertex 45.199999999999996 13.359855285886512 6.791076787149855
    endloop
  endfacet
  facet normal -2.859614591008782e-15 0.9063077871531269 -0.4226182614909141
    outer loop
      vertex 40.664999999701976 5.260252003345192 21.601763015441154
      vertex 40.664999999701976 19.261595007672724 51.62774000625515
      vertex 41.71499999999999 9.401910965956153 30.483579329541797
    endloop
  endfacet
  facet normal -1.0410882572284725e-15 0.9063077871531269 -0.42261826149091397
    outer loop
      vertex 41.71499999999999 9.401910965956153 30.483579329541797
      vertex 40.664999999701976 19.261595007672724 51.62774000625515
      vertex 41.71499999999999 14.895948365338036 42.26558056253245
    endloop
  endfacet
  facet normal 0 0.906307787153127 -0.42261826149091386
    outer loop
      vertex 41.71499999999999 14.895948365338036 42.26558056253245
      vertex 40.664999999701976 19.261595007672724 51.62774000625515
      vertex 45.199999999999996 14.895948365338036 42.26558056253245
    endloop
  endfacet
  facet normal -1 0 0
    outer loop
      vertex 45.199999999999996 21.42136443394689 39.22272907709245
      vertex 45.199999999999996 33.358997677310114 49.679376049813854
      vertex 45.199999999999996 13.359855285886512 6.791076787149855
    endloop
  endfacet
  facet normal 0 0.9063077871531264 -0.42261826149091486
    outer loop
      vertex 2.4 21.94411712884903 57.38042726367712
      vertex 45.199999999999996 21.94411712884903 57.38042726367712
      vertex 36.36500000268221 21.07885353082416 55.5248634883126
    endloop
  endfacet
  facet normal 0 0.7854217068295883 -0.6189610185148142
    outer loop
      vertex 2.4 21.9523256868124 57.3947920948267
      vertex 45.199999999999996 21.960422083735466 57.40506590157747
      vertex 45.199999999999996 21.9523256868124 57.3947920948267
    endloop
  endfacet
  facet normal 0 0.8594929497073134 -0.5111476004085528
    outer loop
      vertex 2.4 21.945639558136463 57.38354939222336
      vertex 45.199999999999996 21.9523256868124 57.3947920948267
      vertex 45.199999999999996 21.945639558136463 57.38354939222336
    endloop
  endfacet
  facet normal 0 0.898831991138367 -0.438293339792243
    outer loop
      vertex 2.4 21.94411712884903 57.38042726367712
      vertex 45.199999999999996 21.945639558136463 57.38354939222336
      vertex 45.199999999999996 21.94411712884903 57.38042726367712
    endloop
  endfacet
  facet normal 0 0.697912127663575 -0.7161833997378758
    outer loop
      vertex 2.4 21.960422083735466 57.40506590157747
      vertex 45.199999999999996 21.96979021281004 57.41419503092766
      vertex 45.199999999999996 21.960422083735466 57.40506590157747
    endloop
  endfacet
  facet normal 0 0.4887688947791227 -0.872413300847938
    outer loop
      vertex 2.4 21.98026978969574 57.42202326655388
      vertex 45.199999999999996 21.99168150126934 57.428416669368744
      vertex 45.199999999999996 21.98026978969574 57.42202326655388
    endloop
  endfacet
  facet normal 0 0.5984602710745264 -0.8011524848275792
    outer loop
      vertex 2.4 21.96979021281004 57.41419503092766
      vertex 45.199999999999996 21.98026978969574 57.42202326655388
      vertex 45.199999999999996 21.96979021281004 57.41419503092766
    endloop
  endfacet
  facet normal 0 0.37071473113693 -0.9287467836380773
    outer loop
      vertex 2.4 21.99168150126934 57.428416669368744
      vertex 45.199999999999996 22.00383009016514 57.43326584994793
      vertex 45.199999999999996 21.99168150126934 57.428416669368744
    endloop
  endfacet
  facet normal 0 0.11770560250927273 -0.9930485341300943
    outer loop
      vertex 2.4 22.01650769263506 57.43648783862591
      vertex 45.199999999999996 22.029497385025024 57.43802750110626
      vertex 45.199999999999996 22.01650769263506 57.43648783862591
    endloop
  endfacet
  facet normal 0 0.24631759305412326 -0.9691891679914831
    outer loop
      vertex 2.4 22.00383009016514 57.43326584994793
      vertex 45.199999999999996 22.01650769263506 57.43648783862591
      vertex 45.199999999999996 22.00383009016514 57.43326584994793
    endloop
  endfacet
  facet normal 0 -0.1433245474214237 -0.9896757419005702
    outer loop
      vertex 2.4 22.042576923966408 57.43785849958658
      vertex 45.199999999999996 22.05552250146866 57.43598372489214
      vertex 45.199999999999996 22.042576923966408 57.43785849958658
    endloop
  endfacet
  facet normal 0 -0.012919982461103617 -0.9999165335432777
    outer loop
      vertex 2.4 22.029497385025024 57.43802750110626
      vertex 45.199999999999996 22.042576923966408 57.43785849958658
      vertex 45.199999999999996 22.029497385025024 57.43802750110626
    endloop
  endfacet
  facet normal 0 -0.27127757807458774 -0.9625011561728049
    outer loop
      vertex 2.4 22.05552250146866 57.43598372489214
      vertex 45.199999999999996 22.06811261922121 57.43243524432182
      vertex 45.199999999999996 22.05552250146866 57.43598372489214
    endloop
  endfacet
  facet normal 0 -0.5111476004085528 -0.8594929497073134
    outer loop
      vertex 2.4 22.080131858587265 57.42727378755808
      vertex 45.199999999999996 22.091374561190605 57.42058765888214
      vertex 45.199999999999996 22.080131858587265 57.42727378755808
    endloop
  endfacet
  facet normal 0 -0.39458793112919616 -0.918858185253405
    outer loop
      vertex 2.4 22.06811261922121 57.43243524432182
      vertex 45.199999999999996 22.080131858587265 57.42727378755808
      vertex 45.199999999999996 22.06811261922121 57.43243524432182
    endloop
  endfacet
  facet normal 0 -0.5662665622792119 -0.8242221669213243
    outer loop
      vertex 2.4 22.091374561190605 57.42058765888214
      vertex 45.199999999999996 33.358997677310114 49.679376049813854
      vertex 45.199999999999996 22.091374561190605 57.42058765888214
    endloop
  endfacet
  facet normal -1 0 0
    outer loop
      vertex 45.199999999999996 14.895948365338036 42.26558056253245
      vertex 45.199999999999996 33.358997677310114 49.679376049813854
      vertex 45.199999999999996 21.42136443394689 39.22272907709245
    endloop
  endfacet
  facet normal -2.092301878070723e-15 0.9063077871531302 -0.42261826149090664
    outer loop
      vertex 36.36500000268221 21.07885353082416 55.5248634883126
      vertex 45.199999999999996 21.94411712884903 57.38042726367712
      vertex 36.92626263260841 21.06330663366802 55.491523059744814
    endloop
  endfacet
  facet normal 1.8884582387127108e-16 0.9063077871531264 -0.4226182614909149
    outer loop
      vertex 36.92626263260841 21.06330663366802 55.491523059744814
      vertex 45.199999999999996 21.94411712884903 57.38042726367712
      vertex 37.47792189627886 21.01693194871949 55.39207222686468
    endloop
  endfacet
  facet normal 5.411168542857501e-17 0.9063077871531267 -0.4226182614909146
    outer loop
      vertex 37.47792189627886 21.01693194871949 55.39207222686468
      vertex 45.199999999999996 21.94411712884903 57.38042726367712
      vertex 38.01053876489401 20.940522964484895 55.22821263126658
    endloop
  endfacet
  facet normal 4.2019304377987846e-15 0.9063077871531227 -0.4226182614909229
    outer loop
      vertex 38.51500000119209 20.835387055148395 55.00274794593815
      vertex 45.199999999999996 21.94411712884903 57.38042726367712
      vertex 38.98267414480448 20.70332312758566 54.71953593912641
    endloop
  endfacet
  facet normal -2.527890080750914e-15 0.90630778715313 -0.42261826149090737
    outer loop
      vertex 38.51500000119209 20.835387055148395 55.00274794593815
      vertex 38.01053876489401 20.940522964484895 55.22821263126658
      vertex 45.199999999999996 21.94411712884903 57.38042726367712
    endloop
  endfacet
  facet normal -2.113702008855459e-15 0.9063077871531282 -0.42261826149091114
    outer loop
      vertex 39.776419364511966 20.367871902766158 54.00015846548994
      vertex 39.40555916041136 20.546590832872496 54.38342244820483
      vertex 45.199999999999996 21.94411712884903 57.38042726367712
    endloop
  endfacet
  facet normal -1.0954081246679721e-15 0.9063077871531274 -0.42261826149091275
    outer loop
      vertex 38.98267414480448 20.70332312758566 54.71953593912641
      vertex 45.199999999999996 21.94411712884903 57.38042726367712
      vertex 39.40555916041136 20.546590832872496 54.38342244820483
    endloop
  endfacet
  facet normal -3.7578969659157657e-16 0.9063077871531269 -0.42261826149091414
    outer loop
      vertex 45.199999999999996 14.895948365338036 42.26558056253245
      vertex 40.664999999701976 19.261595007672724 51.62774000625515
      vertex 45.199999999999996 21.94411712884903 57.38042726367712
    endloop
  endfacet
  facet normal 3.3560455957049172e-15 0.9063077871531255 -0.4226182614909166
    outer loop
      vertex 40.664999999701976 19.261595007672724 51.62774000625515
      vertex 40.62821290701628 19.498794844571957 52.136416698395315
      vertex 45.199999999999996 21.94411712884903 57.38042726367712
    endloop
  endfacet
  facet normal -6.8224226425315135e-15 0.906307787153129 -0.42261826149090925
    outer loop
      vertex 40.62821290701628 19.498794844571957 52.136416698395315
      vertex 40.51848105400801 19.731936123519716 52.636389784915
      vertex 45.199999999999996 21.94411712884903 57.38042726367712
    endloop
  endfacet
  facet normal 5.551369247204959e-15 0.9063077871531243 -0.42261826149091924
    outer loop
      vertex 40.51848105400801 19.731936123519716 52.636389784915
      vertex 40.33768199443817 19.957029738574587 53.11910460051002
      vertex 45.199999999999996 21.94411712884903 57.38042726367712
    endloop
  endfacet
  facet normal 1.3178474490112664e-15 0.9063077871531262 -0.42261826149091536
    outer loop
      vertex 40.088909239172935 20.17022426924844 53.576301747283864
      vertex 45.199999999999996 21.94411712884903 57.38042726367712
      vertex 40.33768199443817 19.957029738574587 53.11910460051002
    endloop
  endfacet
  facet normal -2.099306313617598e-16 0.906307787153127 -0.4226182614909137
    outer loop
      vertex 39.776419364511966 20.367871902766158 54.00015846548994
      vertex 45.199999999999996 21.94411712884903 57.38042726367712
      vertex 40.088909239172935 20.17022426924844 53.576301747283864
    endloop
  endfacet
  facet normal -1 0 0
    outer loop
      vertex 45.199999999999996 14.895948365338036 42.26558056253245
      vertex 45.199999999999996 21.94411712884903 57.38042726367712
      vertex 45.199999999999996 33.358997677310114 49.679376049813854
    endloop
  endfacet
  facet normal -1 0 0
    outer loop
      vertex 45.199999999999996 21.9523256868124 57.3947920948267
      vertex 45.199999999999996 22.091374561190605 57.42058765888214
      vertex 45.199999999999996 21.945639558136463 57.38354939222336
    endloop
  endfacet
  facet normal -1 0 0
    outer loop
      vertex 45.199999999999996 21.9523256868124 57.3947920948267
      vertex 45.199999999999996 21.960422083735466 57.40506590157747
      vertex 45.199999999999996 22.080131858587265 57.42727378755808
    endloop
  endfacet
  facet normal -1 0 0
    outer loop
      vertex 45.199999999999996 21.960422083735466 57.40506590157747
      vertex 45.199999999999996 21.96979021281004 57.41419503092766
      vertex 45.199999999999996 22.06811261922121 57.43243524432182
    endloop
  endfacet
  facet normal -1 0 0
    outer loop
      vertex 45.199999999999996 21.98026978969574 57.42202326655388
      vertex 45.199999999999996 22.05552250146866 57.43598372489214
      vertex 45.199999999999996 21.96979021281004 57.41419503092766
    endloop
  endfacet
  facet normal -1 0 0
    outer loop
      vertex 45.199999999999996 21.98026978969574 57.42202326655388
      vertex 45.199999999999996 22.042576923966408 57.43785849958658
      vertex 45.199999999999996 22.05552250146866 57.43598372489214
    endloop
  endfacet
  facet normal -1 0 0
    outer loop
      vertex 45.199999999999996 21.98026978969574 57.42202326655388
      vertex 45.199999999999996 21.99168150126934 57.428416669368744
      vertex 45.199999999999996 22.042576923966408 57.43785849958658
    endloop
  endfacet
  facet normal -1 0 0
    outer loop
      vertex 45.199999999999996 22.042576923966408 57.43785849958658
      vertex 45.199999999999996 21.99168150126934 57.428416669368744
      vertex 45.199999999999996 22.029497385025024 57.43802750110626
    endloop
  endfacet
  facet normal -1 0 0
    outer loop
      vertex 45.199999999999996 22.029497385025024 57.43802750110626
      vertex 45.199999999999996 21.99168150126934 57.428416669368744
      vertex 45.199999999999996 22.00383009016514 57.43326584994793
    endloop
  endfacet
  facet normal -1 0 0
    outer loop
      vertex 45.199999999999996 22.029497385025024 57.43802750110626
      vertex 45.199999999999996 22.00383009016514 57.43326584994793
      vertex 45.199999999999996 22.01650769263506 57.43648783862591
    endloop
  endfacet
  facet normal -1 0 0
    outer loop
      vertex 45.199999999999996 21.9523256868124 57.3947920948267
      vertex 45.199999999999996 22.080131858587265 57.42727378755808
      vertex 45.199999999999996 22.091374561190605 57.42058765888214
    endloop
  endfacet
  facet normal -1 0 0
    outer loop
      vertex 45.199999999999996 21.960422083735466 57.40506590157747
      vertex 45.199999999999996 22.06811261922121 57.43243524432182
      vertex 45.199999999999996 22.080131858587265 57.42727378755808
    endloop
  endfacet
  facet normal -1 0 0
    outer loop
      vertex 45.199999999999996 21.96979021281004 57.41419503092766
      vertex 45.199999999999996 22.05552250146866 57.43598372489214
      vertex 45.199999999999996 22.06811261922121 57.43243524432182
    endloop
  endfacet
  facet normal -1 0 0
    outer loop
      vertex 45.199999999999996 21.94411712884903 57.38042726367712
      vertex 45.199999999999996 21.945639558136463 57.38354939222336
      vertex 45.199999999999996 33.358997677310114 49.679376049813854
    endloop
  endfacet
  facet normal -1 0 0
    outer loop
      vertex 45.199999999999996 21.945639558136463 57.38354939222336
      vertex 45.199999999999996 22.091374561190605 57.42058765888214
      vertex 45.199999999999996 33.358997677310114 49.679376049813854
    endloop
  endfacet
  facet normal 0.8314696617280483 0.5555701590491026 0
    outer loop
      vertex 2.5239879935979843 2.6347431391477585 15.971341082259135
      vertex 2.5239879935979843 2.6347431391477585 11.792278715745333
      vertex 2.480384759604931 2.7000000029802322 11.761848940393072
    endloop
  endfacet
  facet normal 0.7518397412332603 0.6593458906388242 0
    outer loop
      vertex 2.5757359340786934 2.5757359340786934 15.844799722537545
      vertex 2.5757359340786934 2.5757359340786934 11.81979422735536
      vertex 2.5239879935979843 2.6347431391477585 11.792278715745333
    endloop
  endfacet
  facet normal 0.1950902930629844 0.9807852861623685 0
    outer loop
      vertex 2.9216842874884605 2.405133083462715 15.477131946408653
      vertex 2.9216842874884605 2.405133083462715 11.899347643100663
      vertex 2.8447085693478584 2.420444503426552 11.8922078107143
    endloop
  endfacet
  facet normal 0.06540315412178903 0.9978589216071185 0
    outer loop
      vertex 3 2.399999998509884 15.44576333463192
      vertex 3 2.399999998509884 11.90174123992413
      vertex 2.9216842874884605 2.405133083462715 11.899347643100663
    endloop
  endfacet
  facet normal 0.6593458906388242 0.7518397412332603 0
    outer loop
      vertex 2.6347431391477585 2.5239879935979843 15.733825905974696
      vertex 2.6347431391477585 2.5239879935979843 11.843924688295264
      vertex 2.5757359340786934 2.5757359340786934 11.81979422735536
    endloop
  endfacet
  facet normal 0.5555701590491027 0.8314696617280483 0
    outer loop
      vertex 2.7000000029802322 2.480384759604931 15.64031846885271
      vertex 2.7000000029802322 2.480384759604931 11.86425721022655
      vertex 2.6347431391477585 2.5239879935979843 11.843924688295264
    endloop
  endfacet
  facet normal 0.44228873720942496 0.8968727183595742 0
    outer loop
      vertex 2.770389936864376 2.445672281086445 15.565877318388212
      vertex 2.770389936864376 2.445672281086445 11.880443904793259
      vertex 2.7000000029802322 2.480384759604931 11.86425721022655
    endloop
  endfacet
  facet normal 0.3214394807323106 0.9469301242576151 0
    outer loop
      vertex 2.8447085693478584 2.420444503426552 15.511776174568567
      vertex 2.8447085693478584 2.420444503426552 11.8922078107143
      vertex 2.770389936864376 2.445672281086445 11.880443904793259
    endloop
  endfacet
  facet normal 0.9807852861623684 0.1950902930629844 0
    outer loop
      vertex 2.420444503426552 2.8447085693478584 16.421613400715014
      vertex 2.420444503426552 2.8447085693478584 11.694370227695217
      vertex 2.405133083462715 2.9216842874884605 11.658475860834274
    endloop
  endfacet
  facet normal 0.9978589216071186 0.06540315412178913 0
    outer loop
      vertex 2.405133083462715 2.9216842874884605 16.58668836109751
      vertex 2.405133083462715 2.9216842874884605 11.658475860834274
      vertex 2.4 2.9999999772652313 11.621956654937675
    endloop
  endfacet
  facet normal 0.8968727183595743 0.4422887372094249 0
    outer loop
      vertex 2.480384759604931 2.7000000029802322 16.111284878459323
      vertex 2.480384759604931 2.7000000029802322 11.761848940393072
      vertex 2.445672281086445 2.770389936864376 11.72902557516587
    endloop
  endfacet
  facet normal 0.9469301242576152 0.3214394807323106 0
    outer loop
      vertex 2.445672281086445 2.770389936864376 16.2622365789167
      vertex 2.445672281086445 2.770389936864376 11.72902557516587
      vertex 2.420444503426552 2.8447085693478584 11.694370227695217
    endloop
  endfacet
  facet normal 0.8314696617280481 0.5555701590491026 0
    outer loop
      vertex 2.5239879935979843 2.6347431391477585 15.971341082259135
      vertex 2.480384759604931 2.7000000029802322 11.761848940393072
      vertex 2.480384759604931 2.7000000029802322 16.111284878459323
    endloop
  endfacet
  facet normal 0.7518397412332603 0.6593458906388241 0
    outer loop
      vertex 2.5757359340786934 2.5757359340786934 15.844799722537545
      vertex 2.5239879935979843 2.6347431391477585 11.792278715745333
      vertex 2.5239879935979843 2.6347431391477585 15.971341082259135
    endloop
  endfacet
  facet normal 0.6593458906388242 0.7518397412332603 0
    outer loop
      vertex 2.5757359340786934 2.5757359340786934 15.844799722537545
      vertex 2.6347431391477585 2.5239879935979843 15.733825905974696
      vertex 2.5757359340786934 2.5757359340786934 11.81979422735536
    endloop
  endfacet
  facet normal 0.19509029306298425 0.9807852861623683 0
    outer loop
      vertex 2.8447085693478584 2.420444503426552 15.511776174568567
      vertex 2.9003877735187684 2.409369222819805 15.488025158643723
      vertex 2.8447085693478584 2.420444503426552 11.8922078107143
    endloop
  endfacet
  facet normal 0.19509029306298464 0.9807852861623683 -6.8884557805824876e-18
    outer loop
      vertex 2.9216842874884605 2.405133083462715 15.477131946408653
      vertex 2.8447085693478584 2.420444503426552 11.8922078107143
      vertex 2.9003877735187684 2.409369222819805 15.488025158643723
    endloop
  endfacet
  facet normal 0.06540315412178874 0.9978589216071185 0
    outer loop
      vertex 2.9216842874884605 2.405133083462715 15.477131946408653
      vertex 2.9293856908141787 2.4046283066272736 15.475833915174007
      vertex 2.9216842874884605 2.405133083462715 11.899347643100663
    endloop
  endfacet
  facet normal 0.06540315412178889 0.9978589216071185 -6.922162021238817e-19
    outer loop
      vertex 2.998547816568472 2.4000951796770096 15.450125277042389
      vertex 2.9216842874884605 2.405133083462715 11.899347643100663
      vertex 2.97682110630351 2.401519224047661 15.46312814950943
    endloop
  endfacet
  facet normal 0.06540315412179715 0.997858921607118 -1.8038226450824743e-16
    outer loop
      vertex 2.998547816568472 2.4000951796770096 15.450125277042389
      vertex 3 2.399999998509884 15.44576333463192
      vertex 2.9216842874884605 2.405133083462715 11.899347643100663
    endloop
  endfacet
  facet normal 0.06540315412178886 0.9978589216071185 -2.390017017704846e-19
    outer loop
      vertex 2.9293856908141787 2.4046283066272736 15.475833915174007
      vertex 2.97682110630351 2.401519224047661 15.46312814950943
      vertex 2.9216842874884605 2.405133083462715 11.899347643100663
    endloop
  endfacet
  facet normal 0.5555701590491025 0.8314696617280481 0
    outer loop
      vertex 2.7000000029802322 2.480384759604931 15.64031846885271
      vertex 2.6347431391477585 2.5239879935979843 11.843924688295264
      vertex 2.6347431391477585 2.5239879935979843 15.733825905974696
    endloop
  endfacet
  facet normal 0.44228873720942496 0.8968727183595744 0
    outer loop
      vertex 2.7000000029802322 2.480384759604931 15.64031846885271
      vertex 2.770389936864376 2.445672281086445 15.565877318388212
      vertex 2.7000000029802322 2.480384759604931 11.86425721022655
    endloop
  endfacet
  facet normal 0.3214394807323106 0.9469301242576152 0
    outer loop
      vertex 2.770389936864376 2.445672281086445 15.565877318388212
      vertex 2.8447085693478584 2.420444503426552 15.511776174568567
      vertex 2.770389936864376 2.445672281086445 11.880443904793259
    endloop
  endfacet
  facet normal 0.9807852861623684 0.19509029306298437 0
    outer loop
      vertex 2.405133083462715 2.9216842874884605 16.58668836109751
      vertex 2.420444503426552 2.8447085693478584 16.421613400715014
      vertex 2.405133083462715 2.9216842874884605 11.658475860834274
    endloop
  endfacet
  facet normal 0.8968727183595744 0.44228873720942496 0
    outer loop
      vertex 2.480384759604931 2.7000000029802322 16.111284878459323
      vertex 2.445672281086445 2.770389936864376 11.72902557516587
      vertex 2.445672281086445 2.770389936864376 16.2622365789167
    endloop
  endfacet
  facet normal 0.9469301242576151 0.32143948073231055 0
    outer loop
      vertex 2.445672281086445 2.770389936864376 16.2622365789167
      vertex 2.420444503426552 2.8447085693478584 11.694370227695217
      vertex 2.420444503426552 2.8447085693478584 16.421613400715014
    endloop
  endfacet
  facet normal 0.9978589216071185 0.06540315412178913 0
    outer loop
      vertex 2.405133083462715 2.9216842874884605 16.58668836109751
      vertex 2.4 2.9999999772652313 11.621956654937675
      vertex 2.4 2.9999999772652313 16.754636899929125
    endloop
  endfacet
  facet normal -0.06540315412178903 0.9978589216071184 -8.715448772782988e-18
    outer loop
      vertex 44.67061431067594 2.4046283066272736 15.475833915174007
      vertex 44.678315714001656 2.405133083462715 11.899347643100663
      vertex 44.600000001490116 2.399999998509884 11.901741239924128
    endloop
  endfacet
  facet normal -0.19509029306298437 0.9807852861623685 1.429275218578036e-16
    outer loop
      vertex 44.69961222797135 2.409369222819805 15.488025158643723
      vertex 44.75529143214226 2.420444503426552 11.8922078107143
      vertex 44.678315714001656 2.405133083462715 11.899347643100663
    endloop
  endfacet
  facet normal -0.3214394807323106 0.9469301242576151 0
    outer loop
      vertex 44.75529143214226 2.420444503426552 15.511776174568567
      vertex 44.82961006462574 2.445672281086445 11.88044390479326
      vertex 44.75529143214226 2.420444503426552 11.8922078107143
    endloop
  endfacet
  facet normal -0.44228873720942496 0.8968727183595743 0
    outer loop
      vertex 44.82961006462574 2.445672281086445 15.565877318388212
      vertex 44.899999998509884 2.480384759604931 11.864257210226548
      vertex 44.82961006462574 2.445672281086445 11.88044390479326
    endloop
  endfacet
  facet normal -0.5555701590491026 0.8314696617280483 0
    outer loop
      vertex 44.899999998509884 2.480384759604931 15.64031846885271
      vertex 44.96525686234236 2.5239879935979843 11.843924688295264
      vertex 44.899999998509884 2.480384759604931 11.864257210226548
    endloop
  endfacet
  facet normal -0.6593458906388242 0.7518397412332603 0
    outer loop
      vertex 44.96525686234236 2.5239879935979843 15.733825905974696
      vertex 45.02426406741142 2.5757359340786934 11.81979422735536
      vertex 44.96525686234236 2.5239879935979843 11.843924688295264
    endloop
  endfacet
  facet normal -0.7518397412332603 0.6593458906388242 0
    outer loop
      vertex 45.02426406741142 2.5757359340786934 15.844799722537545
      vertex 45.07601200789213 2.6347431391477585 11.792278715745333
      vertex 45.02426406741142 2.5757359340786934 11.81979422735536
    endloop
  endfacet
  facet normal -0.8314696617280483 0.5555701590491026 0
    outer loop
      vertex 45.07601200789213 2.6347431391477585 15.971341082259135
      vertex 45.119615241885185 2.7000000029802322 11.761848940393072
      vertex 45.07601200789213 2.6347431391477585 11.792278715745333
    endloop
  endfacet
  facet normal -0.8968727183595743 0.4422887372094249 0
    outer loop
      vertex 45.119615241885185 2.7000000029802322 16.111284878459323
      vertex 45.15432772040367 2.770389936864376 11.729025575165872
      vertex 45.119615241885185 2.7000000029802322 11.761848940393072
    endloop
  endfacet
  facet normal -0.9469301242576151 0.32143948073231055 0
    outer loop
      vertex 45.15432772040367 2.770389936864376 16.2622365789167
      vertex 45.179555498063564 2.8447085693478584 11.694370227695217
      vertex 45.15432772040367 2.770389936864376 11.729025575165872
    endloop
  endfacet
  facet normal -0.9807852861623684 0.1950902930629844 0
    outer loop
      vertex 45.179555498063564 2.8447085693478584 16.421613400715014
      vertex 45.1948669180274 2.9216842874884605 11.658475860834272
      vertex 45.179555498063564 2.8447085693478584 11.694370227695217
    endloop
  endfacet
  facet normal -0.9978589216071185 0.06540315412178903 0
    outer loop
      vertex 45.1948669180274 2.9216842874884605 16.58668836109751
      vertex 45.199999999999996 2.999999954530395 11.621956665539102
      vertex 45.1948669180274 2.9216842874884605 11.658475860834272
    endloop
  endfacet
  facet normal -0.06540315412180224 0.9978589216071176 6.735363728961317e-17
    outer loop
      vertex 44.60145218492165 2.4000951796770096 15.450125277042389
      vertex 44.623178895186605 2.401519224047661 15.46312814950943
      vertex 44.600000001490116 2.399999998509884 11.901741239924128
    endloop
  endfacet
  facet normal -0.06540315412163836 0.9978589216071284 0
    outer loop
      vertex 44.60145218492165 2.4000951796770096 15.450125277042389
      vertex 44.600000001490116 2.399999998509884 11.901741239924128
      vertex 44.600000001490116 2.399999998509884 15.44576333463192
    endloop
  endfacet
  facet normal -0.06540315412178825 0.9978589216071186 -2.4057283381669644e-17
    outer loop
      vertex 44.623178895186605 2.401519224047661 15.46312814950943
      vertex 44.67061431067594 2.4046283066272736 15.475833915174007
      vertex 44.600000001490116 2.399999998509884 11.901741239924128
    endloop
  endfacet
  facet normal -0.1950902930629612 0.9807852861623729 0
    outer loop
      vertex 44.678315714001656 2.405133083462715 15.477131946408653
      vertex 44.69961222797135 2.409369222819805 15.488025158643723
      vertex 44.678315714001656 2.405133083462715 11.899347643100663
    endloop
  endfacet
  facet normal -0.06540315412178499 0.9978589216071188 0
    outer loop
      vertex 44.67061431067594 2.4046283066272736 15.475833915174007
      vertex 44.678315714001656 2.405133083462715 15.477131946408653
      vertex 44.678315714001656 2.405133083462715 11.899347643100663
    endloop
  endfacet
  facet normal -0.19509029306299325 0.9807852861623666 0
    outer loop
      vertex 44.69961222797135 2.409369222819805 15.488025158643723
      vertex 44.75529143214226 2.420444503426552 15.511776174568567
      vertex 44.75529143214226 2.420444503426552 11.8922078107143
    endloop
  endfacet
  facet normal -0.32143948073231055 0.9469301242576151 0
    outer loop
      vertex 44.75529143214226 2.420444503426552 15.511776174568567
      vertex 44.82961006462574 2.445672281086445 15.565877318388212
      vertex 44.82961006462574 2.445672281086445 11.88044390479326
    endloop
  endfacet
  facet normal -0.4422887372094249 0.8968727183595743 0
    outer loop
      vertex 44.82961006462574 2.445672281086445 15.565877318388212
      vertex 44.899999998509884 2.480384759604931 15.64031846885271
      vertex 44.899999998509884 2.480384759604931 11.864257210226548
    endloop
  endfacet
  facet normal -0.5555701590491025 0.8314696617280481 0
    outer loop
      vertex 44.899999998509884 2.480384759604931 15.64031846885271
      vertex 44.96525686234236 2.5239879935979843 15.733825905974696
      vertex 44.96525686234236 2.5239879935979843 11.843924688295264
    endloop
  endfacet
  facet normal -0.6593458906388242 0.7518397412332603 0
    outer loop
      vertex 44.96525686234236 2.5239879935979843 15.733825905974696
      vertex 45.02426406741142 2.5757359340786934 15.844799722537545
      vertex 45.02426406741142 2.5757359340786934 11.81979422735536
    endloop
  endfacet
  facet normal -0.7518397412332603 0.6593458906388241 0
    outer loop
      vertex 45.02426406741142 2.5757359340786934 15.844799722537545
      vertex 45.07601200789213 2.6347431391477585 15.971341082259135
      vertex 45.07601200789213 2.6347431391477585 11.792278715745333
    endloop
  endfacet
  facet normal -0.8314696617280481 0.5555701590491026 0
    outer loop
      vertex 45.07601200789213 2.6347431391477585 15.971341082259135
      vertex 45.119615241885185 2.7000000029802322 16.111284878459323
      vertex 45.119615241885185 2.7000000029802322 11.761848940393072
    endloop
  endfacet
  facet normal -0.8968727183595744 0.44228873720942496 0
    outer loop
      vertex 45.119615241885185 2.7000000029802322 16.111284878459323
      vertex 45.15432772040367 2.770389936864376 16.2622365789167
      vertex 45.15432772040367 2.770389936864376 11.729025575165872
    endloop
  endfacet
  facet normal -0.9469301242576151 0.32143948073231055 0
    outer loop
      vertex 45.15432772040367 2.770389936864376 16.2622365789167
      vertex 45.179555498063564 2.8447085693478584 16.421613400715014
      vertex 45.179555498063564 2.8447085693478584 11.694370227695217
    endloop
  endfacet
  facet normal -0.9807852861623684 0.1950902930629844 0
    outer loop
      vertex 45.179555498063564 2.8447085693478584 16.421613400715014
      vertex 45.1948669180274 2.9216842874884605 16.58668836109751
      vertex 45.1948669180274 2.9216842874884605 11.658475860834272
    endloop
  endfacet
  facet normal -0.9978589216071185 0.06540315412178901 0
    outer loop
      vertex 45.1948669180274 2.9216842874884605 16.58668836109751
      vertex 45.199999999999996 2.999999954530395 16.754636851174112
      vertex 45.199999999999996 2.999999954530395 11.621956665539102
    endloop
  endfacet
  facet normal 0.588567553263852 -0.4739668699760891 0.6549378912615087
    outer loop
      vertex 8.439417899278148 2.4503844048163925 21.254866309798363
      vertex 8.564347779813037 2.371367137170984 21.08541323246586
      vertex 9.048293315470215 3.081151839453181 21.16416847712508
    endloop
  endfacet
  facet normal 0.5322004522859798 -0.44292174170349424 0.7215143860748321
    outer loop
      vertex 8.712613457748347 2.2999173499269796 20.932188669227592
      vertex 8.78945130352183 2.262888904117976 20.85278091092174
      vertex 9.220786437988277 2.998026757317877 20.985906163217997
    endloop
  endfacet
  facet normal 0.5322004578240053 -0.4429217426902197 0.7215143813841676
    outer loop
      vertex 8.712613457748347 2.2999173499269796 20.932188669227592
      vertex 9.048293315470215 3.081151839453181 21.16416847712508
      vertex 8.564347779813037 2.371367137170984 21.08541323246586
    endloop
  endfacet
  facet normal 0.634864073436848 -0.5078557521661652 0.5822629502646645
    outer loop
      vertex 8.374673698682008 2.4913346550257036 21.342684404782904
      vertex 8.902949192225929 3.173080972254943 21.3613111386149
      vertex 8.275217188538486 2.576567393594835 21.52546660252769
    endloop
  endfacet
  facet normal 0.6348640739654582 -0.5078557531068338 0.5822629488678392
    outer loop
      vertex 8.223674417212527 2.6207387763853074 21.62019243862552
      vertex 8.275217188538486 2.576567393594835 21.52546660252769
      vertex 8.787240930497642 3.2722412189921455 21.573960973982267
    endloop
  endfacet
  facet normal 0.6702979128452573 -0.5440085706773305 0.504732981946791
    outer loop
      vertex 8.223674417212527 2.6207387763853074 21.62019243862552
      vertex 8.787240930497642 3.2722412189921455 21.573960973982267
      vertex 8.18621499184993 2.667375509374017 21.720205235285796
    endloop
  endfacet
  facet normal 0.5885675543490391 -0.4739668713017882 0.6549378893269079
    outer loop
      vertex 8.439417899278148 2.4503844048163925 21.254866309798363
      vertex 9.048293315470215 3.081151839453181 21.16416847712508
      vertex 8.902949192225929 3.173080972254943 21.3613111386149
    endloop
  endfacet
  facet normal 0.5885675543490356 -0.4739668713017866 0.6549378893269121
    outer loop
      vertex 8.439417899278148 2.4503844048163925 21.254866309798363
      vertex 8.902949192225929 3.173080972254943 21.3613111386149
      vertex 8.374673698682008 2.4913346550257036 21.342684404782904
    endloop
  endfacet
  facet normal 0.6348640739654573 -0.5078557531068333 0.5822629488678405
    outer loop
      vertex 8.275217188538486 2.576567393594835 21.52546660252769
      vertex 8.902949192225929 3.173080972254943 21.3613111386149
      vertex 8.787240930497642 3.2722412189921455 21.573960973982267
    endloop
  endfacet
  facet normal 0.6702979128452571 -0.5440085706773299 0.5047329819467922
    outer loop
      vertex 8.18621499184993 2.667375509374017 21.720205235285796
      vertex 8.787240930497642 3.2722412189921455 21.573960973982267
      vertex 8.703148343265052 3.376935925341697 21.798479496289595
    endloop
  endfacet
  facet normal 0.6702979160660335 -0.5440085723527092 0.5047329758637729
    outer loop
      vertex 8.18621499184993 2.667375509374017 21.720205235285796
      vertex 8.703148343265052 3.376935925341697 21.798479496289595
      vertex 8.113933594234457 2.7573653668365363 21.913189107420774
    endloop
  endfacet
  facet normal 0.6942627602395983 -0.5818067218527078 0.42367458992899243
    outer loop
      vertex 8.070064050728615 2.8505725885247815 22.113072639404727
      vertex 8.652110279202457 3.4853737288352695 22.03102511632642
      vertex 8.047328913013349 2.898876701154228 22.216661143244256
    endloop
  endfacet
  facet normal 0.6942627592037427 -0.5818067092426341 0.4236746089430697
    outer loop
      vertex 8.113933594234457 2.7573653668365363 21.913189107420774
      vertex 8.703148343265052 3.376935925341697 21.798479496289595
      vertex 8.070064050728615 2.8505725885247815 22.113072639404727
    endloop
  endfacet
  facet normal 0.7063485770180616 -0.6206034557853205 0.34047472507056553
    outer loop
      vertex 8.047328913013349 2.898876701154228 22.216661143244256
      vertex 8.652110279202457 3.4853737288352695 22.03102511632642
      vertex 8.039707060671015 2.9480216990730503 22.322052931406493
    endloop
  endfacet
  facet normal 0.7063485788645116 -0.6206034581696405 0.3404747168938807
    outer loop
      vertex 8.039707060671015 2.9480216990730503 22.322052931406493
      vertex 8.63499999850988 3.595699233995642 22.26761892565155
      vertex 8.024999999388982 3.0428514854489377 22.525416064592626
    endloop
  endfacet
  facet normal 0.6942627602395967 -0.5818067218527052 0.4236745899289989
    outer loop
      vertex 8.070064050728615 2.8505725885247815 22.113072639404727
      vertex 8.703148343265052 3.376935925341697 21.798479496289595
      vertex 8.652110279202457 3.4853737288352695 22.03102511632642
    endloop
  endfacet
  facet normal 0.7063485770180618 -0.6206034557853244 0.3404747250705584
    outer loop
      vertex 8.039707060671015 2.9480216990730503 22.322052931406493
      vertex 8.652110279202457 3.4853737288352695 22.03102511632642
      vertex 8.63499999850988 3.595699233995642 22.26761892565155
    endloop
  endfacet
  facet normal 0.39326825616369354 -0.39142982051644015 0.8319391650261665
    outer loop
      vertex 9.233103454181547 2.1149583953053686 20.53554291096775
      vertex 9.417477138936516 2.925128013717068 20.82957430306961
      vertex 9.046132670361256 2.1677560442389048 20.6487678345105
    endloop
  endfacet
  facet normal 0.4667272899926833 -0.41525158766443443 0.7808532229031603
    outer loop
      vertex 8.877068070637256 2.2304158273079118 20.783142172961156
      vertex 9.220786437988277 2.998026757317877 20.985906163217997
      vertex 8.78945130352183 2.262888904117976 20.85278091092174
    endloop
  endfacet
  facet normal 0.4667272853245052 -0.4152515843378317 0.780853227462459
    outer loop
      vertex 8.877068070637256 2.2304158273079118 20.783142172961156
      vertex 9.046132670361256 2.1677560442389048 20.6487678345105
      vertex 9.417477138936516 2.925128013717068 20.82957430306961
    endloop
  endfacet
  facet normal 0.39326825385008995 -0.3914298204057478 0.8319391661719173
    outer loop
      vertex 9.233103454181547 2.1149583953053686 20.53554291096775
      vertex 9.330000001084667 2.08759631379615 20.476864737802277
      vertex 9.63499999850988 2.863702932997342 20.6978477923733
    endloop
  endfacet
  facet normal 0.31308033073232644 -0.3718640661679628 0.8738980620195733
    outer loop
      vertex 9.330000001084667 2.08759631379615 20.476864737802277
      vertex 9.531677842033663 2.0455641763781154 20.386726528211042
      vertex 9.63499999850988 2.863702932997342 20.6978477923733
    endloop
  endfacet
  facet normal 0.3932682538500858 -0.39142982040574625 0.8319391661719201
    outer loop
      vertex 9.233103454181547 2.1149583953053686 20.53554291096775
      vertex 9.63499999850988 2.863702932997342 20.6978477923733
      vertex 9.417477138936516 2.925128013717068 20.82957430306961
    endloop
  endfacet
  facet normal 0.46672728999269414 -0.41525158766443715 0.7808532229031522
    outer loop
      vertex 8.877068070637256 2.2304158273079118 20.783142172961156
      vertex 9.417477138936516 2.925128013717068 20.82957430306961
      vertex 9.220786437988277 2.998026757317877 20.985906163217997
    endloop
  endfacet
  facet normal 0.5322004522859795 -0.4429217417034939 0.7215143860748324
    outer loop
      vertex 8.712613457748347 2.2999173499269796 20.932188669227592
      vertex 9.220786437988277 2.998026757317877 20.985906163217997
      vertex 9.048293315470215 3.081151839453181 21.16416847712508
    endloop
  endfacet
  facet normal 0.22753547540088628 -0.35688907900052297 0.9060120268099376
    outer loop
      vertex 9.636196237956398 2.023781259958221 20.340012913192208
      vertex 9.746548149426925 2.0079502227282076 20.30606314428816
      vertex 9.86963313132524 2.8148025085566957 20.592980493744477
    endloop
  endfacet
  facet normal 0.3130803290688207 -0.37186406618220674 0.8738980626094752
    outer loop
      vertex 9.531677842033663 2.0455641763781154 20.386726528211042
      vertex 9.636196237956398 2.023781259958221 20.340012913192208
      vertex 9.86963313132524 2.8148025085566957 20.592980493744477
    endloop
  endfacet
  facet normal 0.22753546917977224 -0.35688907668557973 0.9060120292841896
    outer loop
      vertex 9.959482292621534 1.9774027841277397 20.24055395079511
      vertex 10.117361911237236 2.77926344551518 20.516766727103523
      vertex 9.746548149426925 2.0079502227282076 20.30606314428816
    endloop
  endfacet
  facet normal 0.31308032906882244 -0.3718640661822073 0.8738980626094743
    outer loop
      vertex 9.531677842033663 2.0455641763781154 20.386726528211042
      vertex 9.86963313132524 2.8148025085566957 20.592980493744477
      vertex 9.63499999850988 2.863702932997342 20.6978477923733
    endloop
  endfacet
  facet normal 0.22753547540090618 -0.3568890790005241 0.9060120268099323
    outer loop
      vertex 9.746548149426925 2.0079502227282076 20.30606314428816
      vertex 10.117361911237236 2.77926344551518 20.516766727103523
      vertex 9.86963313132524 2.8148025085566957 20.592980493744477
    endloop
  endfacet
  facet normal 0.13809745712561905 -0.34676109603788396 0.9277315530960685
    outer loop
      vertex 9.959482292621534 1.9774027841277397 20.24055395079511
      vertex 10.180029368127904 1.958862713920948 20.20079464192354
      vertex 10.117361911237236 2.77926344551518 20.516766727103523
    endloop
  endfacet
  facet normal 0.13809743456378645 -0.34676109867513755 0.9277315554687747
    outer loop
      vertex 10.180029368127904 1.958862713920948 20.20079464192354
      vertex 10.294326635950847 1.9492544295415355 20.180189609574363
      vertex 10.373947613537307 2.7576938275984357 20.470510532208316
    endloop
  endfacet
  facet normal 0.04629654090631357 -0.34165341162537977 0.9386850252480056
    outer loop
      vertex 10.294326635950847 1.9492544295415355 20.180189609574363
      vertex 10.410613607881245 1.9460332955560307 20.173281865449454
      vertex 10.373947613537307 2.7576938275984357 20.470510532208316
    endloop
  endfacet
  facet normal 0.13809743456377457 -0.34676109867513555 0.9277315554687773
    outer loop
      vertex 10.180029368127904 1.958862713920948 20.20079464192354
      vertex 10.373947613537307 2.7576938275984357 20.470510532208316
      vertex 10.117361911237236 2.77926344551518 20.516766727103523
    endloop
  endfacet
  facet normal 0.046296532488106265 -0.341653409671651 0.9386850263742961
    outer loop
      vertex 10.410613607881245 1.9460332955560307 20.173281865449454
      vertex 10.63499999850988 1.9398178228902103 20.159952741301225
      vertex 10.63499999850988 2.750462710514243 20.455003351578252
    endloop
  endfacet
  facet normal 0.04629654090633644 -0.3416534116253785 0.938685025248005
    outer loop
      vertex 10.410613607881245 1.9460332955560307 20.173281865449454
      vertex 10.63499999850988 2.750462710514243 20.455003351578252
      vertex 10.373947613537307 2.7576938275984357 20.470510532208316
    endloop
  endfacet
  facet normal 0.707106780707606 -0.640856382489857 0.2988362389325293
    outer loop
      vertex 8.63499999850988 3.595699233995642 22.26761892565155
      vertex 8.024999997507996 15.989339315319414 50.289248816493426
      vertex 8.024999999388982 3.0428514854489377 22.525416064592626
    endloop
  endfacet
  facet normal 0 -0.3420201439621467 0.9396926205542493
    outer loop
      vertex 10.63499999850988 1.9398178228902103 20.159952741301225
      vertex 36.607000001370906 2.750462710514243 20.455003351578252
      vertex 10.63499999850988 2.750462710514243 20.455003351578252
    endloop
  endfacet
  facet normal 0.7071067807076068 -0.6408563824898561 0.298836238932529
    outer loop
      vertex 8.63499999850988 3.595699233995642 22.26761892565155
      vertex 8.63499999850988 16.54218706557087 50.03145167675741
      vertex 8.024999997507996 15.989339315319414 50.289248816493426
    endloop
  endfacet
  facet normal 0.7063485788645112 -0.6597349783391324 0.25655690108034496
    outer loop
      vertex 8.024999997507996 15.989339315319414 50.289248816493426
      vertex 8.63499999850988 16.54218706557087 50.03145167675741
      vertex 8.039707058808492 16.084169101992003 50.49261195031584
    endloop
  endfacet
  facet normal 0.7063485770180621 -0.6597349830702159 0.2565568939979997
    outer loop
      vertex 8.652110279202457 16.65251257073124 50.26804548608254
      vertex 8.04732891110698 16.133314099720195 50.598003738069266
      vertex 8.039707058808492 16.084169101992003 50.49261195031584
    endloop
  endfacet
  facet normal 0.6942627602395933 -0.6985317173450897 0.17335702929913357
    outer loop
      vertex 8.652110279202457 16.65251257073124 50.26804548608254
      vertex 8.070064048718466 16.18161821215948 50.701592241501
      vertex 8.04732891110698 16.133314099720195 50.598003738069266
    endloop
  endfacet
  facet normal 0.7063485770180621 -0.6597349830702202 0.2565568939979886
    outer loop
      vertex 8.63499999850988 16.54218706557087 50.03145167675741
      vertex 8.652110279202457 16.65251257073124 50.26804548608254
      vertex 8.039707058808492 16.084169101992003 50.49261195031584
    endloop
  endfacet
  facet normal 0.6942627592037439 -0.6985317238051068 0.17335700741726692
    outer loop
      vertex 8.070064048718466 16.18161821215948 50.701592241501
      vertex 8.703148343265052 16.760950374224816 50.50059110611937
      vertex 8.113933592337437 16.274825434146635 50.90147577412596
    endloop
  endfacet
  facet normal 0.6942627602395974 -0.6985317173450819 0.1733570292991476
    outer loop
      vertex 8.652110279202457 16.65251257073124 50.26804548608254
      vertex 8.703148343265052 16.760950374224816 50.50059110611937
      vertex 8.070064048718466 16.18161821215948 50.701592241501
    endloop
  endfacet
  facet normal 0.6702979160660378 -0.7363298612909279 0.0922986407744439
    outer loop
      vertex 8.113933592337437 16.274825434146635 50.90147577412596
      vertex 8.703148343265052 16.760950374224816 50.50059110611937
      vertex 8.186214990163466 16.364815291905604 51.094459646896674
    endloop
  endfacet
  facet normal 0.6702979128452548 -0.7363298648738859 0.09229863558092281
    outer loop
      vertex 8.186214990163466 16.364815291905604 51.094459646896674
      vertex 8.787240930497642 16.865645080574367 50.725109628426694
      vertex 8.223674415361403 16.411452024707092 51.19447244315546
    endloop
  endfacet
  facet normal 0.6348640739654652 -0.7724826820193708 0.014768668461714221
    outer loop
      vertex 8.223674415361403 16.411452024707092 51.19447244315546
      vertex 8.787240930497642 16.865645080574367 50.725109628426694
      vertex 8.275217186463392 16.455623407317866 51.28919827886792
    endloop
  endfacet
  facet normal 0.6348640734368448 -0.7724826824847596 0.014768666843238798
    outer loop
      vertex 8.275217186463392 16.455623407317866 51.28919827886792
      vertex 8.902949192225929 16.96480532731157 50.937759463794066
      vertex 8.37467369691424 16.540856146173983 51.47198047722815
    endloop
  endfacet
  facet normal 0.6702979128452582 -0.7363298648738813 0.09229863558093437
    outer loop
      vertex 8.186214990163466 16.364815291905604 51.094459646896674
      vertex 8.703148343265052 16.760950374224816 50.50059110611937
      vertex 8.787240930497642 16.865645080574367 50.725109628426694
    endloop
  endfacet
  facet normal 0.6348640739654567 -0.7724826820193781 0.014768668461701153
    outer loop
      vertex 8.275217186463392 16.455623407317866 51.28919827886792
      vertex 8.787240930497642 16.865645080574367 50.725109628426694
      vertex 8.902949192225929 16.96480532731157 50.937759463794066
    endloop
  endfacet
  facet normal 0.5885675543490405 -0.8063715629816333 -0.05790627239036409
    outer loop
      vertex 8.902949192225929 16.96480532731157 50.937759463794066
      vertex 8.43941789722879 16.581806396214223 51.559798571850116
      vertex 8.37467369691424 16.540856146173983 51.47198047722815
    endloop
  endfacet
  facet normal 0.5885675532638511 -0.806371563611482 -0.057906274649451105
    outer loop
      vertex 8.43941789722879 16.581806396214223 51.559798571850116
      vertex 9.048293315470215 17.056734460113333 51.13490212528389
      vertex 8.564347778165956 16.6608236641315 51.72925164976564
    endloop
  endfacet
  facet normal 0.5885675543490403 -0.8063715629816335 -0.05790627239036468
    outer loop
      vertex 8.902949192225929 16.96480532731157 50.937759463794066
      vertex 9.048293315470215 17.056734460113333 51.13490212528389
      vertex 8.43941789722879 16.581806396214223 51.559798571850116
    endloop
  endfacet
  facet normal 0.5322004578240034 -0.8374166907518121 -0.12448276483997676
    outer loop
      vertex 8.564347778165956 16.6608236641315 51.72925164976564
      vertex 9.048293315470215 17.056734460113333 51.13490212528389
      vertex 8.712613456594452 16.73227345162645 51.88247621354206
    endloop
  endfacet
  facet normal 0.5322004522859729 -0.8374166937108166 -0.12448276861096148
    outer loop
      vertex 8.712613456594452 16.73227345162645 51.88247621354206
      vertex 9.220786437988277 17.139859542248637 51.31316443919097
      vertex 8.789451302031512 16.76930189728021 51.961883971515
    endloop
  endfacet
  facet normal 0.5322004522859812 -0.8374166937108128 -0.12448276861095128
    outer loop
      vertex 8.712613456594452 16.73227345162645 51.88247621354206
      vertex 9.048293315470215 17.056734460113333 51.13490212528389
      vertex 9.220786437988277 17.139859542248637 51.31316443919097
    endloop
  endfacet
  facet normal 0.4667272899927009 -0.8650868477498657 -0.18382160543926868
    outer loop
      vertex 8.789451302031512 16.76930189728021 51.961883971515
      vertex 9.220786437988277 17.139859542248637 51.31316443919097
      vertex 8.877068068761712 16.801774973952796 52.031522709180756
    endloop
  endfacet
  facet normal 0.4667272899926928 -0.8650868477498687 -0.1838216054392739
    outer loop
      vertex 8.877068068761712 16.801774973952796 52.031522709180756
      vertex 9.220786437988277 17.139859542248637 51.31316443919097
      vertex 9.417477138936516 17.212758285849446 51.469496299339355
    endloop
  endfacet
  facet normal 0.466727285324496 -0.8650868491042019 -0.1838216109182767
    outer loop
      vertex 8.877068068761712 16.801774973952796 52.031522709180756
      vertex 9.417477138936516 17.212758285849446 51.469496299339355
      vertex 9.046132669061386 16.864434757245373 52.16589704811086
    endloop
  endfacet
  facet normal 0.3932682561637036 -0.888908613071127 -0.23490754841410483
    outer loop
      vertex 9.046132669061386 16.864434757245373 52.16589704811086
      vertex 9.417477138936516 17.212758285849446 51.469496299339355
      vertex 9.233103453531522 16.917232406370196 52.279121972063834
    endloop
  endfacet
  facet normal 0.39326825385007486 -0.8889086138776799 -0.234907549235385
    outer loop
      vertex 9.233103453531522 16.917232406370196 52.279121972063834
      vertex 9.417477138936516 17.212758285849446 51.469496299339355
      vertex 9.63499999850988 17.27418336656917 51.601222810035665
    endloop
  endfacet
  facet normal 0.3932682538500939 -0.8889086138776752 -0.23490754923537116
    outer loop
      vertex 9.233103453531522 16.917232406370196 52.279121972063834
      vertex 9.63499999850988 17.27418336656917 51.601222810035665
      vertex 9.330000000005388 16.944594487762235 52.337800144978004
    endloop
  endfacet
  facet normal 0.31308033073230457 -0.9084743684829654 -0.276866444911672
    outer loop
      vertex 9.63499999850988 17.27418336656917 51.601222810035665
      vertex 9.531677841665976 16.986626625334313 52.42793835489959
      vertex 9.330000000005388 16.944594487762235 52.337800144978004
    endloop
  endfacet
  facet normal 0.31308032906881916 -0.9084743689440071 -0.27686644527993626
    outer loop
      vertex 9.86963313132524 17.323083791009815 51.70609010866448
      vertex 9.636196237123258 17.00840954166018 52.474651969716774
      vertex 9.531677841665976 16.986626625334313 52.42793835489959
    endloop
  endfacet
  facet normal 0.22753547540092697 -0.9234493565506865 -0.308980409282202
    outer loop
      vertex 9.86963313132524 17.323083791009815 51.70609010866448
      vertex 9.746548148100688 17.0242405788215 52.50860173847352
      vertex 9.636196237123258 17.00840954166018 52.474651969716774
    endloop
  endfacet
  facet normal 0.2275354691797744 -0.9234493569580615 -0.3089804126459842
    outer loop
      vertex 10.117361911237236 17.358622854051333 51.782303875305445
      vertex 9.959482292054568 17.05478801753485 52.57411093220864
      vertex 9.746548148100688 17.0242405788215 52.50860173847352
    endloop
  endfacet
  facet normal 0.1380974571256165 -0.9335773370098581 -0.3306999367357367
    outer loop
      vertex 10.117361911237236 17.358622854051333 51.782303875305445
      vertex 10.180029368353505 17.073328087810584 52.61387024122806
      vertex 9.959482292054568 17.05478801753485 52.57411093220864
    endloop
  endfacet
  facet normal 0.13809743456371806 -0.9335773405226565 -0.33069993624064
    outer loop
      vertex 10.373947613537307 17.380192471968076 51.82856007020064
      vertex 10.294326635663852 17.0829363721481 52.63447527348739
      vertex 10.180029368353505 17.073328087810584 52.61387024122806
    endloop
  endfacet
  facet normal 0.046296540906368894 -0.9386850272301598 -0.3416534061794482
    outer loop
      vertex 10.373947613537307 17.380192471968076 51.82856007020064
      vertex 10.410613607072094 17.08615750611954 52.641383017582136
      vertex 10.294326635663852 17.0829363721481 52.63447527348739
    endloop
  endfacet
  facet normal 0.04629653248809911 -0.9386850268371177 -0.3416534084000599
    outer loop
      vertex 10.63499999850988 17.38742358905227 51.844067250830705
      vertex 10.63499999850988 17.092372978808537 52.65471214178007
      vertex 10.410613607072094 17.08615750611954 52.641383017582136
    endloop
  endfacet
  facet normal 1.288348482197672e-16 -0.9396926210175675 -0.3420201426891906
    outer loop
      vertex 10.63499999850988 17.38742358905227 51.844067250830705
      vertex 36.607000001370906 17.09237297880854 52.65471214178007
      vertex 10.63499999850988 17.092372978808537 52.65471214178007
    endloop
  endfacet
  facet normal 0.3130803290688162 -0.9084743689440077 -0.27686644527993776
    outer loop
      vertex 9.63499999850988 17.27418336656917 51.601222810035665
      vertex 9.86963313132524 17.323083791009815 51.70609010866448
      vertex 9.531677841665976 16.986626625334313 52.42793835489959
    endloop
  endfacet
  facet normal 0.22753547540092636 -0.9234493565506867 -0.3089804092822022
    outer loop
      vertex 9.86963313132524 17.323083791009815 51.70609010866448
      vertex 10.117361911237236 17.358622854051333 51.782303875305445
      vertex 9.746548148100688 17.0242405788215 52.50860173847352
    endloop
  endfacet
  facet normal 0.1380974345637475 -0.933577340522655 -0.33069993624063215
    outer loop
      vertex 10.117361911237236 17.358622854051333 51.782303875305445
      vertex 10.373947613537307 17.380192471968076 51.82856007020064
      vertex 10.180029368353505 17.073328087810584 52.61387024122806
    endloop
  endfacet
  facet normal 0.0462965409063451 -0.9386850272301611 -0.34165340617944767
    outer loop
      vertex 10.373947613537307 17.380192471968076 51.82856007020064
      vertex 10.63499999850988 17.38742358905227 51.844067250830705
      vertex 10.410613607072094 17.08615750611954 52.641383017582136
    endloop
  endfacet
  facet normal -1.4620307972838306e-17 -0.34202014396214636 0.9396926205542495
    outer loop
      vertex 10.63499999850988 1.9398178228902103 20.159952741301225
      vertex 36.607000001370906 1.9398178228902092 20.159952741301225
      vertex 36.607000001370906 2.750462710514243 20.455003351578252
    endloop
  endfacet
  facet normal -0.04629653248810285 -0.34165340967165064 0.9386850263742962
    outer loop
      vertex 36.607000001370906 1.9398178228902092 20.159952741301225
      vertex 36.831386391999544 1.9460332955560313 20.173281865449454
      vertex 36.607000001370906 2.750462710514243 20.455003351578252
    endloop
  endfacet
  facet normal -0.04629654090633647 -0.34165341162537893 0.9386850252480048
    outer loop
      vertex 36.831386391999544 1.9460332955560313 20.173281865449454
      vertex 36.86805238634348 2.7576938275984357 20.470510532208316
      vertex 36.607000001370906 2.750462710514243 20.455003351578252
    endloop
  endfacet
  facet normal -0.0462965409063424 -0.34165341162537866 0.9386850252480046
    outer loop
      vertex 36.831386391999544 1.9460332955560313 20.173281865449454
      vertex 36.94767336392994 1.9492544295415368 20.180189609574366
      vertex 36.86805238634348 2.7576938275984357 20.470510532208316
    endloop
  endfacet
  facet normal -0.13809743456377024 -0.34676109867513355 0.9277315554687787
    outer loop
      vertex 36.94767336392994 1.9492544295415368 20.180189609574366
      vertex 37.06197063175288 1.9588627139209462 20.20079464192354
      vertex 36.86805238634348 2.7576938275984357 20.470510532208316
    endloop
  endfacet
  facet normal -0.1380974571256163 -0.346761096037883 0.9277315530960691
    outer loop
      vertex 37.06197063175288 1.9588627139209462 20.20079464192354
      vertex 37.28251770725925 1.9774027841277384 20.24055395079511
      vertex 37.12463808864355 2.77926344551518 20.516766727103523
    endloop
  endfacet
  facet normal -0.13809743456377474 -0.3467610986751343 0.9277315554687776
    outer loop
      vertex 37.06197063175288 1.9588627139209462 20.20079464192354
      vertex 37.12463808864355 2.77926344551518 20.516766727103523
      vertex 36.86805238634348 2.7576938275984357 20.470510532208316
    endloop
  endfacet
  facet normal -0.22753546917975875 -0.3568890766855779 0.9060120292841938
    outer loop
      vertex 37.12463808864355 2.77926344551518 20.516766727103523
      vertex 37.28251770725925 1.9774027841277384 20.24055395079511
      vertex 37.49545185045386 2.0079502227282062 20.306063144288157
    endloop
  endfacet
  facet normal -0.22753547540090033 -0.35688907900052674 0.9060120268099328
    outer loop
      vertex 37.49545185045386 2.0079502227282062 20.306063144288157
      vertex 37.60580376192439 2.0237812599582212 20.340012913192208
      vertex 37.372366868555545 2.8148025085566957 20.592980493744477
    endloop
  endfacet
  facet normal -0.2275354754009054 -0.356889079000527 0.9060120268099313
    outer loop
      vertex 37.12463808864355 2.77926344551518 20.516766727103523
      vertex 37.49545185045386 2.0079502227282062 20.306063144288157
      vertex 37.372366868555545 2.8148025085566957 20.592980493744477
    endloop
  endfacet
  facet normal -0.31308032906882893 -0.3718640661822095 0.8738980626094711
    outer loop
      vertex 37.60580376192439 2.0237812599582212 20.340012913192208
      vertex 37.71032215784712 2.045564176378116 20.386726528211042
      vertex 37.372366868555545 2.8148025085566957 20.592980493744477
    endloop
  endfacet
  facet normal -0.31308033073232777 -0.37186406616796297 0.8738980620195728
    outer loop
      vertex 37.71032215784712 2.045564176378116 20.386726528211042
      vertex 37.91199999879612 2.0875963137961495 20.476864737802277
      vertex 37.607000001370906 2.863702932997342 20.6978477923733
    endloop
  endfacet
  facet normal -0.39326825385009634 -0.39142982040574914 0.8319391661719138
    outer loop
      vertex 37.91199999879612 2.0875963137961495 20.476864737802277
      vertex 38.00889654569924 2.1149583953053677 20.53554291096775
      vertex 37.607000001370906 2.863702932997342 20.6978477923733
    endloop
  endfacet
  facet normal -0.31308032906882244 -0.37186406618220746 0.8738980626094743
    outer loop
      vertex 37.71032215784712 2.045564176378116 20.386726528211042
      vertex 37.607000001370906 2.863702932997342 20.6978477923733
      vertex 37.372366868555545 2.8148025085566957 20.592980493744477
    endloop
  endfacet
  facet normal -0.3932682538500863 -0.39142982040574503 0.8319391661719204
    outer loop
      vertex 38.00889654569924 2.1149583953053677 20.53554291096775
      vertex 37.82452286094427 2.925128013717068 20.82957430306961
      vertex 37.607000001370906 2.863702932997342 20.6978477923733
    endloop
  endfacet
  facet normal -0.3932682561636918 -0.3914298205164389 0.8319391650261677
    outer loop
      vertex 38.00889654569924 2.1149583953053677 20.53554291096775
      vertex 38.19586732951953 2.1677560442389034 20.6487678345105
      vertex 37.82452286094427 2.925128013717068 20.82957430306961
    endloop
  endfacet
  facet normal -0.4667272853244924 -0.41525158433782716 0.780853227462469
    outer loop
      vertex 38.19586732951953 2.1677560442389034 20.6487678345105
      vertex 38.36493192924353 2.230415827307911 20.783142172961153
      vertex 37.82452286094427 2.925128013717068 20.82957430306961
    endloop
  endfacet
  facet normal -0.46672728999273 -0.41525158766445 0.780853222903124
    outer loop
      vertex 38.36493192924353 2.230415827307911 20.783142172961153
      vertex 38.45254869635895 2.262888904117977 20.852780910921744
      vertex 38.02121356189251 2.998026757317877 20.985906163217997
    endloop
  endfacet
  facet normal -0.5322004522859587 -0.4429217417034809 0.7215143860748556
    outer loop
      vertex 38.45254869635895 2.262888904117977 20.852780910921744
      vertex 38.52938654213244 2.2999173499269814 20.932188669227596
      vertex 38.02121356189251 2.998026757317877 20.985906163217997
    endloop
  endfacet
  facet normal -0.532200457824013 -0.44292174269022117 0.7215143813841609
    outer loop
      vertex 38.52938654213244 2.2999173499269814 20.932188669227596
      vertex 38.67765222006775 2.371367137170985 21.085413232465864
      vertex 38.19370668441057 3.081151839453181 21.16416847712508
    endloop
  endfacet
  facet normal -0.5885675532638408 -0.4739668699760805 0.654937891261525
    outer loop
      vertex 38.19370668441057 3.081151839453181 21.16416847712508
      vertex 38.67765222006775 2.371367137170985 21.085413232465864
      vertex 38.80258210060264 2.4503844048163943 21.254866309798363
    endloop
  endfacet
  facet normal -0.4667272899926923 -0.41525158766444037 0.7808532229031515
    outer loop
      vertex 38.36493192924353 2.230415827307911 20.783142172961153
      vertex 38.02121356189251 2.998026757317877 20.985906163217997
      vertex 37.82452286094427 2.925128013717068 20.82957430306961
    endloop
  endfacet
  facet normal -0.5322004522859793 -0.44292174170349397 0.7215143860748325
    outer loop
      vertex 38.52938654213244 2.2999173499269814 20.932188669227596
      vertex 38.19370668441057 3.081151839453181 21.16416847712508
      vertex 38.02121356189251 2.998026757317877 20.985906163217997
    endloop
  endfacet
  facet normal -0.5885675543490372 -0.473966871301791 0.6549378893269077
    outer loop
      vertex 38.19370668441057 3.081151839453181 21.16416847712508
      vertex 38.80258210060264 2.4503844048163943 21.254866309798363
      vertex 38.33905080765486 3.173080972254943 21.3613111386149
    endloop
  endfacet
  facet normal -0.5885675543490629 -0.4739668713018028 0.6549378893268758
    outer loop
      vertex 38.33905080765486 3.173080972254943 21.3613111386149
      vertex 38.80258210060264 2.4503844048163943 21.254866309798363
      vertex 38.86732630119877 2.4913346550257045 21.342684404782904
    endloop
  endfacet
  facet normal -0.6348640739654579 -0.5078557531068327 0.5822629488678406
    outer loop
      vertex 38.33905080765486 3.173080972254943 21.3613111386149
      vertex 38.9667828113423 2.576567393594836 21.52546660252769
      vertex 38.454759069383144 3.2722412189921455 21.573960973982267
    endloop
  endfacet
  facet normal -0.6348640734368455 -0.5078557521661592 0.5822629502646726
    outer loop
      vertex 38.33905080765486 3.173080972254943 21.3613111386149
      vertex 38.86732630119877 2.4913346550257045 21.342684404782904
      vertex 38.9667828113423 2.576567393594836 21.52546660252769
    endloop
  endfacet
  facet normal -0.6348640739654511 -0.5078557531068284 0.5822629488678517
    outer loop
      vertex 38.454759069383144 3.2722412189921455 21.573960973982267
      vertex 38.9667828113423 2.576567393594836 21.52546660252769
      vertex 39.01832558266826 2.6207387763853074 21.62019243862552
    endloop
  endfacet
  facet normal -0.6702979128452521 -0.5440085706773269 0.5047329819468017
    outer loop
      vertex 38.454759069383144 3.2722412189921455 21.573960973982267
      vertex 39.01832558266826 2.6207387763853074 21.62019243862552
      vertex 39.05578500803086 2.6673755093740175 21.720205235285796
    endloop
  endfacet
  facet normal -0.6702979128452551 -0.5440085706773322 0.5047329819467924
    outer loop
      vertex 38.454759069383144 3.2722412189921455 21.573960973982267
      vertex 39.05578500803086 2.6673755093740175 21.720205235285796
      vertex 38.53885165661573 3.376935925341697 21.798479496289595
    endloop
  endfacet
  facet normal -0.6702979160660368 -0.5440085723527143 0.5047329758637628
    outer loop
      vertex 38.53885165661573 3.376935925341697 21.798479496289595
      vertex 39.05578500803086 2.6673755093740175 21.720205235285796
      vertex 39.12806640564633 2.7573653668365363 21.913189107420774
    endloop
  endfacet
  facet normal -0.6942627592037428 -0.5818067092426341 0.42367460894306974
    outer loop
      vertex 38.53885165661573 3.376935925341697 21.798479496289595
      vertex 39.12806640564633 2.7573653668365363 21.913189107420774
      vertex 39.17193594915217 2.8505725885247815 22.113072639404727
    endloop
  endfacet
  facet normal -0.6942627602395978 -0.581806721852707 0.4236745899289943
    outer loop
      vertex 38.58988972067833 3.4853737288352695 22.03102511632642
      vertex 39.17193594915217 2.8505725885247815 22.113072639404727
      vertex 39.19467108686744 2.8988767011542285 22.216661143244256
    endloop
  endfacet
  facet normal -0.7063485770180626 -0.620603455785326 0.34047472507055354
    outer loop
      vertex 38.58988972067833 3.4853737288352695 22.03102511632642
      vertex 39.19467108686744 2.8988767011542285 22.216661143244256
      vertex 39.20229293920977 2.9480216990730503 22.322052931406493
    endloop
  endfacet
  facet normal -0.7063485788645086 -0.6206034581696344 0.3404747168938976
    outer loop
      vertex 38.607000001370906 3.595699233995642 22.26761892565155
      vertex 39.20229293920977 2.9480216990730503 22.322052931406493
      vertex 39.21700000049181 3.042851485448938 22.525416064592626
    endloop
  endfacet
  facet normal -0.6942627602395967 -0.5818067218527052 0.4236745899289988
    outer loop
      vertex 38.53885165661573 3.376935925341697 21.798479496289595
      vertex 39.17193594915217 2.8505725885247815 22.113072639404727
      vertex 38.58988972067833 3.4853737288352695 22.03102511632642
    endloop
  endfacet
  facet normal -0.7063485770180626 -0.6206034557853234 0.34047472507055804
    outer loop
      vertex 38.58988972067833 3.4853737288352695 22.03102511632642
      vertex 39.20229293920977 2.9480216990730503 22.322052931406493
      vertex 38.607000001370906 3.595699233995642 22.26761892565155
    endloop
  endfacet
  facet normal -0.7071067807076038 -0.640856382489859 0.2988362389325303
    outer loop
      vertex 38.607000001370906 3.595699233995642 22.26761892565155
      vertex 39.21700000049181 3.042851485448938 22.525416064592626
      vertex 38.607000001370906 16.54218706557087 50.03145167675741
    endloop
  endfacet
  facet normal -0.7071067807076047 -0.6408563824898582 0.29883623893252975
    outer loop
      vertex 39.21700000049181 3.042851485448938 22.525416064592626
      vertex 39.21700000237279 15.989339315319414 50.289248816493426
      vertex 38.607000001370906 16.54218706557087 50.03145167675741
    endloop
  endfacet
  facet normal -0.04629654090633953 -0.9386850272301613 -0.3416534061794477
    outer loop
      vertex 36.86805238634348 17.380192471968076 51.82856007020064
      vertex 36.94767336421693 17.082936372148104 52.63447527348739
      vertex 36.83138639280869 17.08615750611954 52.641383017582136
    endloop
  endfacet
  facet normal -0.1380974345637437 -0.9335773405226552 -0.3306999362406331
    outer loop
      vertex 36.86805238634348 17.380192471968076 51.82856007020064
      vertex 37.06197063152728 17.073328087810584 52.61387024122806
      vertex 36.94767336421693 17.082936372148104 52.63447527348739
    endloop
  endfacet
  facet normal -0.1380974571256176 -0.9335773370098579 -0.3306999367357368
    outer loop
      vertex 37.12463808864355 17.358622854051333 51.782303875305445
      vertex 37.282517707826216 17.05478801753485 52.57411093220864
      vertex 37.06197063152728 17.073328087810584 52.61387024122806
    endloop
  endfacet
  facet normal -0.04629653248811448 -0.9386850268371183 -0.34165340840005604
    outer loop
      vertex 36.607000001370906 17.38742358905227 51.844067250830705
      vertex 36.83138639280869 17.08615750611954 52.641383017582136
      vertex 36.607000001370906 17.09237297880854 52.65471214178007
    endloop
  endfacet
  facet normal -0.5322004522859808 -0.8374166937108134 -0.12448276861095049
    outer loop
      vertex 38.02121356189251 17.139859542248637 51.31316443919097
      vertex 38.19370668441057 17.056734460113333 51.13490212528389
      vertex 38.529386543286336 16.73227345162645 51.88247621354206
    endloop
  endfacet
  facet normal -0.6348640739654591 -0.7724826820193762 0.014768668461699035
    outer loop
      vertex 38.33905080765486 16.96480532731157 50.937759463794066
      vertex 38.454759069383144 16.865645080574367 50.725109628426694
      vertex 39.01832558451938 16.411452024707092 51.19447244315546
    endloop
  endfacet
  facet normal -0.5885675543490403 -0.8063715629816334 -0.05790627239036472
    outer loop
      vertex 38.19370668441057 17.056734460113333 51.13490212528389
      vertex 38.33905080765486 16.96480532731157 50.937759463794066
      vertex 38.867326302966546 16.540856146173983 51.47198047722815
    endloop
  endfacet
  facet normal -0.5885675532638509 -0.806371563611482 -0.057906274649450994
    outer loop
      vertex 38.19370668441057 17.056734460113333 51.13490212528389
      vertex 38.802582102651996 16.581806396214223 51.559798571850116
      vertex 38.67765222171483 16.6608236641315 51.72925164976564
    endloop
  endfacet
  facet normal -0.5885675543490406 -0.8063715629816333 -0.0579062723903636
    outer loop
      vertex 38.19370668441057 17.056734460113333 51.13490212528389
      vertex 38.867326302966546 16.540856146173983 51.47198047722815
      vertex 38.802582102651996 16.581806396214223 51.559798571850116
    endloop
  endfacet
  facet normal -0.22753546917977452 -0.9234493569580613 -0.3089804126459845
    outer loop
      vertex 37.12463808864355 17.358622854051333 51.782303875305445
      vertex 37.495451851780096 17.0242405788215 52.50860173847352
      vertex 37.282517707826216 17.05478801753485 52.57411093220864
    endloop
  endfacet
  facet normal -0.22753547540091704 -0.9234493565506882 -0.30898040928220466
    outer loop
      vertex 37.372366868555545 17.323083791009815 51.70609010866448
      vertex 37.60580376275753 17.00840954166018 52.474651969716774
      vertex 37.495451851780096 17.0242405788215 52.50860173847352
    endloop
  endfacet
  facet normal -0.39326825385007524 -0.8889086138776797 -0.23490754923538568
    outer loop
      vertex 37.607000001370906 17.27418336656917 51.601222810035665
      vertex 37.82452286094427 17.212758285849446 51.469496299339355
      vertex 38.00889654634926 16.917232406370196 52.279121972063834
    endloop
  endfacet
  facet normal -0.31308033073230235 -0.9084743684829659 -0.27686644491167306
    outer loop
      vertex 37.607000001370906 17.27418336656917 51.601222810035665
      vertex 37.9119999998754 16.944594487762235 52.337800144978004
      vertex 37.71032215821481 16.986626625334313 52.42793835489959
    endloop
  endfacet
  facet normal -0.31308032906883165 -0.9084743689440048 -0.27686644527992976
    outer loop
      vertex 37.372366868555545 17.323083791009815 51.70609010866448
      vertex 37.71032215821481 16.986626625334313 52.42793835489959
      vertex 37.60580376275753 17.00840954166018 52.474651969716774
    endloop
  endfacet
  facet normal -0.3932682538500992 -0.8889086138776736 -0.23490754923536844
    outer loop
      vertex 37.607000001370906 17.27418336656917 51.601222810035665
      vertex 38.00889654634926 16.917232406370196 52.279121972063834
      vertex 37.9119999998754 16.944594487762235 52.337800144978004
    endloop
  endfacet
  facet normal -0.4667272899926802 -0.8650868477498739 -0.18382160543928255
    outer loop
      vertex 38.02121356189251 17.139859542248637 51.31316443919097
      vertex 38.452548697849274 16.769301897280215 51.961883971515
      vertex 38.364931931119074 16.801774973952796 52.031522709180756
    endloop
  endfacet
  facet normal -0.4667272899926928 -0.8650868477498687 -0.183821605439274
    outer loop
      vertex 37.82452286094427 17.212758285849446 51.469496299339355
      vertex 38.02121356189251 17.139859542248637 51.31316443919097
      vertex 38.364931931119074 16.801774973952796 52.031522709180756
    endloop
  endfacet
  facet normal -0.46672728532449137 -0.8650868491042033 -0.18382161091828234
    outer loop
      vertex 37.82452286094427 17.212758285849446 51.469496299339355
      vertex 38.364931931119074 16.801774973952796 52.031522709180756
      vertex 38.1958673308194 16.864434757245373 52.16589704811086
    endloop
  endfacet
  facet normal -0.39326825616370686 -0.8889086130711256 -0.23490754841410452
    outer loop
      vertex 37.82452286094427 17.212758285849446 51.469496299339355
      vertex 38.1958673308194 16.864434757245373 52.16589704811086
      vertex 38.00889654634926 16.917232406370196 52.279121972063834
    endloop
  endfacet
  facet normal -0.5322004522859831 -0.8374166937108123 -0.12448276861094774
    outer loop
      vertex 38.02121356189251 17.139859542248637 51.31316443919097
      vertex 38.529386543286336 16.73227345162645 51.88247621354206
      vertex 38.452548697849274 16.769301897280215 51.961883971515
    endloop
  endfacet
  facet normal -0.5322004578240059 -0.8374166907518109 -0.12448276483997377
    outer loop
      vertex 38.19370668441057 17.056734460113333 51.13490212528389
      vertex 38.67765222171483 16.6608236641315 51.72925164976564
      vertex 38.529386543286336 16.73227345162645 51.88247621354206
    endloop
  endfacet
  facet normal -0.7063485788645099 -0.6597349783391355 0.25655690108034035
    outer loop
      vertex 38.607000001370906 16.54218706557087 50.03145167675741
      vertex 39.21700000237279 15.989339315319414 50.289248816493426
      vertex 39.202292941072294 16.084169101992003 50.49261195031584
    endloop
  endfacet
  facet normal -0.706348577018062 -0.6597349830702236 0.25655689399797976
    outer loop
      vertex 38.58988972067833 16.65251257073124 50.26804548608254
      vertex 39.202292941072294 16.084169101992003 50.49261195031584
      vertex 39.1946710887738 16.133314099720195 50.598003738069266
    endloop
  endfacet
  facet normal -0.6942627602395988 -0.6985317173450799 0.17335702929915128
    outer loop
      vertex 38.58988972067833 16.65251257073124 50.26804548608254
      vertex 39.1946710887738 16.133314099720195 50.598003738069266
      vertex 39.17193595116232 16.18161821215948 50.70159224150099
    endloop
  endfacet
  facet normal -0.7063485770180621 -0.6597349830702202 0.2565568939979886
    outer loop
      vertex 38.607000001370906 16.54218706557087 50.03145167675741
      vertex 39.202292941072294 16.084169101992003 50.49261195031584
      vertex 38.58988972067833 16.65251257073124 50.26804548608254
    endloop
  endfacet
  facet normal -0.6942627602395975 -0.6985317173450819 0.1733570292991476
    outer loop
      vertex 38.58988972067833 16.65251257073124 50.26804548608254
      vertex 39.17193595116232 16.18161821215948 50.70159224150099
      vertex 38.53885165661573 16.760950374224816 50.50059110611937
    endloop
  endfacet
  facet normal -0.6942627592037446 -0.698531723805102 0.17335700741728316
    outer loop
      vertex 38.53885165661573 16.760950374224816 50.50059110611937
      vertex 39.17193595116232 16.18161821215948 50.70159224150099
      vertex 39.12806640754335 16.27482543414664 50.90147577412596
    endloop
  endfacet
  facet normal -0.6702979128452558 -0.7363298648738854 0.09229863558092166
    outer loop
      vertex 38.454759069383144 16.865645080574367 50.725109628426694
      vertex 39.05578500971732 16.364815291905604 51.094459646896674
      vertex 39.01832558451938 16.411452024707092 51.19447244315546
    endloop
  endfacet
  facet normal -0.6702979160660283 -0.7363298612909386 0.09229864077442647
    outer loop
      vertex 38.53885165661573 16.760950374224816 50.50059110611937
      vertex 39.12806640754335 16.27482543414664 50.90147577412596
      vertex 39.05578500971732 16.364815291905604 51.094459646896674
    endloop
  endfacet
  facet normal -0.634864073436848 -0.7724826824847567 0.014768666843244342
    outer loop
      vertex 38.33905080765486 16.96480532731157 50.937759463794066
      vertex 38.966782813417396 16.455623407317862 51.28919827886792
      vertex 38.867326302966546 16.540856146173983 51.47198047722815
    endloop
  endfacet
  facet normal -0.6348640739654619 -0.7724826820193735 0.014768668461712387
    outer loop
      vertex 38.33905080765486 16.96480532731157 50.937759463794066
      vertex 39.01832558451938 16.411452024707092 51.19447244315546
      vertex 38.966782813417396 16.455623407317862 51.28919827886792
    endloop
  endfacet
  facet normal -0.6702979128452592 -0.7363298648738806 0.09229863558093378
    outer loop
      vertex 38.454759069383144 16.865645080574367 50.725109628426694
      vertex 38.53885165661573 16.760950374224816 50.50059110611937
      vertex 39.05578500971732 16.364815291905604 51.094459646896674
    endloop
  endfacet
  facet normal 0 -0.9396926210175688 -0.342020142689187
    outer loop
      vertex 10.63499999850988 17.38742358905227 51.844067250830705
      vertex 36.607000001370906 17.38742358905227 51.844067250830705
      vertex 36.607000001370906 17.09237297880854 52.65471214178007
    endloop
  endfacet
  facet normal -0.0462965409063451 -0.9386850272301611 -0.3416534061794479
    outer loop
      vertex 36.607000001370906 17.38742358905227 51.844067250830705
      vertex 36.86805238634348 17.380192471968076 51.82856007020064
      vertex 36.83138639280869 17.08615750611954 52.641383017582136
    endloop
  endfacet
  facet normal -0.1380974345637475 -0.933577340522655 -0.3306999362406322
    outer loop
      vertex 36.86805238634348 17.380192471968076 51.82856007020064
      vertex 37.12463808864355 17.358622854051333 51.782303875305445
      vertex 37.06197063152728 17.073328087810584 52.61387024122806
    endloop
  endfacet
  facet normal -0.22753547540092645 -0.9234493565506865 -0.30898040928220266
    outer loop
      vertex 37.12463808864355 17.358622854051333 51.782303875305445
      vertex 37.372366868555545 17.323083791009815 51.70609010866448
      vertex 37.495451851780096 17.0242405788215 52.50860173847352
    endloop
  endfacet
  facet normal -0.3130803290688165 -0.9084743689440075 -0.2768664452799383
    outer loop
      vertex 37.372366868555545 17.323083791009815 51.70609010866448
      vertex 37.607000001370906 17.27418336656917 51.601222810035665
      vertex 37.71032215821481 16.986626625334313 52.42793835489959
    endloop
  endfacet
  facet normal 0.9469301319984059 0.135846184964688 0.2913230837816004
    outer loop
      vertex 8.787240930497642 3.2722412189921455 21.573960973982267
      vertex 8.703148343265052 3.73039596228599 21.633658374210725
      vertex 8.703148343265052 3.376935925341697 21.798479496289595
    endloop
  endfacet
  facet normal 0.8968727332159222 0.18691928457526966 0.4008496993483601
    outer loop
      vertex 8.902949192225929 3.173080972254943 21.3613111386149
      vertex 8.787240930497642 3.6257012559364385 21.409139851903394
      vertex 8.787240930497642 3.2722412189921455 21.573960973982267
    endloop
  endfacet
  facet normal 0.8968727332159222 0.18691928457526968 0.4008496993483602
    outer loop
      vertex 8.902949192225929 3.173080972254943 21.3613111386149
      vertex 8.902949192225929 3.526541009199236 21.19649001653603
      vertex 8.787240930497642 3.6257012559364385 21.409139851903394
    endloop
  endfacet
  facet normal 0.9469301319984071 0.13584618496468884 0.2913230837815958
    outer loop
      vertex 8.787240930497642 3.6257012559364385 21.409139851903394
      vertex 8.703148343265052 3.73039596228599 21.633658374210725
      vertex 8.787240930497642 3.2722412189921455 21.573960973982267
    endloop
  endfacet
  facet normal 0.9807852843656898 0.08244872435406773 0.17681185996448312
    outer loop
      vertex 8.703148343265052 3.376935925341697 21.798479496289595
      vertex 8.652110279202457 3.8388337657795635 21.866203994247545
      vertex 8.652110279202457 3.4853737288352695 22.03102511632642
    endloop
  endfacet
  facet normal 0.9807852843656893 0.08244872435406733 0.17681185996448562
    outer loop
      vertex 8.703148343265052 3.376935925341697 21.798479496289595
      vertex 8.703148343265052 3.73039596228599 21.633658374210725
      vertex 8.652110279202457 3.8388337657795635 21.866203994247545
    endloop
  endfacet
  facet normal 0.9978589223891016 0.027640562265155526 0.05927537706440135
    outer loop
      vertex 8.652110279202457 3.8388337657795635 21.866203994247545
      vertex 8.63499999850988 3.9491592709399357 22.102797803572678
      vertex 8.652110279202457 3.4853737288352695 22.03102511632642
    endloop
  endfacet
  facet normal 0.9978589223891016 0.02764056226515553 0.059275377064401294
    outer loop
      vertex 8.652110279202457 3.4853737288352695 22.03102511632642
      vertex 8.63499999850988 3.9491592709399357 22.102797803572678
      vertex 8.63499999850988 3.595699233995642 22.26761892565155
    endloop
  endfacet
  facet normal 0.6593458308664191 0.3177412267008046 0.68139825959107
    outer loop
      vertex 9.220786437988277 2.998026757317877 20.985906163217997
      vertex 9.417477138936516 2.925128013717068 20.82957430306961
      vertex 9.220786437988277 3.35148679426217 20.821085041139124
    endloop
  endfacet
  facet normal 0.6593458308664187 0.3177412267008045 0.6813982595910705
    outer loop
      vertex 9.220786437988277 3.35148679426217 20.821085041139124
      vertex 9.417477138936516 2.925128013717068 20.82957430306961
      vertex 9.417477138936516 3.2785880506613614 20.664753180990736
    endloop
  endfacet
  facet normal 0.555570220383252 0.3513942458098248 0.7535673919664047
    outer loop
      vertex 9.417477138936516 2.925128013717068 20.82957430306961
      vertex 9.63499999850988 2.863702932997342 20.6978477923733
      vertex 9.417477138936516 3.2785880506613614 20.664753180990736
    endloop
  endfacet
  facet normal 0.555570220383252 0.3513942458098248 0.7535673919664047
    outer loop
      vertex 9.63499999850988 3.2171629699416355 20.533026670294426
      vertex 9.417477138936516 3.2785880506613614 20.664753180990736
      vertex 9.63499999850988 2.863702932997342 20.6978477923733
    endloop
  endfacet
  facet normal 0.7518397936522575 0.27865158892674424 0.5975702608643872
    outer loop
      vertex 9.220786437988277 2.998026757317877 20.985906163217997
      vertex 9.048293315470215 3.434611876397475 20.999347355046208
      vertex 9.048293315470215 3.081151839453181 21.16416847712508
    endloop
  endfacet
  facet normal 0.32143945792867407 0.4001899663750588 0.8582101524097984
    outer loop
      vertex 9.86963313132524 3.1682625455009887 20.428159371665604
      vertex 9.86963313132524 2.8148025085566957 20.592980493744477
      vertex 10.117361911237236 2.77926344551518 20.516766727103523
    endloop
  endfacet
  facet normal 0.3214394579286734 0.4001899663750585 0.8582101524097989
    outer loop
      vertex 9.86963313132524 3.1682625455009887 20.428159371665604
      vertex 10.117361911237236 2.77926344551518 20.516766727103523
      vertex 10.117361911237236 3.1327234824594736 20.35194560502465
    endloop
  endfacet
  facet normal 0.4422887070837349 0.37903479551434355 0.8128427420944336
    outer loop
      vertex 9.63499999850988 3.2171629699416355 20.533026670294426
      vertex 9.63499999850988 2.863702932997342 20.6978477923733
      vertex 9.86963313132524 2.8148025085566957 20.592980493744477
    endloop
  endfacet
  facet normal 0.44228870708373547 0.3790347955143438 0.8128427420944331
    outer loop
      vertex 9.63499999850988 3.2171629699416355 20.533026670294426
      vertex 9.86963313132524 2.8148025085566957 20.592980493744477
      vertex 9.86963313132524 3.1682625455009887 20.428159371665604
    endloop
  endfacet
  facet normal 0.19509030209550454 0.41449777201948557 0.8888933406315784
    outer loop
      vertex 10.117361911237236 2.77926344551518 20.516766727103523
      vertex 10.373947613537307 2.7576938275984357 20.470510532208316
      vertex 10.117361911237236 3.1327234824594736 20.35194560502465
    endloop
  endfacet
  facet normal 0.19509030209550451 0.41449777201948557 0.8888933406315784
    outer loop
      vertex 10.117361911237236 3.1327234824594736 20.35194560502465
      vertex 10.373947613537307 2.7576938275984357 20.470510532208316
      vertex 10.373947613537307 3.1111538645427292 20.305689410129443
    endloop
  endfacet
  facet normal 0.8314696207458855 0.2347941208132672 0.5035176169790072
    outer loop
      vertex 8.902949192225929 3.173080972254943 21.3613111386149
      vertex 9.048293315470215 3.081151839453181 21.16416847712508
      vertex 8.902949192225929 3.526541009199236 21.19649001653603
    endloop
  endfacet
  facet normal 0.8314696207458849 0.234794120813267 0.5035176169790081
    outer loop
      vertex 8.902949192225929 3.526541009199236 21.19649001653603
      vertex 9.048293315470215 3.081151839453181 21.16416847712508
      vertex 9.048293315470215 3.434611876397475 20.999347355046208
    endloop
  endfacet
  facet normal 0.751839793652258 0.27865158892674446 0.5975702608643862
    outer loop
      vertex 9.220786437988277 2.998026757317877 20.985906163217997
      vertex 9.220786437988277 3.35148679426217 20.821085041139124
      vertex 9.048293315470215 3.434611876397475 20.999347355046208
    endloop
  endfacet
  facet normal 0.06540314219102805 0.42171340324253054 0.9043673117252431
    outer loop
      vertex 10.373947613537307 2.7576938275984357 20.470510532208316
      vertex 10.63499999850988 2.750462710514243 20.455003351578252
      vertex 10.373947613537307 3.1111538645427292 20.305689410129443
    endloop
  endfacet
  facet normal 0.06540314219102805 0.4217134032425305 0.9043673117252431
    outer loop
      vertex 10.373947613537307 3.1111538645427292 20.305689410129443
      vertex 10.63499999850988 2.750462710514243 20.455003351578252
      vertex 10.63499999850988 3.1039227474585367 20.29018222949938
    endloop
  endfacet
  facet normal 1 0 0
    outer loop
      vertex 8.63499999850988 3.595699233995642 22.26761892565155
      vertex 8.63499999850988 3.9491592709399357 22.102797803572678
      vertex 8.63499999850988 16.895647102515163 49.86663055467854
    endloop
  endfacet
  facet normal 0 0.4226182617407001 0.9063077870366496
    outer loop
      vertex 10.63499999850988 2.750462710514243 20.455003351578252
      vertex 36.607000001370906 2.750462710514243 20.455003351578252
      vertex 10.63499999850988 3.1039227474585367 20.29018222949938
    endloop
  endfacet
  facet normal 1 0 0
    outer loop
      vertex 8.63499999850988 3.595699233995642 22.26761892565155
      vertex 8.63499999850988 16.895647102515163 49.86663055467854
      vertex 8.63499999850988 16.54218706557087 50.03145167675741
    endloop
  endfacet
  facet normal 0.9978589223891016 -0.027640562265155492 -0.059275377064402696
    outer loop
      vertex 8.63499999850988 16.54218706557087 50.03145167675741
      vertex 8.652110279202457 17.005972607675535 50.10322436400367
      vertex 8.652110279202457 16.65251257073124 50.26804548608254
    endloop
  endfacet
  facet normal 0.9978589223891018 -0.027640562265155866 -0.05927537706440035
    outer loop
      vertex 8.63499999850988 16.54218706557087 50.03145167675741
      vertex 8.63499999850988 16.895647102515163 49.86663055467854
      vertex 8.652110279202457 17.005972607675535 50.10322436400367
    endloop
  endfacet
  facet normal 0.98078528436569 -0.08244872435406565 -0.1768118599644829
    outer loop
      vertex 8.652110279202457 16.65251257073124 50.26804548608254
      vertex 8.652110279202457 17.005972607675535 50.10322436400367
      vertex 8.703148343265052 17.11441041116911 50.335769984040496
    endloop
  endfacet
  facet normal 0.9807852843656909 -0.08244872435406657 -0.17681185996447726
    outer loop
      vertex 8.652110279202457 16.65251257073124 50.26804548608254
      vertex 8.703148343265052 17.11441041116911 50.335769984040496
      vertex 8.703148343265052 16.760950374224816 50.50059110611937
    endloop
  endfacet
  facet normal 0.9469301319984054 -0.135846184964693 -0.29132308378159993
    outer loop
      vertex 8.703148343265052 17.11441041116911 50.335769984040496
      vertex 8.787240930497642 17.21910511751866 50.560288506347824
      vertex 8.703148343265052 16.760950374224816 50.50059110611937
    endloop
  endfacet
  facet normal 0.9469301319984034 -0.13584618496469172 -0.2913230837816069
    outer loop
      vertex 8.703148343265052 16.760950374224816 50.50059110611937
      vertex 8.787240930497642 17.21910511751866 50.560288506347824
      vertex 8.787240930497642 16.865645080574367 50.725109628426694
    endloop
  endfacet
  facet normal 0.8968727332159232 -0.1869192845752662 -0.40084969934835923
    outer loop
      vertex 8.787240930497642 16.865645080574367 50.725109628426694
      vertex 8.787240930497642 17.21910511751866 50.560288506347824
      vertex 8.902949192225929 17.318265364255865 50.77293834171519
    endloop
  endfacet
  facet normal 0.8968727332159269 -0.18691928457526807 -0.40084969934835
    outer loop
      vertex 8.787240930497642 16.865645080574367 50.725109628426694
      vertex 8.902949192225929 17.318265364255865 50.77293834171519
      vertex 8.902949192225929 16.96480532731157 50.937759463794066
    endloop
  endfacet
  facet normal 0.8314696207458859 -0.23479412081327203 -0.5035176169790042
    outer loop
      vertex 8.902949192225929 16.96480532731157 50.937759463794066
      vertex 9.048293315470215 17.410194497057624 50.97008100320501
      vertex 9.048293315470215 17.056734460113333 51.13490212528389
    endloop
  endfacet
  facet normal 0.831469620745884 -0.2347941208132712 -0.5035176169790075
    outer loop
      vertex 8.902949192225929 16.96480532731157 50.937759463794066
      vertex 8.902949192225929 17.318265364255865 50.77293834171519
      vertex 9.048293315470215 17.410194497057624 50.97008100320501
    endloop
  endfacet
  facet normal 0.7518397936522574 -0.27865158892675085 -0.5975702608643841
    outer loop
      vertex 9.048293315470215 17.056734460113333 51.13490212528389
      vertex 9.048293315470215 17.410194497057624 50.97008100320501
      vertex 9.220786437988277 17.493319579192928 51.148343317112094
    endloop
  endfacet
  facet normal 0.7518397936522574 -0.27865158892675085 -0.597570260864384
    outer loop
      vertex 9.048293315470215 17.056734460113333 51.13490212528389
      vertex 9.220786437988277 17.493319579192928 51.148343317112094
      vertex 9.220786437988277 17.139859542248637 51.31316443919097
    endloop
  endfacet
  facet normal 0.6593458308664126 -0.31774122670081406 -0.6813982595910719
    outer loop
      vertex 9.220786437988277 17.139859542248637 51.31316443919097
      vertex 9.220786437988277 17.493319579192928 51.148343317112094
      vertex 9.417477138936516 17.566218322793738 51.30467517726048
    endloop
  endfacet
  facet normal 0.6593458308664126 -0.31774122670081406 -0.6813982595910719
    outer loop
      vertex 9.220786437988277 17.139859542248637 51.31316443919097
      vertex 9.417477138936516 17.566218322793738 51.30467517726048
      vertex 9.417477138936516 17.212758285849446 51.469496299339355
    endloop
  endfacet
  facet normal 0.5555702203832482 -0.35139424580983114 -0.7535673919664049
    outer loop
      vertex 9.417477138936516 17.212758285849446 51.469496299339355
      vertex 9.63499999850988 17.627643403513463 51.43640168795679
      vertex 9.63499999850988 17.27418336656917 51.601222810035665
    endloop
  endfacet
  facet normal 0.555570220383252 -0.35139424580983286 -0.7535673919664011
    outer loop
      vertex 9.417477138936516 17.212758285849446 51.469496299339355
      vertex 9.417477138936516 17.566218322793738 51.30467517726048
      vertex 9.63499999850988 17.627643403513463 51.43640168795679
    endloop
  endfacet
  facet normal 0.44228870708376405 -0.37903479551434305 -0.812842742094418
    outer loop
      vertex 9.63499999850988 17.27418336656917 51.601222810035665
      vertex 9.63499999850988 17.627643403513463 51.43640168795679
      vertex 9.86963313132524 17.67654382795411 51.54126898658562
    endloop
  endfacet
  facet normal 0.4422887070837245 -0.3790347955143245 -0.8128427420944483
    outer loop
      vertex 9.63499999850988 17.27418336656917 51.601222810035665
      vertex 9.86963313132524 17.67654382795411 51.54126898658562
      vertex 9.86963313132524 17.323083791009815 51.70609010866448
    endloop
  endfacet
  facet normal 0.3214394579287007 -0.40018996637506377 -0.8582101524097862
    outer loop
      vertex 9.86963313132524 17.323083791009815 51.70609010866448
      vertex 10.117361911237236 17.712082890995624 51.61748275322657
      vertex 10.117361911237236 17.358622854051333 51.782303875305445
    endloop
  endfacet
  facet normal 0.3214394579286513 -0.4001899663750392 -0.858210152409816
    outer loop
      vertex 9.86963313132524 17.323083791009815 51.70609010866448
      vertex 9.86963313132524 17.67654382795411 51.54126898658562
      vertex 10.117361911237236 17.712082890995624 51.61748275322657
    endloop
  endfacet
  facet normal 0.19509030209550798 -0.41449777201949484 -0.8888933406315733
    outer loop
      vertex 10.117361911237236 17.358622854051333 51.782303875305445
      vertex 10.117361911237236 17.712082890995624 51.61748275322657
      vertex 10.373947613537307 17.73365250891237 51.663738948121775
    endloop
  endfacet
  facet normal 0.1950903020954551 -0.41449777201946647 -0.8888933406315982
    outer loop
      vertex 10.117361911237236 17.358622854051333 51.782303875305445
      vertex 10.373947613537307 17.73365250891237 51.663738948121775
      vertex 10.373947613537307 17.380192471968076 51.82856007020064
    endloop
  endfacet
  facet normal 0.06540314219103958 -0.42171340324251 -0.9043673117252518
    outer loop
      vertex 10.373947613537307 17.380192471968076 51.82856007020064
      vertex 10.63499999850988 17.74088362599656 51.67924612875184
      vertex 10.63499999850988 17.38742358905227 51.844067250830705
    endloop
  endfacet
  facet normal 0.06540314219103391 -0.42171340324250667 -0.9043673117252538
    outer loop
      vertex 10.373947613537307 17.380192471968076 51.82856007020064
      vertex 10.373947613537307 17.73365250891237 51.663738948121775
      vertex 10.63499999850988 17.74088362599656 51.67924612875184
    endloop
  endfacet
  facet normal 0 -0.4226182617406799 -0.9063077870366592
    outer loop
      vertex 10.63499999850988 17.38742358905227 51.844067250830705
      vertex 10.63499999850988 17.74088362599656 51.67924612875184
      vertex 36.607000001370906 17.74088362599656 51.67924612875184
    endloop
  endfacet
  facet normal 0 0.4226182617407001 0.9063077870366496
    outer loop
      vertex 10.63499999850988 3.1039227474585367 20.29018222949938
      vertex 36.607000001370906 2.750462710514243 20.455003351578252
      vertex 36.607000001370906 3.1039227474585367 20.29018222949938
    endloop
  endfacet
  facet normal -0.06540314219102805 0.42171340324253054 0.9043673117252431
    outer loop
      vertex 36.607000001370906 2.750462710514243 20.455003351578252
      vertex 36.86805238634348 2.7576938275984357 20.470510532208316
      vertex 36.607000001370906 3.1039227474585367 20.29018222949938
    endloop
  endfacet
  facet normal -0.06540314219102805 0.4217134032425306 0.9043673117252431
    outer loop
      vertex 36.607000001370906 3.1039227474585367 20.29018222949938
      vertex 36.86805238634348 2.7576938275984357 20.470510532208316
      vertex 36.86805238634348 3.1111538645427292 20.305689410129443
    endloop
  endfacet
  facet normal -0.19509030209550454 0.41449777201948557 0.8888933406315784
    outer loop
      vertex 36.86805238634348 2.7576938275984357 20.470510532208316
      vertex 37.12463808864355 2.77926344551518 20.516766727103523
      vertex 36.86805238634348 3.1111538645427292 20.305689410129443
    endloop
  endfacet
  facet normal -0.19509030209550454 0.41449777201948557 0.8888933406315783
    outer loop
      vertex 36.86805238634348 3.1111538645427292 20.305689410129443
      vertex 37.12463808864355 2.77926344551518 20.516766727103523
      vertex 37.12463808864355 3.1327234824594736 20.35194560502465
    endloop
  endfacet
  facet normal -0.3214394579286741 0.40018996637505844 0.8582101524097987
    outer loop
      vertex 37.12463808864355 2.77926344551518 20.516766727103523
      vertex 37.372366868555545 2.8148025085566957 20.592980493744477
      vertex 37.12463808864355 3.1327234824594736 20.35194560502465
    endloop
  endfacet
  facet normal -0.4422887070837349 0.379034795514344 0.8128427420944334
    outer loop
      vertex 37.372366868555545 3.1682625455009887 20.428159371665604
      vertex 37.372366868555545 2.8148025085566957 20.592980493744477
      vertex 37.607000001370906 2.863702932997342 20.6978477923733
    endloop
  endfacet
  facet normal -0.3214394579286734 0.4001899663750588 0.8582101524097987
    outer loop
      vertex 37.12463808864355 3.1327234824594736 20.35194560502465
      vertex 37.372366868555545 2.8148025085566957 20.592980493744477
      vertex 37.372366868555545 3.1682625455009887 20.428159371665604
    endloop
  endfacet
  facet normal -0.44228870708373547 0.37903479551434344 0.8128427420944333
    outer loop
      vertex 37.372366868555545 3.1682625455009887 20.428159371665604
      vertex 37.607000001370906 2.863702932997342 20.6978477923733
      vertex 37.607000001370906 3.2171629699416355 20.533026670294426
    endloop
  endfacet
  facet normal -0.5555702203832521 0.3513942458098248 0.7535673919664047
    outer loop
      vertex 37.607000001370906 3.2171629699416355 20.533026670294426
      vertex 37.607000001370906 2.863702932997342 20.6978477923733
      vertex 37.82452286094427 2.925128013717068 20.82957430306961
    endloop
  endfacet
  facet normal -0.6593458308664191 0.31774122670080435 0.6813982595910701
    outer loop
      vertex 37.82452286094427 2.925128013717068 20.82957430306961
      vertex 38.02121356189251 2.998026757317877 20.985906163217997
      vertex 37.82452286094427 3.2785880506613614 20.664753180990736
    endloop
  endfacet
  facet normal -0.555570220383252 0.3513942458098248 0.7535673919664047
    outer loop
      vertex 37.607000001370906 3.2171629699416355 20.533026670294426
      vertex 37.82452286094427 2.925128013717068 20.82957430306961
      vertex 37.82452286094427 3.2785880506613614 20.664753180990736
    endloop
  endfacet
  facet normal -0.6593458308664187 0.3177412267008048 0.6813982595910704
    outer loop
      vertex 37.82452286094427 3.2785880506613614 20.664753180990736
      vertex 38.02121356189251 2.998026757317877 20.985906163217997
      vertex 38.02121356189251 3.35148679426217 20.821085041139124
    endloop
  endfacet
  facet normal -0.7518397936522574 0.2786515889267448 0.5975702608643869
    outer loop
      vertex 38.02121356189251 2.998026757317877 20.985906163217997
      vertex 38.19370668441057 3.081151839453181 21.16416847712508
      vertex 38.02121356189251 3.35148679426217 20.821085041139124
    endloop
  endfacet
  facet normal -0.751839793652258 0.2786515889267439 0.5975702608643866
    outer loop
      vertex 38.19370668441057 3.081151839453181 21.16416847712508
      vertex 38.19370668441057 3.434611876397475 20.999347355046208
      vertex 38.02121356189251 3.35148679426217 20.821085041139124
    endloop
  endfacet
  facet normal -0.8314696207458856 0.23479412081326675 0.5035176169790075
    outer loop
      vertex 38.19370668441057 3.081151839453181 21.16416847712508
      vertex 38.33905080765486 3.173080972254943 21.3613111386149
      vertex 38.19370668441057 3.434611876397475 20.999347355046208
    endloop
  endfacet
  facet normal -0.8314696207458852 0.23479412081326748 0.5035176169790079
    outer loop
      vertex 38.19370668441057 3.434611876397475 20.999347355046208
      vertex 38.33905080765486 3.173080972254943 21.3613111386149
      vertex 38.33905080765486 3.526541009199236 21.19649001653603
    endloop
  endfacet
  facet normal -0.8968727332159222 0.18691928457526968 0.4008496993483602
    outer loop
      vertex 38.33905080765486 3.173080972254943 21.3613111386149
      vertex 38.454759069383144 3.2722412189921455 21.573960973982267
      vertex 38.33905080765486 3.526541009199236 21.19649001653603
    endloop
  endfacet
  facet normal -0.8968727332159222 0.1869192845752697 0.4008496993483602
    outer loop
      vertex 38.33905080765486 3.526541009199236 21.19649001653603
      vertex 38.454759069383144 3.2722412189921455 21.573960973982267
      vertex 38.454759069383144 3.6257012559364385 21.409139851903394
    endloop
  endfacet
  facet normal -0.9469301319984059 0.13584618496469042 0.2913230837815992
    outer loop
      vertex 38.454759069383144 3.6257012559364385 21.409139851903394
      vertex 38.454759069383144 3.2722412189921455 21.573960973982267
      vertex 38.53885165661573 3.376935925341697 21.798479496289595
    endloop
  endfacet
  facet normal -0.9469301319984073 0.13584618496468642 0.29132308378159694
    outer loop
      vertex 38.454759069383144 3.6257012559364385 21.409139851903394
      vertex 38.53885165661573 3.376935925341697 21.798479496289595
      vertex 38.53885165661573 3.73039596228599 21.633658374210725
    endloop
  endfacet
  facet normal -0.9807852843656898 0.08244872435406646 0.17681185996448373
    outer loop
      vertex 38.53885165661573 3.376935925341697 21.798479496289595
      vertex 38.58988972067833 3.4853737288352695 22.03102511632642
      vertex 38.53885165661573 3.73039596228599 21.633658374210725
    endloop
  endfacet
  facet normal -0.9807852843656893 0.08244872435406861 0.176811859964485
    outer loop
      vertex 38.53885165661573 3.73039596228599 21.633658374210725
      vertex 38.58988972067833 3.4853737288352695 22.03102511632642
      vertex 38.58988972067833 3.8388337657795635 21.866203994247545
    endloop
  endfacet
  facet normal -0.9978589223891016 0.027640562265155506 0.0592753770644013
    outer loop
      vertex 38.58988972067833 3.8388337657795635 21.866203994247545
      vertex 38.58988972067833 3.4853737288352695 22.03102511632642
      vertex 38.607000001370906 3.595699233995642 22.26761892565155
    endloop
  endfacet
  facet normal -0.9978589223891016 0.027640562265155554 0.05927537706440133
    outer loop
      vertex 38.58988972067833 3.8388337657795635 21.866203994247545
      vertex 38.607000001370906 3.595699233995642 22.26761892565155
      vertex 38.607000001370906 3.9491592709399357 22.102797803572678
    endloop
  endfacet
  facet normal -1 0 0
    outer loop
      vertex 38.607000001370906 3.595699233995642 22.26761892565155
      vertex 38.607000001370906 16.54218706557087 50.03145167675741
      vertex 38.607000001370906 3.9491592709399357 22.102797803572678
    endloop
  endfacet
  facet normal -1 0 0
    outer loop
      vertex 38.607000001370906 3.9491592709399357 22.102797803572678
      vertex 38.607000001370906 16.54218706557087 50.03145167675741
      vertex 38.607000001370906 16.895647102515163 49.86663055467854
    endloop
  endfacet
  facet normal -0.9978589223891016 -0.027640562265156706 -0.059275377064402154
    outer loop
      vertex 38.607000001370906 16.54218706557087 50.03145167675741
      vertex 38.58988972067833 16.65251257073124 50.26804548608254
      vertex 38.607000001370906 16.895647102515163 49.86663055467854
    endloop
  endfacet
  facet normal -0.9978589223891016 -0.027640562265154663 -0.05927537706440092
    outer loop
      vertex 38.58988972067833 16.65251257073124 50.26804548608254
      vertex 38.58988972067833 17.005972607675535 50.10322436400367
      vertex 38.607000001370906 16.895647102515163 49.86663055467854
    endloop
  endfacet
  facet normal -0.980785284365691 -0.08244872435406365 -0.17681185996447862
    outer loop
      vertex 38.58988972067833 16.65251257073124 50.26804548608254
      vertex 38.53885165661573 16.760950374224816 50.50059110611937
      vertex 38.58988972067833 17.005972607675535 50.10322436400367
    endloop
  endfacet
  facet normal -0.9469301319984035 -0.13584618496469542 -0.2913230837816051
    outer loop
      vertex 38.53885165661573 17.11441041116911 50.335769984040496
      vertex 38.53885165661573 16.760950374224816 50.50059110611937
      vertex 38.454759069383144 16.865645080574367 50.725109628426694
    endloop
  endfacet
  facet normal -0.9469301319984053 -0.13584618496468934 -0.29132308378160165
    outer loop
      vertex 38.53885165661573 17.11441041116911 50.335769984040496
      vertex 38.454759069383144 16.865645080574367 50.725109628426694
      vertex 38.454759069383144 17.21910511751866 50.560288506347824
    endloop
  endfacet
  facet normal -0.98078528436569 -0.08244872435406858 -0.1768118599644815
    outer loop
      vertex 38.58988972067833 17.005972607675535 50.10322436400367
      vertex 38.53885165661573 16.760950374224816 50.50059110611937
      vertex 38.53885165661573 17.11441041116911 50.335769984040496
    endloop
  endfacet
  facet normal -0.8314696207458859 -0.2347941208132701 -0.5035176169790052
    outer loop
      vertex 38.19370668441057 17.056734460113333 51.13490212528389
      vertex 38.33905080765486 17.318265364255865 50.77293834171519
      vertex 38.33905080765486 16.96480532731157 50.937759463794066
    endloop
  endfacet
  facet normal -0.8968727332159269 -0.186919284575263 -0.4008496993483524
    outer loop
      vertex 38.33905080765486 16.96480532731157 50.937759463794066
      vertex 38.454759069383144 17.21910511751866 50.560288506347824
      vertex 38.454759069383144 16.865645080574367 50.725109628426694
    endloop
  endfacet
  facet normal -0.8968727332159232 -0.18691928457527127 -0.40084969934835685
    outer loop
      vertex 38.33905080765486 16.96480532731157 50.937759463794066
      vertex 38.33905080765486 17.318265364255865 50.77293834171519
      vertex 38.454759069383144 17.21910511751866 50.560288506347824
    endloop
  endfacet
  facet normal 0 -0.4226182617406799 -0.9063077870366592
    outer loop
      vertex 10.63499999850988 17.38742358905227 51.844067250830705
      vertex 36.607000001370906 17.74088362599656 51.67924612875184
      vertex 36.607000001370906 17.38742358905227 51.844067250830705
    endloop
  endfacet
  facet normal -0.06540314219103958 -0.42171340324250645 -0.9043673117252535
    outer loop
      vertex 36.607000001370906 17.38742358905227 51.844067250830705
      vertex 36.86805238634348 17.73365250891237 51.663738948121775
      vertex 36.86805238634348 17.380192471968076 51.82856007020064
    endloop
  endfacet
  facet normal -0.06540314219103391 -0.42171340324251017 -0.9043673117252521
    outer loop
      vertex 36.607000001370906 17.38742358905227 51.844067250830705
      vertex 36.607000001370906 17.74088362599656 51.67924612875184
      vertex 36.86805238634348 17.73365250891237 51.663738948121775
    endloop
  endfacet
  facet normal -0.19509030209550798 -0.414497772019462 -0.8888933406315886
    outer loop
      vertex 36.86805238634348 17.380192471968076 51.82856007020064
      vertex 36.86805238634348 17.73365250891237 51.663738948121775
      vertex 37.12463808864355 17.712082890995624 51.61748275322657
    endloop
  endfacet
  facet normal -0.1950903020954551 -0.4144977720194993 -0.8888933406315829
    outer loop
      vertex 36.86805238634348 17.380192471968076 51.82856007020064
      vertex 37.12463808864355 17.712082890995624 51.61748275322657
      vertex 37.12463808864355 17.358622854051333 51.782303875305445
    endloop
  endfacet
  facet normal -0.6593458308664126 -0.31774122670081406 -0.6813982595910719
    outer loop
      vertex 37.82452286094427 17.212758285849446 51.469496299339355
      vertex 37.82452286094427 17.566218322793738 51.30467517726048
      vertex 38.02121356189251 17.493319579192928 51.148343317112094
    endloop
  endfacet
  facet normal -0.5555702203832481 -0.3513942458098339 -0.7535673919664035
    outer loop
      vertex 37.607000001370906 17.27418336656917 51.601222810035665
      vertex 37.82452286094427 17.566218322793738 51.30467517726048
      vertex 37.82452286094427 17.212758285849446 51.469496299339355
    endloop
  endfacet
  facet normal -0.5555702203832521 -0.3513942458098299 -0.7535673919664023
    outer loop
      vertex 37.607000001370906 17.27418336656917 51.601222810035665
      vertex 37.607000001370906 17.627643403513463 51.43640168795679
      vertex 37.82452286094427 17.566218322793738 51.30467517726048
    endloop
  endfacet
  facet normal -0.831469620745884 -0.2347941208132731 -0.5035176169790067
    outer loop
      vertex 38.19370668441057 17.056734460113333 51.13490212528389
      vertex 38.19370668441057 17.410194497057624 50.97008100320501
      vertex 38.33905080765486 17.318265364255865 50.77293834171519
    endloop
  endfacet
  facet normal -0.6593458308664126 -0.31774122670081406 -0.6813982595910719
    outer loop
      vertex 37.82452286094427 17.212758285849446 51.469496299339355
      vertex 38.02121356189251 17.493319579192928 51.148343317112094
      vertex 38.02121356189251 17.139859542248637 51.31316443919097
    endloop
  endfacet
  facet normal -0.7518397936522574 -0.2786515889267508 -0.597570260864384
    outer loop
      vertex 38.02121356189251 17.139859542248637 51.31316443919097
      vertex 38.02121356189251 17.493319579192928 51.148343317112094
      vertex 38.19370668441057 17.410194497057624 50.97008100320501
    endloop
  endfacet
  facet normal -0.7518397936522574 -0.27865158892675085 -0.597570260864384
    outer loop
      vertex 38.02121356189251 17.139859542248637 51.31316443919097
      vertex 38.19370668441057 17.410194497057624 50.97008100320501
      vertex 38.19370668441057 17.056734460113333 51.13490212528389
    endloop
  endfacet
  facet normal -0.32143945792870066 -0.400189966375032 -0.8582101524098008
    outer loop
      vertex 37.12463808864355 17.358622854051333 51.782303875305445
      vertex 37.372366868555545 17.67654382795411 51.54126898658562
      vertex 37.372366868555545 17.323083791009815 51.70609010866448
    endloop
  endfacet
  facet normal -0.44228870708372436 -0.37903479551435126 -0.8128427420944356
    outer loop
      vertex 37.372366868555545 17.323083791009815 51.70609010866448
      vertex 37.607000001370906 17.627643403513463 51.43640168795679
      vertex 37.607000001370906 17.27418336656917 51.601222810035665
    endloop
  endfacet
  facet normal -0.3214394579286515 -0.40018996637507087 -0.8582101524098014
    outer loop
      vertex 37.12463808864355 17.358622854051333 51.782303875305445
      vertex 37.12463808864355 17.712082890995624 51.61748275322657
      vertex 37.372366868555545 17.67654382795411 51.54126898658562
    endloop
  endfacet
  facet normal -0.4422887070837641 -0.37903479551431624 -0.8128427420944305
    outer loop
      vertex 37.372366868555545 17.323083791009815 51.70609010866448
      vertex 37.372366868555545 17.67654382795411 51.54126898658562
      vertex 37.607000001370906 17.627643403513463 51.43640168795679
    endloop
  endfacet
  facet normal 0.7518398084827734 0.2786515817798634 0.5975702455378505
    outer loop
      vertex 7.823580638170238 2.885144201996466 19.82101012469695
      vertex 8.194440842270847 2.706425271784498 19.437746142031322
      vertex 8.194440842270847 3.9752561781454228 18.846080573491474
    endloop
  endfacet
  facet normal 0.6593458139554567 0.31774123296845036 0.6813982730320831
    outer loop
      vertex 8.617325857877727 3.818523883432258 18.509967082569897
      vertex 8.194440842270847 2.706425271784498 19.437746142031322
      vertex 8.617325857877727 2.5496929769786973 19.10163265115294
    endloop
  endfacet
  facet normal 0.8314696103380804 0.23479412739612973 0.5035176310960031
    outer loop
      vertex 7.511090763509269 3.0827918356310025 20.244866842848552
      vertex 7.823580638170238 2.885144201996466 19.82101012469695
      vertex 7.823580638170238 4.1539751082517595 19.22934455620636
    endloop
  endfacet
  facet normal 0.7518398084827744 0.2786515817798622 0.5975702455378497
    outer loop
      vertex 7.823580638170238 2.885144201996466 19.82101012469695
      vertex 8.194440842270847 3.9752561781454228 18.846080573491474
      vertex 7.823580638170238 4.1539751082517595 19.22934455620636
    endloop
  endfacet
  facet normal 0.8314696103380808 0.23479412739612937 0.5035176310960028
    outer loop
      vertex 7.511090763509269 3.0827918356310025 20.244866842848552
      vertex 7.823580638170238 4.1539751082517595 19.22934455620636
      vertex 7.511090763509269 4.351622741769478 19.653201274412435
    endloop
  endfacet
  facet normal 0.659345813955454 0.3177412329684526 0.6813982730320847
    outer loop
      vertex 8.617325857877727 3.818523883432258 18.509967082569897
      vertex 8.194440842270847 3.9752561781454228 18.846080573491474
      vertex 8.194440842270847 2.706425271784498 19.437746142031322
    endloop
  endfacet
  facet normal 0.5555702359596362 0.3513942414112944 0.7535673825337288
    outer loop
      vertex 8.617325857877727 3.818523883432258 18.509967082569897
      vertex 8.617325857877727 2.5496929769786973 19.10163265115294
      vertex 9.085000001490112 3.686459955869526 18.226755075758152
    endloop
  endfacet
  facet normal 0.32143945761272513 0.4001899664203834 0.8582101525070008
    outer loop
      vertex 9.589461237788196 2.312493139939271 18.59295595907815
      vertex 10.122078106403347 2.236084155659514 18.429096363501106
      vertex 10.122078106403347 3.5049150622984313 17.83743079483163
    endloop
  endfacet
  facet normal 0.3214394576127273 0.4001899664203823 0.8582101525070004
    outer loop
      vertex 9.589461237788196 2.312493139939271 18.59295595907815
      vertex 10.122078106403347 3.5049150622984313 17.83743079483163
      vertex 9.589461237788196 3.581324046533027 18.001290390429734
    endloop
  endfacet
  facet normal 0.19509032694953077 0.4144977699301559 0.888893336150999
    outer loop
      vertex 10.122078106403347 2.236084155659514 18.429096363501106
      vertex 10.673737370073791 3.458540377349898 17.73797996195149
      vertex 10.122078106403347 3.5049150622984313 17.83743079483163
    endloop
  endfacet
  facet normal 0.5555702359596325 0.35139424141129705 0.7535673825337303
    outer loop
      vertex 8.617325857877727 2.5496929769786973 19.10163265115294
      vertex 9.085000001490112 2.41762904933791 18.818420644377596
      vertex 9.085000001490112 3.686459955869526 18.226755075758152
    endloop
  endfacet
  facet normal 0.44228869590325287 0.3790347978444916 0.8128427470914563
    outer loop
      vertex 9.589461237788196 2.312493139939271 18.59295595907815
      vertex 9.589461237788196 3.581324046533027 18.001290390429734
      vertex 9.085000001490112 2.41762904933791 18.818420644377596
    endloop
  endfacet
  facet normal 0.4422886959032477 0.37903479784449484 0.8128427470914577
    outer loop
      vertex 9.085000001490112 3.686459955869526 18.226755075758152
      vertex 9.085000001490112 2.41762904933791 18.818420644377596
      vertex 9.589461237788196 3.581324046533027 18.001290390429734
    endloop
  endfacet
  facet normal 0.19509032694952747 0.4144977699301575 0.888893336150999
    outer loop
      vertex 10.122078106403347 2.236084155659514 18.429096363501106
      vertex 10.673737370073791 2.189709470683573 18.329645530633748
      vertex 10.673737370073791 3.458540377349898 17.73797996195149
    endloop
  endfacet
  facet normal 0.06540312280677645 0.4217134037794717 0.9043673128767171
    outer loop
      vertex 10.673737370073791 2.189709470683573 18.329645530633748
      vertex 11.234999999999996 2.174162573518249 18.29630510207026
      vertex 11.234999999999996 3.4429934801937634 17.704639533383716
    endloop
  endfacet
  facet normal 0.06540312280677553 0.4217134037794721 0.9043673128767171
    outer loop
      vertex 10.673737370073791 2.189709470683573 18.329645530633748
      vertex 11.234999999999996 3.4429934801937634 17.704639533383716
      vertex 10.673737370073791 3.458540377349898 17.73797996195149
    endloop
  endfacet
  facet normal 0.8968727387295257 0.18691927985019338 0.4008496892154029
    outer loop
      vertex 7.2623180082440335 3.295986366430863 20.70206398956364
      vertex 7.511090763509269 3.0827918356310025 20.244866842848552
      vertex 7.511090763509269 4.351622741769478 19.653201274412435
    endloop
  endfacet
  facet normal 0.9469301321056569 0.13584618483116312 0.2913230834952502
    outer loop
      vertex 7.2623180082440335 4.564817272443331 20.110398421186282
      vertex 7.081518948674198 3.5210799816187723 21.18477880509663
      vertex 7.2623180082440335 3.295986366430863 20.70206398956364
    endloop
  endfacet
  facet normal 0.8968727387295257 0.18691927985019338 0.400849689215403
    outer loop
      vertex 7.2623180082440335 4.564817272443331 20.110398421186282
      vertex 7.2623180082440335 3.295986366430863 20.70206398956364
      vertex 7.511090763509269 4.351622741769478 19.653201274412435
    endloop
  endfacet
  facet normal 0.946930132105657 0.13584618483116298 0.2913230834952501
    outer loop
      vertex 7.2623180082440335 4.564817272443331 20.110398421186282
      vertex 7.081518948674198 4.789910887498201 20.59311323678131
      vertex 7.081518948674198 3.5210799816187723 21.18477880509663
    endloop
  endfacet
  facet normal 0.9807852794219168 0.082448734857833 0.1768118824898808
    outer loop
      vertex 7.081518948674198 3.5210799816187723 21.18477880509663
      vertex 7.081518948674198 4.789910887498201 20.59311323678131
      vertex 6.971787095665928 3.7542212607043295 21.684751891552057
    endloop
  endfacet
  facet normal 0.997858923659613 0.02764055407301377 0.05927535949629667
    outer loop
      vertex 6.971787095665928 3.7542212607043295 21.684751891552057
      vertex 6.971787095665928 5.023052166445962 21.09308632330099
      vertex 6.935000002980228 3.991421097743756 22.193428583626847
    endloop
  endfacet
  facet normal 2.0200086408308532e-16 0.9063077870366505 -0.4226182617406986
    outer loop
      vertex 7.511090763509269 3.0827918356310025 20.244866842848552
      vertex 9.417477138936516 3.2785880506613614 20.664753180990736
      vertex 9.63499999850988 3.2171629699416355 20.533026670294426
    endloop
  endfacet
  facet normal 8.600179855941435e-16 0.90630778703665 -0.42261826174069944
    outer loop
      vertex 7.2623180082440335 3.295986366430863 20.70206398956364
      vertex 9.220786437988277 3.35148679426217 20.821085041139124
      vertex 7.511090763509269 3.0827918356310025 20.244866842848552
    endloop
  endfacet
  facet normal -8.562476975824962e-17 0.906307787036651 -0.42261826174069717
    outer loop
      vertex 7.2623180082440335 3.295986366430863 20.70206398956364
      vertex 7.081518948674198 3.5210799816187723 21.18477880509663
      vertex 8.902949192225929 3.526541009199236 21.19649001653603
    endloop
  endfacet
  facet normal -2.9249176286366796e-16 0.9063077870366496 -0.42261826174070033
    outer loop
      vertex 7.081518948674198 3.5210799816187723 21.18477880509663
      vertex 6.971787095665928 3.7542212607043295 21.684751891552057
      vertex 8.652110279202457 3.8388337657795635 21.866203994247545
    endloop
  endfacet
  facet normal 1.8865719049337292e-15 0.9063077870366477 -0.4226182617407043
    outer loop
      vertex 7.081518948674198 3.5210799816187723 21.18477880509663
      vertex 8.652110279202457 3.8388337657795635 21.866203994247545
      vertex 8.703148343265052 3.73039596228599 21.633658374210725
    endloop
  endfacet
  facet normal 1.1823835429339339e-15 0.9063077870366479 -0.4226182617407039
    outer loop
      vertex 7.2623180082440335 3.295986366430863 20.70206398956364
      vertex 9.048293315470215 3.434611876397475 20.999347355046208
      vertex 9.220786437988277 3.35148679426217 20.821085041139124
    endloop
  endfacet
  facet normal -2.9740664139667493e-16 0.9063077870366512 -0.42261826174069683
    outer loop
      vertex 7.511090763509269 3.0827918356310025 20.244866842848552
      vertex 9.220786437988277 3.35148679426217 20.821085041139124
      vertex 9.417477138936516 3.2785880506613614 20.664753180990736
    endloop
  endfacet
  facet normal -3.1817700777978586e-16 0.9063077870366513 -0.4226182617406965
    outer loop
      vertex 7.2623180082440335 3.295986366430863 20.70206398956364
      vertex 8.902949192225929 3.526541009199236 21.19649001653603
      vertex 9.048293315470215 3.434611876397475 20.999347355046208
    endloop
  endfacet
  facet normal -4.550552659227113e-17 0.9063077870366493 -0.42261826174070105
    outer loop
      vertex 7.081518948674198 3.5210799816187723 21.18477880509663
      vertex 8.787240930497642 3.6257012559364385 21.409139851903394
      vertex 8.902949192225929 3.526541009199236 21.19649001653603
    endloop
  endfacet
  facet normal -7.51209884793853e-16 0.9063077870366513 -0.42261826174069655
    outer loop
      vertex 7.081518948674198 3.5210799816187723 21.18477880509663
      vertex 8.703148343265052 3.73039596228599 21.633658374210725
      vertex 8.787240930497642 3.6257012559364385 21.409139851903394
    endloop
  endfacet
  facet normal -1.1680806782378749e-16 0.9063077870366499 -0.4226182617406995
    outer loop
      vertex 6.971787095665928 3.7542212607043295 21.684751891552057
      vertex 6.935000002980228 3.991421097743756 22.193428583626847
      vertex 8.63499999850988 3.9491592709399357 22.102797803572678
    endloop
  endfacet
  facet normal -6.121472796239239e-16 0.9063077870366506 -0.42261826174069794
    outer loop
      vertex 6.971787095665928 3.7542212607043295 21.684751891552057
      vertex 8.63499999850988 3.9491592709399357 22.102797803572678
      vertex 8.652110279202457 3.8388337657795635 21.866203994247545
    endloop
  endfacet
  facet normal 3.248999515263403e-16 0.90630778703665 -0.4226182617406992
    outer loop
      vertex 7.511090763509269 3.0827918356310025 20.244866842848552
      vertex 9.63499999850988 3.2171629699416355 20.533026670294426
      vertex 9.86963313132524 3.1682625455009887 20.428159371665604
    endloop
  endfacet
  facet normal 3.7007534196680787e-16 0.9063077870366498 -0.4226182617406998
    outer loop
      vertex 7.511090763509269 3.0827918356310025 20.244866842848552
      vertex 9.86963313132524 3.1682625455009887 20.428159371665604
      vertex 10.117361911237236 3.1327234824594736 20.35194560502465
    endloop
  endfacet
  facet normal -2.7348300007465475e-16 0.9063077870366559 -0.4226182617406867
    outer loop
      vertex 7.511090763509269 3.0827918356310025 20.244866842848552
      vertex 10.117361911237236 3.1327234824594736 20.35194560502465
      vertex 10.373947613537307 3.1111538645427292 20.305689410129443
    endloop
  endfacet
  facet normal 1.1183798889611781e-15 0.9063077870366307 -0.4226182617407407
    outer loop
      vertex 7.511090763509269 3.0827918356310025 20.244866842848552
      vertex 10.373947613537307 3.1111538645427292 20.305689410129443
      vertex 10.63499999850988 3.1039227474585367 20.29018222949938
    endloop
  endfacet
  facet normal 0.9807852794219167 0.08244873485783327 0.17681188248988106
    outer loop
      vertex 6.971787095665928 3.7542212607043295 21.684751891552057
      vertex 7.081518948674198 4.789910887498201 20.59311323678131
      vertex 6.971787095665928 5.023052166445962 21.09308632330099
    endloop
  endfacet
  facet normal 0.997858923659613 0.027640554073013784 0.05927535949629668
    outer loop
      vertex 6.935000002980228 3.991421097743756 22.193428583626847
      vertex 6.971787095665928 5.023052166445962 21.09308632330099
      vertex 6.935000002980228 5.260252003345194 21.601763015441154
    endloop
  endfacet
  facet normal -1.193838632502224e-16 0.90630778703665 -0.42261826174069944
    outer loop
      vertex 6.935000002980228 3.991421097743756 22.193428583626847
      vertex 8.63499999850988 16.895647102515163 49.86663055467854
      vertex 8.63499999850988 3.9491592709399357 22.102797803572678
    endloop
  endfacet
  facet normal 1 0 0
    outer loop
      vertex 6.935000002980228 3.991421097743756 22.193428583626847
      vertex 6.935000002980228 5.260252003345194 21.601763015441154
      vertex 6.935000002980228 17.992764110346677 52.21940557058197
    endloop
  endfacet
  facet normal 0 0.9063077870366535 -0.4226182617406921
    outer loop
      vertex 10.122078106403347 2.236084155659514 18.429096363501106
      vertex 36.92626263260841 2.189709470683573 18.329645530633748
      vertex 10.673737370073791 2.189709470683573 18.329645530633748
    endloop
  endfacet
  facet normal 0 0.9063077870366489 -0.42261826174070166
    outer loop
      vertex 7.823580638170238 2.885144201996466 19.82101012469695
      vertex 39.40555916041136 2.706425271784498 19.437746142031322
      vertex 8.194440842270847 2.706425271784498 19.437746142031322
    endloop
  endfacet
  facet normal 0 0.9063077870366499 -0.42261826174069933
    outer loop
      vertex 7.511090763509269 3.0827918356310025 20.244866842848552
      vertex 39.776419364511966 2.885144201996466 19.82101012469695
      vertex 7.823580638170238 2.885144201996466 19.82101012469695
    endloop
  endfacet
  facet normal 0 0.9063077870366494 -0.42261826174070044
    outer loop
      vertex 9.589461237788196 2.312493139939271 18.59295595907815
      vertex 9.085000001490112 2.41762904933791 18.818420644377596
      vertex 38.01053876489401 2.312493139939271 18.59295595907815
    endloop
  endfacet
  facet normal 0 0.9063077870366509 -0.42261826174069744
    outer loop
      vertex 8.617325857877727 2.5496929769786973 19.10163265115294
      vertex 38.51500000119209 2.41762904933791 18.818420644377596
      vertex 9.085000001490112 2.41762904933791 18.818420644377596
    endloop
  endfacet
  facet normal 0 0.9063077870366495 -0.42261826174070055
    outer loop
      vertex 8.617325857877727 2.5496929769786973 19.10163265115294
      vertex 8.194440842270847 2.706425271784498 19.437746142031322
      vertex 38.98267414480448 2.5496929769786973 19.10163265115294
    endloop
  endfacet
  facet normal 0 0.9063077870366489 -0.42261826174070155
    outer loop
      vertex 9.589461237788196 2.312493139939271 18.59295595907815
      vertex 37.47792189627886 2.236084155659514 18.429096363501106
      vertex 10.122078106403347 2.236084155659514 18.429096363501106
    endloop
  endfacet
  facet normal 0 0.9063077870366466 -0.4226182617407067
    outer loop
      vertex 10.673737370073791 2.189709470683573 18.329645530633748
      vertex 36.36500000268221 2.174162573518249 18.29630510207026
      vertex 11.234999999999996 2.174162573518249 18.29630510207026
    endloop
  endfacet
  facet normal -1.1360362893035586e-16 0.4226182617407001 0.9063077870366496
    outer loop
      vertex 11.234999999999996 2.174162573518249 18.29630510207026
      vertex 36.36500000268221 3.4429934801937625 17.70463953338372
      vertex 11.234999999999996 3.4429934801937634 17.704639533383716
    endloop
  endfacet
  facet normal 0 0.9063077870366603 -0.4226182617406773
    outer loop
      vertex 7.511090763509269 3.0827918356310025 20.244866842848552
      vertex 10.63499999850988 3.1039227474585367 20.29018222949938
      vertex 40.088909239172935 3.0827918356310025 20.244866842848552
    endloop
  endfacet
  facet normal 1 0 0
    outer loop
      vertex 6.935000002980228 5.260252003345194 21.601763015441154
      vertex 6.935000002980228 19.261595007672728 51.62774000625515
      vertex 6.935000002980228 17.992764110346677 52.21940557058197
    endloop
  endfacet
  facet normal -3.0278272228306864e-15 0.9063077870366499 -0.4226182617406993
    outer loop
      vertex 6.935000002980228 3.991421097743756 22.193428583626847
      vertex 6.935000002980228 17.992764110346677 52.21940557058197
      vertex 8.63499999850988 16.895647102515163 49.86663055467854
    endloop
  endfacet
  facet normal 0.997858923659613 -0.027640554073013947 -0.059275359496297
    outer loop
      vertex 6.935000002980228 17.992764110346677 52.21940557058197
      vertex 6.935000002980228 19.261595007672728 51.62774000625515
      vertex 6.971787095665928 18.229963947386103 52.728082262656756
    endloop
  endfacet
  facet normal 0.9807852794219167 -0.0824487348578329 -0.1768118824898807
    outer loop
      vertex 6.971787095665928 19.498794844571957 52.136416698395315
      vertex 7.081518948674198 18.46310522647166 53.22805534911218
      vertex 6.971787095665928 18.229963947386103 52.728082262656756
    endloop
  endfacet
  facet normal 0.9978589236596132 -0.02764055407301378 -0.05927535949629685
    outer loop
      vertex 6.935000002980228 19.261595007672728 51.62774000625515
      vertex 6.971787095665928 19.498794844571957 52.136416698395315
      vertex 6.971787095665928 18.229963947386103 52.728082262656756
    endloop
  endfacet
  facet normal 0.9807852794219165 -0.08244873485783348 -0.17681188248988122
    outer loop
      vertex 6.971787095665928 19.498794844571957 52.136416698395315
      vertex 7.081518948674198 19.731936123519716 52.636389784914996
      vertex 7.081518948674198 18.46310522647166 53.22805534911218
    endloop
  endfacet
  facet normal 0.9469301321056564 -0.13584618483116423 -0.29132308349525177
    outer loop
      vertex 7.081518948674198 18.46310522647166 53.22805534911218
      vertex 7.081518948674198 19.731936123519716 52.636389784914996
      vertex 7.2623180082440335 18.68819884165957 53.71077016464517
    endloop
  endfacet
  facet normal 1.0005956257341348e-14 0.9063077870366537 -0.4226182617406913
    outer loop
      vertex 6.935000002980228 17.992764110346677 52.21940557058197
      vertex 8.652110279202457 17.005972607675535 50.10322436400367
      vertex 8.63499999850988 16.895647102515163 49.86663055467854
    endloop
  endfacet
  facet normal -1.1107046893451873e-14 0.906307787036647 -0.4226182617407057
    outer loop
      vertex 6.935000002980228 17.992764110346677 52.21940557058197
      vertex 8.703148343265052 17.11441041116911 50.335769984040496
      vertex 8.652110279202457 17.005972607675535 50.10322436400367
    endloop
  endfacet
  facet normal 6.884586501487486e-15 0.9063077870366534 -0.4226182617406923
    outer loop
      vertex 6.935000002980228 17.992764110346677 52.21940557058197
      vertex 8.787240930497642 17.21910511751866 50.560288506347824
      vertex 8.703148343265052 17.11441041116911 50.335769984040496
    endloop
  endfacet
  facet normal -1.1335527961343685e-14 0.9063077870366457 -0.4226182617407083
    outer loop
      vertex 6.935000002980228 17.992764110346677 52.21940557058197
      vertex 8.902949192225929 17.318265364255865 50.77293834171519
      vertex 8.787240930497642 17.21910511751866 50.560288506347824
    endloop
  endfacet
  facet normal 3.7005014477071014e-15 0.9063077870366534 -0.4226182617406919
    outer loop
      vertex 6.935000002980228 17.992764110346677 52.21940557058197
      vertex 9.048293315470215 17.410194497057624 50.97008100320501
      vertex 8.902949192225929 17.318265364255865 50.77293834171519
    endloop
  endfacet
  facet normal -1.8689394244857827e-15 0.9063077870366497 -0.4226182617406998
    outer loop
      vertex 6.935000002980228 17.992764110346677 52.21940557058197
      vertex 9.220786437988277 17.493319579192928 51.148343317112094
      vertex 9.048293315470215 17.410194497057624 50.97008100320501
    endloop
  endfacet
  facet normal -4.340068980620801e-15 0.9063077870366479 -0.42261826174070377
    outer loop
      vertex 6.935000002980228 17.992764110346677 52.21940557058197
      vertex 9.417477138936516 17.566218322793738 51.30467517726048
      vertex 9.220786437988277 17.493319579192928 51.148343317112094
    endloop
  endfacet
  facet normal -1.2434483122637338e-15 0.9063077870366512 -0.42261826174069705
    outer loop
      vertex 6.935000002980228 17.992764110346677 52.21940557058197
      vertex 9.63499999850988 17.627643403513463 51.43640168795679
      vertex 9.417477138936516 17.566218322793738 51.30467517726048
    endloop
  endfacet
  facet normal 7.597278765946648e-15 0.9063077870366629 -0.42261826174067174
    outer loop
      vertex 6.935000002980228 17.992764110346677 52.21940557058197
      vertex 9.86963313132524 17.67654382795411 51.54126898658562
      vertex 9.63499999850988 17.627643403513463 51.43640168795679
    endloop
  endfacet
  facet normal 0.9469301321056565 -0.135846184831164 -0.29132308349525154
    outer loop
      vertex 7.2623180082440335 18.68819884165957 53.71077016464517
      vertex 7.081518948674198 19.731936123519716 52.636389784914996
      vertex 7.2623180082440335 19.957029738574587 53.11910460051002
    endloop
  endfacet
  facet normal -5.459375700515723e-15 0.9063077870366412 -0.4226182617407185
    outer loop
      vertex 6.935000002980228 17.992764110346677 52.21940557058197
      vertex 10.117361911237236 17.712082890995624 51.61748275322657
      vertex 9.86963313132524 17.67654382795411 51.54126898658562
    endloop
  endfacet
  facet normal -3.0021122941688508e-15 0.9063077870366459 -0.4226182617407079
    outer loop
      vertex 6.935000002980228 17.992764110346677 52.21940557058197
      vertex 10.373947613537307 17.73365250891237 51.663738948121775
      vertex 10.117361911237236 17.712082890995624 51.61748275322657
    endloop
  endfacet
  facet normal 1.1031463527041012e-14 0.9063077870366791 -0.4226182617406368
    outer loop
      vertex 6.935000002980228 17.992764110346677 52.21940557058197
      vertex 10.63499999850988 17.74088362599656 51.67924612875184
      vertex 10.373947613537307 17.73365250891237 51.663738948121775
    endloop
  endfacet
  facet normal 0.8968727387295257 -0.18691927985019366 -0.4008496892154028
    outer loop
      vertex 7.2623180082440335 18.68819884165957 53.71077016464517
      vertex 7.2623180082440335 19.957029738574587 53.11910460051002
      vertex 7.511090763509269 18.90139337245943 54.16796731136026
    endloop
  endfacet
  facet normal 0.8968727387295268 -0.18691927985019174 -0.4008496892154012
    outer loop
      vertex 7.2623180082440335 19.957029738574587 53.11910460051002
      vertex 7.511090763509269 20.17022426924844 53.57630174728387
      vertex 7.511090763509269 18.90139337245943 54.16796731136026
    endloop
  endfacet
  facet normal 0.8314696103380792 -0.2347941273961295 -0.5035176310960052
    outer loop
      vertex 7.511090763509269 18.90139337245943 54.16796731136026
      vertex 7.511090763509269 20.17022426924844 53.57630174728387
      vertex 7.823580638170238 19.09904100609397 54.591824029511855
    endloop
  endfacet
  facet normal 0.8314696103380773 -0.2347941273961321 -0.5035176310960073
    outer loop
      vertex 7.511090763509269 20.17022426924844 53.57630174728387
      vertex 7.823580638170238 20.367871902766158 54.00015846548994
      vertex 7.823580638170238 19.09904100609397 54.591824029511855
    endloop
  endfacet
  facet normal 0.7518398084827795 -0.2786515817798601 -0.5975702455378442
    outer loop
      vertex 7.823580638170238 20.367871902766158 54.00015846548994
      vertex 8.194440842270847 19.277759936305934 54.975088012177494
      vertex 7.823580638170238 19.09904100609397 54.591824029511855
    endloop
  endfacet
  facet normal 0.7518398084827799 -0.27865158177985955 -0.5975702455378438
    outer loop
      vertex 7.823580638170238 20.367871902766158 54.00015846548994
      vertex 8.194440842270847 20.546590832872496 54.38342244820483
      vertex 8.194440842270847 19.277759936305934 54.975088012177494
    endloop
  endfacet
  facet normal 0.6593458139554543 -0.3177412329684509 -0.6813982730320849
    outer loop
      vertex 8.617325857877727 19.43449223111174 55.31120150305587
      vertex 8.194440842270847 20.546590832872496 54.38342244820483
      vertex 8.617325857877727 20.703323127585662 54.71953593912641
    endloop
  endfacet
  facet normal 0.6593458139554527 -0.3177412329684525 -0.681398273032086
    outer loop
      vertex 8.194440842270847 19.277759936305934 54.975088012177494
      vertex 8.194440842270847 20.546590832872496 54.38342244820483
      vertex 8.617325857877727 19.43449223111174 55.31120150305587
    endloop
  endfacet
  facet normal 0.5555702359596318 -0.3513942414112953 -0.7535673825337317
    outer loop
      vertex 8.617325857877727 19.43449223111174 55.31120150305587
      vertex 8.617325857877727 20.703323127585662 54.71953593912641
      vertex 9.085000001490112 19.566556158752526 55.59441350983121
    endloop
  endfacet
  facet normal 0.4422886959032678 -0.37903479784449 -0.8128427470914489
    outer loop
      vertex 9.085000001490112 19.566556158752526 55.59441350983121
      vertex 9.085000001490112 20.835387055148395 55.00274794593815
      vertex 9.589461237788196 19.671692068151167 55.81987819513067
    endloop
  endfacet
  facet normal 0.5555702359596287 -0.35139424141129755 -0.7535673825337328
    outer loop
      vertex 8.617325857877727 20.703323127585662 54.71953593912641
      vertex 9.085000001490112 20.835387055148395 55.00274794593815
      vertex 9.085000001490112 19.566556158752526 55.59441350983121
    endloop
  endfacet
  facet normal 0.32143945761271125 -0.40018996642038657 -0.8582101525070044
    outer loop
      vertex 9.589461237788196 19.671692068151167 55.81987819513067
      vertex 9.589461237788196 20.940522964484895 55.22821263126658
      vertex 10.122078106403347 19.74810105243092 55.98373779070771
    endloop
  endfacet
  facet normal 0.19509032694953551 -0.4144977699301552 -0.8888933361509982
    outer loop
      vertex 10.122078106403347 19.74810105243092 55.98373779070771
      vertex 10.122078106403347 21.01693194871949 55.39207222686468
      vertex 10.673737370073791 19.794475737406863 56.08318862357507
    endloop
  endfacet
  facet normal 0.442288695903267 -0.37903479784449057 -0.8128427470914491
    outer loop
      vertex 9.589461237788196 19.671692068151167 55.81987819513067
      vertex 9.085000001490112 20.835387055148395 55.00274794593815
      vertex 9.589461237788196 20.940522964484895 55.22821263126658
    endloop
  endfacet
  facet normal 0.32143945761271525 -0.40018996642038457 -0.8582101525070039
    outer loop
      vertex 9.589461237788196 20.940522964484895 55.22821263126658
      vertex 10.122078106403347 21.01693194871949 55.39207222686468
      vertex 10.122078106403347 19.74810105243092 55.98373779070771
    endloop
  endfacet
  facet normal 0.06540312280678048 -0.4217134037794746 -0.9043673128767155
    outer loop
      vertex 10.673737370073791 19.794475737406863 56.08318862357507
      vertex 10.673737370073791 21.06330663366802 55.491523059744814
      vertex 11.234999999999996 19.810022634572185 56.11652905213856
    endloop
  endfacet
  facet normal 0.1950903269495243 -0.41449776993016024 -0.8888933361509982
    outer loop
      vertex 10.122078106403347 21.01693194871949 55.39207222686468
      vertex 10.673737370073791 21.06330663366802 55.491523059744814
      vertex 10.673737370073791 19.794475737406863 56.08318862357507
    endloop
  endfacet
  facet normal 0.06540312280679528 -0.42171340377946875 -0.9043673128767171
    outer loop
      vertex 10.673737370073791 21.06330663366802 55.491523059744814
      vertex 11.234999999999996 21.07885353082416 55.5248634883126
      vertex 11.234999999999996 19.810022634572185 56.11652905213856
    endloop
  endfacet
  facet normal 0 0.9063077870366504 -0.4226182617406987
    outer loop
      vertex 6.935000002980228 17.992764110346677 52.21940557058197
      vertex 36.607000001370906 17.74088362599656 51.67924612875184
      vertex 10.63499999850988 17.74088362599656 51.67924612875184
    endloop
  endfacet
  facet normal 0 0.9063077870366488 -0.4226182617407019
    outer loop
      vertex 6.935000002980228 17.992764110346677 52.21940557058197
      vertex 6.971787095665928 18.229963947386103 52.728082262656756
      vertex 40.664999999701976 17.992764110346677 52.21940557058197
    endloop
  endfacet
  facet normal 0 0.906307787036649 -0.42261826174070155
    outer loop
      vertex 6.971787095665928 18.229963947386103 52.728082262656756
      vertex 7.081518948674198 18.46310522647166 53.22805534911218
      vertex 40.62821290701628 18.229963947386103 52.728082262656756
    endloop
  endfacet
  facet normal 0 0.9063077870366503 -0.42261826174069905
    outer loop
      vertex 7.081518948674198 18.46310522647166 53.22805534911218
      vertex 7.2623180082440335 18.68819884165957 53.71077016464517
      vertex 40.51848105400801 18.46310522647166 53.22805534911218
    endloop
  endfacet
  facet normal 0 0.9063077870366498 -0.42261826174069983
    outer loop
      vertex 7.2623180082440335 18.68819884165957 53.71077016464517
      vertex 7.511090763509269 18.90139337245943 54.16796731136026
      vertex 40.33768199443817 18.68819884165957 53.71077016464517
    endloop
  endfacet
  facet normal 0 0.9063077870366468 -0.4226182617407061
    outer loop
      vertex 7.511090763509269 18.90139337245943 54.16796731136026
      vertex 7.823580638170238 19.09904100609397 54.591824029511855
      vertex 40.088909239172935 18.90139337245943 54.16796731136026
    endloop
  endfacet
  facet normal 0 0.906307787036657 -0.42261826174068423
    outer loop
      vertex 7.823580638170238 19.09904100609397 54.591824029511855
      vertex 8.194440842270847 19.277759936305934 54.975088012177494
      vertex 39.776419364511966 19.09904100609397 54.591824029511855
    endloop
  endfacet
  facet normal 0 0.90630778703664 -0.4226182617407207
    outer loop
      vertex 8.194440842270847 19.277759936305934 54.975088012177494
      vertex 8.617325857877727 19.43449223111174 55.31120150305587
      vertex 39.40555916041136 19.277759936305934 54.975088012177494
    endloop
  endfacet
  facet normal 0 0.9063077870366525 -0.42261826174069395
    outer loop
      vertex 8.617325857877727 19.43449223111174 55.31120150305587
      vertex 9.085000001490112 19.566556158752526 55.59441350983121
      vertex 38.98267414480448 19.43449223111174 55.31120150305587
    endloop
  endfacet
  facet normal 0 0.9063077870366544 -0.42261826174068995
    outer loop
      vertex 9.085000001490112 19.566556158752526 55.59441350983121
      vertex 9.589461237788196 19.671692068151167 55.81987819513067
      vertex 38.51500000119209 19.566556158752526 55.59441350983121
    endloop
  endfacet
  facet normal 0 0.9063077870366533 -0.4226182617406924
    outer loop
      vertex 9.589461237788196 19.671692068151167 55.81987819513067
      vertex 10.122078106403347 19.74810105243092 55.98373779070771
      vertex 38.01053876489401 19.671692068151167 55.81987819513067
    endloop
  endfacet
  facet normal 0 0.9063077870366468 -0.42261826174070627
    outer loop
      vertex 10.122078106403347 19.74810105243092 55.98373779070771
      vertex 10.673737370073791 19.794475737406863 56.08318862357507
      vertex 37.47792189627886 19.74810105243092 55.98373779070771
    endloop
  endfacet
  facet normal 0 0.9063077870366869 -0.42261826174062006
    outer loop
      vertex 10.673737370073791 19.794475737406863 56.08318862357507
      vertex 11.234999999999996 19.810022634572185 56.11652905213856
      vertex 36.92626263260841 19.794475737406863 56.08318862357507
    endloop
  endfacet
  facet normal 0 -0.4226182617406976 -0.9063077870366507
    outer loop
      vertex 11.234999999999996 21.07885353082416 55.5248634883126
      vertex 36.36500000268221 19.810022634572185 56.11652905213856
      vertex 11.234999999999996 19.810022634572185 56.11652905213856
    endloop
  endfacet
  facet normal 0 0.9063077870366466 -0.42261826174070666
    outer loop
      vertex 10.673737370073791 2.189709470683573 18.329645530633748
      vertex 36.92626263260841 2.189709470683573 18.329645530633748
      vertex 36.36500000268221 2.174162573518249 18.29630510207026
    endloop
  endfacet
  facet normal 0 0.4226182617406983 0.9063077870366505
    outer loop
      vertex 11.234999999999996 2.174162573518249 18.29630510207026
      vertex 36.36500000268221 2.174162573518249 18.29630510207026
      vertex 36.36500000268221 3.4429934801937625 17.70463953338372
    endloop
  endfacet
  facet normal 0 0.9063077870366535 -0.42261826174069206
    outer loop
      vertex 10.122078106403347 2.236084155659514 18.429096363501106
      vertex 37.47792189627886 2.236084155659514 18.429096363501106
      vertex 36.92626263260841 2.189709470683573 18.329645530633748
    endloop
  endfacet
  facet normal 0 0.9063077870366489 -0.4226182617407016
    outer loop
      vertex 9.589461237788196 2.312493139939271 18.59295595907815
      vertex 38.01053876489401 2.312493139939271 18.59295595907815
      vertex 37.47792189627886 2.236084155659514 18.429096363501106
    endloop
  endfacet
  facet normal 0 0.9063077870366495 -0.4226182617407005
    outer loop
      vertex 9.085000001490112 2.41762904933791 18.818420644377596
      vertex 38.51500000119209 2.41762904933791 18.818420644377596
      vertex 38.01053876489401 2.312493139939271 18.59295595907815
    endloop
  endfacet
  facet normal 0 0.9063077870366507 -0.42261826174069744
    outer loop
      vertex 8.617325857877727 2.5496929769786973 19.10163265115294
      vertex 38.98267414480448 2.5496929769786973 19.10163265115294
      vertex 38.51500000119209 2.41762904933791 18.818420644377596
    endloop
  endfacet
  facet normal 0 0.9063077870366494 -0.4226182617407006
    outer loop
      vertex 8.194440842270847 2.706425271784498 19.437746142031322
      vertex 39.40555916041136 2.706425271784498 19.437746142031322
      vertex 38.98267414480448 2.5496929769786973 19.10163265115294
    endloop
  endfacet
  facet normal 0 0.9063077870366489 -0.42261826174070166
    outer loop
      vertex 7.823580638170238 2.885144201996466 19.82101012469695
      vertex 39.776419364511966 2.885144201996466 19.82101012469695
      vertex 39.40555916041136 2.706425271784498 19.437746142031322
    endloop
  endfacet
  facet normal 0 0.9063077870366502 -0.42261826174069933
    outer loop
      vertex 7.511090763509269 3.0827918356310025 20.244866842848552
      vertex 40.088909239172935 3.0827918356310025 20.244866842848552
      vertex 39.776419364511966 2.885144201996466 19.82101012469695
    endloop
  endfacet
  facet normal 0 0.9063077870366604 -0.4226182617406773
    outer loop
      vertex 10.63499999850988 3.1039227474585367 20.29018222949938
      vertex 36.607000001370906 3.1039227474585367 20.29018222949938
      vertex 40.088909239172935 3.0827918356310025 20.244866842848552
    endloop
  endfacet
  facet normal -0.06540312280677645 0.42171340377947186 0.904367312876717
    outer loop
      vertex 36.36500000268221 2.174162573518249 18.29630510207026
      vertex 36.92626263260841 2.189709470683573 18.329645530633748
      vertex 36.92626263260841 3.4585403773498986 17.73797996195149
    endloop
  endfacet
  facet normal -0.06540312280677091 0.42171340377947003 0.9043673128767182
    outer loop
      vertex 36.36500000268221 2.174162573518249 18.29630510207026
      vertex 36.92626263260841 3.4585403773498986 17.73797996195149
      vertex 36.36500000268221 3.4429934801937625 17.70463953338372
    endloop
  endfacet
  facet normal -0.19509032694952952 0.4144977699301572 0.8888933361509985
    outer loop
      vertex 36.92626263260841 2.189709470683573 18.329645530633748
      vertex 37.47792189627886 3.50491506229843 17.83743079483163
      vertex 36.92626263260841 3.4585403773498986 17.73797996195149
    endloop
  endfacet
  facet normal -0.19509032694952744 0.41449776993015663 0.8888933361509993
    outer loop
      vertex 36.92626263260841 2.189709470683573 18.329645530633748
      vertex 37.47792189627886 2.236084155659514 18.429096363501106
      vertex 37.47792189627886 3.50491506229843 17.83743079483163
    endloop
  endfacet
  facet normal -0.3214394576127252 0.4001899664203847 0.8582101525070001
    outer loop
      vertex 37.47792189627886 2.236084155659514 18.429096363501106
      vertex 38.01053876489401 2.312493139939271 18.59295595907815
      vertex 38.01053876489401 3.5813240465330267 18.00129039042973
    endloop
  endfacet
  facet normal -0.3214394576127228 0.40018996642038407 0.8582101525070013
    outer loop
      vertex 37.47792189627886 2.236084155659514 18.429096363501106
      vertex 38.01053876489401 3.5813240465330267 18.00129039042973
      vertex 37.47792189627886 3.50491506229843 17.83743079483163
    endloop
  endfacet
  facet normal -0.4422886959032569 0.37903479784449273 0.8128427470914537
    outer loop
      vertex 38.01053876489401 2.312493139939271 18.59295595907815
      vertex 38.51500000119209 3.6864599558695255 18.226755075758156
      vertex 38.01053876489401 3.5813240465330267 18.00129039042973
    endloop
  endfacet
  facet normal -0.44228869590325287 0.3790347978444919 0.8128427470914562
    outer loop
      vertex 38.01053876489401 2.312493139939271 18.59295595907815
      vertex 38.51500000119209 2.41762904933791 18.818420644377596
      vertex 38.51500000119209 3.6864599558695255 18.226755075758156
    endloop
  endfacet
  facet normal -0.5555702359596322 0.35139424141129544 0.7535673825337312
    outer loop
      vertex 38.51500000119209 3.6864599558695255 18.226755075758156
      vertex 38.51500000119209 2.41762904933791 18.818420644377596
      vertex 38.98267414480448 3.8185238834322575 18.509967082569897
    endloop
  endfacet
  facet normal -0.5555702359596324 0.3513942414112955 0.7535673825337309
    outer loop
      vertex 38.51500000119209 2.41762904933791 18.818420644377596
      vertex 38.98267414480448 2.5496929769786973 19.10163265115294
      vertex 38.98267414480448 3.8185238834322575 18.509967082569897
    endloop
  endfacet
  facet normal -0.6593458139554564 0.3177412329684517 0.6813982730320826
    outer loop
      vertex 38.98267414480448 2.5496929769786973 19.10163265115294
      vertex 39.40555916041136 2.706425271784498 19.437746142031322
      vertex 39.40555916041136 3.9752561781454228 18.846080573491474
    endloop
  endfacet
  facet normal -0.6593458139554542 0.31774123296845136 0.6813982730320851
    outer loop
      vertex 38.98267414480448 3.8185238834322575 18.509967082569897
      vertex 38.98267414480448 2.5496929769786973 19.10163265115294
      vertex 39.40555916041136 3.9752561781454228 18.846080573491474
    endloop
  endfacet
  facet normal -0.7518398084827741 0.27865158177986293 0.5975702455378495
    outer loop
      vertex 39.40555916041136 2.706425271784498 19.437746142031322
      vertex 39.776419364511966 4.153975108251759 19.22934455620636
      vertex 39.40555916041136 3.9752561781454228 18.846080573491474
    endloop
  endfacet
  facet normal -0.7518398084827732 0.2786515817798629 0.5975702455378507
    outer loop
      vertex 39.40555916041136 2.706425271784498 19.437746142031322
      vertex 39.776419364511966 2.885144201996466 19.82101012469695
      vertex 39.776419364511966 4.153975108251759 19.22934455620636
    endloop
  endfacet
  facet normal -0.8314696103380804 0.23479412739612954 0.5035176310960031
    outer loop
      vertex 39.776419364511966 2.885144201996466 19.82101012469695
      vertex 40.088909239172935 3.0827918356310025 20.244866842848552
      vertex 40.088909239172935 4.351622741769478 19.653201274412435
    endloop
  endfacet
  facet normal -0.831469610338081 0.2347941273961296 0.5035176310960024
    outer loop
      vertex 39.776419364511966 2.885144201996466 19.82101012469695
      vertex 40.088909239172935 4.351622741769478 19.653201274412435
      vertex 39.776419364511966 4.153975108251759 19.22934455620636
    endloop
  endfacet
  facet normal -0.8968727387295254 0.1869192798501935 0.40084968921540315
    outer loop
      vertex 40.088909239172935 3.0827918356310025 20.244866842848552
      vertex 40.33768199443817 4.56481727244333 20.110398421186282
      vertex 40.088909239172935 4.351622741769478 19.653201274412435
    endloop
  endfacet
  facet normal -1.0262957610530738e-15 0.9063077870366301 -0.422618261740742
    outer loop
      vertex 36.607000001370906 3.1039227474585367 20.29018222949938
      vertex 36.86805238634348 3.1111538645427292 20.305689410129443
      vertex 40.088909239172935 3.0827918356310025 20.244866842848552
    endloop
  endfacet
  facet normal 2.4596747801948684e-16 0.9063077870366559 -0.4226182617406866
    outer loop
      vertex 36.86805238634348 3.1111538645427292 20.305689410129443
      vertex 37.12463808864355 3.1327234824594736 20.35194560502465
      vertex 40.088909239172935 3.0827918356310025 20.244866842848552
    endloop
  endfacet
  facet normal -3.3007716080075777e-16 0.9063077870366498 -0.42261826174069983
    outer loop
      vertex 37.12463808864355 3.1327234824594736 20.35194560502465
      vertex 37.372366868555545 3.1682625455009887 20.428159371665604
      vertex 40.088909239172935 3.0827918356310025 20.244866842848552
    endloop
  endfacet
  facet normal -2.8769901186313115e-16 0.90630778703665 -0.4226182617406992
    outer loop
      vertex 37.372366868555545 3.1682625455009887 20.428159371665604
      vertex 37.607000001370906 3.2171629699416355 20.533026670294426
      vertex 40.088909239172935 3.0827918356310025 20.244866842848552
    endloop
  endfacet
  facet normal -1.8562163063358362e-16 0.9063077870366504 -0.4226182617406986
    outer loop
      vertex 37.607000001370906 3.2171629699416355 20.533026670294426
      vertex 37.82452286094427 3.2785880506613614 20.664753180990736
      vertex 40.088909239172935 3.0827918356310025 20.244866842848552
    endloop
  endfacet
  facet normal -4.303874716290967e-16 0.9063077870366498 -0.42261826174069966
    outer loop
      vertex 37.82452286094427 3.2785880506613614 20.664753180990736
      vertex 40.33768199443817 3.295986366430863 20.70206398956364
      vertex 40.088909239172935 3.0827918356310025 20.244866842848552
    endloop
  endfacet
  facet normal -4.985126785073866e-16 0.9063077870366517 -0.42261826174069583
    outer loop
      vertex 37.82452286094427 3.2785880506613614 20.664753180990736
      vertex 38.02121356189251 3.35148679426217 20.821085041139124
      vertex 40.33768199443817 3.295986366430863 20.70206398956364
    endloop
  endfacet
  facet normal -1.0119330733838627e-15 0.9063077870366478 -0.42261826174070405
    outer loop
      vertex 38.02121356189251 3.35148679426217 20.821085041139124
      vertex 38.19370668441057 3.434611876397475 20.999347355046208
      vertex 40.33768199443817 3.295986366430863 20.70206398956364
    endloop
  endfacet
  facet normal 7.289458230152046e-17 0.9063077870366514 -0.42261826174069644
    outer loop
      vertex 38.19370668441057 3.434611876397475 20.999347355046208
      vertex 38.33905080765486 3.526541009199236 21.19649001653603
      vertex 40.51848105400801 3.5210799816187723 21.18477880509663
    endloop
  endfacet
  facet normal 3.80524388758582e-17 0.9063077870366494 -0.4226182617407011
    outer loop
      vertex 38.33905080765486 3.526541009199236 21.19649001653603
      vertex 38.454759069383144 3.6257012559364385 21.409139851903394
      vertex 40.51848105400801 3.5210799816187723 21.18477880509663
    endloop
  endfacet
  facet normal 6.259939886675119e-16 0.9063077870366514 -0.42261826174069655
    outer loop
      vertex 38.454759069383144 3.6257012559364385 21.409139851903394
      vertex 38.53885165661573 3.73039596228599 21.633658374210725
      vertex 40.51848105400801 3.5210799816187723 21.18477880509663
    endloop
  endfacet
  facet normal 1.4441318287914433e-16 0.906307787036651 -0.4226182617406972
    outer loop
      vertex 38.19370668441057 3.434611876397475 20.999347355046208
      vertex 40.51848105400801 3.5210799816187723 21.18477880509663
      vertex 40.33768199443817 3.295986366430863 20.70206398956364
    endloop
  endfacet
  facet normal -3.676962920312013e-16 0.9063077870366497 -0.42261826174070016
    outer loop
      vertex 38.53885165661573 3.73039596228599 21.633658374210725
      vertex 40.62821290701628 3.7542212607043295 21.684751891552057
      vertex 40.51848105400801 3.5210799816187723 21.18477880509663
    endloop
  endfacet
  facet normal -2.3260951783457986e-16 0.9063077870366475 -0.4226182617407046
    outer loop
      vertex 38.53885165661573 3.73039596228599 21.633658374210725
      vertex 38.58988972067833 3.8388337657795635 21.866203994247545
      vertex 40.62821290701628 3.7542212607043295 21.684751891552057
    endloop
  endfacet
  facet normal 4.988423235604558e-16 0.9063077870366507 -0.4226182617406979
    outer loop
      vertex 38.58988972067833 3.8388337657795635 21.866203994247545
      vertex 38.607000001370906 3.9491592709399357 22.102797803572678
      vertex 40.62821290701628 3.7542212607043295 21.684751891552057
    endloop
  endfacet
  facet normal 9.943700805888959e-17 0.9063077870366499 -0.4226182617406995
    outer loop
      vertex 38.607000001370906 3.9491592709399357 22.102797803572678
      vertex 40.664999999701976 3.991421097743756 22.193428583626847
      vertex 40.62821290701628 3.7542212607043295 21.684751891552057
    endloop
  endfacet
  facet normal -0.8968727387295256 0.18691927985019346 0.40084968921540287
    outer loop
      vertex 40.088909239172935 3.0827918356310025 20.244866842848552
      vertex 40.33768199443817 3.295986366430863 20.70206398956364
      vertex 40.33768199443817 4.56481727244333 20.110398421186282
    endloop
  endfacet
  facet normal -0.9469301321056569 0.13584618483116315 0.2913230834952502
    outer loop
      vertex 40.33768199443817 3.295986366430863 20.70206398956364
      vertex 40.51848105400801 3.5210799816187723 21.18477880509663
      vertex 40.51848105400801 4.7899108874982 20.59311323678131
    endloop
  endfacet
  facet normal -0.946930132105657 0.13584618483116312 0.29132308349525
    outer loop
      vertex 40.33768199443817 4.56481727244333 20.110398421186282
      vertex 40.33768199443817 3.295986366430863 20.70206398956364
      vertex 40.51848105400801 4.7899108874982 20.59311323678131
    endloop
  endfacet
  facet normal -0.9807852794219167 0.08244873485783318 0.17681188248988072
    outer loop
      vertex 40.51848105400801 3.5210799816187723 21.18477880509663
      vertex 40.62821290701628 3.7542212607043295 21.684751891552057
      vertex 40.62821290701628 5.023052166445961 21.09308632330099
    endloop
  endfacet
  facet normal -0.9807852794219166 0.08244873485783319 0.1768118824898811
    outer loop
      vertex 40.51848105400801 3.5210799816187723 21.18477880509663
      vertex 40.62821290701628 5.023052166445961 21.09308632330099
      vertex 40.51848105400801 4.7899108874982 20.59311323678131
    endloop
  endfacet
  facet normal -0.997858923659613 0.027640554073013815 0.059275359496296726
    outer loop
      vertex 40.62821290701628 3.7542212607043295 21.684751891552057
      vertex 40.664999999701976 5.260252003345192 21.601763015441154
      vertex 40.62821290701628 5.023052166445961 21.09308632330099
    endloop
  endfacet
  facet normal -0.9978589236596132 0.02764055407301381 0.05927535949629665
    outer loop
      vertex 40.62821290701628 3.7542212607043295 21.684751891552057
      vertex 40.664999999701976 3.991421097743756 22.193428583626847
      vertex 40.664999999701976 5.260252003345192 21.601763015441154
    endloop
  endfacet
  facet normal 9.444335735928686e-17 0.90630778703665 -0.4226182617406994
    outer loop
      vertex 38.607000001370906 3.9491592709399357 22.102797803572678
      vertex 40.664999999701976 17.992764110346677 52.21940557058197
      vertex 40.664999999701976 3.991421097743756 22.193428583626847
    endloop
  endfacet
  facet normal -1 0 0
    outer loop
      vertex 40.664999999701976 3.991421097743756 22.193428583626847
      vertex 40.664999999701976 19.261595007672724 51.62774000625515
      vertex 40.664999999701976 5.260252003345192 21.601763015441154
    endloop
  endfacet
  facet normal 2.704907184090289e-15 0.9063077870366499 -0.4226182617406995
    outer loop
      vertex 38.607000001370906 3.9491592709399357 22.102797803572678
      vertex 38.607000001370906 16.895647102515163 49.86663055467854
      vertex 40.664999999701976 17.992764110346677 52.21940557058197
    endloop
  endfacet
  facet normal -1 0 0
    outer loop
      vertex 40.664999999701976 3.991421097743756 22.193428583626847
      vertex 40.664999999701976 17.992764110346677 52.21940557058197
      vertex 40.664999999701976 19.261595007672724 51.62774000625515
    endloop
  endfacet
  facet normal 0 0.9063077870366503 -0.42261826174069855
    outer loop
      vertex 6.935000002980228 17.992764110346677 52.21940557058197
      vertex 40.664999999701976 17.992764110346677 52.21940557058197
      vertex 36.607000001370906 17.74088362599656 51.67924612875184
    endloop
  endfacet
  facet normal 0 0.9063077870366489 -0.42261826174070194
    outer loop
      vertex 6.971787095665928 18.229963947386103 52.728082262656756
      vertex 40.62821290701628 18.229963947386103 52.728082262656756
      vertex 40.664999999701976 17.992764110346677 52.21940557058197
    endloop
  endfacet
  facet normal 0 0.906307787036649 -0.42261826174070155
    outer loop
      vertex 7.081518948674198 18.46310522647166 53.22805534911218
      vertex 40.51848105400801 18.46310522647166 53.22805534911218
      vertex 40.62821290701628 18.229963947386103 52.728082262656756
    endloop
  endfacet
  facet normal 0 0.9063077870366502 -0.422618261740699
    outer loop
      vertex 7.2623180082440335 18.68819884165957 53.71077016464517
      vertex 40.33768199443817 18.68819884165957 53.71077016464517
      vertex 40.51848105400801 18.46310522647166 53.22805534911218
    endloop
  endfacet
  facet normal 0 0.9063077870366498 -0.42261826174069983
    outer loop
      vertex 7.511090763509269 18.90139337245943 54.16796731136026
      vertex 40.088909239172935 18.90139337245943 54.16796731136026
      vertex 40.33768199443817 18.68819884165957 53.71077016464517
    endloop
  endfacet
  facet normal 0 0.9063077870366469 -0.4226182617407061
    outer loop
      vertex 7.823580638170238 19.09904100609397 54.591824029511855
      vertex 39.776419364511966 19.09904100609397 54.591824029511855
      vertex 40.088909239172935 18.90139337245943 54.16796731136026
    endloop
  endfacet
  facet normal 0 0.906307787036657 -0.42261826174068423
    outer loop
      vertex 8.194440842270847 19.277759936305934 54.975088012177494
      vertex 39.40555916041136 19.277759936305934 54.975088012177494
      vertex 39.776419364511966 19.09904100609397 54.591824029511855
    endloop
  endfacet
  facet normal 0 0.906307787036687 -0.4226182617406201
    outer loop
      vertex 11.234999999999996 19.810022634572185 56.11652905213856
      vertex 36.36500000268221 19.810022634572185 56.11652905213856
      vertex 36.92626263260841 19.794475737406863 56.08318862357507
    endloop
  endfacet
  facet normal 0 -0.4226182617406976 -0.9063077870366507
    outer loop
      vertex 11.234999999999996 21.07885353082416 55.5248634883126
      vertex 36.36500000268221 21.07885353082416 55.5248634883126
      vertex 36.36500000268221 19.810022634572185 56.11652905213856
    endloop
  endfacet
  facet normal 0 0.90630778703664 -0.42261826174072065
    outer loop
      vertex 8.617325857877727 19.43449223111174 55.31120150305587
      vertex 38.98267414480448 19.43449223111174 55.31120150305587
      vertex 39.40555916041136 19.277759936305934 54.975088012177494
    endloop
  endfacet
  facet normal 0 0.9063077870366525 -0.42261826174069395
    outer loop
      vertex 9.085000001490112 19.566556158752526 55.59441350983121
      vertex 38.51500000119209 19.566556158752526 55.59441350983121
      vertex 38.98267414480448 19.43449223111174 55.31120150305587
    endloop
  endfacet
  facet normal 0 0.9063077870366467 -0.4226182617407062
    outer loop
      vertex 10.673737370073791 19.794475737406863 56.08318862357507
      vertex 36.92626263260841 19.794475737406863 56.08318862357507
      vertex 37.47792189627886 19.74810105243092 55.98373779070771
    endloop
  endfacet
  facet normal 0 0.9063077870366533 -0.42261826174069234
    outer loop
      vertex 10.122078106403347 19.74810105243092 55.98373779070771
      vertex 37.47792189627886 19.74810105243092 55.98373779070771
      vertex 38.01053876489401 19.671692068151167 55.81987819513067
    endloop
  endfacet
  facet normal 0 0.9063077870366544 -0.42261826174068995
    outer loop
      vertex 9.589461237788196 19.671692068151167 55.81987819513067
      vertex 38.01053876489401 19.671692068151167 55.81987819513067
      vertex 38.51500000119209 19.566556158752526 55.59441350983121
    endloop
  endfacet
  facet normal -1.0690693546757857e-14 0.9063077870366811 -0.4226182617406327
    outer loop
      vertex 36.607000001370906 17.74088362599656 51.67924612875184
      vertex 40.664999999701976 17.992764110346677 52.21940557058197
      vertex 36.86805238634348 17.73365250891237 51.663738948121775
    endloop
  endfacet
  facet normal 2.8162363649588598e-15 0.9063077870366458 -0.42261826174070843
    outer loop
      vertex 36.86805238634348 17.73365250891237 51.663738948121775
      vertex 40.664999999701976 17.992764110346677 52.21940557058197
      vertex 37.12463808864355 17.712082890995624 51.61748275322657
    endloop
  endfacet
  facet normal 5.08880703537741e-15 0.9063077870366406 -0.4226182617407195
    outer loop
      vertex 37.12463808864355 17.712082890995624 51.61748275322657
      vertex 40.664999999701976 17.992764110346677 52.21940557058197
      vertex 37.372366868555545 17.67654382795411 51.54126898658562
    endloop
  endfacet
  facet normal -7.03181648768234e-15 0.9063077870366631 -0.4226182617406711
    outer loop
      vertex 37.372366868555545 17.67654382795411 51.54126898658562
      vertex 40.664999999701976 17.992764110346677 52.21940557058197
      vertex 37.607000001370906 17.627643403513463 51.43640168795679
    endloop
  endfacet
  facet normal 1.6487893403987448e-15 0.9063077870366498 -0.42261826174069983
    outer loop
      vertex 38.02121356189251 17.493319579192928 51.148343317112094
      vertex 40.664999999701976 17.992764110346677 52.21940557058197
      vertex 38.19370668441057 17.410194497057624 50.97008100320501
    endloop
  endfacet
  facet normal -5.855915814590199e-15 0.9063077870366535 -0.4226182617406919
    outer loop
      vertex 38.53885165661573 17.11441041116911 50.335769984040496
      vertex 38.454759069383144 17.21910511751866 50.560288506347824
      vertex 40.664999999701976 17.992764110346677 52.21940557058197
    endloop
  endfacet
  facet normal -8.398285776089618e-15 0.9063077870366537 -0.4226182617406918
    outer loop
      vertex 38.607000001370906 16.895647102515163 49.86663055467854
      vertex 38.58988972067833 17.005972607675535 50.10322436400367
      vertex 40.664999999701976 17.992764110346677 52.21940557058197
    endloop
  endfacet
  facet normal 9.583889415712081e-15 0.9063077870366469 -0.4226182617407062
    outer loop
      vertex 38.58988972067833 17.005972607675535 50.10322436400367
      vertex 38.53885165661573 17.11441041116911 50.335769984040496
      vertex 40.664999999701976 17.992764110346677 52.21940557058197
    endloop
  endfacet
  facet normal -3.3475965971987964e-15 0.9063077870366536 -0.42261826174069167
    outer loop
      vertex 38.33905080765486 17.318265364255865 50.77293834171519
      vertex 38.19370668441057 17.410194497057624 50.97008100320501
      vertex 40.664999999701976 17.992764110346677 52.21940557058197
    endloop
  endfacet
  facet normal 9.765929846535793e-15 0.9063077870366454 -0.422618261740709
    outer loop
      vertex 38.454759069383144 17.21910511751866 50.560288506347824
      vertex 38.33905080765486 17.318265364255865 50.77293834171519
      vertex 40.664999999701976 17.992764110346677 52.21940557058197
    endloop
  endfacet
  facet normal 1.1301647880811583e-15 0.906307787036651 -0.4226182617406973
    outer loop
      vertex 37.82452286094427 17.566218322793738 51.30467517726048
      vertex 37.607000001370906 17.627643403513463 51.43640168795679
      vertex 40.664999999701976 17.992764110346677 52.21940557058197
    endloop
  endfacet
  facet normal 3.910477331787519e-15 0.9063077870366476 -0.4226182617407044
    outer loop
      vertex 37.82452286094427 17.566218322793738 51.30467517726048
      vertex 40.664999999701976 17.992764110346677 52.21940557058197
      vertex 38.02121356189251 17.493319579192928 51.148343317112094
    endloop
  endfacet
  facet normal -0.997858923659613 -0.027640554073013867 -0.05927535949629703
    outer loop
      vertex 40.664999999701976 17.992764110346677 52.21940557058197
      vertex 40.62821290701628 18.229963947386103 52.728082262656756
      vertex 40.62821290701628 19.498794844571957 52.136416698395315
    endloop
  endfacet
  facet normal -0.9978589236596132 -0.027640554073013846 -0.059275359496296615
    outer loop
      vertex 40.664999999701976 17.992764110346677 52.21940557058197
      vertex 40.62821290701628 19.498794844571957 52.136416698395315
      vertex 40.664999999701976 19.261595007672724 51.62774000625515
    endloop
  endfacet
  facet normal -0.9807852794219167 -0.08244873485783234 -0.17681188248988094
    outer loop
      vertex 40.51848105400801 18.46310522647166 53.22805534911218
      vertex 40.51848105400801 19.731936123519716 52.636389784915
      vertex 40.62821290701628 18.229963947386103 52.728082262656756
    endloop
  endfacet
  facet normal -0.9807852794219171 -0.08244873485783229 -0.1768118824898794
    outer loop
      vertex 40.62821290701628 19.498794844571957 52.136416698395315
      vertex 40.62821290701628 18.229963947386103 52.728082262656756
      vertex 40.51848105400801 19.731936123519716 52.636389784915
    endloop
  endfacet
  facet normal -0.9469301321056552 -0.13584618483116423 -0.29132308349525526
    outer loop
      vertex 40.51848105400801 18.46310522647166 53.22805534911218
      vertex 40.33768199443817 19.957029738574587 53.11910460051002
      vertex 40.51848105400801 19.731936123519716 52.636389784915
    endloop
  endfacet
  facet normal -0.06540312280678041 -0.42171340377946914 -0.9043673128767181
    outer loop
      vertex 36.36500000268221 21.07885353082416 55.5248634883126
      vertex 36.92626263260841 19.794475737406863 56.08318862357507
      vertex 36.36500000268221 19.810022634572185 56.11652905213856
    endloop
  endfacet
  facet normal -0.19509032694953554 -0.41449776993015935 -0.8888933361509962
    outer loop
      vertex 36.92626263260841 19.794475737406863 56.08318862357507
      vertex 36.92626263260841 21.06330663366802 55.491523059744814
      vertex 37.47792189627886 19.74810105243092 55.98373779070771
    endloop
  endfacet
  facet normal -0.06540312280679528 -0.4217134037794741 -0.9043673128767147
    outer loop
      vertex 36.36500000268221 21.07885353082416 55.5248634883126
      vertex 36.92626263260841 21.06330663366802 55.491523059744814
      vertex 36.92626263260841 19.794475737406863 56.08318862357507
    endloop
  endfacet
  facet normal -0.3214394576127113 -0.40018996642038507 -0.8582101525070052
    outer loop
      vertex 37.47792189627886 19.74810105243092 55.98373779070771
      vertex 37.47792189627886 21.01693194871949 55.39207222686468
      vertex 38.01053876489401 19.671692068151167 55.81987819513067
    endloop
  endfacet
  facet normal -0.4422886959032678 -0.3790347978444904 -0.8128427470914488
    outer loop
      vertex 38.01053876489401 19.671692068151167 55.81987819513067
      vertex 38.01053876489401 20.940522964484895 55.22821263126658
      vertex 38.51500000119209 19.566556158752526 55.59441350983121
    endloop
  endfacet
  facet normal -0.5555702359596318 -0.3513942414112967 -0.7535673825337309
    outer loop
      vertex 38.51500000119209 19.566556158752526 55.59441350983121
      vertex 38.51500000119209 20.835387055148395 55.00274794593815
      vertex 38.98267414480448 19.43449223111174 55.31120150305587
    endloop
  endfacet
  facet normal -0.19509032694952438 -0.4144977699301562 -0.8888933361510002
    outer loop
      vertex 36.92626263260841 21.06330663366802 55.491523059744814
      vertex 37.47792189627886 21.01693194871949 55.39207222686468
      vertex 37.47792189627886 19.74810105243092 55.98373779070771
    endloop
  endfacet
  facet normal -0.32143945761271514 -0.400189966420386 -0.8582101525070032
    outer loop
      vertex 37.47792189627886 21.01693194871949 55.39207222686468
      vertex 38.01053876489401 20.940522964484895 55.22821263126658
      vertex 38.01053876489401 19.671692068151167 55.81987819513067
    endloop
  endfacet
  facet normal -0.4422886959032669 -0.37903479784449023 -0.8128427470914493
    outer loop
      vertex 38.51500000119209 19.566556158752526 55.59441350983121
      vertex 38.01053876489401 20.940522964484895 55.22821263126658
      vertex 38.51500000119209 20.835387055148395 55.00274794593815
    endloop
  endfacet
  facet normal -0.9469301321056564 -0.13584618483116412 -0.2913230834952518
    outer loop
      vertex 40.51848105400801 18.46310522647166 53.22805534911218
      vertex 40.33768199443817 18.68819884165957 53.71077016464517
      vertex 40.33768199443817 19.957029738574587 53.11910460051002
    endloop
  endfacet
  facet normal -0.8968727387295257 -0.18691927985019455 -0.40084968921540237
    outer loop
      vertex 40.088909239172935 18.90139337245943 54.16796731136026
      vertex 40.088909239172935 20.17022426924844 53.576301747283864
      vertex 40.33768199443817 18.68819884165957 53.71077016464517
    endloop
  endfacet
  facet normal -0.6593458139554529 -0.3177412329684524 -0.6813982730320858
    outer loop
      vertex 39.40555916041136 19.277759936305934 54.975088012177494
      vertex 38.98267414480448 20.70332312758566 54.71953593912641
      vertex 39.40555916041136 20.546590832872496 54.38342244820483
    endloop
  endfacet
  facet normal -0.8314696103380809 -0.23479412739613084 -0.503517631096002
    outer loop
      vertex 40.088909239172935 18.90139337245943 54.16796731136026
      vertex 39.776419364511966 20.367871902766158 54.00015846548994
      vertex 40.088909239172935 20.17022426924844 53.576301747283864
    endloop
  endfacet
  facet normal -0.7518398084827794 -0.2786515817798598 -0.5975702455378443
    outer loop
      vertex 39.40555916041136 19.277759936305934 54.975088012177494
      vertex 39.40555916041136 20.546590832872496 54.38342244820483
      vertex 39.776419364511966 19.09904100609397 54.591824029511855
    endloop
  endfacet
  facet normal -0.8314696103380792 -0.23479412739613081 -0.5035176310960046
    outer loop
      vertex 40.088909239172935 18.90139337245943 54.16796731136026
      vertex 39.776419364511966 19.09904100609397 54.591824029511855
      vertex 39.776419364511966 20.367871902766158 54.00015846548994
    endloop
  endfacet
  facet normal -0.75183980848278 -0.2786515817798598 -0.5975702455378437
    outer loop
      vertex 39.776419364511966 20.367871902766158 54.00015846548994
      vertex 39.776419364511966 19.09904100609397 54.591824029511855
      vertex 39.40555916041136 20.546590832872496 54.38342244820483
    endloop
  endfacet
  facet normal -0.6593458139554527 -0.31774123296845236 -0.6813982730320861
    outer loop
      vertex 39.40555916041136 19.277759936305934 54.975088012177494
      vertex 38.98267414480448 19.43449223111174 55.31120150305587
      vertex 38.98267414480448 20.70332312758566 54.71953593912641
    endloop
  endfacet
  facet normal -0.5555702359596305 -0.35139424141129644 -0.7535673825337319
    outer loop
      vertex 38.51500000119209 20.835387055148395 55.00274794593815
      vertex 38.98267414480448 20.70332312758566 54.71953593912641
      vertex 38.98267414480448 19.43449223111174 55.31120150305587
    endloop
  endfacet
  facet normal -0.8968727387295246 -0.1869192798501946 -0.40084968921540487
    outer loop
      vertex 40.088909239172935 20.17022426924844 53.576301747283864
      vertex 40.33768199443817 19.957029738574587 53.11910460051002
      vertex 40.33768199443817 18.68819884165957 53.71077016464517
    endloop
  endfacet
  facet normal 0 0.7798844830928925 0.6259234721840458
    outer loop
      vertex 0 9.465212146406252 25.88692598618835
      vertex 2.4 9.465212146406252 25.88692598618835
      vertex 0 9.563461795380892 25.76450946067081
    endloop
  endfacet
  facet normal 0 0.6915130557822674 0.7223639620597575
    outer loop
      vertex 0 9.676849467929195 25.655964378066827
      vertex 0 9.563461795380892 25.76450946067081
      vertex 2.4 9.563461795380892 25.76450946067081
    endloop
  endfacet
  facet normal 0 0.960049854385928 0.2798290140309943
    outer loop
      vertex 0 9.320563454609951 26.164793537818802
      vertex 0 9.276639391009121 26.31549017308388
      vertex 2.4 9.276639391009121 26.31549017308388
    endloop
  endfacet
  facet normal 0 0.9153114791194515 0.4027466898587272
    outer loop
      vertex 0 9.320563454609951 26.164793537818802
      vertex 2.4 9.320563454609951 26.164793537818802
      vertex 0 9.383781599739175 26.02111937392756
    endloop
  endfacet
  facet normal 0 0.9883615104677611 0.1521233861899145
    outer loop
      vertex 0 9.276639391009121 26.31549017308388
      vertex 0 9.252760961842947 26.470630818512415
      vertex 2.4 9.252760961842947 26.470630818512415
    endloop
  endfacet
  facet normal 0 0.9997620270799089 0.021814885034568687
    outer loop
      vertex 0 9.252760961842947 26.470630818512415
      vertex 0 9.249336733654811 26.627560974648006
      vertex 2.4 9.249336733654811 26.627560974648006
    endloop
  endfacet
  facet normal 0 0.8549118706729405 0.5187732581605315
    outer loop
      vertex 0 9.465212146406252 25.88692598618835
      vertex 0 9.383781599739175 26.02111937392756
      vertex 2.4 9.383781599739175 26.02111937392756
    endloop
  endfacet
  facet normal 0 0.5913096483635678 0.8064446042674933
    outer loop
      vertex 0 9.676849467929195 25.655964378066827
      vertex 2.4 9.676849467929195 25.655964378066827
      vertex 0 9.803435069536853 25.56314797483414
    endloop
  endfacet
  facet normal 0 0.4809887689193981 0.876726755707502
    outer loop
      vertex 0 9.803435069536853 25.56314797483414
      vertex 2.4 9.803435069536853 25.56314797483414
      vertex 0 9.941052685464202 25.487648365365622
    endloop
  endfacet
  facet normal 0 0.23768589232618004 0.9713420698132598
    outer loop
      vertex 0 10.087347640147915 25.43075736891173
      vertex 2.4 10.087347640147915 25.43075736891173
      vertex 0 10.239816786352726 25.393448406194953
    endloop
  endfacet
  facet normal 0 0.36243803828369214 0.9320078692828021
    outer loop
      vertex 0 9.941052685464202 25.487648365365622
      vertex 2.4 9.941052685464202 25.487648365365622
      vertex 0 10.087347640147915 25.43075736891173
    endloop
  endfacet
  facet normal 0 0.10886687485196127 0.9940563382223199
    outer loop
      vertex 0 10.239816786352726 25.393448406194953
      vertex 2.4 10.239816786352726 25.393448406194953
      vertex 0 10.395851334714639 25.376359843911374
    endloop
  endfacet
  facet normal 0 -0.02181488503457975 0.9997620270799088
    outer loop
      vertex 0 10.395851334714639 25.376359843911374
      vertex 2.4 10.395851334714639 25.376359843911374
      vertex 0 10.552781490850231 25.37978407209951
    endloop
  endfacet
  facet normal 0 -0.1521233861898924 0.9883615104677644
    outer loop
      vertex 0 10.552781490850231 25.37978407209951
      vertex 2.4 10.552781490850231 25.37978407209951
      vertex 0 10.707922136278766 25.403662501265682
    endloop
  endfacet
  facet normal 0 0.7798844830928925 0.6259234721840458
    outer loop
      vertex 0 9.563461795380892 25.76450946067081
      vertex 2.4 9.465212146406252 25.88692598618835
      vertex 2.4 9.563461795380892 25.76450946067081
    endloop
  endfacet
  facet normal 0 0.6915130557822674 0.7223639620597575
    outer loop
      vertex 0 9.676849467929195 25.655964378066827
      vertex 2.4 9.563461795380892 25.76450946067081
      vertex 2.4 9.676849467929195 25.655964378066827
    endloop
  endfacet
  facet normal 0 0.960049854385928 0.2798290140309943
    outer loop
      vertex 0 9.320563454609951 26.164793537818802
      vertex 2.4 9.276639391009121 26.31549017308388
      vertex 2.4 9.320563454609951 26.164793537818802
    endloop
  endfacet
  facet normal 0 0.9153114791194515 0.4027466898587272
    outer loop
      vertex 0 9.383781599739175 26.02111937392756
      vertex 2.4 9.320563454609951 26.164793537818802
      vertex 2.4 9.383781599739175 26.02111937392756
    endloop
  endfacet
  facet normal 0 0.9997620270799089 0.021814885034568687
    outer loop
      vertex 0 9.252760961842947 26.470630818512415
      vertex 2.4 9.249336733654811 26.627560974648006
      vertex 2.4 9.252760961842947 26.470630818512415
    endloop
  endfacet
  facet normal 0 0.9940563382223188 -0.10886687485197245
    outer loop
      vertex 0 9.249336733654811 26.627560974648006
      vertex 2.4 9.266425295938392 26.783595523009918
      vertex 2.4 9.249336733654811 26.627560974648006
    endloop
  endfacet
  facet normal 0 0.9883615104677611 0.1521233861899145
    outer loop
      vertex 0 9.276639391009121 26.31549017308388
      vertex 2.4 9.252760961842947 26.470630818512415
      vertex 2.4 9.276639391009121 26.31549017308388
    endloop
  endfacet
  facet normal 0 0.8549118706729405 0.5187732581605315
    outer loop
      vertex 0 9.465212146406252 25.88692598618835
      vertex 2.4 9.383781599739175 26.02111937392756
      vertex 2.4 9.465212146406252 25.88692598618835
    endloop
  endfacet
  facet normal 0 0.5913096483635678 0.8064446042674933
    outer loop
      vertex 0 9.803435069536853 25.56314797483414
      vertex 2.4 9.676849467929195 25.655964378066827
      vertex 2.4 9.803435069536853 25.56314797483414
    endloop
  endfacet
  facet normal 0 0.4809887689193981 0.876726755707502
    outer loop
      vertex 0 9.941052685464202 25.487648365365622
      vertex 2.4 9.803435069536853 25.56314797483414
      vertex 2.4 9.941052685464202 25.487648365365622
    endloop
  endfacet
  facet normal 0 0.23768589232618004 0.9713420698132598
    outer loop
      vertex 0 10.239816786352726 25.393448406194953
      vertex 2.4 10.087347640147915 25.43075736891173
      vertex 2.4 10.239816786352726 25.393448406194953
    endloop
  endfacet
  facet normal 0 0.36243803828369214 0.9320078692828021
    outer loop
      vertex 0 10.087347640147915 25.43075736891173
      vertex 2.4 9.941052685464202 25.487648365365622
      vertex 2.4 10.087347640147915 25.43075736891173
    endloop
  endfacet
  facet normal 0 0.10886687485196127 0.9940563382223199
    outer loop
      vertex 0 10.395851334714639 25.376359843911374
      vertex 2.4 10.239816786352726 25.393448406194953
      vertex 2.4 10.395851334714639 25.376359843911374
    endloop
  endfacet
  facet normal 0 -0.02181488503457975 0.9997620270799088
    outer loop
      vertex 0 10.552781490850231 25.37978407209951
      vertex 2.4 10.395851334714639 25.376359843911374
      vertex 2.4 10.552781490850231 25.37978407209951
    endloop
  endfacet
  facet normal 0 -0.1521233861898924 0.9883615104677644
    outer loop
      vertex 2.4 10.552781490850231 25.37978407209951
      vertex 2.4 10.707922136278766 25.403662501265682
      vertex 0 10.707922136278766 25.403662501265682
    endloop
  endfacet
  facet normal 0 -0.2798290140309943 0.960049854385928
    outer loop
      vertex 0 10.707922136278766 25.403662501265682
      vertex 2.4 10.707922136278766 25.403662501265682
      vertex 0 10.858618771543844 25.447586564866512
    endloop
  endfacet
  facet normal 0 -0.4027466898587356 0.9153114791194479
    outer loop
      vertex 0 10.858618771543844 25.447586564866512
      vertex 2.4 10.858618771543844 25.447586564866512
      vertex 0 11.002292935435081 25.510804709995735
    endloop
  endfacet
  facet normal 0 -0.5187732581605297 0.8549118706729415
    outer loop
      vertex 0 11.002292935435081 25.510804709995735
      vertex 2.4 11.002292935435081 25.510804709995735
      vertex 0 11.136486323174298 25.592235256662814
    endloop
  endfacet
  facet normal 0 -0.6259234721840566 0.7798844830928836
    outer loop
      vertex 0 11.136486323174298 25.592235256662814
      vertex 2.4 11.136486323174298 25.592235256662814
      vertex 0 11.258902848691834 25.690484905637454
    endloop
  endfacet
  facet normal 0 -0.7223639620597467 0.6915130557822786
    outer loop
      vertex 0 11.258902848691834 25.690484905637454
      vertex 2.4 11.258902848691834 25.690484905637454
      vertex 0 11.367447931295816 25.803872578185754
    endloop
  endfacet
  facet normal 0 -0.8064446042674824 0.5913096483635826
    outer loop
      vertex 0 11.367447931295816 25.803872578185754
      vertex 2.4 11.367447931295816 25.803872578185754
      vertex 0 11.460264334528505 25.930458179793412
    endloop
  endfacet
  facet normal 0 -0.8767267557075141 0.4809887689193759
    outer loop
      vertex 0 11.460264334528505 25.930458179793412
      vertex 2.4 11.460264334528505 25.930458179793412
      vertex 0 11.53576394399702 26.068075795720762
    endloop
  endfacet
  facet normal 0 -0.932007869282796 0.362438038283708
    outer loop
      vertex 0 11.53576394399702 26.068075795720762
      vertex 2.4 11.53576394399702 26.068075795720762
      vertex 0 11.592654940450915 26.214370750404477
    endloop
  endfacet
  facet normal 0 -0.9713420698132637 0.23768589232616394
    outer loop
      vertex 0 11.592654940450915 26.214370750404477
      vertex 2.4 11.592654940450915 26.214370750404477
      vertex 0 11.62996390316769 26.366839896609285
    endloop
  endfacet
  facet normal 0 -0.9940563382223191 0.10886687485197001
    outer loop
      vertex 0 11.62996390316769 26.366839896609285
      vertex 2.4 11.62996390316769 26.366839896609285
      vertex 0 11.64705246545127 26.5228744449712
    endloop
  endfacet
  facet normal 0 -0.9997620270799089 -0.021814885034568195
    outer loop
      vertex 0 11.64705246545127 26.5228744449712
      vertex 2.4 11.64705246545127 26.5228744449712
      vertex 0 11.643628237263135 26.679804601106795
    endloop
  endfacet
  facet normal 0 -0.2798290140309943 0.960049854385928
    outer loop
      vertex 0 10.858618771543844 25.447586564866512
      vertex 2.4 10.707922136278766 25.403662501265682
      vertex 2.4 10.858618771543844 25.447586564866512
    endloop
  endfacet
  facet normal 0 -0.4027466898587356 0.9153114791194479
    outer loop
      vertex 0 11.002292935435081 25.510804709995735
      vertex 2.4 10.858618771543844 25.447586564866512
      vertex 2.4 11.002292935435081 25.510804709995735
    endloop
  endfacet
  facet normal 0 -0.5187732581605297 0.8549118706729415
    outer loop
      vertex 0 11.136486323174298 25.592235256662814
      vertex 2.4 11.002292935435081 25.510804709995735
      vertex 2.4 11.136486323174298 25.592235256662814
    endloop
  endfacet
  facet normal 0 -0.6259234721840566 0.7798844830928836
    outer loop
      vertex 0 11.258902848691834 25.690484905637454
      vertex 2.4 11.136486323174298 25.592235256662814
      vertex 2.4 11.258902848691834 25.690484905637454
    endloop
  endfacet
  facet normal 0 -0.7223639620597467 0.6915130557822786
    outer loop
      vertex 0 11.367447931295816 25.803872578185754
      vertex 2.4 11.258902848691834 25.690484905637454
      vertex 2.4 11.367447931295816 25.803872578185754
    endloop
  endfacet
  facet normal 0 -0.8064446042674824 0.5913096483635826
    outer loop
      vertex 0 11.460264334528505 25.930458179793412
      vertex 2.4 11.367447931295816 25.803872578185754
      vertex 2.4 11.460264334528505 25.930458179793412
    endloop
  endfacet
  facet normal 0 -0.8767267557075141 0.4809887689193759
    outer loop
      vertex 0 11.53576394399702 26.068075795720762
      vertex 2.4 11.460264334528505 25.930458179793412
      vertex 2.4 11.53576394399702 26.068075795720762
    endloop
  endfacet
  facet normal 0 -0.932007869282796 0.362438038283708
    outer loop
      vertex 2.4 11.53576394399702 26.068075795720762
      vertex 2.4 11.592654940450915 26.214370750404477
      vertex 0 11.592654940450915 26.214370750404477
    endloop
  endfacet
  facet normal 0 -0.9713420698132637 0.23768589232616394
    outer loop
      vertex 0 11.62996390316769 26.366839896609285
      vertex 2.4 11.592654940450915 26.214370750404477
      vertex 2.4 11.62996390316769 26.366839896609285
    endloop
  endfacet
  facet normal 0 -0.9940563382223191 0.10886687485197001
    outer loop
      vertex 0 11.64705246545127 26.5228744449712
      vertex 2.4 11.62996390316769 26.366839896609285
      vertex 2.4 11.64705246545127 26.5228744449712
    endloop
  endfacet
  facet normal 0 -0.9997620270799089 -0.021814885034568195
    outer loop
      vertex 0 11.643628237263135 26.679804601106795
      vertex 2.4 11.64705246545127 26.5228744449712
      vertex 2.4 11.643628237263135 26.679804601106795
    endloop
  endfacet
  facet normal 0 0.9940563382223188 -0.10886687485197245
    outer loop
      vertex 0 9.249336733654811 26.627560974648006
      vertex 0 9.266425295938392 26.783595523009918
      vertex 2.4 9.266425295938392 26.783595523009918
    endloop
  endfacet
  facet normal 0 0.9713420698132598 -0.23768589232618004
    outer loop
      vertex 0 9.266425295938392 26.783595523009918
      vertex 0 9.30373425865517 26.93606466921473
      vertex 2.4 9.30373425865517 26.93606466921473
    endloop
  endfacet
  facet normal 0 0.9320078692828007 -0.36243803828369603
    outer loop
      vertex 0 9.30373425865517 26.93606466921473
      vertex 0 9.360625255109062 27.08235962389844
      vertex 2.4 9.360625255109062 27.08235962389844
    endloop
  endfacet
  facet normal 0 0.8767267557075094 -0.4809887689193846
    outer loop
      vertex 0 9.360625255109062 27.08235962389844
      vertex 0 9.436124864577579 27.21997723982579
      vertex 2.4 9.436124864577579 27.21997723982579
    endloop
  endfacet
  facet normal 0 0.8064446042674824 -0.5913096483635826
    outer loop
      vertex 0 9.436124864577579 27.21997723982579
      vertex 0 9.528941267810268 27.34656284143345
      vertex 2.4 9.528941267810268 27.34656284143345
    endloop
  endfacet
  facet normal 0 0.7223639620597575 -0.6915130557822674
    outer loop
      vertex 0 9.528941267810268 27.34656284143345
      vertex 0 9.63748635041425 27.459950513981752
      vertex 2.4 9.63748635041425 27.459950513981752
    endloop
  endfacet
  facet normal 0 0.6259234721840566 -0.7798844830928836
    outer loop
      vertex 0 9.63748635041425 27.459950513981752
      vertex 0 9.759902875931786 27.558200162956393
      vertex 2.4 9.759902875931786 27.558200162956393
    endloop
  endfacet
  facet normal 0 0.5187732581605182 -0.8549118706729486
    outer loop
      vertex 0 9.759902875931786 27.558200162956393
      vertex 0 9.894096263671 27.639630709623468
      vertex 2.4 9.894096263671 27.639630709623468
    endloop
  endfacet
  facet normal 0 0.40274668985875034 -0.9153114791194414
    outer loop
      vertex 0 9.894096263671 27.639630709623468
      vertex 0 10.03777042756224 27.702848854752695
      vertex 2.4 10.03777042756224 27.702848854752695
    endloop
  endfacet
  facet normal 0 0.2798290140309943 -0.960049854385928
    outer loop
      vertex 0 10.03777042756224 27.702848854752695
      vertex 0 10.188467062827318 27.746772918353525
      vertex 2.4 10.188467062827318 27.746772918353525
    endloop
  endfacet
  facet normal 0 0.1521233861898941 -0.9883615104677642
    outer loop
      vertex 0 10.188467062827318 27.746772918353525
      vertex 0 10.34360770825585 27.770651347519696
      vertex 2.4 10.34360770825585 27.770651347519696
    endloop
  endfacet
  facet normal 0 0.021814885034579505 -0.9997620270799088
    outer loop
      vertex 0 10.34360770825585 27.770651347519696
      vertex 0 10.500537864391445 27.774075575707833
      vertex 2.4 10.500537864391445 27.774075575707833
    endloop
  endfacet
  facet normal 0 -0.10886687485198365 -0.9940563382223175
    outer loop
      vertex 0 10.500537864391445 27.774075575707833
      vertex 0 10.656572412753357 27.75698701342425
      vertex 2.4 10.656572412753357 27.75698701342425
    endloop
  endfacet
  facet normal 0 0.9713420698132598 -0.23768589232618004
    outer loop
      vertex 0 9.266425295938392 26.783595523009918
      vertex 2.4 9.30373425865517 26.93606466921473
      vertex 2.4 9.266425295938392 26.783595523009918
    endloop
  endfacet
  facet normal 0 0.9320078692828007 -0.36243803828369603
    outer loop
      vertex 0 9.30373425865517 26.93606466921473
      vertex 2.4 9.360625255109062 27.08235962389844
      vertex 2.4 9.30373425865517 26.93606466921473
    endloop
  endfacet
  facet normal 0 0.8767267557075094 -0.4809887689193846
    outer loop
      vertex 0 9.360625255109062 27.08235962389844
      vertex 2.4 9.436124864577579 27.21997723982579
      vertex 2.4 9.360625255109062 27.08235962389844
    endloop
  endfacet
  facet normal 0 0.8064446042674824 -0.5913096483635826
    outer loop
      vertex 0 9.436124864577579 27.21997723982579
      vertex 2.4 9.528941267810268 27.34656284143345
      vertex 2.4 9.436124864577579 27.21997723982579
    endloop
  endfacet
  facet normal 0 0.7223639620597575 -0.6915130557822674
    outer loop
      vertex 0 9.528941267810268 27.34656284143345
      vertex 2.4 9.63748635041425 27.459950513981752
      vertex 2.4 9.528941267810268 27.34656284143345
    endloop
  endfacet
  facet normal 0 0.6259234721840566 -0.7798844830928836
    outer loop
      vertex 0 9.63748635041425 27.459950513981752
      vertex 2.4 9.759902875931786 27.558200162956393
      vertex 2.4 9.63748635041425 27.459950513981752
    endloop
  endfacet
  facet normal 0 0.5187732581605182 -0.8549118706729486
    outer loop
      vertex 0 9.759902875931786 27.558200162956393
      vertex 2.4 9.894096263671 27.639630709623468
      vertex 2.4 9.759902875931786 27.558200162956393
    endloop
  endfacet
  facet normal 0 0.40274668985875034 -0.9153114791194414
    outer loop
      vertex 0 9.894096263671 27.639630709623468
      vertex 2.4 10.03777042756224 27.702848854752695
      vertex 2.4 9.894096263671 27.639630709623468
    endloop
  endfacet
  facet normal 0 0.2798290140309943 -0.960049854385928
    outer loop
      vertex 0 10.03777042756224 27.702848854752695
      vertex 2.4 10.188467062827318 27.746772918353525
      vertex 2.4 10.03777042756224 27.702848854752695
    endloop
  endfacet
  facet normal 0 0.1521233861898941 -0.9883615104677642
    outer loop
      vertex 0 10.188467062827318 27.746772918353525
      vertex 2.4 10.34360770825585 27.770651347519696
      vertex 2.4 10.188467062827318 27.746772918353525
    endloop
  endfacet
  facet normal 0 0.021814885034579505 -0.9997620270799088
    outer loop
      vertex 0 10.34360770825585 27.770651347519696
      vertex 2.4 10.500537864391445 27.774075575707833
      vertex 2.4 10.34360770825585 27.770651347519696
    endloop
  endfacet
  facet normal 0 -0.10886687485198365 -0.9940563382223175
    outer loop
      vertex 0 10.500537864391445 27.774075575707833
      vertex 2.4 10.656572412753357 27.75698701342425
      vertex 2.4 10.500537864391445 27.774075575707833
    endloop
  endfacet
  facet normal 0 -0.23768589232618004 -0.9713420698132598
    outer loop
      vertex 0 10.656572412753357 27.75698701342425
      vertex 2.4 10.80904155895817 27.719678050707472
      vertex 2.4 10.656572412753357 27.75698701342425
    endloop
  endfacet
  facet normal 0 -0.23768589232618004 -0.9713420698132598
    outer loop
      vertex 0 10.656572412753357 27.75698701342425
      vertex 0 10.80904155895817 27.719678050707472
      vertex 2.4 10.80904155895817 27.719678050707472
    endloop
  endfacet
  facet normal 0 -0.3624380382836764 -0.9320078692828083
    outer loop
      vertex 0 10.80904155895817 27.719678050707472
      vertex 0 10.95533651364188 27.662787054253585
      vertex 2.4 10.95533651364188 27.662787054253585
    endloop
  endfacet
  facet normal 0 -0.4809887689193933 -0.8767267557075046
    outer loop
      vertex 0 10.95533651364188 27.662787054253585
      vertex 0 11.09295412956923 27.587287444785066
      vertex 2.4 11.09295412956923 27.587287444785066
    endloop
  endfacet
  facet normal 0 -0.5913096483635826 -0.8064446042674824
    outer loop
      vertex 0 11.219539731176889 27.494471041552377
      vertex 2.4 11.219539731176889 27.494471041552377
      vertex 0 11.09295412956923 27.587287444785066
    endloop
  endfacet
  facet normal 0 -0.6915130557822674 -0.7223639620597575
    outer loop
      vertex 0 11.332927403725192 27.385925958948395
      vertex 2.4 11.332927403725192 27.385925958948395
      vertex 0 11.219539731176889 27.494471041552377
    endloop
  endfacet
  facet normal 0 -0.7798844830928836 -0.6259234721840566
    outer loop
      vertex 0 11.332927403725192 27.385925958948395
      vertex 0 11.431177052699832 27.26350943343086
      vertex 2.4 11.431177052699832 27.26350943343086
    endloop
  endfacet
  facet normal 0 -0.8549118706729456 -0.5187732581605232
    outer loop
      vertex 0 11.512607599366907 27.129316045691645
      vertex 2.4 11.512607599366907 27.129316045691645
      vertex 0 11.431177052699832 27.26350943343086
    endloop
  endfacet
  facet normal 0 -0.9600498543859309 -0.27982901403098387
    outer loop
      vertex 0 11.61974980809696 26.834945246535327
      vertex 2.4 11.61974980809696 26.834945246535327
      vertex 0 11.575825744496132 26.985641881800404
    endloop
  endfacet
  facet normal 0 -0.9883615104677606 -0.15212338618991791
    outer loop
      vertex 0 11.643628237263135 26.679804601106795
      vertex 2.4 11.643628237263135 26.679804601106795
      vertex 0 11.61974980809696 26.834945246535327
    endloop
  endfacet
  facet normal 0 -0.9153114791194473 -0.40274668985873663
    outer loop
      vertex 0 11.575825744496132 26.985641881800404
      vertex 2.4 11.575825744496132 26.985641881800404
      vertex 0 11.512607599366907 27.129316045691645
    endloop
  endfacet
  facet normal 0 -0.6915130557822674 -0.7223639620597575
    outer loop
      vertex 0 11.219539731176889 27.494471041552377
      vertex 2.4 11.332927403725192 27.385925958948395
      vertex 2.4 11.219539731176889 27.494471041552377
    endloop
  endfacet
  facet normal 0 -0.3624380382836764 -0.9320078692828083
    outer loop
      vertex 0 10.80904155895817 27.719678050707472
      vertex 2.4 10.95533651364188 27.662787054253585
      vertex 2.4 10.80904155895817 27.719678050707472
    endloop
  endfacet
  facet normal 0 -0.4809887689193933 -0.8767267557075046
    outer loop
      vertex 0 10.95533651364188 27.662787054253585
      vertex 2.4 11.09295412956923 27.587287444785066
      vertex 2.4 10.95533651364188 27.662787054253585
    endloop
  endfacet
  facet normal 0 -0.5913096483635826 -0.8064446042674824
    outer loop
      vertex 0 11.09295412956923 27.587287444785066
      vertex 2.4 11.219539731176889 27.494471041552377
      vertex 2.4 11.09295412956923 27.587287444785066
    endloop
  endfacet
  facet normal 0 -0.9153114791194473 -0.40274668985873663
    outer loop
      vertex 0 11.512607599366907 27.129316045691645
      vertex 2.4 11.575825744496132 26.985641881800404
      vertex 2.4 11.512607599366907 27.129316045691645
    endloop
  endfacet
  facet normal 0 -0.7798844830928836 -0.6259234721840566
    outer loop
      vertex 0 11.332927403725192 27.385925958948395
      vertex 2.4 11.431177052699832 27.26350943343086
      vertex 2.4 11.332927403725192 27.385925958948395
    endloop
  endfacet
  facet normal 0 -0.8549118706729456 -0.5187732581605232
    outer loop
      vertex 0 11.431177052699832 27.26350943343086
      vertex 2.4 11.512607599366907 27.129316045691645
      vertex 2.4 11.431177052699832 27.26350943343086
    endloop
  endfacet
  facet normal 0 -0.9883615104677606 -0.15212338618991791
    outer loop
      vertex 0 11.61974980809696 26.834945246535327
      vertex 2.4 11.643628237263135 26.679804601106795
      vertex 2.4 11.61974980809696 26.834945246535327
    endloop
  endfacet
  facet normal 0 -0.9600498543859309 -0.27982901403098387
    outer loop
      vertex 0 11.575825744496132 26.985641881800404
      vertex 2.4 11.61974980809696 26.834945246535327
      vertex 2.4 11.575825744496132 26.985641881800404
    endloop
  endfacet
  facet normal 0 0.7798844830928726 0.6259234721840704
    outer loop
      vertex 0 13.311038328246616 34.13432684822186
      vertex 2.4 13.311038328246616 34.13432684822186
      vertex 0 13.40928797722126 34.011910322704324
    endloop
  endfacet
  facet normal 0 0.960049854385925 0.27982901403100474
    outer loop
      vertex 0 13.166389636450319 34.41219439985232
      vertex 0 13.122465572849487 34.562891035117396
      vertex 2.4 13.122465572849487 34.562891035117396
    endloop
  endfacet
  facet normal 0 0.9883615104677606 0.15212338618991791
    outer loop
      vertex 0 13.122465572849487 34.562891035117396
      vertex 0 13.098587143683313 34.71803168054593
      vertex 2.4 13.098587143683313 34.71803168054593
    endloop
  endfacet
  facet normal 0 0.9997620270799092 0.021814885034556884
    outer loop
      vertex 0 13.098587143683313 34.71803168054593
      vertex 0 13.095162915495179 34.87496183668152
      vertex 2.4 13.095162915495179 34.87496183668152
    endloop
  endfacet
  facet normal 0 0.8549118706729516 0.5187732581605131
    outer loop
      vertex 0 13.311038328246616 34.13432684822186
      vertex 0 13.22960778157954 34.26852023596108
      vertex 2.4 13.22960778157954 34.26852023596108
    endloop
  endfacet
  facet normal 0 0.9153114791194558 0.4027466898587177
    outer loop
      vertex 0 13.22960778157954 34.26852023596108
      vertex 0 13.166389636450319 34.41219439985232
      vertex 2.4 13.166389636450319 34.41219439985232
    endloop
  endfacet
  facet normal 0 0.5913096483635717 0.8064446042674903
    outer loop
      vertex 0 13.64926125137722 33.81054883686765
      vertex 0 13.522675649769559 33.90336524010034
      vertex 2.4 13.522675649769559 33.90336524010034
    endloop
  endfacet
  facet normal 0 0.6915130557822786 0.7223639620597467
    outer loop
      vertex 0 13.522675649769559 33.90336524010034
      vertex 0 13.40928797722126 34.011910322704324
      vertex 2.4 13.40928797722126 34.011910322704324
    endloop
  endfacet
  facet normal 0 0.48098876891935066 0.876726755707528
    outer loop
      vertex 0 13.64926125137722 33.81054883686765
      vertex 2.4 13.64926125137722 33.81054883686765
      vertex 0 13.786878867304567 33.735049227399145
    endloop
  endfacet
  facet normal 0 0.36243803828375115 0.9320078692827793
    outer loop
      vertex 0 13.786878867304567 33.735049227399145
      vertex 2.4 13.786878867304567 33.735049227399145
      vertex 0 13.93317382198828 33.67815823094524
    endloop
  endfacet
  facet normal 0 0.9940563382223203 -0.10886687485195884
    outer loop
      vertex 0 13.095162915495179 34.87496183668152
      vertex 0 13.112251477778758 35.03099638504344
      vertex 2.4 13.112251477778758 35.03099638504344
    endloop
  endfacet
  facet normal 0 0.971342069813261 -0.2376858923261746
    outer loop
      vertex 0 13.112251477778758 35.03099638504344
      vertex 0 13.149560440495534 35.183465531248245
      vertex 2.4 13.149560440495534 35.183465531248245
    endloop
  endfacet
  facet normal 0 0.932007869282797 -0.36243803828370585
    outer loop
      vertex 0 13.149560440495534 35.183465531248245
      vertex 0 13.206451436949427 35.329760485931956
      vertex 2.4 13.206451436949427 35.329760485931956
    endloop
  endfacet
  facet normal 0 0.8767267557075098 -0.4809887689193837
    outer loop
      vertex 0 13.206451436949427 35.329760485931956
      vertex 0 13.281951046417946 35.46737810185931
      vertex 2.4 13.281951046417946 35.46737810185931
    endloop
  endfacet
  facet normal 0 0.8064446042674879 -0.5913096483635751
    outer loop
      vertex 0 13.281951046417946 35.46737810185931
      vertex 0 13.374767449650633 35.59396370346697
      vertex 2.4 13.374767449650633 35.59396370346697
    endloop
  endfacet
  facet normal 0 0.7223639620597524 -0.6915130557822727
    outer loop
      vertex 0 13.374767449650633 35.59396370346697
      vertex 0 13.483312532254613 35.70735137601527
      vertex 2.4 13.483312532254613 35.70735137601527
    endloop
  endfacet
  facet normal 0 0.625923472184065 -0.7798844830928771
    outer loop
      vertex 0 13.483312532254613 35.70735137601527
      vertex 0 13.605729057772152 35.80560102498991
      vertex 2.4 13.605729057772152 35.80560102498991
    endloop
  endfacet
  facet normal 0 0.5187732581605017 -0.8549118706729587
    outer loop
      vertex 0 13.605729057772152 35.80560102498991
      vertex 0 13.739922445511366 35.88703157165698
      vertex 2.4 13.739922445511366 35.88703157165698
    endloop
  endfacet
  facet normal 0 0.4027466898587166 -0.9153114791194562
    outer loop
      vertex 0 13.739922445511366 35.88703157165698
      vertex 0 13.883596609402604 35.9502497167862
      vertex 2.4 13.883596609402604 35.9502497167862
    endloop
  endfacet
  facet normal 0 0.23768589232618265 0.971342069813259
    outer loop
      vertex 0 14.08564296819309 33.640849268228465
      vertex 0 13.93317382198828 33.67815823094524
      vertex 2.4 13.93317382198828 33.67815823094524
    endloop
  endfacet
  facet normal 0 0.10886687485193769 0.9940563382223226
    outer loop
      vertex 0 14.08564296819309 33.640849268228465
      vertex 2.4 14.08564296819309 33.640849268228465
      vertex 0 14.241677516555004 33.62376070594489
    endloop
  endfacet
  facet normal 0 -0.02181488503457975 0.9997620270799088
    outer loop
      vertex 0 14.241677516555004 33.62376070594489
      vertex 2.4 14.241677516555004 33.62376070594489
      vertex 0 14.398607672690597 33.62718493413303
    endloop
  endfacet
  facet normal 0 -0.1521233861899145 0.9883615104677611
    outer loop
      vertex 0 14.398607672690597 33.62718493413303
      vertex 2.4 14.398607672690597 33.62718493413303
      vertex 0 14.553748318119132 33.6510633632992
    endloop
  endfacet
  facet normal 0 -0.2798290140309704 0.9600498543859349
    outer loop
      vertex 0 14.553748318119132 33.6510633632992
      vertex 2.4 14.553748318119132 33.6510633632992
      vertex 0 14.704444953384211 33.69498742690003
    endloop
  endfacet
  facet normal 0 -0.4027466898587545 0.9153114791194396
    outer loop
      vertex 0 14.704444953384211 33.69498742690003
      vertex 2.4 14.704444953384211 33.69498742690003
      vertex 0 14.848119117275449 33.758205572029254
    endloop
  endfacet
  facet normal 0 -0.5187732581605017 0.8549118706729587
    outer loop
      vertex 0 14.848119117275449 33.758205572029254
      vertex 2.4 14.848119117275449 33.758205572029254
      vertex 0 14.982312505014663 33.839636118696326
    endloop
  endfacet
  facet normal 0 -0.6259234721840704 0.7798844830928726
    outer loop
      vertex 0 14.982312505014663 33.839636118696326
      vertex 2.4 14.982312505014663 33.839636118696326
      vertex 0 15.1047290305322 33.93788576767097
    endloop
  endfacet
  facet normal 0 0.2798290140310121 -0.9600498543859228
    outer loop
      vertex 0 13.883596609402604 35.9502497167862
      vertex 0 14.034293244667683 35.99417378038704
      vertex 2.4 14.034293244667683 35.99417378038704
    endloop
  endfacet
  facet normal 0 0.15212338618995874 -0.9883615104677542
    outer loop
      vertex 0 14.034293244667683 35.99417378038704
      vertex 0 14.189433890096218 36.01805220955322
      vertex 2.4 14.189433890096218 36.01805220955322
    endloop
  endfacet
  facet normal 0 0.02181488503448951 -0.9997620270799107
    outer loop
      vertex 0 14.189433890096218 36.01805220955322
      vertex 0 14.346364046231809 36.02147643774134
      vertex 2.4 14.346364046231809 36.02147643774134
    endloop
  endfacet
  facet normal 0 -0.10886687485193769 -0.9940563382223226
    outer loop
      vertex 0 14.346364046231809 36.02147643774134
      vertex 0 14.502398594593723 36.004387875457766
      vertex 2.4 14.502398594593723 36.004387875457766
    endloop
  endfacet
  facet normal 0 -0.5913096483635826 -0.8064446042674824
    outer loop
      vertex 0 14.938780311409596 35.83468830681858
      vertex 0 15.065365913017255 35.74187190358589
      vertex 2.4 15.065365913017255 35.74187190358589
    endloop
  endfacet
  facet normal 0 -0.23768589232618004 -0.9713420698132598
    outer loop
      vertex 0 14.654867740798535 35.96707891274099
      vertex 2.4 14.654867740798535 35.96707891274099
      vertex 0 14.502398594593723 36.004387875457766
    endloop
  endfacet
  facet normal 0 -0.3624380382836764 -0.9320078692828083
    outer loop
      vertex 0 14.654867740798535 35.96707891274099
      vertex 0 14.801162695482246 35.9101879162871
      vertex 2.4 14.801162695482246 35.9101879162871
    endloop
  endfacet
  facet normal 0 -0.48098876891941067 -0.876726755707495
    outer loop
      vertex 0 14.801162695482246 35.9101879162871
      vertex 0 14.938780311409596 35.83468830681858
      vertex 2.4 14.938780311409596 35.83468830681858
    endloop
  endfacet
  facet normal 0 0.7798844830928726 0.6259234721840704
    outer loop
      vertex 0 13.40928797722126 34.011910322704324
      vertex 2.4 13.311038328246616 34.13432684822186
      vertex 2.4 13.40928797722126 34.011910322704324
    endloop
  endfacet
  facet normal 0 0.960049854385925 0.27982901403100474
    outer loop
      vertex 0 13.166389636450319 34.41219439985232
      vertex 2.4 13.122465572849487 34.562891035117396
      vertex 2.4 13.166389636450319 34.41219439985232
    endloop
  endfacet
  facet normal 0 0.9883615104677606 0.15212338618991791
    outer loop
      vertex 0 13.122465572849487 34.562891035117396
      vertex 2.4 13.098587143683313 34.71803168054593
      vertex 2.4 13.122465572849487 34.562891035117396
    endloop
  endfacet
  facet normal 0 0.9997620270799092 0.021814885034556884
    outer loop
      vertex 0 13.098587143683313 34.71803168054593
      vertex 2.4 13.095162915495179 34.87496183668152
      vertex 2.4 13.098587143683313 34.71803168054593
    endloop
  endfacet
  facet normal 0 0.9940563382223203 -0.10886687485195884
    outer loop
      vertex 0 13.095162915495179 34.87496183668152
      vertex 2.4 13.112251477778758 35.03099638504344
      vertex 2.4 13.095162915495179 34.87496183668152
    endloop
  endfacet
  facet normal 0 0.9153114791194558 0.4027466898587177
    outer loop
      vertex 0 13.22960778157954 34.26852023596108
      vertex 2.4 13.166389636450319 34.41219439985232
      vertex 2.4 13.22960778157954 34.26852023596108
    endloop
  endfacet
  facet normal 0 0.8549118706729516 0.5187732581605131
    outer loop
      vertex 0 13.311038328246616 34.13432684822186
      vertex 2.4 13.22960778157954 34.26852023596108
      vertex 2.4 13.311038328246616 34.13432684822186
    endloop
  endfacet
  facet normal 0 0.6915130557822786 0.7223639620597467
    outer loop
      vertex 0 13.522675649769559 33.90336524010034
      vertex 2.4 13.40928797722126 34.011910322704324
      vertex 2.4 13.522675649769559 33.90336524010034
    endloop
  endfacet
  facet normal 0 0.5913096483635717 0.8064446042674903
    outer loop
      vertex 0 13.64926125137722 33.81054883686765
      vertex 2.4 13.522675649769559 33.90336524010034
      vertex 2.4 13.64926125137722 33.81054883686765
    endloop
  endfacet
  facet normal 0 0.36243803828375115 0.9320078692827793
    outer loop
      vertex 0 13.93317382198828 33.67815823094524
      vertex 2.4 13.786878867304567 33.735049227399145
      vertex 2.4 13.93317382198828 33.67815823094524
    endloop
  endfacet
  facet normal 0 0.48098876891935066 0.876726755707528
    outer loop
      vertex 0 13.786878867304567 33.735049227399145
      vertex 2.4 13.64926125137722 33.81054883686765
      vertex 2.4 13.786878867304567 33.735049227399145
    endloop
  endfacet
  facet normal 0 0.971342069813261 -0.2376858923261746
    outer loop
      vertex 0 13.112251477778758 35.03099638504344
      vertex 2.4 13.149560440495534 35.183465531248245
      vertex 2.4 13.112251477778758 35.03099638504344
    endloop
  endfacet
  facet normal 0 0.932007869282797 -0.36243803828370585
    outer loop
      vertex 0 13.149560440495534 35.183465531248245
      vertex 2.4 13.206451436949427 35.329760485931956
      vertex 2.4 13.149560440495534 35.183465531248245
    endloop
  endfacet
  facet normal 0 0.8767267557075098 -0.4809887689193837
    outer loop
      vertex 0 13.206451436949427 35.329760485931956
      vertex 2.4 13.281951046417946 35.46737810185931
      vertex 2.4 13.206451436949427 35.329760485931956
    endloop
  endfacet
  facet normal 0 0.8064446042674879 -0.5913096483635751
    outer loop
      vertex 0 13.281951046417946 35.46737810185931
      vertex 2.4 13.374767449650633 35.59396370346697
      vertex 2.4 13.281951046417946 35.46737810185931
    endloop
  endfacet
  facet normal 0 0.7223639620597524 -0.6915130557822727
    outer loop
      vertex 0 13.374767449650633 35.59396370346697
      vertex 2.4 13.483312532254613 35.70735137601527
      vertex 2.4 13.374767449650633 35.59396370346697
    endloop
  endfacet
  facet normal 0 0.625923472184065 -0.7798844830928771
    outer loop
      vertex 0 13.483312532254613 35.70735137601527
      vertex 2.4 13.605729057772152 35.80560102498991
      vertex 2.4 13.483312532254613 35.70735137601527
    endloop
  endfacet
  facet normal 0 0.5187732581605017 -0.8549118706729587
    outer loop
      vertex 0 13.605729057772152 35.80560102498991
      vertex 2.4 13.739922445511366 35.88703157165698
      vertex 2.4 13.605729057772152 35.80560102498991
    endloop
  endfacet
  facet normal 0 0.4027466898587166 -0.9153114791194562
    outer loop
      vertex 0 13.739922445511366 35.88703157165698
      vertex 2.4 13.883596609402604 35.9502497167862
      vertex 2.4 13.739922445511366 35.88703157165698
    endloop
  endfacet
  facet normal 0 0.2798290140310121 -0.9600498543859228
    outer loop
      vertex 0 13.883596609402604 35.9502497167862
      vertex 2.4 14.034293244667683 35.99417378038704
      vertex 2.4 13.883596609402604 35.9502497167862
    endloop
  endfacet
  facet normal 0 0.23768589232618265 0.971342069813259
    outer loop
      vertex 0 14.08564296819309 33.640849268228465
      vertex 2.4 13.93317382198828 33.67815823094524
      vertex 2.4 14.08564296819309 33.640849268228465
    endloop
  endfacet
  facet normal 0 0.10886687485193769 0.9940563382223226
    outer loop
      vertex 0 14.241677516555004 33.62376070594489
      vertex 2.4 14.08564296819309 33.640849268228465
      vertex 2.4 14.241677516555004 33.62376070594489
    endloop
  endfacet
  facet normal 0 -0.02181488503457975 0.9997620270799088
    outer loop
      vertex 0 14.398607672690597 33.62718493413303
      vertex 2.4 14.241677516555004 33.62376070594489
      vertex 2.4 14.398607672690597 33.62718493413303
    endloop
  endfacet
  facet normal 0 -0.1521233861899145 0.9883615104677611
    outer loop
      vertex 0 14.553748318119132 33.6510633632992
      vertex 2.4 14.398607672690597 33.62718493413303
      vertex 2.4 14.553748318119132 33.6510633632992
    endloop
  endfacet
  facet normal 0 -0.2798290140309704 0.9600498543859349
    outer loop
      vertex 2.4 14.553748318119132 33.6510633632992
      vertex 2.4 14.704444953384211 33.69498742690003
      vertex 0 14.704444953384211 33.69498742690003
    endloop
  endfacet
  facet normal 0 -0.4027466898587545 0.9153114791194396
    outer loop
      vertex 0 14.848119117275449 33.758205572029254
      vertex 2.4 14.704444953384211 33.69498742690003
      vertex 2.4 14.848119117275449 33.758205572029254
    endloop
  endfacet
  facet normal 0 -0.5187732581605017 0.8549118706729587
    outer loop
      vertex 0 14.982312505014663 33.839636118696326
      vertex 2.4 14.848119117275449 33.758205572029254
      vertex 2.4 14.982312505014663 33.839636118696326
    endloop
  endfacet
  facet normal 0 0.15212338618995874 -0.9883615104677542
    outer loop
      vertex 0 14.034293244667683 35.99417378038704
      vertex 2.4 14.189433890096218 36.01805220955322
      vertex 2.4 14.034293244667683 35.99417378038704
    endloop
  endfacet
  facet normal 0 0.02181488503448951 -0.9997620270799107
    outer loop
      vertex 0 14.189433890096218 36.01805220955322
      vertex 2.4 14.346364046231809 36.02147643774134
      vertex 2.4 14.189433890096218 36.01805220955322
    endloop
  endfacet
  facet normal 0 -0.10886687485193769 -0.9940563382223226
    outer loop
      vertex 0 14.346364046231809 36.02147643774134
      vertex 2.4 14.502398594593723 36.004387875457766
      vertex 2.4 14.346364046231809 36.02147643774134
    endloop
  endfacet
  facet normal 0 -0.23768589232618004 -0.9713420698132598
    outer loop
      vertex 0 14.502398594593723 36.004387875457766
      vertex 2.4 14.654867740798535 35.96707891274099
      vertex 2.4 14.502398594593723 36.004387875457766
    endloop
  endfacet
  facet normal 0 -0.3624380382836764 -0.9320078692828083
    outer loop
      vertex 0 14.654867740798535 35.96707891274099
      vertex 2.4 14.801162695482246 35.9101879162871
      vertex 2.4 14.654867740798535 35.96707891274099
    endloop
  endfacet
  facet normal 0 -0.48098876891941067 -0.876726755707495
    outer loop
      vertex 0 14.801162695482246 35.9101879162871
      vertex 2.4 14.938780311409596 35.83468830681858
      vertex 2.4 14.801162695482246 35.9101879162871
    endloop
  endfacet
  facet normal 0 -0.5913096483635826 -0.8064446042674824
    outer loop
      vertex 0 14.938780311409596 35.83468830681858
      vertex 2.4 15.065365913017255 35.74187190358589
      vertex 2.4 14.938780311409596 35.83468830681858
    endloop
  endfacet
  facet normal 0 -0.7223639620597683 0.691513055782256
    outer loop
      vertex 0 15.1047290305322 33.93788576767097
      vertex 2.4 15.1047290305322 33.93788576767097
      vertex 0 15.213274113136181 34.051273440219276
    endloop
  endfacet
  facet normal 0 -0.8064446042674721 0.5913096483635968
    outer loop
      vertex 0 15.213274113136181 34.051273440219276
      vertex 2.4 15.213274113136181 34.051273440219276
      vertex 0 15.306090516368869 34.17785904182693
    endloop
  endfacet
  facet normal 0 -0.8767267557074994 0.48098876891940284
    outer loop
      vertex 0 15.306090516368869 34.17785904182693
      vertex 2.4 15.306090516368869 34.17785904182693
      vertex 0 15.381590125837388 34.315476657754274
    endloop
  endfacet
  facet normal 0 -0.9320078692828029 0.36243803828369053
    outer loop
      vertex 0 15.381590125837388 34.315476657754274
      vertex 2.4 15.381590125837388 34.315476657754274
      vertex 0 15.43848112229128 34.46177161243799
    endloop
  endfacet
  facet normal 0 -0.9713420698132637 0.23768589232616394
    outer loop
      vertex 0 15.43848112229128 34.46177161243799
      vertex 2.4 15.43848112229128 34.46177161243799
      vertex 0 15.475790085008056 34.6142407586428
    endloop
  endfacet
  facet normal 0 -0.9940563382223191 0.10886687485197001
    outer loop
      vertex 0 15.475790085008056 34.6142407586428
      vertex 2.4 15.475790085008056 34.6142407586428
      vertex 0 15.492878647291636 34.77027530700472
    endloop
  endfacet
  facet normal 0 -0.9997620270799089 -0.021814885034568195
    outer loop
      vertex 0 15.492878647291636 34.77027530700472
      vertex 2.4 15.492878647291636 34.77027530700472
      vertex 0 15.4894544191035 34.92720546314031
    endloop
  endfacet
  facet normal 0 -0.6915130557822786 -0.7223639620597467
    outer loop
      vertex 0 15.178753585565554 35.63332682098191
      vertex 2.4 15.178753585565554 35.63332682098191
      vertex 0 15.065365913017255 35.74187190358589
    endloop
  endfacet
  facet normal 0 -0.7798844830928726 -0.6259234721840704
    outer loop
      vertex 0 15.277003234540198 35.51091029546437
      vertex 2.4 15.277003234540198 35.51091029546437
      vertex 0 15.178753585565554 35.63332682098191
    endloop
  endfacet
  facet normal 0 -0.9153114791194442 -0.4027466898587439
    outer loop
      vertex 0 15.358433781207273 35.376716907725154
      vertex 0 15.421651926336496 35.23304274383392
      vertex 2.4 15.421651926336496 35.23304274383392
    endloop
  endfacet
  facet normal 0 -0.9883615104677606 -0.15212338618991791
    outer loop
      vertex 0 15.4894544191035 34.92720546314031
      vertex 2.4 15.4894544191035 34.92720546314031
      vertex 0 15.465575989937326 35.08234610856884
    endloop
  endfacet
  facet normal 0 -0.960049854385928 -0.2798290140309943
    outer loop
      vertex 0 15.465575989937326 35.08234610856884
      vertex 2.4 15.465575989937326 35.08234610856884
      vertex 0 15.421651926336496 35.23304274383392
    endloop
  endfacet
  facet normal 0 -0.8549118706729516 -0.5187732581605131
    outer loop
      vertex 0 15.358433781207273 35.376716907725154
      vertex 2.4 15.358433781207273 35.376716907725154
      vertex 0 15.277003234540198 35.51091029546437
    endloop
  endfacet
  facet normal 0 -0.6259234721840704 0.7798844830928726
    outer loop
      vertex 0 15.1047290305322 33.93788576767097
      vertex 2.4 14.982312505014663 33.839636118696326
      vertex 2.4 15.1047290305322 33.93788576767097
    endloop
  endfacet
  facet normal 0 -0.7223639620597683 0.691513055782256
    outer loop
      vertex 0 15.213274113136181 34.051273440219276
      vertex 2.4 15.1047290305322 33.93788576767097
      vertex 2.4 15.213274113136181 34.051273440219276
    endloop
  endfacet
  facet normal 0 -0.8064446042674721 0.5913096483635968
    outer loop
      vertex 0 15.306090516368869 34.17785904182693
      vertex 2.4 15.213274113136181 34.051273440219276
      vertex 2.4 15.306090516368869 34.17785904182693
    endloop
  endfacet
  facet normal 0 -0.8767267557074994 0.48098876891940284
    outer loop
      vertex 0 15.381590125837388 34.315476657754274
      vertex 2.4 15.306090516368869 34.17785904182693
      vertex 2.4 15.381590125837388 34.315476657754274
    endloop
  endfacet
  facet normal 0 -0.9320078692828029 0.36243803828369053
    outer loop
      vertex 0 15.43848112229128 34.46177161243799
      vertex 2.4 15.381590125837388 34.315476657754274
      vertex 2.4 15.43848112229128 34.46177161243799
    endloop
  endfacet
  facet normal 0 -0.9713420698132637 0.23768589232616394
    outer loop
      vertex 0 15.475790085008056 34.6142407586428
      vertex 2.4 15.43848112229128 34.46177161243799
      vertex 2.4 15.475790085008056 34.6142407586428
    endloop
  endfacet
  facet normal 0 -0.9940563382223191 0.10886687485197001
    outer loop
      vertex 0 15.492878647291636 34.77027530700472
      vertex 2.4 15.475790085008056 34.6142407586428
      vertex 2.4 15.492878647291636 34.77027530700472
    endloop
  endfacet
  facet normal 0 -0.9997620270799089 -0.021814885034568195
    outer loop
      vertex 0 15.4894544191035 34.92720546314031
      vertex 2.4 15.492878647291636 34.77027530700472
      vertex 2.4 15.4894544191035 34.92720546314031
    endloop
  endfacet
  facet normal 0 -0.6915130557822786 -0.7223639620597467
    outer loop
      vertex 0 15.065365913017255 35.74187190358589
      vertex 2.4 15.178753585565554 35.63332682098191
      vertex 2.4 15.065365913017255 35.74187190358589
    endloop
  endfacet
  facet normal 0 -0.8549118706729516 -0.5187732581605131
    outer loop
      vertex 0 15.277003234540198 35.51091029546437
      vertex 2.4 15.358433781207273 35.376716907725154
      vertex 2.4 15.277003234540198 35.51091029546437
    endloop
  endfacet
  facet normal 0 -0.7798844830928726 -0.6259234721840704
    outer loop
      vertex 0 15.178753585565554 35.63332682098191
      vertex 2.4 15.277003234540198 35.51091029546437
      vertex 2.4 15.178753585565554 35.63332682098191
    endloop
  endfacet
  facet normal 0 -0.9153114791194442 -0.4027466898587439
    outer loop
      vertex 0 15.358433781207273 35.376716907725154
      vertex 2.4 15.421651926336496 35.23304274383392
      vertex 2.4 15.358433781207273 35.376716907725154
    endloop
  endfacet
  facet normal 0 -0.960049854385928 -0.2798290140309943
    outer loop
      vertex 0 15.421651926336496 35.23304274383392
      vertex 2.4 15.465575989937326 35.08234610856884
      vertex 2.4 15.421651926336496 35.23304274383392
    endloop
  endfacet
  facet normal 0 -0.9883615104677606 -0.15212338618991791
    outer loop
      vertex 0 15.465575989937326 35.08234610856884
      vertex 2.4 15.4894544191035 34.92720546314031
      vertex 2.4 15.465575989937326 35.08234610856884
    endloop
  endfacet
  facet normal 0 0.9153114791194672 0.4027466898586915
    outer loop
      vertex 0 17.159957615768043 42.69718265540192
      vertex 0 17.096739470638823 42.840856819293165
      vertex 2.4 17.096739470638823 42.840856819293165
    endloop
  endfacet
  facet normal 0 0.8549118706729294 0.5187732581605498
    outer loop
      vertex 0 17.159957615768043 42.69718265540192
      vertex 2.4 17.159957615768043 42.69718265540192
      vertex 0 17.241388162435122 42.56298926766271
    endloop
  endfacet
  facet normal 0 0.9883615104677606 0.15212338618991791
    outer loop
      vertex 0 17.05281540703799 42.99155345455824
      vertex 0 17.028936977871815 43.146694099986775
      vertex 2.4 17.028936977871815 43.146694099986775
    endloop
  endfacet
  facet normal 0 0.9997620270799098 0.021814885034534263
    outer loop
      vertex 0 17.028936977871815 43.146694099986775
      vertex 0 17.025512749683685 43.30362425612237
      vertex 2.4 17.025512749683685 43.30362425612237
    endloop
  endfacet
  facet normal 0 0.9600498543859219 0.2798290140310152
    outer loop
      vertex 0 17.05281540703799 42.99155345455824
      vertex 2.4 17.05281540703799 42.99155345455824
      vertex 0 17.096739470638823 42.840856819293165
    endloop
  endfacet
  facet normal 0 0.9153114791194672 0.4027466898586915
    outer loop
      vertex 0 17.159957615768043 42.69718265540192
      vertex 2.4 17.096739470638823 42.840856819293165
      vertex 2.4 17.159957615768043 42.69718265540192
    endloop
  endfacet
  facet normal 0 0.9883615104677606 0.15212338618991791
    outer loop
      vertex 0 17.05281540703799 42.99155345455824
      vertex 2.4 17.028936977871815 43.146694099986775
      vertex 2.4 17.05281540703799 42.99155345455824
    endloop
  endfacet
  facet normal 0 0.9997620270799098 0.021814885034534263
    outer loop
      vertex 0 17.028936977871815 43.146694099986775
      vertex 2.4 17.025512749683685 43.30362425612237
      vertex 2.4 17.028936977871815 43.146694099986775
    endloop
  endfacet
  facet normal 0 0.9600498543859219 0.2798290140310152
    outer loop
      vertex 0 17.096739470638823 42.840856819293165
      vertex 2.4 17.05281540703799 42.99155345455824
      vertex 2.4 17.096739470638823 42.840856819293165
    endloop
  endfacet
  facet normal 0 0.9940563382223222 -0.10886687485194138
    outer loop
      vertex 0 17.025512749683685 43.30362425612237
      vertex 0 17.04260131196726 43.45965880448428
      vertex 2.4 17.04260131196726 43.45965880448428
    endloop
  endfacet
  facet normal 0 0.9713420698132611 -0.23768589232617487
    outer loop
      vertex 0 17.04260131196726 43.45965880448428
      vertex 0 17.07991027468404 43.61212795068909
      vertex 2.4 17.07991027468404 43.61212795068909
    endloop
  endfacet
  facet normal 0 0.9320078692827871 -0.36243803828373095
    outer loop
      vertex 0 17.07991027468404 43.61212795068909
      vertex 0 17.136801271137934 43.7584229053728
      vertex 2.4 17.136801271137934 43.7584229053728
    endloop
  endfacet
  facet normal 0 0.8767267557075193 -0.4809887689193663
    outer loop
      vertex 0 17.136801271137934 43.7584229053728
      vertex 0 17.21230088060645 43.89604052130015
      vertex 2.4 17.21230088060645 43.89604052130015
    endloop
  endfacet
  facet normal 0 0.9940563382223222 -0.10886687485194138
    outer loop
      vertex 0 17.025512749683685 43.30362425612237
      vertex 2.4 17.04260131196726 43.45965880448428
      vertex 2.4 17.025512749683685 43.30362425612237
    endloop
  endfacet
  facet normal 0 0.9713420698132611 -0.23768589232617487
    outer loop
      vertex 0 17.04260131196726 43.45965880448428
      vertex 2.4 17.07991027468404 43.61212795068909
      vertex 2.4 17.04260131196726 43.45965880448428
    endloop
  endfacet
  facet normal 0 0.9320078692827871 -0.36243803828373095
    outer loop
      vertex 0 17.07991027468404 43.61212795068909
      vertex 2.4 17.136801271137934 43.7584229053728
      vertex 2.4 17.07991027468404 43.61212795068909
    endloop
  endfacet
  facet normal 0 0.8767267557075193 -0.4809887689193663
    outer loop
      vertex 0 17.136801271137934 43.7584229053728
      vertex 2.4 17.21230088060645 43.89604052130015
      vertex 2.4 17.136801271137934 43.7584229053728
    endloop
  endfacet
  facet normal 0 0.691513055782255 0.7223639620597693
    outer loop
      vertex 0 17.339637811409766 42.44057274214517
      vertex 2.4 17.339637811409766 42.44057274214517
      vertex 0 17.453025483958065 42.3320276595412
    endloop
  endfacet
  facet normal 0 0.5913096483635826 0.8064446042674824
    outer loop
      vertex 0 17.579611085565723 42.23921125630851
      vertex 0 17.453025483958065 42.3320276595412
      vertex 2.4 17.453025483958065 42.3320276595412
    endloop
  endfacet
  facet normal 0 0.48098876891941067 0.876726755707495
    outer loop
      vertex 0 17.717228701493074 42.163711646839985
      vertex 0 17.579611085565723 42.23921125630851
      vertex 2.4 17.579611085565723 42.23921125630851
    endloop
  endfacet
  facet normal 0 0.7798844830928726 0.6259234721840704
    outer loop
      vertex 0 17.339637811409766 42.44057274214517
      vertex 0 17.241388162435122 42.56298926766271
      vertex 2.4 17.241388162435122 42.56298926766271
    endloop
  endfacet
  facet normal 0 0.36243803828366866 0.9320078692828113
    outer loop
      vertex 0 17.717228701493074 42.163711646839985
      vertex 2.4 17.717228701493074 42.163711646839985
      vertex 0 17.86352365617679 42.1068206503861
    endloop
  endfacet
  facet normal 0 0.23768589232618526 0.9713420698132583
    outer loop
      vertex 0 18.015992802381597 42.06951168766932
      vertex 0 17.86352365617679 42.1068206503861
      vertex 2.4 17.86352365617679 42.1068206503861
    endloop
  endfacet
  facet normal 0 0.1088668748519812 0.9940563382223179
    outer loop
      vertex 0 18.015992802381597 42.06951168766932
      vertex 2.4 18.015992802381597 42.06951168766932
      vertex 0 18.172027350743512 42.05242312538574
    endloop
  endfacet
  facet normal 0 -0.02181488503453525 0.9997620270799096
    outer loop
      vertex 0 18.172027350743512 42.05242312538574
      vertex 2.4 18.172027350743512 42.05242312538574
      vertex 0 18.3289575068791 42.05584735357387
    endloop
  endfacet
  facet normal 0 -0.15212338618991111 0.9883615104677616
    outer loop
      vertex 0 18.3289575068791 42.05584735357387
      vertex 2.4 18.3289575068791 42.05584735357387
      vertex 0 18.484098152307638 42.07972578274004
    endloop
  endfacet
  facet normal 0 -0.2798290140310152 0.9600498543859219
    outer loop
      vertex 0 18.484098152307638 42.07972578274004
      vertex 2.4 18.484098152307638 42.07972578274004
      vertex 0 18.634794787572716 42.123649846340875
    endloop
  endfacet
  facet normal 0 -0.4027466898587461 0.9153114791194432
    outer loop
      vertex 0 18.634794787572716 42.123649846340875
      vertex 2.4 18.634794787572716 42.123649846340875
      vertex 0 18.778468951463957 42.1868679914701
    endloop
  endfacet
  facet normal 0 -0.5187732581605167 0.8549118706729495
    outer loop
      vertex 0 18.778468951463957 42.1868679914701
      vertex 2.4 18.778468951463957 42.1868679914701
      vertex 0 18.912662339203166 42.268298538137174
    endloop
  endfacet
  facet normal 0 -0.6259234721840704 0.7798844830928726
    outer loop
      vertex 0 18.912662339203166 42.268298538137174
      vertex 2.4 18.912662339203166 42.268298538137174
      vertex 0 19.035078864720703 42.36654818711182
    endloop
  endfacet
  facet normal 0 -0.7223639620597467 0.6915130557822786
    outer loop
      vertex 0 19.035078864720703 42.36654818711182
      vertex 2.4 19.035078864720703 42.36654818711182
      vertex 0 19.143623947324684 42.47993585966012
    endloop
  endfacet
  facet normal 0 -0.8064446042674824 0.5913096483635826
    outer loop
      vertex 0 19.143623947324684 42.47993585966012
      vertex 2.4 19.143623947324684 42.47993585966012
      vertex 0 19.236440350557373 42.606521461267775
    endloop
  endfacet
  facet normal 0 -0.8767267557074899 0.4809887689194203
    outer loop
      vertex 0 19.236440350557373 42.606521461267775
      vertex 2.4 19.236440350557373 42.606521461267775
      vertex 0 19.311939960025896 42.74413907719512
    endloop
  endfacet
  facet normal 0 -0.9320078692828143 0.3624380382836611
    outer loop
      vertex 0 19.311939960025896 42.74413907719512
      vertex 2.4 19.311939960025896 42.74413907719512
      vertex 0 19.368830956479783 42.89043403187884
    endloop
  endfacet
  facet normal 0 0.691513055782255 0.7223639620597693
    outer loop
      vertex 0 17.453025483958065 42.3320276595412
      vertex 2.4 17.339637811409766 42.44057274214517
      vertex 2.4 17.453025483958065 42.3320276595412
    endloop
  endfacet
  facet normal 0 0.5913096483635826 0.8064446042674824
    outer loop
      vertex 0 17.579611085565723 42.23921125630851
      vertex 2.4 17.453025483958065 42.3320276595412
      vertex 2.4 17.579611085565723 42.23921125630851
    endloop
  endfacet
  facet normal 0 0.48098876891941067 0.876726755707495
    outer loop
      vertex 0 17.717228701493074 42.163711646839985
      vertex 2.4 17.579611085565723 42.23921125630851
      vertex 2.4 17.717228701493074 42.163711646839985
    endloop
  endfacet
  facet normal 0 0.8549118706729294 0.5187732581605498
    outer loop
      vertex 0 17.241388162435122 42.56298926766271
      vertex 2.4 17.159957615768043 42.69718265540192
      vertex 2.4 17.241388162435122 42.56298926766271
    endloop
  endfacet
  facet normal 0 0.7798844830928726 0.6259234721840704
    outer loop
      vertex 0 17.339637811409766 42.44057274214517
      vertex 2.4 17.241388162435122 42.56298926766271
      vertex 2.4 17.339637811409766 42.44057274214517
    endloop
  endfacet
  facet normal 0 0.36243803828366866 0.9320078692828113
    outer loop
      vertex 0 17.86352365617679 42.1068206503861
      vertex 2.4 17.717228701493074 42.163711646839985
      vertex 2.4 17.86352365617679 42.1068206503861
    endloop
  endfacet
  facet normal 0 0.23768589232618526 0.9713420698132583
    outer loop
      vertex 0 18.015992802381597 42.06951168766932
      vertex 2.4 17.86352365617679 42.1068206503861
      vertex 2.4 18.015992802381597 42.06951168766932
    endloop
  endfacet
  facet normal 0 0.1088668748519812 0.9940563382223179
    outer loop
      vertex 0 18.172027350743512 42.05242312538574
      vertex 2.4 18.015992802381597 42.06951168766932
      vertex 2.4 18.172027350743512 42.05242312538574
    endloop
  endfacet
  facet normal 0 -0.02181488503453525 0.9997620270799096
    outer loop
      vertex 0 18.3289575068791 42.05584735357387
      vertex 2.4 18.172027350743512 42.05242312538574
      vertex 2.4 18.3289575068791 42.05584735357387
    endloop
  endfacet
  facet normal 0 -0.15212338618991111 0.9883615104677616
    outer loop
      vertex 0 18.484098152307638 42.07972578274004
      vertex 2.4 18.3289575068791 42.05584735357387
      vertex 2.4 18.484098152307638 42.07972578274004
    endloop
  endfacet
  facet normal 0 -0.2798290140310152 0.9600498543859219
    outer loop
      vertex 0 18.634794787572716 42.123649846340875
      vertex 2.4 18.484098152307638 42.07972578274004
      vertex 2.4 18.634794787572716 42.123649846340875
    endloop
  endfacet
  facet normal 0 -0.4027466898587461 0.9153114791194432
    outer loop
      vertex 0 18.778468951463957 42.1868679914701
      vertex 2.4 18.634794787572716 42.123649846340875
      vertex 2.4 18.778468951463957 42.1868679914701
    endloop
  endfacet
  facet normal 0 -0.5187732581605167 0.8549118706729495
    outer loop
      vertex 0 18.912662339203166 42.268298538137174
      vertex 2.4 18.778468951463957 42.1868679914701
      vertex 2.4 18.912662339203166 42.268298538137174
    endloop
  endfacet
  facet normal 0 -0.6259234721840704 0.7798844830928726
    outer loop
      vertex 0 19.035078864720703 42.36654818711182
      vertex 2.4 18.912662339203166 42.268298538137174
      vertex 2.4 19.035078864720703 42.36654818711182
    endloop
  endfacet
  facet normal 0 -0.7223639620597467 0.6915130557822786
    outer loop
      vertex 0 19.143623947324684 42.47993585966012
      vertex 2.4 19.035078864720703 42.36654818711182
      vertex 2.4 19.143623947324684 42.47993585966012
    endloop
  endfacet
  facet normal 0 -0.8064446042674824 0.5913096483635826
    outer loop
      vertex 0 19.236440350557373 42.606521461267775
      vertex 2.4 19.143623947324684 42.47993585966012
      vertex 2.4 19.236440350557373 42.606521461267775
    endloop
  endfacet
  facet normal 0 -0.8767267557074899 0.4809887689194203
    outer loop
      vertex 0 19.311939960025896 42.74413907719512
      vertex 2.4 19.236440350557373 42.606521461267775
      vertex 2.4 19.311939960025896 42.74413907719512
    endloop
  endfacet
  facet normal 0 0.8064446042674824 -0.5913096483635826
    outer loop
      vertex 0 17.21230088060645 43.89604052130015
      vertex 0 17.305117283839138 44.02262612290781
      vertex 2.4 17.305117283839138 44.02262612290781
    endloop
  endfacet
  facet normal 0 0.7223639620597467 -0.6915130557822786
    outer loop
      vertex 0 17.305117283839138 44.02262612290781
      vertex 0 17.41366236644312 44.13601379545611
      vertex 2.4 17.41366236644312 44.13601379545611
    endloop
  endfacet
  facet normal 0 0.6259234721840704 -0.7798844830928726
    outer loop
      vertex 0 17.41366236644312 44.13601379545611
      vertex 0 17.536078891960656 44.23426344443075
      vertex 2.4 17.536078891960656 44.23426344443075
    endloop
  endfacet
  facet normal 0 0.5187732581605297 -0.8549118706729415
    outer loop
      vertex 0 17.536078891960656 44.23426344443075
      vertex 0 17.670272279699873 44.31569399109783
      vertex 2.4 17.670272279699873 44.31569399109783
    endloop
  endfacet
  facet normal 0 0.4027466898587166 -0.9153114791194562
    outer loop
      vertex 0 17.670272279699873 44.31569399109783
      vertex 0 17.81394644359111 44.37891213622705
      vertex 2.4 17.81394644359111 44.37891213622705
    endloop
  endfacet
  facet normal 0 0.2798290140310152 -0.9600498543859219
    outer loop
      vertex 0 17.81394644359111 44.37891213622705
      vertex 0 17.964643078856188 44.422836199827884
      vertex 2.4 17.964643078856188 44.422836199827884
    endloop
  endfacet
  facet normal 0 0.1521233861899145 -0.9883615104677611
    outer loop
      vertex 0 17.964643078856188 44.422836199827884
      vertex 0 18.119783724284723 44.44671462899406
      vertex 2.4 18.119783724284723 44.44671462899406
    endloop
  endfacet
  facet normal 0 0.021814885034579505 -0.9997620270799088
    outer loop
      vertex 0 18.119783724284723 44.44671462899406
      vertex 0 18.276713880420317 44.450138857182196
      vertex 2.4 18.276713880420317 44.450138857182196
    endloop
  endfacet
  facet normal 0 -0.1088668748519812 -0.9940563382223179
    outer loop
      vertex 0 18.276713880420317 44.450138857182196
      vertex 0 18.432748428782233 44.433050294898614
      vertex 2.4 18.432748428782233 44.433050294898614
    endloop
  endfacet
  facet normal 0 -0.23768589232618526 -0.9713420698132583
    outer loop
      vertex 0 18.58521757498704 44.395741332181835
      vertex 2.4 18.58521757498704 44.395741332181835
      vertex 0 18.432748428782233 44.433050294898614
    endloop
  endfacet
  facet normal 0 -0.3624380382837157 -0.9320078692827931
    outer loop
      vertex 0 18.58521757498704 44.395741332181835
      vertex 0 18.731512529670752 44.33885033572794
      vertex 2.4 18.731512529670752 44.33885033572794
    endloop
  endfacet
  facet normal 0 -0.7798844830928947 -0.6259234721840429
    outer loop
      vertex 0 19.2073530687287 43.939572714905225
      vertex 2.4 19.2073530687287 43.939572714905225
      vertex 0 19.109103419754064 44.06198924042276
    endloop
  endfacet
  facet normal 0 -0.8549118706729415 -0.5187732581605297
    outer loop
      vertex 0 19.2073530687287 43.939572714905225
      vertex 0 19.28878361539578 43.80537932716601
      vertex 2.4 19.28878361539578 43.80537932716601
    endloop
  endfacet
  facet normal 0 -0.9153114791194505 -0.40274668985872947
    outer loop
      vertex 0 19.352001760525006 43.66170516327476
      vertex 2.4 19.352001760525006 43.66170516327476
      vertex 0 19.28878361539578 43.80537932716601
    endloop
  endfacet
  facet normal 0 -0.48098876891938547 -0.8767267557075089
    outer loop
      vertex 0 18.8691301455981 44.263350726259425
      vertex 2.4 18.8691301455981 44.263350726259425
      vertex 0 18.731512529670752 44.33885033572794
    endloop
  endfacet
  facet normal 0 -0.5913096483635826 -0.8064446042674824
    outer loop
      vertex 0 18.995715747205757 44.170534323026736
      vertex 2.4 18.995715747205757 44.170534323026736
      vertex 0 18.8691301455981 44.263350726259425
    endloop
  endfacet
  facet normal 0 -0.6915130557822324 -0.722363962059791
    outer loop
      vertex 0 18.995715747205757 44.170534323026736
      vertex 0 19.109103419754064 44.06198924042276
      vertex 2.4 19.109103419754064 44.06198924042276
    endloop
  endfacet
  facet normal 0 0.8064446042674824 -0.5913096483635826
    outer loop
      vertex 0 17.21230088060645 43.89604052130015
      vertex 2.4 17.305117283839138 44.02262612290781
      vertex 2.4 17.21230088060645 43.89604052130015
    endloop
  endfacet
  facet normal 0 0.7223639620597467 -0.6915130557822786
    outer loop
      vertex 0 17.305117283839138 44.02262612290781
      vertex 2.4 17.41366236644312 44.13601379545611
      vertex 2.4 17.305117283839138 44.02262612290781
    endloop
  endfacet
  facet normal 0 0.6259234721840704 -0.7798844830928726
    outer loop
      vertex 0 17.41366236644312 44.13601379545611
      vertex 2.4 17.536078891960656 44.23426344443075
      vertex 2.4 17.41366236644312 44.13601379545611
    endloop
  endfacet
  facet normal 0 0.5187732581605297 -0.8549118706729415
    outer loop
      vertex 0 17.536078891960656 44.23426344443075
      vertex 2.4 17.670272279699873 44.31569399109783
      vertex 2.4 17.536078891960656 44.23426344443075
    endloop
  endfacet
  facet normal 0 0.4027466898587166 -0.9153114791194562
    outer loop
      vertex 0 17.670272279699873 44.31569399109783
      vertex 2.4 17.81394644359111 44.37891213622705
      vertex 2.4 17.670272279699873 44.31569399109783
    endloop
  endfacet
  facet normal 0 0.2798290140310152 -0.9600498543859219
    outer loop
      vertex 0 17.81394644359111 44.37891213622705
      vertex 2.4 17.964643078856188 44.422836199827884
      vertex 2.4 17.81394644359111 44.37891213622705
    endloop
  endfacet
  facet normal 0 0.1521233861899145 -0.9883615104677611
    outer loop
      vertex 0 17.964643078856188 44.422836199827884
      vertex 2.4 18.119783724284723 44.44671462899406
      vertex 2.4 17.964643078856188 44.422836199827884
    endloop
  endfacet
  facet normal 0 0.021814885034579505 -0.9997620270799088
    outer loop
      vertex 0 18.119783724284723 44.44671462899406
      vertex 2.4 18.276713880420317 44.450138857182196
      vertex 2.4 18.119783724284723 44.44671462899406
    endloop
  endfacet
  facet normal 0 -0.1088668748519812 -0.9940563382223179
    outer loop
      vertex 0 18.276713880420317 44.450138857182196
      vertex 2.4 18.432748428782233 44.433050294898614
      vertex 2.4 18.276713880420317 44.450138857182196
    endloop
  endfacet
  facet normal 0 -0.23768589232618526 -0.9713420698132583
    outer loop
      vertex 0 18.432748428782233 44.433050294898614
      vertex 2.4 18.58521757498704 44.395741332181835
      vertex 2.4 18.432748428782233 44.433050294898614
    endloop
  endfacet
  facet normal 0 -0.3624380382837157 -0.9320078692827931
    outer loop
      vertex 0 18.58521757498704 44.395741332181835
      vertex 2.4 18.731512529670752 44.33885033572794
      vertex 2.4 18.58521757498704 44.395741332181835
    endloop
  endfacet
  facet normal 0 -0.48098876891938547 -0.8767267557075089
    outer loop
      vertex 0 18.731512529670752 44.33885033572794
      vertex 2.4 18.8691301455981 44.263350726259425
      vertex 2.4 18.731512529670752 44.33885033572794
    endloop
  endfacet
  facet normal 0 -0.7798844830928947 -0.6259234721840429
    outer loop
      vertex 0 19.109103419754064 44.06198924042276
      vertex 2.4 19.2073530687287 43.939572714905225
      vertex 2.4 19.109103419754064 44.06198924042276
    endloop
  endfacet
  facet normal 0 -0.9153114791194505 -0.40274668985872947
    outer loop
      vertex 0 19.28878361539578 43.80537932716601
      vertex 2.4 19.352001760525006 43.66170516327476
      vertex 2.4 19.28878361539578 43.80537932716601
    endloop
  endfacet
  facet normal 0 -0.8549118706729415 -0.5187732581605297
    outer loop
      vertex 0 19.2073530687287 43.939572714905225
      vertex 2.4 19.28878361539578 43.80537932716601
      vertex 2.4 19.2073530687287 43.939572714905225
    endloop
  endfacet
  facet normal 0 -0.5913096483635826 -0.8064446042674824
    outer loop
      vertex 0 18.8691301455981 44.263350726259425
      vertex 2.4 18.995715747205757 44.170534323026736
      vertex 2.4 18.8691301455981 44.263350726259425
    endloop
  endfacet
  facet normal 0 -0.6915130557822324 -0.722363962059791
    outer loop
      vertex 0 18.995715747205757 44.170534323026736
      vertex 2.4 19.109103419754064 44.06198924042276
      vertex 2.4 18.995715747205757 44.170534323026736
    endloop
  endfacet
  facet normal 0 -0.9713420698132583 0.23768589232618526
    outer loop
      vertex 0 19.368830956479783 42.89043403187884
      vertex 2.4 19.368830956479783 42.89043403187884
      vertex 0 19.406139919196562 43.04290317808365
    endloop
  endfacet
  facet normal 0 -0.9940563382223179 0.1088668748519812
    outer loop
      vertex 0 19.406139919196562 43.04290317808365
      vertex 2.4 19.406139919196562 43.04290317808365
      vertex 0 19.423228481480145 43.198937726445564
    endloop
  endfacet
  facet normal 0 -0.9997620270799088 -0.021814885034580494
    outer loop
      vertex 0 19.423228481480145 43.198937726445564
      vertex 2.4 19.423228481480145 43.198937726445564
      vertex 0 19.419804253292007 43.35586788258115
    endloop
  endfacet
  facet normal 0 -0.9320078692828143 0.3624380382836611
    outer loop
      vertex 0 19.368830956479783 42.89043403187884
      vertex 2.4 19.311939960025896 42.74413907719512
      vertex 2.4 19.368830956479783 42.89043403187884
    endloop
  endfacet
  facet normal 0 -0.9713420698132583 0.23768589232618526
    outer loop
      vertex 0 19.406139919196562 43.04290317808365
      vertex 2.4 19.368830956479783 42.89043403187884
      vertex 2.4 19.406139919196562 43.04290317808365
    endloop
  endfacet
  facet normal 0 -0.9940563382223179 0.1088668748519812
    outer loop
      vertex 0 19.423228481480145 43.198937726445564
      vertex 2.4 19.406139919196562 43.04290317808365
      vertex 2.4 19.423228481480145 43.198937726445564
    endloop
  endfacet
  facet normal 0 -0.9883615104677606 -0.15212338618991791
    outer loop
      vertex 0 19.419804253292007 43.35586788258115
      vertex 2.4 19.419804253292007 43.35586788258115
      vertex 0 19.395925824125833 43.51100852800968
    endloop
  endfacet
  facet normal 0 -0.960049854385934 -0.27982901403097343
    outer loop
      vertex 0 19.352001760525006 43.66170516327476
      vertex 0 19.395925824125833 43.51100852800968
      vertex 2.4 19.395925824125833 43.51100852800968
    endloop
  endfacet
  facet normal 0 -0.9883615104677606 -0.15212338618991791
    outer loop
      vertex 0 19.395925824125833 43.51100852800968
      vertex 2.4 19.419804253292007 43.35586788258115
      vertex 2.4 19.395925824125833 43.51100852800968
    endloop
  endfacet
  facet normal 0 -0.9997620270799088 -0.021814885034580494
    outer loop
      vertex 0 19.419804253292007 43.35586788258115
      vertex 2.4 19.423228481480145 43.198937726445564
      vertex 2.4 19.419804253292007 43.35586788258115
    endloop
  endfacet
  facet normal 0 -0.960049854385934 -0.27982901403097343
    outer loop
      vertex 0 19.352001760525006 43.66170516327476
      vertex 2.4 19.395925824125833 43.51100852800968
      vertex 2.4 19.352001760525006 43.66170516327476
    endloop
  endfacet
  facet normal -7.035129127607479e-16 0.42261826174070183 0.9063077870366489
    outer loop
      vertex 41.71499999999999 9.130018628542924 30.61036480867125
      vertex 45.199999999999996 9.401910965956152 30.4835793295418
      vertex 41.71499999999999 9.401910965956153 30.483579329541797
    endloop
  endfacet
  facet normal 0 0.4226182617406944 0.9063077870366524
    outer loop
      vertex 41.71499999999999 9.130018628542924 30.61036480867125
      vertex 47.599999999999994 9.130018628542924 30.61036480867125
      vertex 45.199999999999996 9.401910965956152 30.4835793295418
    endloop
  endfacet
  facet normal 6.167905693592869e-16 0.4226182617406997 0.9063077870366497
    outer loop
      vertex 45.199999999999996 15.9273270313178 27.440727845616003
      vertex 45.199999999999996 9.401910965956152 30.4835793295418
      vertex 47.599999999999994 9.130018628542924 30.61036480867125
    endloop
  endfacet
  facet normal 0 0.4226182617406995 0.9063077870366499
    outer loop
      vertex 45.199999999999996 15.9273270313178 27.440727845616003
      vertex 47.599999999999994 9.130018628542924 30.61036480867125
      vertex 47.599999999999994 15.9273270313178 27.440727845616003
    endloop
  endfacet
  facet normal 1 0 0
    outer loop
      vertex 41.71499999999999 9.130018628542924 30.61036480867125
      vertex 41.71499999999999 9.401910965956153 30.483579329541797
      vertex 41.71499999999999 14.62405603117202 42.3923660401477
    endloop
  endfacet
  facet normal 0 0.9063077870366498 -0.42261826174069955
    outer loop
      vertex 41.71499999999999 9.130018628542924 30.61036480867125
      vertex 41.71499999999999 14.62405603117202 42.3923660401477
      vertex 47.599999999999994 14.62405603117202 42.3923660401477
    endloop
  endfacet
  facet normal 0 0.9063077870366498 -0.42261826174069955
    outer loop
      vertex 41.71499999999999 9.130018628542924 30.61036480867125
      vertex 47.599999999999994 14.62405603117202 42.3923660401477
      vertex 47.599999999999994 9.130018628542924 30.61036480867125
    endloop
  endfacet
  facet normal 1 0 0
    outer loop
      vertex 41.71499999999999 9.401910965956153 30.483579329541797
      vertex 41.71499999999999 14.895948365338036 42.26558056253245
      vertex 41.71499999999999 14.62405603117202 42.3923660401477
    endloop
  endfacet
  facet normal 0 -0.42261826174069594 -0.9063077870366515
    outer loop
      vertex 41.71499999999999 14.62405603117202 42.3923660401477
      vertex 41.71499999999999 14.895948365338036 42.26558056253245
      vertex 45.199999999999996 14.895948365338036 42.26558056253245
    endloop
  endfacet
  facet normal 0 -0.42261826174069594 -0.9063077870366515
    outer loop
      vertex 41.71499999999999 14.62405603117202 42.3923660401477
      vertex 45.199999999999996 14.895948365338036 42.26558056253245
      vertex 47.599999999999994 14.62405603117202 42.3923660401477
    endloop
  endfacet
  facet normal -5.057682667736828e-16 -0.42261826174069966 -0.9063077870366498
    outer loop
      vertex 45.199999999999996 14.895948365338036 42.26558056253245
      vertex 47.599999999999994 21.42136443394689 39.22272907709245
      vertex 47.599999999999994 14.62405603117202 42.3923660401477
    endloop
  endfacet
  facet normal 0 -0.90630778703665 0.42261826174069933
    outer loop
      vertex 45.199999999999996 15.9273270313178 27.440727845616003
      vertex 47.599999999999994 15.9273270313178 27.440727845616003
      vertex 45.199999999999996 21.42136443394689 39.22272907709245
    endloop
  endfacet
  facet normal 0 -0.90630778703665 0.42261826174069933
    outer loop
      vertex 47.599999999999994 15.9273270313178 27.440727845616003
      vertex 47.599999999999994 21.42136443394689 39.22272907709245
      vertex 45.199999999999996 21.42136443394689 39.22272907709245
    endloop
  endfacet
  facet normal 0 -0.4226182617406998 -0.9063077870366497
    outer loop
      vertex 45.199999999999996 14.895948365338036 42.26558056253245
      vertex 45.199999999999996 21.42136443394689 39.22272907709245
      vertex 47.599999999999994 21.42136443394689 39.22272907709245
    endloop
  endfacet
  facet normal -5.3533517436944745e-17 -0.4226182617406991 -0.90630778703665
    outer loop
      vertex 0.6199399754405022 1.1737157106399536 12.473566994433027
      vertex 2.5239879935979843 2.6347431391477585 11.792278715745333
      vertex 0.8786796554923058 0.8786796554923058 12.611144566380215
    endloop
  endfacet
  facet normal -2.1948742416845416e-15 -0.422618261740697 -0.906307787036651
    outer loop
      vertex 0.22836140543222427 1.8519496992230415 12.157301291535724
      vertex 2.445672281086445 2.770389936864376 11.72902557516587
      vertex 0.4019237905740738 1.5 12.321418131568775
    endloop
  endfacet
  facet normal 6.959357304032647e-16 -0.42261826174069994 -0.9063077870366497
    outer loop
      vertex 0.4019237905740738 1.5 12.321418131568775
      vertex 2.5239879935979843 2.6347431391477585 11.792278715745333
      vertex 0.6199399754405022 1.1737157106399536 12.473566994433027
    endloop
  endfacet
  facet normal 1.5792387836510696e-15 -0.4226182617407008 -0.9063077870366495
    outer loop
      vertex 1.5 0.4019237905740738 12.833459477261897
      vertex 2.770389936864376 2.445672281086445 11.880443904793259
      vertex 1.8519496992230415 0.22836140543222427 12.91439294662119
    endloop
  endfacet
  facet normal -3.559978917102962e-15 -0.42261826174069833 -0.9063077870366505
    outer loop
      vertex 1.8519496992230415 0.22836140543222427 12.91439294662119
      vertex 2.8447085693478584 2.420444503426552 11.8922078107143
      vertex 2.2235428616404533 0.10222252458333969 12.973212472752124
    endloop
  endfacet
  facet normal -2.6766758595297475e-16 -0.42261826174069944 -0.90630778703665
    outer loop
      vertex 2.2235428616404533 0.10222252458333969 12.973212472752124
      vertex 2.9216842874884605 2.405133083462715 11.899347643100663
      vertex 2.6084214225411415 0.025665417313575745 13.008911638158208
    endloop
  endfacet
  facet normal -8.288168680166122e-15 -0.4226182617406991 -0.90630778703665
    outer loop
      vertex 2.9057553093213087 0.006177123711808805 13.017999178709086
      vertex 3 2.399999998509884 11.90174123992413
      vertex 2.938477056574304 0.004032426971942537 13.018999267223306
    endloop
  endfacet
  facet normal 2.802447136773724e-15 -0.42261826174069944 -0.9063077870366499
    outer loop
      vertex 2.6084214225411415 0.025665417313575745 13.008911638158208
      vertex 3 2.399999998509884 11.90174123992413
      vertex 2.9057553093213087 0.006177123711808805 13.017999178709086
    endloop
  endfacet
  facet normal 4.31576369554673e-15 -0.4226182617407023 -0.9063077870366486
    outer loop
      vertex 1.1737157106399536 0.6199399754405022 12.731796860656946
      vertex 1.0264135559326353 0.7491205000405874 12.671558992751445
      vertex 2.6347431391477585 2.5239879935979843 11.843924688295264
    endloop
  endfacet
  facet normal -4.0150138195435587e-16 -0.4226182617406991 -0.90630778703665
    outer loop
      vertex 1.1737157106399536 0.6199399754405022 12.731796860656946
      vertex 2.7000000029802322 2.480384759604931 11.86425721022655
      vertex 1.5 0.4019237905740738 12.833459477261897
    endloop
  endfacet
  facet normal -2.031301119408981e-15 -0.42261826174069794 -0.9063077870366506
    outer loop
      vertex 0.8786796554923058 0.8786796554923058 12.611144566380215
      vertex 2.5757359340786934 2.5757359340786934 11.81979422735536
      vertex 1.0264135559326353 0.7491205000405874 12.671558992751445
    endloop
  endfacet
  facet normal 3.212010943865322e-15 -0.4226182617407013 -0.906307787036649
    outer loop
      vertex 1.1737157106399536 0.6199399754405022 12.731796860656946
      vertex 2.6347431391477585 2.5239879935979843 11.843924688295264
      vertex 2.7000000029802322 2.480384759604931 11.86425721022655
    endloop
  endfacet
  facet normal -8.163861494117577e-15 -0.42261826174069295 -0.906307787036653
    outer loop
      vertex 2.5239879935979843 2.6347431391477585 11.792278715745333
      vertex 2.5757359340786934 2.5757359340786934 11.81979422735536
      vertex 0.8786796554923058 0.8786796554923058 12.611144566380215
    endloop
  endfacet
  facet normal 6.658231351280774e-15 -0.422618261740704 -0.9063077870366478
    outer loop
      vertex 2.5757359340786934 2.5757359340786934 11.81979422735536
      vertex 2.6347431391477585 2.5239879935979843 11.843924688295264
      vertex 1.0264135559326353 0.7491205000405874 12.671558992751445
    endloop
  endfacet
  facet normal 1.49893854028323e-14 -0.4226182617407013 -0.9063077870366492
    outer loop
      vertex 2.6084214225411415 0.025665417313575745 13.008911638158208
      vertex 2.9216842874884605 2.405133083462715 11.899347643100663
      vertex 3 2.399999998509884 11.90174123992413
    endloop
  endfacet
  facet normal -1.6060056306075323e-14 -0.4226182617406922 -0.9063077870366534
    outer loop
      vertex 1.5 0.4019237905740738 12.833459477261897
      vertex 2.7000000029802322 2.480384759604931 11.86425721022655
      vertex 2.770389936864376 2.445672281086445 11.880443904793259
    endloop
  endfacet
  facet normal 1.713072548130666e-14 -0.4226182617407061 -0.9063077870366467
    outer loop
      vertex 1.8519496992230415 0.22836140543222427 12.91439294662119
      vertex 2.770389936864376 2.445672281086445 11.880443904793259
      vertex 2.8447085693478584 2.420444503426552 11.8922078107143
    endloop
  endfacet
  facet normal -1.7130724344761423e-14 -0.4226182617406958 -0.9063077870366516
    outer loop
      vertex 2.2235428616404533 0.10222252458333969 12.973212472752124
      vertex 2.8447085693478584 2.420444503426552 11.8922078107143
      vertex 2.9216842874884605 2.405133083462715 11.899347643100663
    endloop
  endfacet
  facet normal 1.2045041425493176e-16 -0.42261826174069717 -0.906307787036651
    outer loop
      vertex 0.025665417313575745 2.6084214225411415 11.804552733774782
      vertex 0 3 11.621956644336278
      vertex 2.4 2.9999999772652313 11.621956654937675
    endloop
  endfacet
  facet normal 9.100697983571461e-16 -0.4226182617407022 -0.9063077870366486
    outer loop
      vertex 0.10222252458333969 2.2235428616404533 11.984024554182449
      vertex 2.420444503426552 2.8447085693478584 11.694370227695217
      vertex 0.22836140543222427 1.8519496992230415 12.157301291535724
    endloop
  endfacet
  facet normal 8.565362750495186e-16 -0.4226182617407007 -0.9063077870366495
    outer loop
      vertex 2.405133083462715 2.9216842874884605 11.658475860834274
      vertex 0.10222252458333969 2.2235428616404533 11.984024554182449
      vertex 0.025665417313575745 2.6084214225411415 11.804552733774782
    endloop
  endfacet
  facet normal 9.702953189101418e-16 -0.4226182617407012 -0.9063077870366492
    outer loop
      vertex 0.025665417313575745 2.6084214225411415 11.804552733774782
      vertex 2.4 2.9999999772652313 11.621956654937675
      vertex 2.405133083462715 2.9216842874884605 11.658475860834274
    endloop
  endfacet
  facet normal 5.353351508401905e-16 -0.42261826174069944 -0.9063077870366499
    outer loop
      vertex 0.4019237905740738 1.5 12.321418131568775
      vertex 2.480384759604931 2.7000000029802322 11.761848940393072
      vertex 2.5239879935979843 2.6347431391477585 11.792278715745333
    endloop
  endfacet
  facet normal 9.368366178543838e-15 -0.4226182617407122 -0.906307787036644
    outer loop
      vertex 2.445672281086445 2.770389936864376 11.72902557516587
      vertex 2.480384759604931 2.7000000029802322 11.761848940393072
      vertex 0.4019237905740738 1.5 12.321418131568775
    endloop
  endfacet
  facet normal -3.0949062536922567e-15 -0.42261826174069 -0.9063077870366543
    outer loop
      vertex 2.405133083462715 2.9216842874884605 11.658475860834274
      vertex 2.420444503426552 2.8447085693478584 11.694370227695217
      vertex 0.10222252458333969 2.2235428616404533 11.984024554182449
    endloop
  endfacet
  facet normal -4.1823060257096654e-15 -0.42261826174069306 -0.906307787036653
    outer loop
      vertex 2.420444503426552 2.8447085693478584 11.694370227695217
      vertex 2.445672281086445 2.770389936864376 11.72902557516587
      vertex 0.22836140543222427 1.8519496992230415 12.157301291535724
    endloop
  endfacet
  facet normal 1.208518998940348e-14 -0.4226182617406996 -0.9063077870366499
    outer loop
      vertex 3 0 13.020879618801274
      vertex 2.938477056574304 0.004032426971942537 13.018999267223306
      vertex 3 2.399999998509884 11.90174123992413
    endloop
  endfacet
  facet normal 0 -0.4226182617406995 -0.9063077870366499
    outer loop
      vertex 2.4 13.359855285886512 6.791076787149855
      vertex 2.4 2.9999999772652313 11.621956654937675
      vertex 0 3 11.621956644336278
    endloop
  endfacet
  facet normal 0 -0.42261826174069944 -0.90630778703665
    outer loop
      vertex 2.4 13.359855285886512 6.791076787149855
      vertex 0 3 11.621956644336278
      vertex 0 13.359855285886512 6.791076787149855
    endloop
  endfacet
  facet normal 0 0.9063077870366499 -0.42261826174069955
    outer loop
      vertex 0 13.359855285886512 6.791076787149855
      vertex 0 21.044877974593803 23.27166112735561
      vertex 2.4 13.359855285886512 6.791076787149855
    endloop
  endfacet
  facet normal -3.870014509727382e-17 -0.4226182617406995 -0.9063077870366498
    outer loop
      vertex 3 0 13.020879618801274
      vertex 3 2.399999998509884 11.90174123992413
      vertex 44.600000001490116 0 13.020879618801272
    endloop
  endfacet
  facet normal 8.114705633689199e-16 0.9063077870366499 -0.42261826174069944
    outer loop
      vertex 0 21.044877974593803 23.27166112735561
      vertex 2.4 28.778792903328167 39.85709521465865
      vertex 2.4 13.359855285886512 6.791076787149855
    endloop
  endfacet
  facet normal 1.1253094575398377e-15 0.9063077870366499 -0.4226182617406995
    outer loop
      vertex 0 21.044877974593803 23.27166112735561
      vertex 0 34.3873560755025 51.88469775150155
      vertex 2.4 28.778792903328167 39.85709521465865
    endloop
  endfacet
  facet normal 1.1609974248469253e-15 0.9063077870366498 -0.4226182617406994
    outer loop
      vertex 0 34.3873560755025 51.88469775150155
      vertex 2.4 33.358997677310114 49.679376049813854
      vertex 2.4 28.778792903328167 39.85709521465865
    endloop
  endfacet
  facet normal 0 0.9063077870366495 -0.42261826174070055
    outer loop
      vertex 2.4 33.358997677310114 49.679376049813854
      vertex 0 34.3873560755025 51.88469775150155
      vertex 45.199999999999996 33.358997677310114 49.679376049813854
    endloop
  endfacet
  facet normal 3.4616183517500046e-16 -0.42261826174069406 -0.9063077870366525
    outer loop
      vertex 44.600000001490116 0 13.020879618801272
      vertex 3 2.399999998509884 11.90174123992413
      vertex 44.991578578948975 0.025665417313575745 13.008911638158208
    endloop
  endfacet
  facet normal -3.66735704219888e-17 -0.4226182617406995 -0.9063077870366498
    outer loop
      vertex 44.991578578948975 0.025665417313575745 13.008911638158208
      vertex 3 2.399999998509884 11.90174123992413
      vertex 44.600000001490116 2.399999998509884 11.901741239924128
    endloop
  endfacet
  facet normal -1.1989826809081459e-15 -0.4226182617406992 -0.9063077870366502
    outer loop
      vertex 44.82961006462574 2.445672281086445 11.88044390479326
      vertex 45.748050302267075 0.22836140543222427 12.914392946621188
      vertex 45.48258939929422 0.1382495718551684 12.956412784708558
    endloop
  endfacet
  facet normal 2.6766758595297475e-16 -0.42261826174069944 -0.90630778703665
    outer loop
      vertex 45.37645713984966 0.10222252458333969 12.973212472752124
      vertex 44.991578578948975 0.025665417313575745 13.008911638158208
      vertex 44.678315714001656 2.405133083462715 11.899347643100663
    endloop
  endfacet
  facet normal 1.6905209440556458e-14 -0.4226182617406946 -0.9063077870366522
    outer loop
      vertex 45.449678026636256 0.12707766630322256 12.961622329823614
      vertex 44.75529143214226 2.420444503426552 11.8922078107143
      vertex 45.48258939929422 0.1382495718551684 12.956412784708558
    endloop
  endfacet
  facet normal -8.286256061961454e-15 -0.42261826174070094 -0.9063077870366494
    outer loop
      vertex 45.449678026636256 0.12707766630322256 12.961622329823614
      vertex 45.37645713984966 0.10222252458333969 12.973212472752124
      vertex 44.75529143214226 2.420444503426552 11.8922078107143
    endloop
  endfacet
  facet normal 1.1066115724683337e-13 -0.4226182617406577 -0.9063077870366696
    outer loop
      vertex 45.82469497483389 0.26615837530740444 12.896767930113338
      vertex 44.82961006462574 2.445672281086445 11.88044390479326
      vertex 45.83429335021751 0.27089177024635736 12.894560711804234
    endloop
  endfacet
  facet normal 2.8884328586628154e-15 -0.42261826174069805 -0.9063077870366506
    outer loop
      vertex 45.82469497483389 0.26615837530740444 12.896767930113338
      vertex 45.748050302267075 0.22836140543222427 12.914392946621188
      vertex 44.82961006462574 2.445672281086445 11.88044390479326
    endloop
  endfacet
  facet normal -1.7018261727587669e-15 -0.4226182617407007 -0.9063077870366493
    outer loop
      vertex 44.899999998509884 2.480384759604931 11.864257210226548
      vertex 46.100000001490116 0.4019237905740738 12.833459477261897
      vertex 45.83429335021751 0.27089177024635736 12.894560711804234
    endloop
  endfacet
  facet normal 6.4240223154995645e-15 -0.4226182617406991 -0.9063077870366503
    outer loop
      vertex 44.991578578948975 0.025665417313575745 13.008911638158208
      vertex 44.600000001490116 2.399999998509884 11.901741239924128
      vertex 44.678315714001656 2.405133083462715 11.899347643100663
    endloop
  endfacet
  facet normal 1.7130724344761423e-14 -0.4226182617406958 -0.9063077870366516
    outer loop
      vertex 45.37645713984966 0.10222252458333969 12.973212472752124
      vertex 44.678315714001656 2.405133083462715 11.899347643100663
      vertex 44.75529143214226 2.420444503426552 11.8922078107143
    endloop
  endfacet
  facet normal -8.364612069023105e-17 -0.4226182617406991 -0.9063077870366502
    outer loop
      vertex 44.82961006462574 2.445672281086445 11.88044390479326
      vertex 45.48258939929422 0.1382495718551684 12.956412784708558
      vertex 44.75529143214226 2.420444503426552 11.8922078107143
    endloop
  endfacet
  facet normal -2.0208904311687872e-14 -0.4226182617407072 -0.9063077870366464
    outer loop
      vertex 44.899999998509884 2.480384759604931 11.864257210226548
      vertex 45.83429335021751 0.27089177024635736 12.894560711804234
      vertex 44.82961006462574 2.445672281086445 11.88044390479326
    endloop
  endfacet
  facet normal 7.762360051117545e-16 -0.42261826174069955 -0.9063077870366498
    outer loop
      vertex 46.42628429085016 0.6199399754405022 12.731796860656946
      vertex 46.100000001490116 0.4019237905740738 12.833459477261897
      vertex 44.899999998509884 2.480384759604931 11.864257210226548
    endloop
  endfacet
  facet normal -4.315763695546722e-15 -0.4226182617407022 -0.9063077870366485
    outer loop
      vertex 46.57358644555748 0.7491205000405874 12.671558992751445
      vertex 46.42628429085016 0.6199399754405022 12.731796860656946
      vertex 44.96525686234236 2.5239879935979843 11.843924688295264
    endloop
  endfacet
  facet normal 1.7105693637128285e-15 -0.42261826174069805 -0.9063077870366507
    outer loop
      vertex 45.02426406741142 2.5757359340786934 11.81979422735536
      vertex 46.72132034599781 0.8786796554923058 12.611144566380215
      vertex 46.57358644555748 0.7491205000405874 12.671558992751445
    endloop
  endfacet
  facet normal 1.3918714090083137e-14 -0.42261826174069067 -0.9063077870366539
    outer loop
      vertex 46.42628429085016 0.6199399754405022 12.731796860656946
      vertex 44.899999998509884 2.480384759604931 11.864257210226548
      vertex 44.96525686234236 2.5239879935979843 11.843924688295264
    endloop
  endfacet
  facet normal -6.658231351280773e-15 -0.422618261740704 -0.9063077870366478
    outer loop
      vertex 45.02426406741142 2.5757359340786934 11.81979422735536
      vertex 46.57358644555748 0.7491205000405874 12.671558992751445
      vertex 44.96525686234236 2.5239879935979843 11.843924688295264
    endloop
  endfacet
  facet normal 6.82552364816146e-15 -0.4226182617406919 -0.9063077870366534
    outer loop
      vertex 45.07601200789213 2.6347431391477585 11.792278715745333
      vertex 46.980060026049614 1.1737157106399536 12.473566994433027
      vertex 45.02426406741142 2.5757359340786934 11.81979422735536
    endloop
  endfacet
  facet normal 4.282681381917246e-16 -0.4226182617406993 -0.90630778703665
    outer loop
      vertex 45.02426406741142 2.5757359340786934 11.81979422735536
      vertex 46.980060026049614 1.1737157106399536 12.473566994433027
      vertex 46.72132034599781 0.8786796554923058 12.611144566380215
    endloop
  endfacet
  facet normal -6.959357304032647e-16 -0.42261826174069994 -0.9063077870366497
    outer loop
      vertex 46.980060026049614 1.1737157106399536 12.473566994433027
      vertex 45.07601200789213 2.6347431391477585 11.792278715745333
      vertex 47.19807621091604 1.5 12.321418131568775
    endloop
  endfacet
  facet normal -5.085684210101012e-16 -0.42261826174069966 -0.9063077870366499
    outer loop
      vertex 47.37163859605789 1.8519496992230415 12.157301291535722
      vertex 47.19807621091604 1.5 12.321418131568775
      vertex 45.119615241885185 2.7000000029802322 11.761848940393072
    endloop
  endfacet
  facet normal -4.684182412355807e-16 -0.42261826174070666 -0.9063077870366465
    outer loop
      vertex 47.57433458417654 2.6084214225411415 11.804552733774784
      vertex 45.179555498063564 2.8447085693478584 11.694370227695217
      vertex 45.1948669180274 2.9216842874884605 11.658475860834272
    endloop
  endfacet
  facet normal 3.165747711389018e-16 -0.4226182617406935 -0.9063077870366528
    outer loop
      vertex 47.599999999999994 2.999999977265136 11.62195665493772
      vertex 45.1948669180274 2.9216842874884605 11.658475860834272
      vertex 45.199999999999996 2.999999954530395 11.621956665539102
    endloop
  endfacet
  facet normal -5.353351508401905e-16 -0.42261826174069944 -0.9063077870366499
    outer loop
      vertex 47.19807621091604 1.5 12.321418131568775
      vertex 45.07601200789213 2.6347431391477585 11.792278715745333
      vertex 45.119615241885185 2.7000000029802322 11.761848940393072
    endloop
  endfacet
  facet normal 5.353352146426857e-16 -0.422618261740698 -0.9063077870366506
    outer loop
      vertex 47.37163859605789 1.8519496992230415 12.157301291535722
      vertex 45.119615241885185 2.7000000029802322 11.761848940393072
      vertex 45.15432772040367 2.770389936864376 11.729025575165872
    endloop
  endfacet
  facet normal -3.078177243990493e-15 -0.4226182617407085 -0.9063077870366457
    outer loop
      vertex 47.497777476906776 2.2235428616404533 11.984024554182449
      vertex 45.15432772040367 2.770389936864376 11.729025575165872
      vertex 45.179555498063564 2.8447085693478584 11.694370227695217
    endloop
  endfacet
  facet normal 5.805041131080808e-16 -0.42261826174070016 -0.9063077870366497
    outer loop
      vertex 47.599999999999994 2.999999977265136 11.62195665493772
      vertex 47.57433458417654 2.6084214225411415 11.804552733774784
      vertex 45.1948669180274 2.9216842874884605 11.658475860834272
    endloop
  endfacet
  facet normal -2.275174494552352e-16 -0.42261826174069883 -0.9063077870366502
    outer loop
      vertex 47.497777476906776 2.2235428616404533 11.984024554182449
      vertex 47.37163859605789 1.8519496992230415 12.157301291535722
      vertex 45.15432772040367 2.770389936864376 11.729025575165872
    endloop
  endfacet
  facet normal 6.424022069910906e-16 -0.42261826174069744 -0.9063077870366508
    outer loop
      vertex 47.57433458417654 2.6084214225411415 11.804552733774784
      vertex 47.497777476906776 2.2235428616404533 11.984024554182449
      vertex 45.179555498063564 2.8447085693478584 11.694370227695217
    endloop
  endfacet
  facet normal 3.1657483940577356e-16 -0.4226182617406994 -0.9063077870366499
    outer loop
      vertex 47.599999999999994 2.999999977265136 11.62195665493772
      vertex 45.199999999999996 2.999999954530395 11.621956665539102
      vertex 47.599999999999994 13.359855285886512 6.791076787149855
    endloop
  endfacet
  facet normal 0 -0.42261826174069933 -0.9063077870366499
    outer loop
      vertex 45.199999999999996 13.359855285886512 6.791076787149855
      vertex 47.599999999999994 13.359855285886512 6.791076787149855
      vertex 45.199999999999996 2.999999954530395 11.621956665539102
    endloop
  endfacet
  facet normal 0 0.9063077870366499 -0.4226182617406995
    outer loop
      vertex 45.199999999999996 13.359855285886512 6.791076787149855
      vertex 47.599999999999994 34.3873560755025 51.88469775150155
      vertex 47.599999999999994 13.359855285886512 6.791076787149855
    endloop
  endfacet
  facet normal 0 0.9063077870366495 -0.4226182617407005
    outer loop
      vertex 47.599999999999994 34.3873560755025 51.88469775150155
      vertex 45.199999999999996 33.358997677310114 49.679376049813854
      vertex 0 34.3873560755025 51.88469775150155
    endloop
  endfacet
  facet normal -1.0010040430806673e-15 0.9063077870366499 -0.42261826174069944
    outer loop
      vertex 45.199999999999996 13.359855285886512 6.791076787149855
      vertex 45.199999999999996 33.358997677310114 49.679376049813854
      vertex 47.599999999999994 34.3873560755025 51.88469775150155
    endloop
  endfacet
endsolid OpenSCAD_Model
