solid OpenSCAD_Model
  facet normal 0 1 0
    outer loop
      vertex 3.3999999999999986 9.9 2.4
      vertex 3.3999999999999986 9.9 8.4
      vertex 7.399999999999999 9.9 2.4
    endloop
  endfacet
  facet normal 0 -1 0
    outer loop
      vertex 3.3999999999999986 9.1 2.4
      vertex 7.399999999999999 9.1 8.4
      vertex 3.3999999999999986 9.1 8.4
    endloop
  endfacet
  facet normal 0 -1 0
    outer loop
      vertex 3.3999999999999986 9.1 2.4
      vertex 7.399999999999999 9.1 2.4
      vertex 7.399999999999999 9.1 8.4
    endloop
  endfacet
  facet normal 1 0 0
    outer loop
      vertex 7.399999999999999 9.1 2.4
      vertex 7.399999999999999 9.9 2.4
      vertex 7.399999999999999 9.1 8.4
    endloop
  endfacet
  facet normal 0 1 0
    outer loop
      vertex 7.399999999999999 9.9 2.4
      vertex 3.3999999999999986 9.9 8.4
      vertex 7.399999999999999 9.9 8.4
    endloop
  endfacet
  facet normal 1 0 0
    outer loop
      vertex 7.399999999999999 9.9 2.4
      vertex 7.399999999999999 9.9 8.4
      vertex 7.399999999999999 9.1 8.4
    endloop
  endfacet
  facet normal 0 0 1
    outer loop
      vertex 3.3999999999999986 9.1 8.4
      vertex 7.399999999999999 9.1 8.4
      vertex 3.3999999999999986 9.9 8.4
    endloop
  endfacet
  facet normal 0 0 1
    outer loop
      vertex 3.3999999999999986 9.9 8.4
      vertex 7.399999999999999 9.1 8.4
      vertex 7.399999999999999 9.9 8.4
    endloop
  endfacet
  facet normal 0 1 0
    outer loop
      vertex 3.3999999999999986 76.5 2.4
      vertex 3.3999999999999986 76.5 8.4
      vertex 7.399999999999999 76.5 2.4
    endloop
  endfacet
  facet normal 0 -1 0
    outer loop
      vertex 3.3999999999999986 75.7 2.4
      vertex 7.399999999999999 75.7 8.4
      vertex 3.3999999999999986 75.7 8.4
    endloop
  endfacet
  facet normal 0 -1 0
    outer loop
      vertex 3.3999999999999986 75.7 2.4
      vertex 7.399999999999999 75.7 2.4
      vertex 7.399999999999999 75.7 8.4
    endloop
  endfacet
  facet normal 1 0 0
    outer loop
      vertex 7.399999999999999 75.7 2.4
      vertex 7.399999999999999 76.5 2.4
      vertex 7.399999999999999 75.7 8.4
    endloop
  endfacet
  facet normal 0 1 0
    outer loop
      vertex 7.399999999999999 76.5 2.4
      vertex 3.3999999999999986 76.5 8.4
      vertex 7.399999999999999 76.5 8.4
    endloop
  endfacet
  facet normal 1 0 0
    outer loop
      vertex 7.399999999999999 76.5 2.4
      vertex 7.399999999999999 76.5 8.4
      vertex 7.399999999999999 75.7 8.4
    endloop
  endfacet
  facet normal 0 0 1
    outer loop
      vertex 3.3999999999999986 75.7 8.4
      vertex 7.399999999999999 75.7 8.4
      vertex 3.3999999999999986 76.5 8.4
    endloop
  endfacet
  facet normal 0 0 1
    outer loop
      vertex 3.3999999999999986 76.5 8.4
      vertex 7.399999999999999 75.7 8.4
      vertex 7.399999999999999 76.5 8.4
    endloop
  endfacet
  facet normal -1 0 0
    outer loop
      vertex 40.199999999999996 9.1 2.4
      vertex 40.199999999999996 9.9 8.4
      vertex 40.199999999999996 9.9 2.4
    endloop
  endfacet
  facet normal 0 1 0
    outer loop
      vertex 40.199999999999996 9.9 2.4
      vertex 40.199999999999996 9.9 8.4
      vertex 44.199999999999996 9.9 2.4
    endloop
  endfacet
  facet normal -1 0 0
    outer loop
      vertex 40.199999999999996 9.1 2.4
      vertex 40.199999999999996 9.1 8.4
      vertex 40.199999999999996 9.9 8.4
    endloop
  endfacet
  facet normal 0 -1 0
    outer loop
      vertex 40.199999999999996 9.1 2.4
      vertex 44.199999999999996 9.1 8.4
      vertex 40.199999999999996 9.1 8.4
    endloop
  endfacet
  facet normal 0 -1 0
    outer loop
      vertex 40.199999999999996 9.1 2.4
      vertex 44.199999999999996 9.1 2.4
      vertex 44.199999999999996 9.1 8.4
    endloop
  endfacet
  facet normal 0 1 0
    outer loop
      vertex 44.199999999999996 9.9 2.4
      vertex 40.199999999999996 9.9 8.4
      vertex 44.199999999999996 9.9 8.4
    endloop
  endfacet
  facet normal 0 0 1
    outer loop
      vertex 40.199999999999996 9.1 8.4
      vertex 44.199999999999996 9.1 8.4
      vertex 40.199999999999996 9.9 8.4
    endloop
  endfacet
  facet normal 0 0 1
    outer loop
      vertex 40.199999999999996 9.9 8.4
      vertex 44.199999999999996 9.1 8.4
      vertex 44.199999999999996 9.9 8.4
    endloop
  endfacet
  facet normal -1 0 0
    outer loop
      vertex 40.199999999999996 75.7 2.4
      vertex 40.199999999999996 76.5 8.4
      vertex 40.199999999999996 76.5 2.4
    endloop
  endfacet
  facet normal 0 1 0
    outer loop
      vertex 40.199999999999996 76.5 2.4
      vertex 40.199999999999996 76.5 8.4
      vertex 44.199999999999996 76.5 2.4
    endloop
  endfacet
  facet normal -1 0 0
    outer loop
      vertex 40.199999999999996 75.7 2.4
      vertex 40.199999999999996 75.7 8.4
      vertex 40.199999999999996 76.5 8.4
    endloop
  endfacet
  facet normal 0 -1 0
    outer loop
      vertex 40.199999999999996 75.7 2.4
      vertex 44.199999999999996 75.7 8.4
      vertex 40.199999999999996 75.7 8.4
    endloop
  endfacet
  facet normal 0 -1 0
    outer loop
      vertex 40.199999999999996 75.7 2.4
      vertex 44.199999999999996 75.7 2.4
      vertex 44.199999999999996 75.7 8.4
    endloop
  endfacet
  facet normal 0 1 0
    outer loop
      vertex 44.199999999999996 76.5 2.4
      vertex 40.199999999999996 76.5 8.4
      vertex 44.199999999999996 76.5 8.4
    endloop
  endfacet
  facet normal 0 0 1
    outer loop
      vertex 40.199999999999996 75.7 8.4
      vertex 44.199999999999996 75.7 8.4
      vertex 40.199999999999996 76.5 8.4
    endloop
  endfacet
  facet normal 0 0 1
    outer loop
      vertex 40.199999999999996 76.5 8.4
      vertex 44.199999999999996 75.7 8.4
      vertex 44.199999999999996 76.5 8.4
    endloop
  endfacet
  facet normal 0 -1 0
    outer loop
      vertex 2.5999999999999988 9.1 2.4
      vertex 3.3999999999999986 9.1 8.4
      vertex 2.5999999999999988 9.1 8.4
    endloop
  endfacet
  facet normal 0 -1 0
    outer loop
      vertex 2.5999999999999988 9.1 2.4
      vertex 3.3999999999999986 9.1 2.4
      vertex 3.3999999999999986 9.1 8.4
    endloop
  endfacet
  facet normal -1 0 0
    outer loop
      vertex 2.5999999999999988 9.1 2.4
      vertex 2.5999999999999988 9.1 8.4
      vertex 2.5999999999999988 21.1 8.4
    endloop
  endfacet
  facet normal -1 0 0
    outer loop
      vertex 2.5999999999999988 9.1 2.4
      vertex 2.5999999999999988 21.1 8.4
      vertex 2.5999999999999988 21.1 2.4
    endloop
  endfacet
  facet normal 0 1 0
    outer loop
      vertex 2.5999999999999988 21.1 2.4
      vertex 2.5999999999999988 21.1 8.4
      vertex 3.3999999999999986 21.1 2.4
    endloop
  endfacet
  facet normal 1 0 0
    outer loop
      vertex 3.3999999999999986 9.9 2.4
      vertex 3.3999999999999986 21.1 2.4
      vertex 3.3999999999999986 9.9 8.4
    endloop
  endfacet
  facet normal 1 0 0
    outer loop
      vertex 3.3999999999999986 21.1 2.4
      vertex 3.3999999999999986 21.1 8.4
      vertex 3.3999999999999986 9.9 8.4
    endloop
  endfacet
  facet normal 0 1 0
    outer loop
      vertex 3.3999999999999986 21.1 2.4
      vertex 2.5999999999999988 21.1 8.4
      vertex 3.3999999999999986 21.1 8.4
    endloop
  endfacet
  facet normal 0 0 1
    outer loop
      vertex 2.5999999999999988 9.1 8.4
      vertex 3.3999999999999986 9.1 8.4
      vertex 2.5999999999999988 21.1 8.4
    endloop
  endfacet
  facet normal 0 0 1
    outer loop
      vertex 3.3999999999999986 9.1 8.4
      vertex 3.3999999999999986 9.9 8.4
      vertex 2.5999999999999988 21.1 8.4
    endloop
  endfacet
  facet normal 0 0 1
    outer loop
      vertex 3.3999999999999986 9.9 8.4
      vertex 3.3999999999999986 21.1 8.4
      vertex 2.5999999999999988 21.1 8.4
    endloop
  endfacet
  facet normal 0 -1 0
    outer loop
      vertex 2.5999999999999988 64.5 2.4
      vertex 3.3999999999999986 64.5 8.4
      vertex 2.5999999999999988 64.5 8.4
    endloop
  endfacet
  facet normal -1 0 0
    outer loop
      vertex 2.5999999999999988 64.5 2.4
      vertex 2.5999999999999988 64.5 8.4
      vertex 2.5999999999999988 76.5 8.4
    endloop
  endfacet
  facet normal -1 0 0
    outer loop
      vertex 2.5999999999999988 64.5 2.4
      vertex 2.5999999999999988 76.5 8.4
      vertex 2.5999999999999988 76.5 2.4
    endloop
  endfacet
  facet normal 0 -1 0
    outer loop
      vertex 2.5999999999999988 64.5 2.4
      vertex 3.3999999999999986 64.5 2.4
      vertex 3.3999999999999986 64.5 8.4
    endloop
  endfacet
  facet normal 1 0 0
    outer loop
      vertex 3.3999999999999986 64.5 2.4
      vertex 3.3999999999999986 75.7 2.4
      vertex 3.3999999999999986 64.5 8.4
    endloop
  endfacet
  facet normal 1 0 0
    outer loop
      vertex 3.3999999999999986 75.7 2.4
      vertex 3.3999999999999986 75.7 8.4
      vertex 3.3999999999999986 64.5 8.4
    endloop
  endfacet
  facet normal 0 1 0
    outer loop
      vertex 2.5999999999999988 76.5 2.4
      vertex 2.5999999999999988 76.5 8.4
      vertex 3.3999999999999986 76.5 2.4
    endloop
  endfacet
  facet normal 0 1 0
    outer loop
      vertex 3.3999999999999986 76.5 2.4
      vertex 2.5999999999999988 76.5 8.4
      vertex 3.3999999999999986 76.5 8.4
    endloop
  endfacet
  facet normal 0 0 1
    outer loop
      vertex 2.5999999999999988 64.5 8.4
      vertex 3.3999999999999986 64.5 8.4
      vertex 2.5999999999999988 76.5 8.4
    endloop
  endfacet
  facet normal 0 0 1
    outer loop
      vertex 3.3999999999999986 64.5 8.4
      vertex 3.3999999999999986 75.7 8.4
      vertex 2.5999999999999988 76.5 8.4
    endloop
  endfacet
  facet normal 0 0 1
    outer loop
      vertex 2.5999999999999988 76.5 8.4
      vertex 3.3999999999999986 75.7 8.4
      vertex 3.3999999999999986 76.5 8.4
    endloop
  endfacet
  facet normal 0 -1 0
    outer loop
      vertex 44.199999999999996 9.1 2.4
      vertex 44.99999999999999 9.1 8.4
      vertex 44.199999999999996 9.1 8.4
    endloop
  endfacet
  facet normal 0 -1 0
    outer loop
      vertex 44.199999999999996 9.1 2.4
      vertex 44.99999999999999 9.1 2.4
      vertex 44.99999999999999 9.1 8.4
    endloop
  endfacet
  facet normal -1 0 0
    outer loop
      vertex 44.199999999999996 9.9 2.4
      vertex 44.199999999999996 9.9 8.4
      vertex 44.199999999999996 21.1 8.4
    endloop
  endfacet
  facet normal -1 0 0
    outer loop
      vertex 44.199999999999996 9.9 2.4
      vertex 44.199999999999996 21.1 8.4
      vertex 44.199999999999996 21.1 2.4
    endloop
  endfacet
  facet normal 0 1 0
    outer loop
      vertex 44.199999999999996 21.1 2.4
      vertex 44.199999999999996 21.1 8.4
      vertex 44.99999999999999 21.1 2.4
    endloop
  endfacet
  facet normal 1 0 0
    outer loop
      vertex 44.99999999999999 9.1 2.4
      vertex 44.99999999999999 21.1 2.4
      vertex 44.99999999999999 9.1 8.4
    endloop
  endfacet
  facet normal 1 0 0
    outer loop
      vertex 44.99999999999999 21.1 2.4
      vertex 44.99999999999999 21.1 8.4
      vertex 44.99999999999999 9.1 8.4
    endloop
  endfacet
  facet normal 0 1 0
    outer loop
      vertex 44.99999999999999 21.1 2.4
      vertex 44.199999999999996 21.1 8.4
      vertex 44.99999999999999 21.1 8.4
    endloop
  endfacet
  facet normal 0 0 1
    outer loop
      vertex 44.199999999999996 9.1 8.4
      vertex 44.99999999999999 9.1 8.4
      vertex 44.199999999999996 9.9 8.4
    endloop
  endfacet
  facet normal 0 0 1
    outer loop
      vertex 44.199999999999996 9.9 8.4
      vertex 44.99999999999999 9.1 8.4
      vertex 44.199999999999996 21.1 8.4
    endloop
  endfacet
  facet normal 0 0 1
    outer loop
      vertex 44.99999999999999 9.1 8.4
      vertex 44.99999999999999 21.1 8.4
      vertex 44.199999999999996 21.1 8.4
    endloop
  endfacet
  facet normal 0 -1 0
    outer loop
      vertex 44.199999999999996 64.5 2.4
      vertex 44.99999999999999 64.5 8.4
      vertex 44.199999999999996 64.5 8.4
    endloop
  endfacet
  facet normal -1 0 0
    outer loop
      vertex 44.199999999999996 64.5 2.4
      vertex 44.199999999999996 64.5 8.4
      vertex 44.199999999999996 75.7 8.4
    endloop
  endfacet
  facet normal -1 0 0
    outer loop
      vertex 44.199999999999996 64.5 2.4
      vertex 44.199999999999996 75.7 8.4
      vertex 44.199999999999996 75.7 2.4
    endloop
  endfacet
  facet normal 0 -1 0
    outer loop
      vertex 44.199999999999996 64.5 2.4
      vertex 44.99999999999999 64.5 2.4
      vertex 44.99999999999999 64.5 8.4
    endloop
  endfacet
  facet normal 1 0 0
    outer loop
      vertex 44.99999999999999 64.5 2.4
      vertex 44.99999999999999 76.5 2.4
      vertex 44.99999999999999 64.5 8.4
    endloop
  endfacet
  facet normal 1 0 0
    outer loop
      vertex 44.99999999999999 76.5 2.4
      vertex 44.99999999999999 76.5 8.4
      vertex 44.99999999999999 64.5 8.4
    endloop
  endfacet
  facet normal 0 1 0
    outer loop
      vertex 44.199999999999996 76.5 2.4
      vertex 44.199999999999996 76.5 8.4
      vertex 44.99999999999999 76.5 2.4
    endloop
  endfacet
  facet normal 0 1 0
    outer loop
      vertex 44.99999999999999 76.5 2.4
      vertex 44.199999999999996 76.5 8.4
      vertex 44.99999999999999 76.5 8.4
    endloop
  endfacet
  facet normal 0 0 1
    outer loop
      vertex 44.199999999999996 64.5 8.4
      vertex 44.99999999999999 64.5 8.4
      vertex 44.199999999999996 75.7 8.4
    endloop
  endfacet
  facet normal 0 0 1
    outer loop
      vertex 44.99999999999999 64.5 8.4
      vertex 44.199999999999996 76.5 8.4
      vertex 44.199999999999996 75.7 8.4
    endloop
  endfacet
  facet normal 0 0 1
    outer loop
      vertex 44.99999999999999 64.5 8.4
      vertex 44.99999999999999 76.5 8.4
      vertex 44.199999999999996 76.5 8.4
    endloop
  endfacet
  facet normal -0.8968727415326871 -0.4422886902190038 0
    outer loop
      vertex 9.249180701233065 6.681032572810403 2.4
      vertex 9.335961894323338 6.505057721358037 2.4
      vertex 9.249180701233065 6.681032572810403 23.262714255931677
    endloop
  endfacet
  facet normal -0.8314696123025467 -0.5555702330196001 -2.0543168781160638e-19
    outer loop
      vertex 9.444969989563143 6.341915577844956 2.4
      vertex 9.335961894323338 6.505057721358037 22.885334969156453
      vertex 9.335961894323338 6.505057721358037 2.4
    endloop
  endfacet
  facet normal -0.7518398074789743 -0.6593458151000725 0
    outer loop
      vertex 9.444969989563143 6.341915577844956 2.4
      vertex 9.574339828220175 6.194397549578216 2.4
      vertex 9.444969989563143 6.341915577844956 22.53547551336589
    endloop
  endfacet
  facet normal -0.9469301294951064 -0.3214394653031596 -7.749349064647091e-20
    outer loop
      vertex 9.249180701233065 6.681032572810403 2.4
      vertex 9.186111260566394 6.866829153704256 23.66115630946559
      vertex 9.186111260566394 6.866829153704256 2.4
    endloop
  endfacet
  facet normal -0.5555702330196001 -0.8314696123025467 0
    outer loop
      vertex 9.884999999999996 5.956019615681379 2.4
      vertex 9.884999999999996 5.956019615681379 21.7079189519094
      vertex 9.721857856486915 6.065027710921184 2.4
    endloop
  endfacet
  facet normal -0.44228869021900186 -0.896872741532688 5.055354325342418e-20
    outer loop
      vertex 9.884999999999996 5.956019615681379 2.4
      vertex 10.060974851452361 5.869238422591107 2.4
      vertex 10.060974851452361 5.869238422591107 21.52181608275726
    endloop
  endfacet
  facet normal -0.6593458151000725 -0.7518398074789742 -2.575483654344422e-19
    outer loop
      vertex 9.574339828220175 6.194397549578216 2.4
      vertex 9.721857856486915 6.065027710921184 2.4
      vertex 9.721857856486915 6.065027710921184 21.941687566542733
    endloop
  endfacet
  facet normal -0.32143946530316225 -0.9469301294951055 1.8358055776433843e-19
    outer loop
      vertex 10.060974851452361 5.869238422591107 2.4
      vertex 10.246771432346215 5.806168981924435 2.4
      vertex 10.246771432346215 5.806168981924435 21.386563230774904
    endloop
  endfacet
  facet normal -0.19509032201612714 -0.9807852804032308 1.6114697517928497e-21
    outer loop
      vertex 10.246771432346215 5.806168981924435 2.4
      vertex 10.439210711669919 5.767890429297322 2.4
      vertex 10.439210711669919 5.767890429297322 21.304474609758962
    endloop
  endfacet
  facet normal -0.9807852804032299 -0.19509032201613147 -1.038780349687935e-20
    outer loop
      vertex 9.186111260566394 6.866829153704256 2.4
      vertex 9.14783270793928 7.05926843302796 24.073843675753146
      vertex 9.14783270793928 7.05926843302796 2.4
    endloop
  endfacet
  facet normal -0.9978589232386038 -0.065403129230139 -3.022684209488512e-20
    outer loop
      vertex 9.14783270793928 7.05926843302796 2.4
      vertex 9.134999999999996 7.255057721358037 24.49371515953863
      vertex 9.134999999999996 7.255057721358037 2.4
    endloop
  endfacet
  facet normal -0.9978589232386038 0.06540312923013901 2.966312076333563e-20
    outer loop
      vertex 9.134999999999996 7.255057721358037 2.4
      vertex 9.14783270793928 7.450847009688115 24.91358664332413
      vertex 9.14783270793928 7.450847009688115 2.4
    endloop
  endfacet
  facet normal -0.9807852804032298 0.19509032201613147 9.820332297843735e-21
    outer loop
      vertex 9.14783270793928 7.450847009688115 2.4
      vertex 9.186111260566394 7.643286289011819 25.326274009611673
      vertex 9.186111260566394 7.643286289011819 2.4
    endloop
  endfacet
  facet normal -0.9469301294951064 0.3214394653031596 7.063756802613507e-20
    outer loop
      vertex 9.186111260566394 7.643286289011819 2.4
      vertex 9.249180701233065 7.829082869905672 25.72471606314553
      vertex 9.249180701233065 7.829082869905672 2.4
    endloop
  endfacet
  facet normal -0.896872741532687 0.4422886902190037 1.573207670920129e-19
    outer loop
      vertex 9.249180701233065 7.829082869905672 2.4
      vertex 9.335961894323338 8.005057721358037 26.102095349920795
      vertex 9.335961894323338 8.005057721358037 2.4
    endloop
  endfacet
  facet normal -0.0654031292301435 -0.9978589232386035 -3.2621701923133947e-20
    outer loop
      vertex 10.439210711669919 5.767890429297322 2.4
      vertex 10.634999999999996 5.755057721358037 2.4
      vertex 10.634999999999996 5.755057721358037 21.276954778774275
    endloop
  endfacet
  facet normal 0.0654031292301435 -0.9978589232386035 0
    outer loop
      vertex 10.634999999999996 5.755057721358037 2.4
      vertex 10.830789288330074 5.767890429297322 2.4
      vertex 10.634999999999996 5.755057721358037 21.276954778774275
    endloop
  endfacet
  facet normal 0.19509032201612714 -0.9807852804032308 0
    outer loop
      vertex 10.830789288330074 5.767890429297322 2.4
      vertex 11.023228567653778 5.806168981924435 2.4
      vertex 10.830789288330074 5.767890429297322 21.30447460975899
    endloop
  endfacet
  facet normal 0.32143946530316225 -0.9469301294951055 0
    outer loop
      vertex 11.023228567653778 5.806168981924435 2.4
      vertex 11.209025148547632 5.869238422591107 2.4
      vertex 11.023228567653778 5.806168981924435 21.386563230774918
    endloop
  endfacet
  facet normal 0.44228869021900186 -0.8968727415326879 0
    outer loop
      vertex 11.209025148547632 5.869238422591107 2.4
      vertex 11.384999999999996 5.956019615681379 2.4
      vertex 11.209025148547632 5.869238422591107 21.521816082757248
    endloop
  endfacet
  facet normal 0.5555702330196001 -0.8314696123025468 0
    outer loop
      vertex 11.384999999999996 5.956019615681379 2.4
      vertex 11.548142143513077 6.065027710921184 2.4
      vertex 11.384999999999996 5.956019615681379 21.707918951909413
    endloop
  endfacet
  facet normal 0.6593458151000725 -0.7518398074789742 0
    outer loop
      vertex 11.548142143513077 6.065027710921184 2.4
      vertex 11.695660171779817 6.194397549578216 2.4
      vertex 11.548142143513077 6.065027710921184 21.941687566542747
    endloop
  endfacet
  facet normal 0.751839807478974 -0.6593458151000725 0
    outer loop
      vertex 11.695660171779817 6.194397549578216 2.4
      vertex 11.82503001043685 6.341915577844956 2.4
      vertex 11.695660171779817 6.194397549578216 22.219122080847946
    endloop
  endfacet
  facet normal 0.8314696123025467 -0.5555702330196001 0
    outer loop
      vertex 11.82503001043685 6.341915577844956 2.4
      vertex 11.934038105676654 6.505057721358037 2.4
      vertex 11.82503001043685 6.341915577844956 22.53547551336589
    endloop
  endfacet
  facet normal 0.8314696123025468 0.5555702330196001 -1.775512618598083e-19
    outer loop
      vertex 11.82503001043685 8.168199864871118 2.4
      vertex 11.934038105676654 8.005057721358037 26.102095349920795
      vertex 11.934038105676654 8.005057721358037 2.4
    endloop
  endfacet
  facet normal -0.8314696123025466 0.5555702330196001 1.749686032629923e-19
    outer loop
      vertex 9.335961894323338 8.005057721358037 2.4
      vertex 9.444969989563143 8.168199864871118 26.45195480571136
      vertex 9.444969989563143 8.168199864871118 2.4
    endloop
  endfacet
  facet normal -0.7518398074789742 0.6593458151000725 2.0653586787358197e-19
    outer loop
      vertex 9.444969989563143 8.168199864871118 2.4
      vertex 9.574339828220175 8.315717893137858 26.768308238229288
      vertex 9.574339828220175 8.315717893137858 2.4
    endloop
  endfacet
  facet normal -0.6593458151000725 0.7518398074789742 0
    outer loop
      vertex 9.574339828220175 8.315717893137858 2.4
      vertex 9.574339828220175 8.315717893137858 26.768308238229288
      vertex 9.721857856486915 8.44508773179489 2.4
    endloop
  endfacet
  facet normal -0.5555702330196001 0.8314696123025467 0
    outer loop
      vertex 9.721857856486915 8.44508773179489 2.4
      vertex 9.721857856486915 8.44508773179489 27.04574275253453
      vertex 9.884999999999996 8.554095827034695 2.4
    endloop
  endfacet
  facet normal -0.4422886902190055 0.896872741532686 0
    outer loop
      vertex 9.884999999999996 8.554095827034695 2.4
      vertex 9.884999999999996 8.554095827034695 27.27951136716785
      vertex 10.060974851452361 8.640877020124968 2.4
    endloop
  endfacet
  facet normal -0.3214394653031582 0.9469301294951068 0
    outer loop
      vertex 10.060974851452361 8.640877020124968 2.4
      vertex 10.060974851452361 8.640877020124968 27.46561423632003
      vertex 10.246771432346215 8.70394646079164 2.4
    endloop
  endfacet
  facet normal -0.19509032201613147 0.9807852804032298 0
    outer loop
      vertex 10.246771432346215 8.70394646079164 2.4
      vertex 10.246771432346215 8.70394646079164 27.600867088302373
      vertex 10.439210711669919 8.742225013418754 2.4
    endloop
  endfacet
  facet normal 0.3214394653031582 0.9469301294951068 -1.6856880715910085e-19
    outer loop
      vertex 11.023228567653778 8.70394646079164 2.4
      vertex 11.209025148547632 8.640877020124968 27.465614236320015
      vertex 11.209025148547632 8.640877020124968 2.4
    endloop
  endfacet
  facet normal 0.19509032201613147 0.9807852804032298 -8.933963594860238e-21
    outer loop
      vertex 10.830789288330074 8.742225013418754 2.4
      vertex 11.023228567653778 8.70394646079164 27.600867088302373
      vertex 11.023228567653778 8.70394646079164 2.4
    endloop
  endfacet
  facet normal -0.065403129230139 0.9978589232386038 0
    outer loop
      vertex 10.439210711669919 8.742225013418754 2.4
      vertex 10.439210711669919 8.742225013418754 27.682955709318286
      vertex 10.634999999999996 8.755057721358037 2.4
    endloop
  endfacet
  facet normal 0.06540312923013901 0.9978589232386038 -2.6413970229383033e-20
    outer loop
      vertex 10.634999999999996 8.755057721358037 2.4
      vertex 10.830789288330074 8.742225013418754 27.682955709318314
      vertex 10.830789288330074 8.742225013418754 2.4
    endloop
  endfacet
  facet normal 0.4422886902190055 0.896872741532686 3.6295906886991525e-21
    outer loop
      vertex 11.209025148547632 8.640877020124968 2.4
      vertex 11.384999999999996 8.554095827034695 27.27951136716785
      vertex 11.384999999999996 8.554095827034695 2.4
    endloop
  endfacet
  facet normal 0.5555702330196001 0.8314696123025467 -1.7075309842983544e-19
    outer loop
      vertex 11.384999999999996 8.554095827034695 2.4
      vertex 11.548142143513077 8.44508773179489 27.04574275253453
      vertex 11.548142143513077 8.44508773179489 2.4
    endloop
  endfacet
  facet normal 0.6593458151000725 0.7518398074789742 0
    outer loop
      vertex 11.695660171779817 8.315717893137858 2.4
      vertex 11.548142143513077 8.44508773179489 2.4
      vertex 11.695660171779817 8.315717893137858 26.768308238229316
    endloop
  endfacet
  facet normal 0.7518398074789742 0.6593458151000726 -2.092524175789041e-19
    outer loop
      vertex 11.695660171779817 8.315717893137858 2.4
      vertex 11.82503001043685 8.168199864871118 26.45195480571136
      vertex 11.82503001043685 8.168199864871118 2.4
    endloop
  endfacet
  facet normal 0.8968727415326869 -0.44228869021900363 0
    outer loop
      vertex 11.934038105676654 6.505057721358037 2.4
      vertex 12.020819298766927 6.681032572810403 2.4
      vertex 11.934038105676654 6.505057721358037 22.885334969156453
    endloop
  endfacet
  facet normal 0.9469301294951062 -0.3214394653031596 0
    outer loop
      vertex 12.020819298766927 6.681032572810403 2.4
      vertex 12.083888739433599 6.866829153704256 2.4
      vertex 12.020819298766927 6.681032572810403 23.26271425593169
    endloop
  endfacet
  facet normal 0.9807852804032299 -0.19509032201613147 0
    outer loop
      vertex 12.083888739433599 6.866829153704256 2.4
      vertex 12.122167292060713 7.05926843302796 2.4
      vertex 12.083888739433599 6.866829153704256 23.661156309465575
    endloop
  endfacet
  facet normal 0.9978589232386038 -0.065403129230139 0
    outer loop
      vertex 12.122167292060713 7.05926843302796 2.4
      vertex 12.134999999999996 7.255057721358037 2.4
      vertex 12.122167292060713 7.05926843302796 24.073843675753132
    endloop
  endfacet
  facet normal 0.9978589232386038 0.065403129230139 0
    outer loop
      vertex 12.134999999999996 7.255057721358037 2.4
      vertex 12.122167292060713 7.450847009688115 2.4
      vertex 12.134999999999996 7.255057721358037 24.49371515953863
    endloop
  endfacet
  facet normal 0.9807852804032298 0.19509032201613144 -1.0000344800350416e-20
    outer loop
      vertex 12.083888739433599 7.643286289011819 2.4
      vertex 12.122167292060713 7.450847009688115 24.913586643324116
      vertex 12.122167292060713 7.450847009688115 2.4
    endloop
  endfacet
  facet normal 0.9469301294951064 0.3214394653031596 0
    outer loop
      vertex 12.083888739433599 7.643286289011819 2.4
      vertex 12.020819298766927 7.829082869905672 2.4
      vertex 12.083888739433599 7.643286289011819 25.326274009611673
    endloop
  endfacet
  facet normal 0.8968727415326871 0.44228869021900374 -1.5986611850033844e-19
    outer loop
      vertex 11.934038105676654 8.005057721358037 2.4
      vertex 12.020819298766927 7.829082869905672 25.724716063145543
      vertex 12.020819298766927 7.829082869905672 2.4
    endloop
  endfacet
  facet normal -0.6593458151000725 -0.7518398074789743 0
    outer loop
      vertex 9.574339828220175 6.194397549578216 2.4
      vertex 9.721857856486915 6.065027710921184 21.941687566542733
      vertex 9.574339828220175 6.194397549578216 22.21912208084793
    endloop
  endfacet
  facet normal -0.32143946530316225 -0.9469301294951055 0
    outer loop
      vertex 10.060974851452361 5.869238422591107 2.4
      vertex 10.246771432346215 5.806168981924435 21.386563230774904
      vertex 10.060974851452361 5.869238422591107 21.52181608275726
    endloop
  endfacet
  facet normal -0.1950903220161271 -0.9807852804032307 0
    outer loop
      vertex 10.246771432346215 5.806168981924435 2.4
      vertex 10.439210711669919 5.767890429297322 21.304474609758962
      vertex 10.246771432346215 5.806168981924435 21.386563230774904
    endloop
  endfacet
  facet normal -0.4422886902190019 -0.8968727415326879 0
    outer loop
      vertex 9.884999999999996 5.956019615681379 2.4
      vertex 10.060974851452361 5.869238422591107 21.52181608275726
      vertex 9.884999999999996 5.956019615681379 21.7079189519094
    endloop
  endfacet
  facet normal -0.5555702330196001 -0.8314696123025467 0
    outer loop
      vertex 9.721857856486915 6.065027710921184 2.4
      vertex 9.884999999999996 5.956019615681379 21.7079189519094
      vertex 9.721857856486915 6.065027710921184 21.941687566542733
    endloop
  endfacet
  facet normal -0.0654031292301435 -0.9978589232386034 0
    outer loop
      vertex 10.439210711669919 5.767890429297322 2.4
      vertex 10.634999999999996 5.755057721358037 21.276954778774275
      vertex 10.439210711669919 5.767890429297322 21.304474609758962
    endloop
  endfacet
  facet normal 0.06540312923014349 -0.9978589232386034 0
    outer loop
      vertex 10.830789288330074 5.767890429297322 2.4
      vertex 10.830789288330074 5.767890429297322 21.30447460975899
      vertex 10.634999999999996 5.755057721358037 21.276954778774275
    endloop
  endfacet
  facet normal 0.19509032201612714 -0.9807852804032308 0
    outer loop
      vertex 11.023228567653778 5.806168981924435 2.4
      vertex 11.023228567653778 5.806168981924435 21.386563230774918
      vertex 10.830789288330074 5.767890429297322 21.30447460975899
    endloop
  endfacet
  facet normal 0.3214394653031622 -0.9469301294951054 0
    outer loop
      vertex 11.209025148547632 5.869238422591107 2.4
      vertex 11.209025148547632 5.869238422591107 21.521816082757248
      vertex 11.023228567653778 5.806168981924435 21.386563230774918
    endloop
  endfacet
  facet normal 0.44228869021900186 -0.896872741532688 0
    outer loop
      vertex 11.384999999999996 5.956019615681379 2.4
      vertex 11.384999999999996 5.956019615681379 21.707918951909413
      vertex 11.209025148547632 5.869238422591107 21.521816082757248
    endloop
  endfacet
  facet normal 0.5555702330196002 -0.8314696123025467 0
    outer loop
      vertex 11.548142143513077 6.065027710921184 2.4
      vertex 11.548142143513077 6.065027710921184 21.941687566542747
      vertex 11.384999999999996 5.956019615681379 21.707918951909413
    endloop
  endfacet
  facet normal 0.6593458151000725 -0.751839807478974 0
    outer loop
      vertex 11.695660171779817 6.194397549578216 2.4
      vertex 11.695660171779817 6.194397549578216 22.219122080847946
      vertex 11.548142143513077 6.065027710921184 21.941687566542747
    endloop
  endfacet
  facet normal -0.7518398074789743 -0.6593458151000725 0
    outer loop
      vertex 9.574339828220175 6.194397549578216 2.4
      vertex 9.574339828220175 6.194397549578216 22.21912208084793
      vertex 9.444969989563143 6.341915577844956 22.53547551336589
    endloop
  endfacet
  facet normal -0.8314696123025467 -0.5555702330196001 0
    outer loop
      vertex 9.444969989563143 6.341915577844956 2.4
      vertex 9.444969989563143 6.341915577844956 22.53547551336589
      vertex 9.335961894323338 6.505057721358037 22.885334969156453
    endloop
  endfacet
  facet normal -0.8968727415326869 -0.44228869021900363 0
    outer loop
      vertex 9.335961894323338 6.505057721358037 2.4
      vertex 9.335961894323338 6.505057721358037 22.885334969156453
      vertex 9.249180701233065 6.681032572810403 23.262714255931677
    endloop
  endfacet
  facet normal -0.9469301294951062 -0.3214394653031596 0
    outer loop
      vertex 9.249180701233065 6.681032572810403 2.4
      vertex 9.249180701233065 6.681032572810403 23.262714255931677
      vertex 9.186111260566394 6.866829153704256 23.66115630946559
    endloop
  endfacet
  facet normal -0.9807852804032299 -0.19509032201613147 0
    outer loop
      vertex 9.186111260566394 6.866829153704256 2.4
      vertex 9.186111260566394 6.866829153704256 23.66115630946559
      vertex 9.14783270793928 7.05926843302796 24.073843675753146
    endloop
  endfacet
  facet normal -0.9978589232386038 -0.065403129230139 0
    outer loop
      vertex 9.14783270793928 7.05926843302796 2.4
      vertex 9.14783270793928 7.05926843302796 24.073843675753146
      vertex 9.134999999999996 7.255057721358037 24.49371515953863
    endloop
  endfacet
  facet normal -0.9978589232386038 0.065403129230139 0
    outer loop
      vertex 9.134999999999996 7.255057721358037 2.4
      vertex 9.134999999999996 7.255057721358037 24.49371515953863
      vertex 9.14783270793928 7.450847009688115 24.91358664332413
    endloop
  endfacet
  facet normal 0.7518398074789743 -0.6593458151000725 0
    outer loop
      vertex 11.82503001043685 6.341915577844956 2.4
      vertex 11.82503001043685 6.341915577844956 22.53547551336589
      vertex 11.695660171779817 6.194397549578216 22.219122080847946
    endloop
  endfacet
  facet normal 0.8314696123025467 -0.5555702330196001 0
    outer loop
      vertex 11.934038105676654 6.505057721358037 2.4
      vertex 11.934038105676654 6.505057721358037 22.885334969156453
      vertex 11.82503001043685 6.341915577844956 22.53547551336589
    endloop
  endfacet
  facet normal -0.9807852804032298 0.19509032201613144 0
    outer loop
      vertex 9.14783270793928 7.450847009688115 2.4
      vertex 9.14783270793928 7.450847009688115 24.91358664332413
      vertex 9.186111260566394 7.643286289011819 25.326274009611673
    endloop
  endfacet
  facet normal -0.9469301294951064 0.3214394653031596 0
    outer loop
      vertex 9.186111260566394 7.643286289011819 2.4
      vertex 9.186111260566394 7.643286289011819 25.326274009611673
      vertex 9.249180701233065 7.829082869905672 25.72471606314553
    endloop
  endfacet
  facet normal -0.8968727415326871 0.44228869021900374 0
    outer loop
      vertex 9.249180701233065 7.829082869905672 2.4
      vertex 9.249180701233065 7.829082869905672 25.72471606314553
      vertex 9.335961894323338 8.005057721358037 26.102095349920795
    endloop
  endfacet
  facet normal -0.8314696123025468 0.5555702330196001 0
    outer loop
      vertex 9.335961894323338 8.005057721358037 2.4
      vertex 9.335961894323338 8.005057721358037 26.102095349920795
      vertex 9.444969989563143 8.168199864871118 26.45195480571136
    endloop
  endfacet
  facet normal -0.7518398074789742 0.6593458151000726 0
    outer loop
      vertex 9.444969989563143 8.168199864871118 2.4
      vertex 9.444969989563143 8.168199864871118 26.45195480571136
      vertex 9.574339828220175 8.315717893137858 26.768308238229288
    endloop
  endfacet
  facet normal -0.6593458151000726 0.7518398074789743 0
    outer loop
      vertex 9.721857856486915 8.44508773179489 2.4
      vertex 9.574339828220175 8.315717893137858 26.768308238229288
      vertex 9.721857856486915 8.44508773179489 27.04574275253453
    endloop
  endfacet
  facet normal -0.5555702330196001 0.8314696123025467 0
    outer loop
      vertex 9.884999999999996 8.554095827034695 2.4
      vertex 9.721857856486915 8.44508773179489 27.04574275253453
      vertex 9.884999999999996 8.554095827034695 27.27951136716785
    endloop
  endfacet
  facet normal -0.4422886902190055 0.8968727415326861 0
    outer loop
      vertex 10.060974851452361 8.640877020124968 2.4
      vertex 9.884999999999996 8.554095827034695 27.27951136716785
      vertex 10.060974851452361 8.640877020124968 27.46561423632003
    endloop
  endfacet
  facet normal 0.8314696123025466 0.5555702330196001 0
    outer loop
      vertex 11.82503001043685 8.168199864871118 2.4
      vertex 11.82503001043685 8.168199864871118 26.45195480571136
      vertex 11.934038105676654 8.005057721358037 26.102095349920795
    endloop
  endfacet
  facet normal 0.7518398074789742 0.6593458151000725 0
    outer loop
      vertex 11.695660171779817 8.315717893137858 2.4
      vertex 11.695660171779817 8.315717893137858 26.768308238229316
      vertex 11.82503001043685 8.168199864871118 26.45195480571136
    endloop
  endfacet
  facet normal 0.4422886902190055 0.8968727415326861 0
    outer loop
      vertex 11.209025148547632 8.640877020124968 2.4
      vertex 11.209025148547632 8.640877020124968 27.465614236320015
      vertex 11.384999999999996 8.554095827034695 27.27951136716785
    endloop
  endfacet
  facet normal 0.5555702330196001 0.8314696123025467 0
    outer loop
      vertex 11.384999999999996 8.554095827034695 2.4
      vertex 11.384999999999996 8.554095827034695 27.27951136716785
      vertex 11.548142143513077 8.44508773179489 27.04574275253453
    endloop
  endfacet
  facet normal 0.6593458151000726 0.7518398074789743 0
    outer loop
      vertex 11.548142143513077 8.44508773179489 2.4
      vertex 11.548142143513077 8.44508773179489 27.04574275253453
      vertex 11.695660171779817 8.315717893137858 26.768308238229316
    endloop
  endfacet
  facet normal -0.3214394653031582 0.9469301294951069 0
    outer loop
      vertex 10.246771432346215 8.70394646079164 2.4
      vertex 10.060974851452361 8.640877020124968 27.46561423632003
      vertex 10.246771432346215 8.70394646079164 27.600867088302373
    endloop
  endfacet
  facet normal -0.1950903220161315 0.9807852804032299 0
    outer loop
      vertex 10.439210711669919 8.742225013418754 2.4
      vertex 10.246771432346215 8.70394646079164 27.600867088302373
      vertex 10.439210711669919 8.742225013418754 27.682955709318286
    endloop
  endfacet
  facet normal -0.065403129230139 0.9978589232386038 0
    outer loop
      vertex 10.634999999999996 8.755057721358037 2.4
      vertex 10.439210711669919 8.742225013418754 27.682955709318286
      vertex 10.634999999999996 8.755057721358037 27.71047554030296
    endloop
  endfacet
  facet normal 0.065403129230139 0.9978589232386038 0
    outer loop
      vertex 10.634999999999996 8.755057721358037 2.4
      vertex 10.634999999999996 8.755057721358037 27.71047554030296
      vertex 10.830789288330074 8.742225013418754 27.682955709318314
    endloop
  endfacet
  facet normal 0.3214394653031582 0.9469301294951069 0
    outer loop
      vertex 11.023228567653778 8.70394646079164 2.4
      vertex 11.023228567653778 8.70394646079164 27.600867088302373
      vertex 11.209025148547632 8.640877020124968 27.465614236320015
    endloop
  endfacet
  facet normal 0.19509032201613147 0.9807852804032299 0
    outer loop
      vertex 10.830789288330074 8.742225013418754 2.4
      vertex 10.830789288330074 8.742225013418754 27.682955709318314
      vertex 11.023228567653778 8.70394646079164 27.600867088302373
    endloop
  endfacet
  facet normal 0.8968727415326871 -0.4422886902190038 0
    outer loop
      vertex 12.020819298766927 6.681032572810403 2.4
      vertex 12.020819298766927 6.681032572810403 23.26271425593169
      vertex 11.934038105676654 6.505057721358037 22.885334969156453
    endloop
  endfacet
  facet normal 0.9469301294951064 -0.3214394653031596 0
    outer loop
      vertex 12.083888739433599 6.866829153704256 2.4
      vertex 12.083888739433599 6.866829153704256 23.661156309465575
      vertex 12.020819298766927 6.681032572810403 23.26271425593169
    endloop
  endfacet
  facet normal 0.9807852804032299 -0.19509032201613144 0
    outer loop
      vertex 12.122167292060713 7.05926843302796 2.4
      vertex 12.122167292060713 7.05926843302796 24.073843675753132
      vertex 12.083888739433599 6.866829153704256 23.661156309465575
    endloop
  endfacet
  facet normal 0.9978589232386038 -0.065403129230139 0
    outer loop
      vertex 12.134999999999996 7.255057721358037 2.4
      vertex 12.134999999999996 7.255057721358037 24.49371515953863
      vertex 12.122167292060713 7.05926843302796 24.073843675753132
    endloop
  endfacet
  facet normal 0.9978589232386038 0.06540312923013901 0
    outer loop
      vertex 12.122167292060713 7.450847009688115 2.4
      vertex 12.122167292060713 7.450847009688115 24.913586643324116
      vertex 12.134999999999996 7.255057721358037 24.49371515953863
    endloop
  endfacet
  facet normal 0.9807852804032298 0.19509032201613147 0
    outer loop
      vertex 12.083888739433599 7.643286289011819 2.4
      vertex 12.083888739433599 7.643286289011819 25.326274009611673
      vertex 12.122167292060713 7.450847009688115 24.913586643324116
    endloop
  endfacet
  facet normal 0.9469301294951064 0.3214394653031596 0
    outer loop
      vertex 12.020819298766927 7.829082869905672 2.4
      vertex 12.020819298766927 7.829082869905672 25.724716063145543
      vertex 12.083888739433599 7.643286289011819 25.326274009611673
    endloop
  endfacet
  facet normal 0.896872741532687 0.4422886902190037 0
    outer loop
      vertex 11.934038105676654 8.005057721358037 2.4
      vertex 11.934038105676654 8.005057721358037 26.102095349920795
      vertex 12.020819298766927 7.829082869905672 25.724716063145543
    endloop
  endfacet
  facet normal 5.231274912592699e-15 -0.906307787036624 0.42261826174075506
    outer loop
      vertex 10.060974851452361 5.869238422591107 21.52181608275726
      vertex 11.209025148547632 5.869238422591107 21.521816082757248
      vertex 9.884999999999996 5.956019615681379 21.7079189519094
    endloop
  endfacet
  facet normal -4.003844478392065e-15 -0.9063077870366564 0.4226182617406857
    outer loop
      vertex 9.884999999999996 5.956019615681379 21.7079189519094
      vertex 11.384999999999996 5.956019615681379 21.707918951909413
      vertex 9.721857856486915 6.065027710921184 21.941687566542733
    endloop
  endfacet
  facet normal -3.28338354506948e-15 -0.9063077870366436 0.42261826174071304
    outer loop
      vertex 9.574339828220175 6.194397549578216 22.21912208084793
      vertex 9.721857856486915 6.065027710921184 21.941687566542733
      vertex 11.548142143513077 6.065027710921184 21.941687566542747
    endloop
  endfacet
  facet normal -2.831145581487368e-15 -0.9063077870366548 0.42261826174068906
    outer loop
      vertex 9.574339828220175 6.194397549578216 22.21912208084793
      vertex 11.695660171779817 6.194397549578216 22.219122080847946
      vertex 9.444969989563143 6.341915577844956 22.53547551336589
    endloop
  endfacet
  facet normal -7.734833572247092e-15 -0.906307787036668 0.4226182617406607
    outer loop
      vertex 10.246771432346215 5.806168981924435 21.386563230774904
      vertex 11.023228567653778 5.806168981924435 21.386563230774918
      vertex 10.060974851452361 5.869238422591107 21.52181608275726
    endloop
  endfacet
  facet normal -3.067126918438808e-14 -0.906307787036694 0.4226182617406051
    outer loop
      vertex 10.246771432346215 5.806168981924435 21.386563230774904
      vertex 10.439210711669919 5.767890429297322 21.304474609758962
      vertex 10.830789288330074 5.767890429297322 21.30447460975899
    endloop
  endfacet
  facet normal -3.0674643995121407e-14 -0.9063077870368136 0.4226182617403486
    outer loop
      vertex 10.439210711669919 5.767890429297322 21.304474609758962
      vertex 10.634999999999996 5.755057721358037 21.276954778774275
      vertex 10.830789288330074 5.767890429297322 21.30447460975899
    endloop
  endfacet
  facet normal -7.73483357224853e-15 -0.9063077870366315 0.4226182617407392
    outer loop
      vertex 10.246771432346215 5.806168981924435 21.386563230774904
      vertex 10.830789288330074 5.767890429297322 21.30447460975899
      vertex 11.023228567653778 5.806168981924435 21.386563230774918
    endloop
  endfacet
  facet normal 5.2312749125924685e-15 -0.9063077870366327 0.42261826174073647
    outer loop
      vertex 10.060974851452361 5.869238422591107 21.52181608275726
      vertex 11.023228567653778 5.806168981924435 21.386563230774918
      vertex 11.209025148547632 5.869238422591107 21.521816082757248
    endloop
  endfacet
  facet normal -4.0038444783922115e-15 -0.9063077870366493 0.42261826174070116
    outer loop
      vertex 9.884999999999996 5.956019615681379 21.7079189519094
      vertex 11.209025148547632 5.869238422591107 21.521816082757248
      vertex 11.384999999999996 5.956019615681379 21.707918951909413
    endloop
  endfacet
  facet normal -3.288516886583782e-15 -0.9063077870366545 0.4226182617406899
    outer loop
      vertex 9.721857856486915 6.065027710921184 21.941687566542733
      vertex 11.384999999999996 5.956019615681379 21.707918951909413
      vertex 11.548142143513077 6.065027710921184 21.941687566542747
    endloop
  endfacet
  facet normal -2.8311455814875462e-15 -0.9063077870366424 0.42261826174071565
    outer loop
      vertex 9.574339828220175 6.194397549578216 22.21912208084793
      vertex 11.548142143513077 6.065027710921184 21.941687566542747
      vertex 11.695660171779817 6.194397549578216 22.219122080847946
    endloop
  endfacet
  facet normal 5.349533240340642e-19 -0.9063077870366472 0.42261826174070566
    outer loop
      vertex 11.695660171779817 6.194397549578216 22.219122080847946
      vertex 11.82503001043685 6.341915577844956 22.53547551336589
      vertex 9.444969989563143 6.341915577844956 22.53547551336589
    endloop
  endfacet
  facet normal 0 -0.9063077870366494 0.42261826174070066
    outer loop
      vertex 9.444969989563143 6.341915577844956 22.53547551336589
      vertex 11.82503001043685 6.341915577844956 22.53547551336589
      vertex 9.335961894323338 6.505057721358037 22.885334969156453
    endloop
  endfacet
  facet normal 0 -0.9063077870366432 0.42261826174071426
    outer loop
      vertex 9.335961894323338 6.505057721358037 22.885334969156453
      vertex 11.934038105676654 6.505057721358037 22.885334969156453
      vertex 9.249180701233065 6.681032572810403 23.262714255931677
    endloop
  endfacet
  facet normal -2.166865017297599e-15 -0.9063077870366628 0.42261826174067213
    outer loop
      vertex 9.249180701233065 6.681032572810403 23.262714255931677
      vertex 12.020819298766927 6.681032572810403 23.26271425593169
      vertex 9.186111260566394 6.866829153704256 23.66115630946559
    endloop
  endfacet
  facet normal 2.0725424092729305e-15 -0.9063077870366505 0.42261826174069816
    outer loop
      vertex 9.186111260566394 6.866829153704256 23.66115630946559
      vertex 12.083888739433599 6.866829153704256 23.661156309465575
      vertex 9.14783270793928 7.05926843302796 24.073843675753146
    endloop
  endfacet
  facet normal 2.0191967472826814e-15 -0.9063077870366469 0.42261826174070577
    outer loop
      vertex 9.14783270793928 7.05926843302796 24.073843675753146
      vertex 12.122167292060713 7.05926843302796 24.073843675753132
      vertex 9.134999999999996 7.255057721358037 24.49371515953863
    endloop
  endfacet
  facet normal 0 -0.9063077870366494 0.42261826174070066
    outer loop
      vertex 9.335961894323338 6.505057721358037 22.885334969156453
      vertex 11.82503001043685 6.341915577844956 22.53547551336589
      vertex 11.934038105676654 6.505057721358037 22.885334969156453
    endloop
  endfacet
  facet normal -2.16686501729775e-15 -0.906307787036649 0.42261826174070155
    outer loop
      vertex 9.249180701233065 6.681032572810403 23.262714255931677
      vertex 11.934038105676654 6.505057721358037 22.885334969156453
      vertex 12.020819298766927 6.681032572810403 23.26271425593169
    endloop
  endfacet
  facet normal 2.072542409272924e-15 -0.9063077870366513 0.4226182617406969
    outer loop
      vertex 9.186111260566394 6.866829153704256 23.66115630946559
      vertex 12.020819298766927 6.681032572810403 23.26271425593169
      vertex 12.083888739433599 6.866829153704256 23.661156309465575
    endloop
  endfacet
  facet normal 2.019196747282644e-15 -0.9063077870366507 0.422618261740698
    outer loop
      vertex 9.14783270793928 7.05926843302796 24.073843675753146
      vertex 12.083888739433599 6.866829153704256 23.661156309465575
      vertex 12.122167292060713 7.05926843302796 24.073843675753132
    endloop
  endfacet
  facet normal 0 -0.9063077870366525 0.422618261740694
    outer loop
      vertex 9.134999999999996 7.255057721358037 24.49371515953863
      vertex 12.134999999999996 7.255057721358037 24.49371515953863
      vertex 9.14783270793928 7.450847009688115 24.91358664332413
    endloop
  endfacet
  facet normal 2.019196747282701e-15 -0.906307787036645 0.42261826174071
    outer loop
      vertex 9.14783270793928 7.450847009688115 24.91358664332413
      vertex 12.122167292060713 7.450847009688115 24.913586643324116
      vertex 9.186111260566394 7.643286289011819 25.326274009611673
    endloop
  endfacet
  facet normal 0 -0.9063077870366396 0.4226182617407219
    outer loop
      vertex 9.186111260566394 7.643286289011819 25.326274009611673
      vertex 12.083888739433599 7.643286289011819 25.326274009611673
      vertex 9.249180701233065 7.829082869905672 25.72471606314553
    endloop
  endfacet
  facet normal -2.166865017297616e-15 -0.9063077870366611 0.4226182617406754
    outer loop
      vertex 9.249180701233065 7.829082869905672 25.72471606314553
      vertex 12.020819298766927 7.829082869905672 25.724716063145543
      vertex 9.335961894323338 8.005057721358037 26.102095349920795
    endloop
  endfacet
  facet normal 0 -0.9063077870366525 0.422618261740694
    outer loop
      vertex 9.134999999999996 7.255057721358037 24.49371515953863
      vertex 12.122167292060713 7.05926843302796 24.073843675753132
      vertex 12.134999999999996 7.255057721358037 24.49371515953863
    endloop
  endfacet
  facet normal 2.019196747282681e-15 -0.9063077870366469 0.4226182617407057
    outer loop
      vertex 9.14783270793928 7.450847009688115 24.91358664332413
      vertex 12.134999999999996 7.255057721358037 24.49371515953863
      vertex 12.122167292060713 7.450847009688115 24.913586643324116
    endloop
  endfacet
  facet normal 0 -0.9063077870366507 0.4226182617406981
    outer loop
      vertex 9.186111260566394 7.643286289011819 25.326274009611673
      vertex 12.122167292060713 7.450847009688115 24.913586643324116
      vertex 12.083888739433599 7.643286289011819 25.326274009611673
    endloop
  endfacet
  facet normal -2.1668650172977895e-15 -0.9063077870366454 0.4226182617407092
    outer loop
      vertex 9.249180701233065 7.829082869905672 25.72471606314553
      vertex 12.083888739433599 7.643286289011819 25.326274009611673
      vertex 12.020819298766927 7.829082869905672 25.724716063145543
    endloop
  endfacet
  facet normal 0 -0.9063077870366553 0.42261826174068806
    outer loop
      vertex 9.335961894323338 8.005057721358037 26.102095349920795
      vertex 12.020819298766927 7.829082869905672 25.724716063145543
      vertex 11.934038105676654 8.005057721358037 26.102095349920795
    endloop
  endfacet
  facet normal 3.3313196204566704e-18 -0.9063077870366494 0.42261826174070066
    outer loop
      vertex 9.335961894323338 8.005057721358037 26.102095349920795
      vertex 11.82503001043685 8.168199864871118 26.45195480571136
      vertex 9.444969989563143 8.168199864871118 26.45195480571136
    endloop
  endfacet
  facet normal 0 -0.9063077870366398 0.4226182617407213
    outer loop
      vertex 9.444969989563143 8.168199864871118 26.45195480571136
      vertex 11.82503001043685 8.168199864871118 26.45195480571136
      vertex 9.574339828220175 8.315717893137858 26.768308238229288
    endloop
  endfacet
  facet normal -9.569324207782284e-15 -0.9063077870366658 0.4226182617406653
    outer loop
      vertex 9.574339828220175 8.315717893137858 26.768308238229288
      vertex 11.82503001043685 8.168199864871118 26.45195480571136
      vertex 9.721857856486915 8.44508773179489 27.04574275253453
    endloop
  endfacet
  facet normal 0 -0.9063077870366494 0.42261826174070066
    outer loop
      vertex 9.335961894323338 8.005057721358037 26.102095349920795
      vertex 11.934038105676654 8.005057721358037 26.102095349920795
      vertex 11.82503001043685 8.168199864871118 26.45195480571136
    endloop
  endfacet
  facet normal -1.2043755632808649e-15 -0.9063077870366545 0.42261826174068967
    outer loop
      vertex 9.721857856486915 8.44508773179489 27.04574275253453
      vertex 11.82503001043685 8.168199864871118 26.45195480571136
      vertex 11.695660171779817 8.315717893137858 26.768308238229316
    endloop
  endfacet
  facet normal 1.9286299296025616e-15 -0.9063077870366459 0.42261826174070793
    outer loop
      vertex 9.721857856486915 8.44508773179489 27.04574275253453
      vertex 11.695660171779817 8.315717893137858 26.768308238229316
      vertex 9.884999999999996 8.554095827034695 27.27951136716785
    endloop
  endfacet
  facet normal -5.140436251993149e-15 -0.9063077870366595 0.422618261740679
    outer loop
      vertex 9.884999999999996 8.554095827034695 27.27951136716785
      vertex 11.548142143513077 8.44508773179489 27.04574275253453
      vertex 10.060974851452361 8.640877020124968 27.46561423632003
    endloop
  endfacet
  facet normal -2.2818440718887066e-15 -0.9063077870366516 0.4226182617406957
    outer loop
      vertex 9.884999999999996 8.554095827034695 27.27951136716785
      vertex 11.695660171779817 8.315717893137858 26.768308238229316
      vertex 11.548142143513077 8.44508773179489 27.04574275253453
    endloop
  endfacet
  facet normal 1.7302704067608809e-15 -0.9063077870366502 0.422618261740699
    outer loop
      vertex 10.060974851452361 8.640877020124968 27.46561423632003
      vertex 11.548142143513077 8.44508773179489 27.04574275253453
      vertex 10.246771432346215 8.70394646079164 27.600867088302373
    endloop
  endfacet
  facet normal 2.201894151320897e-14 -0.9063077870366263 0.42261826174074996
    outer loop
      vertex 10.246771432346215 8.70394646079164 27.600867088302373
      vertex 11.384999999999996 8.554095827034695 27.27951136716785
      vertex 10.439210711669919 8.742225013418754 27.682955709318286
    endloop
  endfacet
  facet normal 9.901207002780875e-15 -0.9063077870366428 0.4226182617407146
    outer loop
      vertex 10.246771432346215 8.70394646079164 27.600867088302373
      vertex 11.548142143513077 8.44508773179489 27.04574275253453
      vertex 11.384999999999996 8.554095827034695 27.27951136716785
    endloop
  endfacet
  facet normal -6.910391815977861e-15 -0.9063077870366514 0.4226182617406962
    outer loop
      vertex 10.634999999999996 8.755057721358037 27.71047554030296
      vertex 11.384999999999996 8.554095827034695 27.27951136716785
      vertex 11.209025148547632 8.640877020124968 27.465614236320015
    endloop
  endfacet
  facet normal -3.162460700497864e-15 -0.906307787036649 0.42261826174070155
    outer loop
      vertex 10.439210711669919 8.742225013418754 27.682955709318286
      vertex 11.384999999999996 8.554095827034695 27.27951136716785
      vertex 10.634999999999996 8.755057721358037 27.71047554030296
    endloop
  endfacet
  facet normal -5.64058699842996e-14 -0.9063077870366958 0.4226182617406009
    outer loop
      vertex 10.634999999999996 8.755057721358037 27.71047554030296
      vertex 11.209025148547632 8.640877020124968 27.465614236320015
      vertex 11.023228567653778 8.70394646079164 27.600867088302373
    endloop
  endfacet
  facet normal -9.427236390996895e-14 -0.9063077870367473 0.4226182617404908
    outer loop
      vertex 10.634999999999996 8.755057721358037 27.71047554030296
      vertex 11.023228567653778 8.70394646079164 27.600867088302373
      vertex 10.830789288330074 8.742225013418754 27.682955709318314
    endloop
  endfacet
  facet normal -0.8968727415326836 -0.442288690219011 0
    outer loop
      vertex 35.57918070123306 6.681032572810403 2.4
      vertex 35.66596189432333 6.505057721358037 2.4
      vertex 35.57918070123306 6.681032572810403 23.262714255931705
    endloop
  endfacet
  facet normal -0.9469301294951146 -0.3214394653031352 -1.7434348438270173e-19
    outer loop
      vertex 35.57918070123306 6.681032572810403 2.4
      vertex 35.51611126056639 6.866829153704256 23.66115630946559
      vertex 35.51611126056639 6.866829153704256 2.4
    endloop
  endfacet
  facet normal -0.9807852804032247 -0.1950903220161576 0
    outer loop
      vertex 35.47783270793927 7.05926843302796 2.4
      vertex 35.51611126056639 6.866829153704256 2.4
      vertex 35.47783270793927 7.05926843302796 24.07384367575314
    endloop
  endfacet
  facet normal -0.9978589232386044 -0.06540312923012999 -3.493631237015746e-20
    outer loop
      vertex 35.47783270793927 7.05926843302796 2.4
      vertex 35.46499999999999 7.255057721358037 24.493715159538617
      vertex 35.46499999999999 7.255057721358037 2.4
    endloop
  endfacet
  facet normal -0.9978589232386044 0.06540312923012999 3.4284760862827927e-20
    outer loop
      vertex 35.46499999999999 7.255057721358037 2.4
      vertex 35.47783270793927 7.450847009688115 24.913586643324123
      vertex 35.47783270793927 7.450847009688115 2.4
    endloop
  endfacet
  facet normal -0.9807852804032245 0.19509032201615759 7.671500991335269e-20
    outer loop
      vertex 35.47783270793927 7.450847009688115 2.4
      vertex 35.51611126056639 7.643286289011819 25.32627400961168
      vertex 35.51611126056639 7.643286289011819 2.4
    endloop
  endfacet
  facet normal -0.9469301294951145 0.32143946530313516 1.5891915095396894e-19
    outer loop
      vertex 35.51611126056639 7.643286289011819 2.4
      vertex 35.57918070123306 7.829082869905672 25.724716063145564
      vertex 35.57918070123306 7.829082869905672 2.4
    endloop
  endfacet
  facet normal -0.8968727415326834 0.442288690219011 -1.4174303168058167e-19
    outer loop
      vertex 35.57918070123306 7.829082869905672 2.4
      vertex 35.66596189432333 8.005057721358037 26.102095349920795
      vertex 35.66596189432333 8.005057721358037 2.4
    endloop
  endfacet
  facet normal -0.6593458151000591 -0.7518398074789859 2.9842125194045855e-21
    outer loop
      vertex 35.90433982822017 6.194397549578216 2.4
      vertex 36.05185785648691 6.065027710921184 2.4
      vertex 36.05185785648691 6.065027710921184 21.941687566542733
    endloop
  endfacet
  facet normal -0.5555702330196085 -0.831469612302541 3.537709752136943e-19
    outer loop
      vertex 36.05185785648691 6.065027710921184 2.4
      vertex 36.21499999999999 5.956019615681379 2.4
      vertex 36.21499999999999 5.956019615681379 21.707918951909406
    endloop
  endfacet
  facet normal -0.4422886902189983 -0.8968727415326898 1.1346160420376235e-19
    outer loop
      vertex 36.21499999999999 5.956019615681379 2.4
      vertex 36.390974851452356 5.869238422591107 2.4
      vertex 36.390974851452356 5.869238422591107 21.52181608275724
    endloop
  endfacet
  facet normal -0.7518398074789877 -0.6593458151000572 0
    outer loop
      vertex 35.77496998956314 6.341915577844956 2.4
      vertex 35.90433982822017 6.194397549578216 2.4
      vertex 35.77496998956314 6.341915577844956 22.535475513365903
    endloop
  endfacet
  facet normal -0.8314696123025384 -0.5555702330196126 0
    outer loop
      vertex 35.66596189432333 6.505057721358037 2.4
      vertex 35.77496998956314 6.341915577844956 2.4
      vertex 35.66596189432333 6.505057721358037 22.885334969156453
    endloop
  endfacet
  facet normal -0.32143946530316775 -0.9469301294951036 -2.0467569554679991e-19
    outer loop
      vertex 36.390974851452356 5.869238422591107 2.4
      vertex 36.576771432346206 5.806168981924435 2.4
      vertex 36.576771432346206 5.806168981924435 21.38656323077491
    endloop
  endfacet
  facet normal -0.19509032201612367 -0.9807852804032314 5.0962703095663246e-20
    outer loop
      vertex 36.576771432346206 5.806168981924435 2.4
      vertex 36.76921071166991 5.767890429297322 2.4
      vertex 36.76921071166991 5.767890429297322 21.304474609758962
    endloop
  endfacet
  facet normal -0.0654031292301441 -0.9978589232386034 3.3273047601431386e-20
    outer loop
      vertex 36.76921071166991 5.767890429297322 2.4
      vertex 36.96499999999999 5.755057721358037 2.4
      vertex 36.96499999999999 5.755057721358037 21.276954778774282
    endloop
  endfacet
  facet normal 0.0654031292301441 -0.9978589232386034 0
    outer loop
      vertex 36.96499999999999 5.755057721358037 2.4
      vertex 37.160789288330065 5.767890429297322 2.4
      vertex 36.96499999999999 5.755057721358037 21.276954778774282
    endloop
  endfacet
  facet normal 0.19509032201612367 -0.9807852804032314 0
    outer loop
      vertex 37.160789288330065 5.767890429297322 2.4
      vertex 37.35322856765377 5.806168981924435 2.4
      vertex 37.160789288330065 5.767890429297322 21.304474609758962
    endloop
  endfacet
  facet normal 0.32143946530316775 -0.9469301294951036 0
    outer loop
      vertex 37.35322856765377 5.806168981924435 2.4
      vertex 37.53902514854762 5.869238422591107 2.4
      vertex 37.35322856765377 5.806168981924435 21.386563230774897
    endloop
  endfacet
  facet normal 0.4422886902189983 -0.8968727415326898 0
    outer loop
      vertex 37.53902514854762 5.869238422591107 2.4
      vertex 37.71499999999999 5.956019615681379 2.4
      vertex 37.53902514854762 5.869238422591107 21.521816082757233
    endloop
  endfacet
  facet normal 0.5555702330196085 -0.831469612302541 0
    outer loop
      vertex 37.71499999999999 5.956019615681379 2.4
      vertex 37.87814214351307 6.065027710921184 2.4
      vertex 37.71499999999999 5.956019615681379 21.707918951909406
    endloop
  endfacet
  facet normal 0.6593458151000591 -0.751839807478986 0
    outer loop
      vertex 37.87814214351307 6.065027710921184 2.4
      vertex 38.02566017177981 6.194397549578216 2.4
      vertex 37.87814214351307 6.065027710921184 21.941687566542747
    endloop
  endfacet
  facet normal 0.7518398074789876 -0.6593458151000572 0
    outer loop
      vertex 38.02566017177981 6.194397549578216 2.4
      vertex 38.15503001043684 6.341915577844956 2.4
      vertex 38.02566017177981 6.194397549578216 22.219122080847946
    endloop
  endfacet
  facet normal 0.8314696123025384 -0.5555702330196126 0
    outer loop
      vertex 38.15503001043684 6.341915577844956 2.4
      vertex 38.26403810567665 6.505057721358037 2.4
      vertex 38.15503001043684 6.341915577844956 22.535475513365903
    endloop
  endfacet
  facet normal 0.8968727415326836 -0.442288690219011 0
    outer loop
      vertex 38.26403810567665 6.505057721358037 2.4
      vertex 38.35081929876692 6.681032572810403 2.4
      vertex 38.26403810567665 6.505057721358037 22.885334969156453
    endloop
  endfacet
  facet normal 0.9469301294951146 -0.3214394653031352 0
    outer loop
      vertex 38.35081929876692 6.681032572810403 2.4
      vertex 38.41388873943359 6.866829153704256 2.4
      vertex 38.35081929876692 6.681032572810403 23.262714255931684
    endloop
  endfacet
  facet normal 0.9807852804032247 -0.1950903220161576 0
    outer loop
      vertex 38.41388873943359 6.866829153704256 2.4
      vertex 38.45216729206071 7.05926843302796 2.4
      vertex 38.41388873943359 6.866829153704256 23.661156309465582
    endloop
  endfacet
  facet normal 0.9978589232386041 -0.06540312923012997 0
    outer loop
      vertex 38.45216729206071 7.05926843302796 2.4
      vertex 38.46499999999999 7.255057721358037 2.4
      vertex 38.45216729206071 7.05926843302796 24.07384367575314
    endloop
  endfacet
  facet normal 0.9978589232386044 0.06540312923012999 0
    outer loop
      vertex 38.46499999999999 7.255057721358037 2.4
      vertex 38.45216729206071 7.450847009688115 2.4
      vertex 38.46499999999999 7.255057721358037 24.49371515953863
    endloop
  endfacet
  facet normal 0.9807852804032247 0.19509032201615759 0
    outer loop
      vertex 38.45216729206071 7.450847009688115 2.4
      vertex 38.41388873943359 7.643286289011819 2.4
      vertex 38.45216729206071 7.450847009688115 24.913586643324116
    endloop
  endfacet
  facet normal 0.9469301294951146 0.3214394653031352 0
    outer loop
      vertex 38.41388873943359 7.643286289011819 2.4
      vertex 38.35081929876692 7.829082869905672 2.4
      vertex 38.41388873943359 7.643286289011819 25.32627400961168
    endloop
  endfacet
  facet normal 0.8968727415326836 0.442288690219011 1.440363450935367e-19
    outer loop
      vertex 38.26403810567665 8.005057721358037 2.4
      vertex 38.35081929876692 7.829082869905672 25.72471606314555
      vertex 38.35081929876692 7.829082869905672 2.4
    endloop
  endfacet
  facet normal 0.8314696123025384 0.5555702330196126 0
    outer loop
      vertex 38.26403810567665 8.005057721358037 2.4
      vertex 38.15503001043684 8.168199864871118 2.4
      vertex 38.26403810567665 8.005057721358037 26.102095349920795
    endloop
  endfacet
  facet normal -0.8314696123025382 0.5555702330196125 2.172815066786739e-19
    outer loop
      vertex 35.66596189432333 8.005057721358037 2.4
      vertex 35.77496998956314 8.168199864871118 26.451954805711374
      vertex 35.77496998956314 8.168199864871118 2.4
    endloop
  endfacet
  facet normal -0.7518398074789877 0.6593458151000572 -2.1991051799870415e-19
    outer loop
      vertex 35.77496998956314 8.168199864871118 2.4
      vertex 35.90433982822017 8.315717893137858 26.76830823822931
      vertex 35.90433982822017 8.315717893137858 2.4
    endloop
  endfacet
  facet normal -0.659345815100059 0.7518398074789859 0
    outer loop
      vertex 35.90433982822017 8.315717893137858 2.4
      vertex 35.90433982822017 8.315717893137858 26.76830823822931
      vertex 36.05185785648691 8.44508773179489 2.4
    endloop
  endfacet
  facet normal -0.5555702330196085 0.831469612302541 0
    outer loop
      vertex 36.05185785648691 8.44508773179489 2.4
      vertex 36.05185785648691 8.44508773179489 27.045742752534515
      vertex 36.21499999999999 8.554095827034695 2.4
    endloop
  endfacet
  facet normal -0.4422886902190019 0.8968727415326879 0
    outer loop
      vertex 36.21499999999999 8.554095827034695 2.4
      vertex 36.21499999999999 8.554095827034695 27.279511367167842
      vertex 36.390974851452356 8.640877020124968 2.4
    endloop
  endfacet
  facet normal -0.32143946530316375 0.9469301294951049 0
    outer loop
      vertex 36.390974851452356 8.640877020124968 2.4
      vertex 36.390974851452356 8.640877020124968 27.46561423632002
      vertex 36.576771432346206 8.70394646079164 2.4
    endloop
  endfacet
  facet normal -0.195090322016128 0.9807852804032304 0
    outer loop
      vertex 36.576771432346206 8.70394646079164 2.4
      vertex 36.576771432346206 8.70394646079164 27.600867088302365
      vertex 36.76921071166991 8.742225013418754 2.4
    endloop
  endfacet
  facet normal -0.06540312923013959 0.9978589232386038 0
    outer loop
      vertex 36.76921071166991 8.742225013418754 2.4
      vertex 36.76921071166991 8.742225013418754 27.682955709318293
      vertex 36.96499999999999 8.755057721358037 2.4
    endloop
  endfacet
  facet normal 0.06540312923013959 0.9978589232386038 2.27848742897088e-20
    outer loop
      vertex 36.96499999999999 8.755057721358037 2.4
      vertex 37.160789288330065 8.742225013418754 27.6829557093183
      vertex 37.160789288330065 8.742225013418754 2.4
    endloop
  endfacet
  facet normal 0.32143946530316375 0.9469301294951049 0
    outer loop
      vertex 37.53902514854762 8.640877020124968 2.4
      vertex 37.35322856765377 8.70394646079164 2.4
      vertex 37.53902514854762 8.640877020124968 27.465614236320008
    endloop
  endfacet
  facet normal 0.195090322016128 0.9807852804032304 2.8086950583385095e-20
    outer loop
      vertex 37.160789288330065 8.742225013418754 2.4
      vertex 37.35322856765377 8.70394646079164 27.600867088302365
      vertex 37.35322856765377 8.70394646079164 2.4
    endloop
  endfacet
  facet normal 0.4422886902190019 0.8968727415326879 5.197926901858132e-20
    outer loop
      vertex 37.53902514854762 8.640877020124968 2.4
      vertex 37.71499999999999 8.554095827034695 27.279511367167842
      vertex 37.71499999999999 8.554095827034695 2.4
    endloop
  endfacet
  facet normal 0.5555702330196084 0.831469612302541 2.771505564084293e-19
    outer loop
      vertex 37.71499999999999 8.554095827034695 2.4
      vertex 37.87814214351307 8.44508773179489 27.045742752534537
      vertex 37.87814214351307 8.44508773179489 2.4
    endloop
  endfacet
  facet normal 0.7518398074789877 0.6593458151000572 2.2280298340443357e-19
    outer loop
      vertex 38.02566017177981 8.315717893137858 2.4
      vertex 38.15503001043684 8.168199864871118 26.451954805711374
      vertex 38.15503001043684 8.168199864871118 2.4
    endloop
  endfacet
  facet normal 0.659345815100059 0.7518398074789859 2.3931307875891857e-21
    outer loop
      vertex 37.87814214351307 8.44508773179489 2.4
      vertex 38.02566017177981 8.315717893137858 26.76830823822931
      vertex 38.02566017177981 8.315717893137858 2.4
    endloop
  endfacet
  facet normal -0.8968727415326836 -0.442288690219011 0
    outer loop
      vertex 35.66596189432333 6.505057721358037 2.4
      vertex 35.66596189432333 6.505057721358037 22.885334969156453
      vertex 35.57918070123306 6.681032572810403 23.262714255931705
    endloop
  endfacet
  facet normal -0.9469301294951147 -0.3214394653031353 0
    outer loop
      vertex 35.57918070123306 6.681032572810403 2.4
      vertex 35.57918070123306 6.681032572810403 23.262714255931705
      vertex 35.51611126056639 6.866829153704256 23.66115630946559
    endloop
  endfacet
  facet normal -0.9807852804032247 -0.19509032201615759 0
    outer loop
      vertex 35.51611126056639 6.866829153704256 2.4
      vertex 35.51611126056639 6.866829153704256 23.66115630946559
      vertex 35.47783270793927 7.05926843302796 24.07384367575314
    endloop
  endfacet
  facet normal -0.9978589232386041 -0.06540312923012997 0
    outer loop
      vertex 35.47783270793927 7.05926843302796 2.4
      vertex 35.47783270793927 7.05926843302796 24.07384367575314
      vertex 35.46499999999999 7.255057721358037 24.493715159538617
    endloop
  endfacet
  facet normal -0.9978589232386044 0.06540312923012999 0
    outer loop
      vertex 35.46499999999999 7.255057721358037 2.4
      vertex 35.46499999999999 7.255057721358037 24.493715159538617
      vertex 35.47783270793927 7.450847009688115 24.913586643324123
    endloop
  endfacet
  facet normal -0.9807852804032247 0.1950903220161576 0
    outer loop
      vertex 35.47783270793927 7.450847009688115 2.4
      vertex 35.47783270793927 7.450847009688115 24.913586643324123
      vertex 35.51611126056639 7.643286289011819 25.32627400961168
    endloop
  endfacet
  facet normal -0.9469301294951146 0.3214394653031352 0
    outer loop
      vertex 35.51611126056639 7.643286289011819 2.4
      vertex 35.51611126056639 7.643286289011819 25.32627400961168
      vertex 35.57918070123306 7.829082869905672 25.724716063145564
    endloop
  endfacet
  facet normal -0.8968727415326834 0.44228869021901107 0
    outer loop
      vertex 35.57918070123306 7.829082869905672 2.4
      vertex 35.57918070123306 7.829082869905672 25.724716063145564
      vertex 35.66596189432333 8.005057721358037 26.102095349920795
    endloop
  endfacet
  facet normal -0.6593458151000591 -0.7518398074789859 0
    outer loop
      vertex 35.90433982822017 6.194397549578216 2.4
      vertex 36.05185785648691 6.065027710921184 21.941687566542733
      vertex 35.90433982822017 6.194397549578216 22.219122080847946
    endloop
  endfacet
  facet normal -0.44228869021899836 -0.8968727415326897 0
    outer loop
      vertex 36.21499999999999 5.956019615681379 2.4
      vertex 36.390974851452356 5.869238422591107 21.52181608275724
      vertex 36.21499999999999 5.956019615681379 21.707918951909406
    endloop
  endfacet
  facet normal -0.5555702330196084 -0.831469612302541 0
    outer loop
      vertex 36.05185785648691 6.065027710921184 2.4
      vertex 36.21499999999999 5.956019615681379 21.707918951909406
      vertex 36.05185785648691 6.065027710921184 21.941687566542733
    endloop
  endfacet
  facet normal -0.32143946530316775 -0.9469301294951036 0
    outer loop
      vertex 36.390974851452356 5.869238422591107 2.4
      vertex 36.576771432346206 5.806168981924435 21.38656323077491
      vertex 36.390974851452356 5.869238422591107 21.52181608275724
    endloop
  endfacet
  facet normal -0.19509032201612367 -0.9807852804032314 0
    outer loop
      vertex 36.576771432346206 5.806168981924435 2.4
      vertex 36.76921071166991 5.767890429297322 21.304474609758962
      vertex 36.576771432346206 5.806168981924435 21.38656323077491
    endloop
  endfacet
  facet normal -0.06540312923014409 -0.9978589232386034 0
    outer loop
      vertex 36.76921071166991 5.767890429297322 2.4
      vertex 36.96499999999999 5.755057721358037 21.276954778774282
      vertex 36.76921071166991 5.767890429297322 21.304474609758962
    endloop
  endfacet
  facet normal 0.06540312923014409 -0.9978589232386034 0
    outer loop
      vertex 37.160789288330065 5.767890429297322 2.4
      vertex 37.160789288330065 5.767890429297322 21.304474609758962
      vertex 36.96499999999999 5.755057721358037 21.276954778774282
    endloop
  endfacet
  facet normal 0.19509032201612367 -0.9807852804032314 0
    outer loop
      vertex 37.35322856765377 5.806168981924435 2.4
      vertex 37.35322856765377 5.806168981924435 21.386563230774897
      vertex 37.160789288330065 5.767890429297322 21.304474609758962
    endloop
  endfacet
  facet normal 0.32143946530316775 -0.9469301294951036 0
    outer loop
      vertex 37.53902514854762 5.869238422591107 2.4
      vertex 37.53902514854762 5.869238422591107 21.521816082757233
      vertex 37.35322856765377 5.806168981924435 21.386563230774897
    endloop
  endfacet
  facet normal 0.44228869021899836 -0.8968727415326897 0
    outer loop
      vertex 37.71499999999999 5.956019615681379 2.4
      vertex 37.71499999999999 5.956019615681379 21.707918951909406
      vertex 37.53902514854762 5.869238422591107 21.521816082757233
    endloop
  endfacet
  facet normal 0.5555702330196085 -0.831469612302541 0
    outer loop
      vertex 37.87814214351307 6.065027710921184 2.4
      vertex 37.87814214351307 6.065027710921184 21.941687566542747
      vertex 37.71499999999999 5.956019615681379 21.707918951909406
    endloop
  endfacet
  facet normal 0.6593458151000591 -0.7518398074789859 0
    outer loop
      vertex 38.02566017177981 6.194397549578216 2.4
      vertex 38.02566017177981 6.194397549578216 22.219122080847946
      vertex 37.87814214351307 6.065027710921184 21.941687566542747
    endloop
  endfacet
  facet normal -0.7518398074789876 -0.6593458151000572 0
    outer loop
      vertex 35.90433982822017 6.194397549578216 2.4
      vertex 35.90433982822017 6.194397549578216 22.219122080847946
      vertex 35.77496998956314 6.341915577844956 22.535475513365903
    endloop
  endfacet
  facet normal -0.8314696123025384 -0.5555702330196126 0
    outer loop
      vertex 35.77496998956314 6.341915577844956 2.4
      vertex 35.77496998956314 6.341915577844956 22.535475513365903
      vertex 35.66596189432333 6.505057721358037 22.885334969156453
    endloop
  endfacet
  facet normal 0.7518398074789877 -0.6593458151000572 0
    outer loop
      vertex 38.15503001043684 6.341915577844956 2.4
      vertex 38.15503001043684 6.341915577844956 22.535475513365903
      vertex 38.02566017177981 6.194397549578216 22.219122080847946
    endloop
  endfacet
  facet normal 0.8314696123025384 -0.5555702330196126 0
    outer loop
      vertex 38.26403810567665 6.505057721358037 2.4
      vertex 38.26403810567665 6.505057721358037 22.885334969156453
      vertex 38.15503001043684 6.341915577844956 22.535475513365903
    endloop
  endfacet
  facet normal 0.8968727415326836 -0.44228869021901107 0
    outer loop
      vertex 38.35081929876692 6.681032572810403 2.4
      vertex 38.35081929876692 6.681032572810403 23.262714255931684
      vertex 38.26403810567665 6.505057721358037 22.885334969156453
    endloop
  endfacet
  facet normal 0.9469301294951147 -0.3214394653031353 0
    outer loop
      vertex 38.41388873943359 6.866829153704256 2.4
      vertex 38.41388873943359 6.866829153704256 23.661156309465582
      vertex 38.35081929876692 6.681032572810403 23.262714255931684
    endloop
  endfacet
  facet normal 0.9807852804032247 -0.1950903220161576 0
    outer loop
      vertex 38.45216729206071 7.05926843302796 2.4
      vertex 38.45216729206071 7.05926843302796 24.07384367575314
      vertex 38.41388873943359 6.866829153704256 23.661156309465582
    endloop
  endfacet
  facet normal 0.9978589232386044 -0.06540312923012999 0
    outer loop
      vertex 38.46499999999999 7.255057721358037 2.4
      vertex 38.46499999999999 7.255057721358037 24.49371515953863
      vertex 38.45216729206071 7.05926843302796 24.07384367575314
    endloop
  endfacet
  facet normal 0.9978589232386044 0.06540312923012999 0
    outer loop
      vertex 38.45216729206071 7.450847009688115 2.4
      vertex 38.45216729206071 7.450847009688115 24.913586643324116
      vertex 38.46499999999999 7.255057721358037 24.49371515953863
    endloop
  endfacet
  facet normal -0.8314696123025384 0.5555702330196126 0
    outer loop
      vertex 35.66596189432333 8.005057721358037 2.4
      vertex 35.66596189432333 8.005057721358037 26.102095349920795
      vertex 35.77496998956314 8.168199864871118 26.451954805711374
    endloop
  endfacet
  facet normal -0.7518398074789877 0.6593458151000572 0
    outer loop
      vertex 35.77496998956314 8.168199864871118 2.4
      vertex 35.77496998956314 8.168199864871118 26.451954805711374
      vertex 35.90433982822017 8.315717893137858 26.76830823822931
    endloop
  endfacet
  facet normal -0.6593458151000591 0.751839807478986 0
    outer loop
      vertex 36.05185785648691 8.44508773179489 2.4
      vertex 35.90433982822017 8.315717893137858 26.76830823822931
      vertex 36.05185785648691 8.44508773179489 27.045742752534515
    endloop
  endfacet
  facet normal -0.5555702330196084 0.831469612302541 0
    outer loop
      vertex 36.21499999999999 8.554095827034695 2.4
      vertex 36.05185785648691 8.44508773179489 27.045742752534515
      vertex 36.21499999999999 8.554095827034695 27.279511367167842
    endloop
  endfacet
  facet normal -0.4422886902190019 0.8968727415326879 0
    outer loop
      vertex 36.390974851452356 8.640877020124968 2.4
      vertex 36.21499999999999 8.554095827034695 27.279511367167842
      vertex 36.390974851452356 8.640877020124968 27.46561423632002
    endloop
  endfacet
  facet normal 0.9807852804032245 0.19509032201615759 0
    outer loop
      vertex 38.41388873943359 7.643286289011819 2.4
      vertex 38.41388873943359 7.643286289011819 25.32627400961168
      vertex 38.45216729206071 7.450847009688115 24.913586643324116
    endloop
  endfacet
  facet normal 0.8968727415326834 0.442288690219011 0
    outer loop
      vertex 38.26403810567665 8.005057721358037 2.4
      vertex 38.26403810567665 8.005057721358037 26.102095349920795
      vertex 38.35081929876692 7.829082869905672 25.72471606314555
    endloop
  endfacet
  facet normal 0.9469301294951145 0.32143946530313516 0
    outer loop
      vertex 38.35081929876692 7.829082869905672 2.4
      vertex 38.35081929876692 7.829082869905672 25.72471606314555
      vertex 38.41388873943359 7.643286289011819 25.32627400961168
    endloop
  endfacet
  facet normal 0.659345815100059 0.7518398074789859 0
    outer loop
      vertex 37.87814214351307 8.44508773179489 2.4
      vertex 37.87814214351307 8.44508773179489 27.045742752534537
      vertex 38.02566017177981 8.315717893137858 26.76830823822931
    endloop
  endfacet
  facet normal 0.44228869021900197 0.896872741532688 0
    outer loop
      vertex 37.53902514854762 8.640877020124968 2.4
      vertex 37.53902514854762 8.640877020124968 27.465614236320008
      vertex 37.71499999999999 8.554095827034695 27.279511367167842
    endloop
  endfacet
  facet normal 0.5555702330196084 0.831469612302541 0
    outer loop
      vertex 37.71499999999999 8.554095827034695 2.4
      vertex 37.71499999999999 8.554095827034695 27.279511367167842
      vertex 37.87814214351307 8.44508773179489 27.045742752534537
    endloop
  endfacet
  facet normal 0.8314696123025382 0.5555702330196125 0
    outer loop
      vertex 38.15503001043684 8.168199864871118 2.4
      vertex 38.15503001043684 8.168199864871118 26.451954805711374
      vertex 38.26403810567665 8.005057721358037 26.102095349920795
    endloop
  endfacet
  facet normal 0.7518398074789877 0.6593458151000572 0
    outer loop
      vertex 38.02566017177981 8.315717893137858 2.4
      vertex 38.02566017177981 8.315717893137858 26.76830823822931
      vertex 38.15503001043684 8.168199864871118 26.451954805711374
    endloop
  endfacet
  facet normal -0.3214394653031637 0.9469301294951049 0
    outer loop
      vertex 36.576771432346206 8.70394646079164 2.4
      vertex 36.390974851452356 8.640877020124968 27.46561423632002
      vertex 36.576771432346206 8.70394646079164 27.600867088302365
    endloop
  endfacet
  facet normal -0.195090322016128 0.9807852804032304 0
    outer loop
      vertex 36.76921071166991 8.742225013418754 2.4
      vertex 36.576771432346206 8.70394646079164 27.600867088302365
      vertex 36.76921071166991 8.742225013418754 27.682955709318293
    endloop
  endfacet
  facet normal -0.06540312923013958 0.9978589232386037 0
    outer loop
      vertex 36.96499999999999 8.755057721358037 2.4
      vertex 36.76921071166991 8.742225013418754 27.682955709318293
      vertex 36.96499999999999 8.755057721358037 27.71047554030295
    endloop
  endfacet
  facet normal 0.06540312923013958 0.9978589232386037 0
    outer loop
      vertex 36.96499999999999 8.755057721358037 2.4
      vertex 36.96499999999999 8.755057721358037 27.71047554030295
      vertex 37.160789288330065 8.742225013418754 27.6829557093183
    endloop
  endfacet
  facet normal 0.3214394653031637 0.9469301294951049 0
    outer loop
      vertex 37.35322856765377 8.70394646079164 2.4
      vertex 37.35322856765377 8.70394646079164 27.600867088302365
      vertex 37.53902514854762 8.640877020124968 27.465614236320008
    endloop
  endfacet
  facet normal 0.195090322016128 0.9807852804032304 0
    outer loop
      vertex 37.160789288330065 8.742225013418754 2.4
      vertex 37.160789288330065 8.742225013418754 27.6829557093183
      vertex 37.35322856765377 8.70394646079164 27.600867088302365
    endloop
  endfacet
  facet normal 7.72798650198764e-15 -0.9063077870366258 0.42261826174075107
    outer loop
      vertex 36.390974851452356 5.869238422591107 21.52181608275724
      vertex 36.576771432346206 5.806168981924435 21.38656323077491
      vertex 37.35322856765377 5.806168981924435 21.386563230774897
    endloop
  endfacet
  facet normal 2.615637456296017e-15 -0.9063077870366497 0.42261826174070005
    outer loop
      vertex 36.390974851452356 5.869238422591107 21.52181608275724
      vertex 37.53902514854762 5.869238422591107 21.521816082757233
      vertex 36.21499999999999 5.956019615681379 21.707918951909406
    endloop
  endfacet
  facet normal 0 -0.9063077870366882 0.4226182617406175
    outer loop
      vertex 36.76921071166991 5.767890429297322 21.304474609758962
      vertex 36.96499999999999 5.755057721358037 21.276954778774282
      vertex 37.160789288330065 5.767890429297322 21.304474609758962
    endloop
  endfacet
  facet normal 5.279959750404347e-18 -0.9063077870366804 0.4226182617406341
    outer loop
      vertex 36.576771432346206 5.806168981924435 21.38656323077491
      vertex 36.76921071166991 5.767890429297322 21.304474609758962
      vertex 37.160789288330065 5.767890429297322 21.304474609758962
    endloop
  endfacet
  facet normal 7.734833572247398e-15 -0.9063077870366594 0.42261826174067935
    outer loop
      vertex 36.576771432346206 5.806168981924435 21.38656323077491
      vertex 37.160789288330065 5.767890429297322 21.304474609758962
      vertex 37.35322856765377 5.806168981924435 21.386563230774897
    endloop
  endfacet
  facet normal 2.615637456296148e-15 -0.9063077870366398 0.4226182617407212
    outer loop
      vertex 36.390974851452356 5.869238422591107 21.52181608275724
      vertex 37.35322856765377 5.806168981924435 21.386563230774897
      vertex 37.53902514854762 5.869238422591107 21.521816082757233
    endloop
  endfacet
  facet normal 0 -0.9063077870366568 0.4226182617406848
    outer loop
      vertex 36.21499999999999 5.956019615681379 21.707918951909406
      vertex 37.53902514854762 5.869238422591107 21.521816082757233
      vertex 37.71499999999999 5.956019615681379 21.707918951909406
    endloop
  endfacet
  facet normal 1.8292833957835387e-18 -0.9063077870366504 0.42261826174069855
    outer loop
      vertex 36.05185785648691 6.065027710921184 21.941687566542733
      vertex 36.21499999999999 5.956019615681379 21.707918951909406
      vertex 37.71499999999999 5.956019615681379 21.707918951909406
    endloop
  endfacet
  facet normal -3.2885168865838365e-15 -0.9063077870366518 0.4226182617406952
    outer loop
      vertex 36.05185785648691 6.065027710921184 21.941687566542733
      vertex 37.87814214351307 6.065027710921184 21.941687566542747
      vertex 35.90433982822017 6.194397549578216 22.219122080847946
    endloop
  endfacet
  facet normal 0 -0.9063077870366544 0.4226182617406901
    outer loop
      vertex 35.90433982822017 6.194397549578216 22.219122080847946
      vertex 38.02566017177981 6.194397549578216 22.219122080847946
      vertex 35.77496998956314 6.341915577844956 22.535475513365903
    endloop
  endfacet
  facet normal -3.2885168865837122e-15 -0.9063077870366593 0.4226182617406793
    outer loop
      vertex 36.05185785648691 6.065027710921184 21.941687566542733
      vertex 37.71499999999999 5.956019615681379 21.707918951909406
      vertex 37.87814214351307 6.065027710921184 21.941687566542747
    endloop
  endfacet
  facet normal 0 -0.9063077870366429 0.42261826174071454
    outer loop
      vertex 35.90433982822017 6.194397549578216 22.219122080847946
      vertex 37.87814214351307 6.065027710921184 21.941687566542747
      vertex 38.02566017177981 6.194397549578216 22.219122080847946
    endloop
  endfacet
  facet normal 1.5115187088552372e-18 -0.9063077870366544 0.42261826174069006
    outer loop
      vertex 38.02566017177981 6.194397549578216 22.219122080847946
      vertex 38.15503001043684 6.341915577844956 22.535475513365903
      vertex 35.77496998956314 6.341915577844956 22.535475513365903
    endloop
  endfacet
  facet normal 2.4619646019902704e-18 -0.9063077870366429 0.42261826174071476
    outer loop
      vertex 35.66596189432333 6.505057721358037 22.885334969156453
      vertex 35.77496998956314 6.341915577844956 22.535475513365903
      vertex 38.15503001043684 6.341915577844956 22.535475513365903
    endloop
  endfacet
  facet normal 0 -0.9063077870366553 0.42261826174068806
    outer loop
      vertex 35.66596189432333 6.505057721358037 22.885334969156453
      vertex 38.26403810567665 6.505057721358037 22.885334969156453
      vertex 35.57918070123306 6.681032572810403 23.262714255931705
    endloop
  endfacet
  facet normal 3.25029752594659e-15 -0.9063077870366509 0.42261826174069755
    outer loop
      vertex 35.57918070123306 6.681032572810403 23.262714255931705
      vertex 38.35081929876692 6.681032572810403 23.262714255931684
      vertex 35.51611126056639 6.866829153704256 23.66115630946559
    endloop
  endfacet
  facet normal 1.0362712046364824e-15 -0.9063077870366477 0.42261826174070416
    outer loop
      vertex 35.51611126056639 6.866829153704256 23.66115630946559
      vertex 38.41388873943359 6.866829153704256 23.661156309465582
      vertex 35.47783270793927 7.05926843302796 24.07384367575314
    endloop
  endfacet
  facet normal 0 -0.9063077870366443 0.42261826174071165
    outer loop
      vertex 35.47783270793927 7.05926843302796 24.07384367575314
      vertex 38.45216729206071 7.05926843302796 24.07384367575314
      vertex 35.46499999999999 7.255057721358037 24.493715159538617
    endloop
  endfacet
  facet normal 0 -0.9063077870366428 0.42261826174071476
    outer loop
      vertex 35.66596189432333 6.505057721358037 22.885334969156453
      vertex 38.15503001043684 6.341915577844956 22.535475513365903
      vertex 38.26403810567665 6.505057721358037 22.885334969156453
    endloop
  endfacet
  facet normal 3.250297525946663e-15 -0.9063077870366464 0.42261826174070705
    outer loop
      vertex 35.57918070123306 6.681032572810403 23.262714255931705
      vertex 38.26403810567665 6.505057721358037 22.885334969156453
      vertex 38.35081929876692 6.681032572810403 23.262714255931684
    endloop
  endfacet
  facet normal 1.0362712046364345e-15 -0.9063077870366569 0.42261826174068456
    outer loop
      vertex 35.51611126056639 6.866829153704256 23.66115630946559
      vertex 38.35081929876692 6.681032572810403 23.262714255931684
      vertex 38.41388873943359 6.866829153704256 23.661156309465582
    endloop
  endfacet
  facet normal 0 -0.9063077870366506 0.42261826174069816
    outer loop
      vertex 35.47783270793927 7.05926843302796 24.07384367575314
      vertex 38.41388873943359 6.866829153704256 23.661156309465582
      vertex 38.45216729206071 7.05926843302796 24.07384367575314
    endloop
  endfacet
  facet normal -2.0019222391960446e-15 -0.9063077870366553 0.42261826174068823
    outer loop
      vertex 35.46499999999999 7.255057721358037 24.493715159538617
      vertex 38.46499999999999 7.255057721358037 24.49371515953863
      vertex 35.47783270793927 7.450847009688115 24.913586643324123
    endloop
  endfacet
  facet normal 1.009598373641321e-15 -0.9063077870366506 0.42261826174069805
    outer loop
      vertex 35.47783270793927 7.450847009688115 24.913586643324123
      vertex 38.45216729206071 7.450847009688115 24.913586643324116
      vertex 35.51611126056639 7.643286289011819 25.32627400961168
    endloop
  endfacet
  facet normal 0 -0.9063077870366509 0.4226182617406971
    outer loop
      vertex 35.51611126056639 7.643286289011819 25.32627400961168
      vertex 38.41388873943359 7.643286289011819 25.32627400961168
      vertex 35.57918070123306 7.829082869905672 25.724716063145564
    endloop
  endfacet
  facet normal 2.1668650172977764e-15 -0.9063077870366463 0.42261826174070727
    outer loop
      vertex 35.57918070123306 7.829082869905672 25.724716063145564
      vertex 38.35081929876692 7.829082869905672 25.72471606314555
      vertex 35.66596189432333 8.005057721358037 26.102095349920795
    endloop
  endfacet
  facet normal -2.0019222391961002e-15 -0.9063077870366498 0.42261826174069994
    outer loop
      vertex 35.46499999999999 7.255057721358037 24.493715159538617
      vertex 38.45216729206071 7.05926843302796 24.07384367575314
      vertex 38.46499999999999 7.255057721358037 24.49371515953863
    endloop
  endfacet
  facet normal 1.0095983736413393e-15 -0.906307787036647 0.42261826174070577
    outer loop
      vertex 35.47783270793927 7.450847009688115 24.913586643324123
      vertex 38.46499999999999 7.255057721358037 24.49371515953863
      vertex 38.45216729206071 7.450847009688115 24.913586643324116
    endloop
  endfacet
  facet normal 0 -0.9063077870366535 0.4226182617406922
    outer loop
      vertex 35.51611126056639 7.643286289011819 25.32627400961168
      vertex 38.45216729206071 7.450847009688115 24.913586643324116
      vertex 38.41388873943359 7.643286289011819 25.32627400961168
    endloop
  endfacet
  facet normal 2.16686501729779e-15 -0.9063077870366453 0.4226182617407099
    outer loop
      vertex 35.57918070123306 7.829082869905672 25.724716063145564
      vertex 38.41388873943359 7.643286289011819 25.32627400961168
      vertex 38.35081929876692 7.829082869905672 25.72471606314555
    endloop
  endfacet
  facet normal 0 -0.9063077870366523 0.4226182617406946
    outer loop
      vertex 35.66596189432333 8.005057721358037 26.102095349920795
      vertex 38.35081929876692 7.829082869905672 25.72471606314555
      vertex 38.26403810567665 8.005057721358037 26.102095349920795
    endloop
  endfacet
  facet normal -3.3517157876691895e-18 -0.9063077870366559 0.42261826174068656
    outer loop
      vertex 35.66596189432333 8.005057721358037 26.102095349920795
      vertex 38.15503001043684 8.168199864871118 26.451954805711374
      vertex 35.77496998956314 8.168199864871118 26.451954805711374
    endloop
  endfacet
  facet normal 0 -0.9063077870366435 0.4226182617407135
    outer loop
      vertex 35.77496998956314 8.168199864871118 26.451954805711374
      vertex 38.15503001043684 8.168199864871118 26.451954805711374
      vertex 35.90433982822017 8.315717893137858 26.76830823822931
    endloop
  endfacet
  facet normal -1.2544847996010754e-15 -0.9063077870366469 0.42261826174070627
    outer loop
      vertex 35.90433982822017 8.315717893137858 26.76830823822931
      vertex 38.15503001043684 8.168199864871118 26.451954805711374
      vertex 36.05185785648691 8.44508773179489 27.045742752534515
    endloop
  endfacet
  facet normal -1.0995516021434798e-15 -0.90630778703665 0.4226182617406991
    outer loop
      vertex 36.05185785648691 8.44508773179489 27.045742752534515
      vertex 38.02566017177981 8.315717893137858 26.76830823822931
      vertex 36.21499999999999 8.554095827034695 27.279511367167842
    endloop
  endfacet
  facet normal -8.32380430716832e-15 -0.9063077870366584 0.42261826174068146
    outer loop
      vertex 36.21499999999999 8.554095827034695 27.279511367167842
      vertex 37.87814214351307 8.44508773179489 27.045742752534537
      vertex 36.390974851452356 8.640877020124968 27.46561423632002
    endloop
  endfacet
  facet normal -1.1758348575893077e-15 -0.9063077870366487 0.4226182617407024
    outer loop
      vertex 36.390974851452356 8.640877020124968 27.46561423632002
      vertex 37.87814214351307 8.44508773179489 27.045742752534537
      vertex 36.576771432346206 8.70394646079164 27.600867088302365
    endloop
  endfacet
  facet normal 9.58962784366346e-15 -0.9063077870366432 0.4226182617407139
    outer loop
      vertex 36.576771432346206 8.70394646079164 27.600867088302365
      vertex 37.71499999999999 8.554095827034695 27.279511367167842
      vertex 36.76921071166991 8.742225013418754 27.682955709318293
    endloop
  endfacet
  facet normal 2.148161816273893e-14 -0.9063077870366325 0.4226182617407368
    outer loop
      vertex 36.76921071166991 8.742225013418754 27.682955709318293
      vertex 37.71499999999999 8.554095827034695 27.279511367167842
      vertex 36.96499999999999 8.755057721358037 27.71047554030295
    endloop
  endfacet
  facet normal -6.372893283069754e-14 -0.9063077870367058 0.4226182617405796
    outer loop
      vertex 36.96499999999999 8.755057721358037 27.71047554030295
      vertex 37.35322856765377 8.70394646079164 27.600867088302365
      vertex 37.160789288330065 8.742225013418754 27.6829557093183
    endloop
  endfacet
  facet normal 0 -0.9063077870366559 0.4226182617406865
    outer loop
      vertex 35.66596189432333 8.005057721358037 26.102095349920795
      vertex 38.26403810567665 8.005057721358037 26.102095349920795
      vertex 38.15503001043684 8.168199864871118 26.451954805711374
    endloop
  endfacet
  facet normal 1.4292721545079291e-15 -0.9063077870366432 0.42261826174071393
    outer loop
      vertex 36.05185785648691 8.44508773179489 27.045742752534515
      vertex 38.15503001043684 8.168199864871118 26.451954805711374
      vertex 38.02566017177981 8.315717893137858 26.76830823822931
    endloop
  endfacet
  facet normal -9.473143573858253e-15 -0.9063077870366616 0.4226182617406748
    outer loop
      vertex 36.21499999999999 8.554095827034695 27.279511367167842
      vertex 38.02566017177981 8.315717893137858 26.76830823822931
      vertex 37.87814214351307 8.44508773179489 27.045742752534537
    endloop
  endfacet
  facet normal 1.8908066771714445e-14 -0.9063077870366305 0.4226182617407411
    outer loop
      vertex 36.576771432346206 8.70394646079164 27.600867088302365
      vertex 37.87814214351307 8.44508773179489 27.045742752534537
      vertex 37.71499999999999 8.554095827034695 27.279511367167842
    endloop
  endfacet
  facet normal -6.910391815977946e-15 -0.9063077870366516 0.4226182617406962
    outer loop
      vertex 36.96499999999999 8.755057721358037 27.71047554030295
      vertex 37.71499999999999 8.554095827034695 27.279511367167842
      vertex 37.53902514854762 8.640877020124968 27.465614236320008
    endloop
  endfacet
  facet normal -5.6405869984298495e-14 -0.9063077870366959 0.42261826174060085
    outer loop
      vertex 36.96499999999999 8.755057721358037 27.71047554030295
      vertex 37.53902514854762 8.640877020124968 27.465614236320008
      vertex 37.35322856765377 8.70394646079164 27.600867088302365
    endloop
  endfacet
  facet normal 0 0 -1
    outer loop
      vertex 0 0 0
      vertex 3.181346652052679 3.95 0
      vertex 3.3339579853884063 3.7216009990816863 0
    endloop
  endfacet
  facet normal 0 0 -1
    outer loop
      vertex 0 0 0
      vertex 3.51507575950825 3.51507575950825 0
      vertex 3.7216009990816863 3.3339579853884063 0
    endloop
  endfacet
  facet normal 0 0 -1
    outer loop
      vertex 0 0 0
      vertex 3.3339579853884063 3.7216009990816863 0
      vertex 3.51507575950825 3.51507575950825 0
    endloop
  endfacet
  facet normal 0 0 -1
    outer loop
      vertex 0 0 0
      vertex 3.7216009990816863 3.3339579853884063 0
      vertex 3.95 3.181346652052679 0
    endloop
  endfacet
  facet normal 0 0 -1
    outer loop
      vertex 0 0 0
      vertex 3.95 3.181346652052679 0
      vertex 4.196364792033312 3.059852981726298 0
    endloop
  endfacet
  facet normal 0 0 -1
    outer loop
      vertex 0 0 0
      vertex 4.196364792033312 3.059852981726298 0
      vertex 4.456480005284707 2.9715557647929565 0
    endloop
  endfacet
  facet normal 0 0 -1
    outer loop
      vertex 0 0 0
      vertex 2.9715557647929565 4.456480005284707 0
      vertex 3.059852981726298 4.196364792033312 0
    endloop
  endfacet
  facet normal 0 0 -1
    outer loop
      vertex 0 0 0
      vertex 2.9 5 0
      vertex 2.917965791114998 4.725894996337892 0
    endloop
  endfacet
  facet normal 0 0 -1
    outer loop
      vertex 0 0 0
      vertex 2.917965791114998 4.725894996337892 0
      vertex 2.9715557647929565 4.456480005284707 0
    endloop
  endfacet
  facet normal 0 0 -1
    outer loop
      vertex 0 0 0
      vertex 3.059852981726298 4.196364792033312 0
      vertex 3.181346652052679 3.95 0
    endloop
  endfacet
  facet normal 0 0 1
    outer loop
      vertex 0 0 2.4
      vertex 4.4 3.960769515458674 2.4
      vertex 4.269486285189535 4.047975991650517 2.4
    endloop
  endfacet
  facet normal 0 0 1
    outer loop
      vertex 0 0 2.4
      vertex 3.8913445609864556 4.5407798811618925 2.4
      vertex 3.840889008453118 4.689417145876975 2.4
    endloop
  endfacet
  facet normal 0 0 1
    outer loop
      vertex 0 0 2.4
      vertex 3.840889008453118 4.689417145876975 2.4
      vertex 3.8102661663514277 4.843368569335938 2.4
    endloop
  endfacet
  facet normal 0 0 1
    outer loop
      vertex 0 0 2.4
      vertex 3.8102661663514277 4.843368569335938 2.4
      vertex 3.8 5 2.4
    endloop
  endfacet
  facet normal 0 0 1
    outer loop
      vertex 0 0 2.4
      vertex 3.8 5 2.4
      vertex 3.8102661663514277 5.156631430664062 2.4
    endloop
  endfacet
  facet normal 0 0 1
    outer loop
      vertex 0 0 2.4
      vertex 3.8102661663514277 5.156631430664062 2.4
      vertex 3.840889008453118 5.310582854123025 2.4
    endloop
  endfacet
  facet normal 0 0 1
    outer loop
      vertex 0 0 2.4
      vertex 3.840889008453118 5.310582854123025 2.4
      vertex 3.8913445609864556 5.4592201188381075 2.4
    endloop
  endfacet
  facet normal 0 0 1
    outer loop
      vertex 0 0 2.4
      vertex 3.960769515458674 4.4 2.4
      vertex 3.8913445609864556 4.5407798811618925 2.4
    endloop
  endfacet
  facet normal 0 0 1
    outer loop
      vertex 0 0 2.4
      vertex 4.047975991650517 4.269486285189535 2.4
      vertex 3.960769515458674 4.4 2.4
    endloop
  endfacet
  facet normal 0 0 1
    outer loop
      vertex 0 0 2.4
      vertex 4.151471862576143 4.151471862576143 2.4
      vertex 4.047975991650517 4.269486285189535 2.4
    endloop
  endfacet
  facet normal 0 0 1
    outer loop
      vertex 0 0 2.4
      vertex 4.269486285189535 4.047975991650517 2.4
      vertex 4.151471862576143 4.151471862576143 2.4
    endloop
  endfacet
  facet normal 0 0 1
    outer loop
      vertex 0 0 2.4
      vertex 3.8913445609864556 5.4592201188381075 2.4
      vertex 3.960769515458674 5.6 2.4
    endloop
  endfacet
  facet normal 0 0 1
    outer loop
      vertex 0 0 2.4
      vertex 3.960769515458674 5.6 2.4
      vertex 4.047975991650517 5.730513714810465 2.4
    endloop
  endfacet
  facet normal 0 0 1
    outer loop
      vertex 0 0 2.4
      vertex 4.047975991650517 5.730513714810465 2.4
      vertex 3.3999999999999986 9.1 2.4
    endloop
  endfacet
  facet normal 0 0 -1
    outer loop
      vertex 0 0 0
      vertex 4 22.799999999999997 0
      vertex 2.9 5 0
    endloop
  endfacet
  facet normal 0 0 1
    outer loop
      vertex 0 0 2.4
      vertex 3.3999999999999986 9.1 2.4
      vertex 2.5999999999999988 9.1 2.4
    endloop
  endfacet
  facet normal 0 0 1
    outer loop
      vertex 0 0 2.4
      vertex 2.5999999999999988 9.1 2.4
      vertex 2.5999999999999988 21.1 2.4
    endloop
  endfacet
  facet normal 0 0 -1
    outer loop
      vertex 0 0 0
      vertex 4.456480005284707 2.9715557647929565 0
      vertex 4.725894996337892 2.917965791114998 0
    endloop
  endfacet
  facet normal 0 0 1
    outer loop
      vertex 0 0 2.4
      vertex 4.5407798811618925 3.8913445609864556 2.4
      vertex 4.4 3.960769515458674 2.4
    endloop
  endfacet
  facet normal 0 0 1
    outer loop
      vertex 0 0 2.4
      vertex 4.689417145876975 3.840889008453118 2.4
      vertex 4.5407798811618925 3.8913445609864556 2.4
    endloop
  endfacet
  facet normal 0 0 1
    outer loop
      vertex 0 0 2.4
      vertex 4.843368569335938 3.8102661663514277 2.4
      vertex 4.689417145876975 3.840889008453118 2.4
    endloop
  endfacet
  facet normal 0 0 1
    outer loop
      vertex 0 0 2.4
      vertex 5 3.8 2.4
      vertex 4.843368569335938 3.8102661663514277 2.4
    endloop
  endfacet
  facet normal 0 0 1
    outer loop
      vertex 0 0 2.4
      vertex 5.156631430664062 3.8102661663514277 2.4
      vertex 5 3.8 2.4
    endloop
  endfacet
  facet normal 0 0 1
    outer loop
      vertex 0 0 2.4
      vertex 5.310582854123025 3.840889008453118 2.4
      vertex 5.156631430664062 3.8102661663514277 2.4
    endloop
  endfacet
  facet normal 0 0 1
    outer loop
      vertex 0 0 2.4
      vertex 5.4592201188381075 3.8913445609864556 2.4
      vertex 5.310582854123025 3.840889008453118 2.4
    endloop
  endfacet
  facet normal 0 0 1
    outer loop
      vertex 0 0 2.4
      vertex 5.6 3.960769515458674 2.4
      vertex 5.4592201188381075 3.8913445609864556 2.4
    endloop
  endfacet
  facet normal 0 0 1
    outer loop
      vertex 0 0 2.4
      vertex 5.730513714810465 4.047975991650517 2.4
      vertex 5.6 3.960769515458674 2.4
    endloop
  endfacet
  facet normal 0 0 1
    outer loop
      vertex 0 0 2.4
      vertex 9.335961894323338 6.505057721358037 2.4
      vertex 5.730513714810465 4.047975991650517 2.4
    endloop
  endfacet
  facet normal 0 0 -1
    outer loop
      vertex 2.917965791114998 5.274105003662108 0
      vertex 4.535898384862246 20.799999999999997 0
      vertex 2.9715557647929565 5.543519994715293 0
    endloop
  endfacet
  facet normal 0 0 1
    outer loop
      vertex 3.3999999999999986 9.1 2.4
      vertex 4.047975991650517 5.730513714810465 2.4
      vertex 4.151471862576143 5.848528137423857 2.4
    endloop
  endfacet
  facet normal 0 0 1
    outer loop
      vertex 3.3999999999999986 9.1 2.4
      vertex 4.151471862576143 5.848528137423857 2.4
      vertex 4.269486285189535 5.952024008349483 2.4
    endloop
  endfacet
  facet normal 0 0 1
    outer loop
      vertex 3.3999999999999986 9.1 2.4
      vertex 4.269486285189535 5.952024008349483 2.4
      vertex 4.4 6.039230484541326 2.4
    endloop
  endfacet
  facet normal 0 0 1
    outer loop
      vertex 3.3999999999999986 9.1 2.4
      vertex 4.4 6.039230484541326 2.4
      vertex 4.5407798811618925 6.108655439013544 2.4
    endloop
  endfacet
  facet normal 0 0 1
    outer loop
      vertex 3.3999999999999986 9.1 2.4
      vertex 4.5407798811618925 6.108655439013544 2.4
      vertex 4.689417145876975 6.159110991546882 2.4
    endloop
  endfacet
  facet normal 0 0 1
    outer loop
      vertex 3.3999999999999986 9.1 2.4
      vertex 4.689417145876975 6.159110991546882 2.4
      vertex 4.843368569335938 6.189733833648573 2.4
    endloop
  endfacet
  facet normal 0 0 1
    outer loop
      vertex 3.3999999999999986 9.1 2.4
      vertex 4.843368569335938 6.189733833648573 2.4
      vertex 5 6.2 2.4
    endloop
  endfacet
  facet normal 0 0 1
    outer loop
      vertex 3.3999999999999986 9.1 2.4
      vertex 5 6.2 2.4
      vertex 5.156631430664062 6.189733833648573 2.4
    endloop
  endfacet
  facet normal 0 0 1
    outer loop
      vertex 3.3999999999999986 9.1 2.4
      vertex 5.156631430664062 6.189733833648573 2.4
      vertex 7.399999999999999 9.1 2.4
    endloop
  endfacet
  facet normal 0 0 -1
    outer loop
      vertex 2.9 5 0
      vertex 4 22.799999999999997 0
      vertex 2.917965791114998 5.274105003662108 0
    endloop
  endfacet
  facet normal 0 0 -1
    outer loop
      vertex 2.9715557647929565 5.543519994715293 0
      vertex 4.535898384862246 20.799999999999997 0
      vertex 3.059852981726298 5.803635207966688 0
    endloop
  endfacet
  facet normal 0 0 -1
    outer loop
      vertex 3.059852981726298 5.803635207966688 0
      vertex 4.826586638835059 20.364954283965115 0
      vertex 3.181346652052679 6.05 0
    endloop
  endfacet
  facet normal 0 0 -1
    outer loop
      vertex 3.181346652052679 6.05 0
      vertex 5.17157287525381 19.971572875253806 0
      vertex 3.3339579853884063 6.278399000918314 0
    endloop
  endfacet
  facet normal 0 0 -1
    outer loop
      vertex 3.3339579853884063 6.278399000918314 0
      vertex 5.564954283965117 19.626586638835057 0
      vertex 3.51507575950825 6.48492424049175 0
    endloop
  endfacet
  facet normal 0 0 -1
    outer loop
      vertex 3.7216009990816863 6.666042014611594 0
      vertex 3.51507575950825 6.48492424049175 0
      vertex 6 19.335898384862244 0
    endloop
  endfacet
  facet normal 0 0 -1
    outer loop
      vertex 4.535898384862246 20.799999999999997 0
      vertex 2.917965791114998 5.274105003662108 0
      vertex 4.304481869954853 21.26926627053964 0
    endloop
  endfacet
  facet normal 0 0 -1
    outer loop
      vertex 4.826586638835059 20.364954283965115 0
      vertex 3.059852981726298 5.803635207966688 0
      vertex 4.535898384862246 20.799999999999997 0
    endloop
  endfacet
  facet normal 0 0 -1
    outer loop
      vertex 5.17157287525381 19.971572875253806 0
      vertex 3.181346652052679 6.05 0
      vertex 4.826586638835059 20.364954283965115 0
    endloop
  endfacet
  facet normal 0 0 -1
    outer loop
      vertex 5.17157287525381 19.971572875253806 0
      vertex 5.564954283965117 19.626586638835057 0
      vertex 3.3339579853884063 6.278399000918314 0
    endloop
  endfacet
  facet normal 0 0 -1
    outer loop
      vertex 3.51507575950825 6.48492424049175 0
      vertex 5.564954283965117 19.626586638835057 0
      vertex 6 19.335898384862244 0
    endloop
  endfacet
  facet normal 0 0 -1
    outer loop
      vertex 3.7216009990816863 6.666042014611594 0
      vertex 6 19.335898384862244 0
      vertex 6.469266270539641 19.10448186995485 0
    endloop
  endfacet
  facet normal 0 0 -1
    outer loop
      vertex 3.7216009990816863 6.666042014611594 0
      vertex 6.469266270539641 19.10448186995485 0
      vertex 6.964723819589917 18.936296694843723 0
    endloop
  endfacet
  facet normal 0 0 1
    outer loop
      vertex 3.3999999999999986 9.9 2.4
      vertex 7.399999999999999 9.9 2.4
      vertex 3.3999999999999986 21.1 2.4
    endloop
  endfacet
  facet normal 0 0 -1
    outer loop
      vertex 4.136296694843727 21.764723819589914 0
      vertex 2.917965791114998 5.274105003662108 0
      vertex 4.034220554504758 22.277895231119793 0
    endloop
  endfacet
  facet normal 0 0 -1
    outer loop
      vertex 4.034220554504758 22.277895231119793 0
      vertex 2.917965791114998 5.274105003662108 0
      vertex 4 22.799999999999997 0
    endloop
  endfacet
  facet normal 0 0 -1
    outer loop
      vertex 4.304481869954853 21.26926627053964 0
      vertex 2.917965791114998 5.274105003662108 0
      vertex 4.136296694843727 21.764723819589914 0
    endloop
  endfacet
  facet normal 0 0 1
    outer loop
      vertex 0 0 2.4
      vertex 9.884999999999996 5.956019615681379 2.4
      vertex 9.721857856486915 6.065027710921184 2.4
    endloop
  endfacet
  facet normal 0 0 1
    outer loop
      vertex 0 0 2.4
      vertex 10.060974851452361 5.869238422591107 2.4
      vertex 9.884999999999996 5.956019615681379 2.4
    endloop
  endfacet
  facet normal 0 0 1
    outer loop
      vertex 0 0 2.4
      vertex 9.444969989563143 6.341915577844956 2.4
      vertex 9.335961894323338 6.505057721358037 2.4
    endloop
  endfacet
  facet normal 0 0 1
    outer loop
      vertex 0 0 2.4
      vertex 9.574339828220175 6.194397549578216 2.4
      vertex 9.444969989563143 6.341915577844956 2.4
    endloop
  endfacet
  facet normal 0 0 1
    outer loop
      vertex 0 0 2.4
      vertex 9.721857856486915 6.065027710921184 2.4
      vertex 9.574339828220175 6.194397549578216 2.4
    endloop
  endfacet
  facet normal 0 0 1
    outer loop
      vertex 0 0 2.4
      vertex 10.246771432346215 5.806168981924435 2.4
      vertex 10.060974851452361 5.869238422591107 2.4
    endloop
  endfacet
  facet normal 0 0 1
    outer loop
      vertex 0 0 2.4
      vertex 10.439210711669919 5.767890429297322 2.4
      vertex 10.246771432346215 5.806168981924435 2.4
    endloop
  endfacet
  facet normal 0 0 1
    outer loop
      vertex 0 0 2.4
      vertex 10.634999999999996 5.755057721358037 2.4
      vertex 10.439210711669919 5.767890429297322 2.4
    endloop
  endfacet
  facet normal 0 0 1
    outer loop
      vertex 0 0 2.4
      vertex 10.830789288330074 5.767890429297322 2.4
      vertex 10.634999999999996 5.755057721358037 2.4
    endloop
  endfacet
  facet normal 0 0 1
    outer loop
      vertex 0 0 2.4
      vertex 11.023228567653778 5.806168981924435 2.4
      vertex 10.830789288330074 5.767890429297322 2.4
    endloop
  endfacet
  facet normal 0 0 1
    outer loop
      vertex 0 0 2.4
      vertex 11.209025148547632 5.869238422591107 2.4
      vertex 11.023228567653778 5.806168981924435 2.4
    endloop
  endfacet
  facet normal 0 0 1
    outer loop
      vertex 9.335961894323338 6.505057721358037 2.4
      vertex 5.848528137423857 4.151471862576143 2.4
      vertex 5.730513714810465 4.047975991650517 2.4
    endloop
  endfacet
  facet normal 0 0 1
    outer loop
      vertex 9.335961894323338 6.505057721358037 2.4
      vertex 5.952024008349483 4.269486285189535 2.4
      vertex 5.848528137423857 4.151471862576143 2.4
    endloop
  endfacet
  facet normal 0 0 1
    outer loop
      vertex 9.249180701233065 6.681032572810403 2.4
      vertex 6.039230484541326 4.4 2.4
      vertex 5.952024008349483 4.269486285189535 2.4
    endloop
  endfacet
  facet normal 0 0 1
    outer loop
      vertex 9.249180701233065 6.681032572810403 2.4
      vertex 6.108655439013544 4.5407798811618925 2.4
      vertex 6.039230484541326 4.4 2.4
    endloop
  endfacet
  facet normal 0 0 1
    outer loop
      vertex 0 0 2.4
      vertex 11.384999999999996 5.956019615681379 2.4
      vertex 11.209025148547632 5.869238422591107 2.4
    endloop
  endfacet
  facet normal 0 0 1
    outer loop
      vertex 7.399999999999999 9.1 2.4
      vertex 5.156631430664062 6.189733833648573 2.4
      vertex 5.310582854123025 6.159110991546882 2.4
    endloop
  endfacet
  facet normal 0 0 1
    outer loop
      vertex 7.399999999999999 9.1 2.4
      vertex 5.310582854123025 6.159110991546882 2.4
      vertex 5.4592201188381075 6.108655439013544 2.4
    endloop
  endfacet
  facet normal 0 0 1
    outer loop
      vertex 7.399999999999999 9.1 2.4
      vertex 5.4592201188381075 6.108655439013544 2.4
      vertex 5.6 6.039230484541326 2.4
    endloop
  endfacet
  facet normal 0 0 1
    outer loop
      vertex 7.399999999999999 9.1 2.4
      vertex 5.6 6.039230484541326 2.4
      vertex 5.730513714810465 5.952024008349483 2.4
    endloop
  endfacet
  facet normal 0 0 1
    outer loop
      vertex 7.399999999999999 9.1 2.4
      vertex 5.730513714810465 5.952024008349483 2.4
      vertex 5.848528137423857 5.848528137423857 2.4
    endloop
  endfacet
  facet normal 0 0 1
    outer loop
      vertex 7.399999999999999 9.1 2.4
      vertex 5.848528137423857 5.848528137423857 2.4
      vertex 5.952024008349483 5.730513714810465 2.4
    endloop
  endfacet
  facet normal 0 0 1
    outer loop
      vertex 9.186111260566394 6.866829153704256 2.4
      vertex 6.159110991546882 4.689417145876975 2.4
      vertex 6.108655439013544 4.5407798811618925 2.4
    endloop
  endfacet
  facet normal 0 0 1
    outer loop
      vertex 9.14783270793928 7.05926843302796 2.4
      vertex 6.189733833648573 4.843368569335938 2.4
      vertex 6.159110991546882 4.689417145876975 2.4
    endloop
  endfacet
  facet normal 0 0 1
    outer loop
      vertex 9.134999999999996 7.255057721358037 2.4
      vertex 6.2 5 2.4
      vertex 6.189733833648573 4.843368569335938 2.4
    endloop
  endfacet
  facet normal 0 0 1
    outer loop
      vertex 9.186111260566394 7.643286289011819 2.4
      vertex 6.189733833648573 5.156631430664062 2.4
      vertex 6.2 5 2.4
    endloop
  endfacet
  facet normal 0 0 1
    outer loop
      vertex 9.335961894323338 8.005057721358037 2.4
      vertex 6.159110991546882 5.310582854123025 2.4
      vertex 6.189733833648573 5.156631430664062 2.4
    endloop
  endfacet
  facet normal 0 0 1
    outer loop
      vertex 9.444969989563143 8.168199864871118 2.4
      vertex 6.108655439013544 5.4592201188381075 2.4
      vertex 6.159110991546882 5.310582854123025 2.4
    endloop
  endfacet
  facet normal 0 0 1
    outer loop
      vertex 9.444969989563143 8.168199864871118 2.4
      vertex 5.952024008349483 5.730513714810465 2.4
      vertex 6.039230484541326 5.6 2.4
    endloop
  endfacet
  facet normal 0 0 1
    outer loop
      vertex 9.444969989563143 8.168199864871118 2.4
      vertex 6.039230484541326 5.6 2.4
      vertex 6.108655439013544 5.4592201188381075 2.4
    endloop
  endfacet
  facet normal 0 0 1
    outer loop
      vertex 9.249180701233065 6.681032572810403 2.4
      vertex 5.952024008349483 4.269486285189535 2.4
      vertex 9.335961894323338 6.505057721358037 2.4
    endloop
  endfacet
  facet normal 0 0 1
    outer loop
      vertex 9.186111260566394 6.866829153704256 2.4
      vertex 9.14783270793928 7.05926843302796 2.4
      vertex 6.159110991546882 4.689417145876975 2.4
    endloop
  endfacet
  facet normal 0 0 1
    outer loop
      vertex 9.14783270793928 7.05926843302796 2.4
      vertex 9.134999999999996 7.255057721358037 2.4
      vertex 6.189733833648573 4.843368569335938 2.4
    endloop
  endfacet
  facet normal 0 0 1
    outer loop
      vertex 9.134999999999996 7.255057721358037 2.4
      vertex 9.14783270793928 7.450847009688115 2.4
      vertex 6.2 5 2.4
    endloop
  endfacet
  facet normal 0 0 1
    outer loop
      vertex 7.399999999999999 9.1 2.4
      vertex 5.952024008349483 5.730513714810465 2.4
      vertex 9.444969989563143 8.168199864871118 2.4
    endloop
  endfacet
  facet normal 0 0 1
    outer loop
      vertex 9.14783270793928 7.450847009688115 2.4
      vertex 9.186111260566394 7.643286289011819 2.4
      vertex 6.2 5 2.4
    endloop
  endfacet
  facet normal 0 0 1
    outer loop
      vertex 9.249180701233065 6.681032572810403 2.4
      vertex 9.186111260566394 6.866829153704256 2.4
      vertex 6.108655439013544 4.5407798811618925 2.4
    endloop
  endfacet
  facet normal 0 0 1
    outer loop
      vertex 9.186111260566394 7.643286289011819 2.4
      vertex 9.249180701233065 7.829082869905672 2.4
      vertex 6.189733833648573 5.156631430664062 2.4
    endloop
  endfacet
  facet normal 0 0 1
    outer loop
      vertex 9.249180701233065 7.829082869905672 2.4
      vertex 9.335961894323338 8.005057721358037 2.4
      vertex 6.189733833648573 5.156631430664062 2.4
    endloop
  endfacet
  facet normal 0 0 1
    outer loop
      vertex 9.335961894323338 8.005057721358037 2.4
      vertex 9.444969989563143 8.168199864871118 2.4
      vertex 6.159110991546882 5.310582854123025 2.4
    endloop
  endfacet
  facet normal 0 0 1
    outer loop
      vertex 7.399999999999999 9.1 2.4
      vertex 9.444969989563143 8.168199864871118 2.4
      vertex 9.574339828220175 8.315717893137858 2.4
    endloop
  endfacet
  facet normal 0 0 1
    outer loop
      vertex 7.399999999999999 9.1 2.4
      vertex 9.574339828220175 8.315717893137858 2.4
      vertex 9.721857856486915 8.44508773179489 2.4
    endloop
  endfacet
  facet normal 0 0 1
    outer loop
      vertex 7.399999999999999 9.1 2.4
      vertex 9.721857856486915 8.44508773179489 2.4
      vertex 9.884999999999996 8.554095827034695 2.4
    endloop
  endfacet
  facet normal 0 0 1
    outer loop
      vertex 7.399999999999999 9.1 2.4
      vertex 9.884999999999996 8.554095827034695 2.4
      vertex 10.060974851452361 8.640877020124968 2.4
    endloop
  endfacet
  facet normal 0 0 1
    outer loop
      vertex 7.399999999999999 9.1 2.4
      vertex 10.060974851452361 8.640877020124968 2.4
      vertex 10.246771432346215 8.70394646079164 2.4
    endloop
  endfacet
  facet normal 0 0 1
    outer loop
      vertex 7.399999999999999 9.1 2.4
      vertex 10.246771432346215 8.70394646079164 2.4
      vertex 10.439210711669919 8.742225013418754 2.4
    endloop
  endfacet
  facet normal 0 0 1
    outer loop
      vertex 7.399999999999999 9.1 2.4
      vertex 10.439210711669919 8.742225013418754 2.4
      vertex 10.634999999999996 8.755057721358037 2.4
    endloop
  endfacet
  facet normal 0 0 1
    outer loop
      vertex 7.399999999999999 9.1 2.4
      vertex 10.634999999999996 8.755057721358037 2.4
      vertex 10.830789288330074 8.742225013418754 2.4
    endloop
  endfacet
  facet normal 0 0 -1
    outer loop
      vertex 3.7216009990816863 6.666042014611594 0
      vertex 6.964723819589917 18.936296694843723 0
      vertex 7.477895231119794 18.834220554504757 0
    endloop
  endfacet
  facet normal 0 0 -1
    outer loop
      vertex 3.7216009990816863 6.666042014611594 0
      vertex 7.477895231119794 18.834220554504757 0
      vertex 8 18.799999999999997 0
    endloop
  endfacet
  facet normal 0 0 -1
    outer loop
      vertex 3.7216009990816863 6.666042014611594 0
      vertex 8 18.799999999999997 0
      vertex 8.522104768880206 18.834220554504757 0
    endloop
  endfacet
  facet normal 0 0 -1
    outer loop
      vertex 3.7216009990816863 6.666042014611594 0
      vertex 8.522104768880206 18.834220554504757 0
      vertex 9.035276180410083 18.936296694843723 0
    endloop
  endfacet
  facet normal 0 0 -1
    outer loop
      vertex 3.7216009990816863 6.666042014611594 0
      vertex 9.035276180410083 18.936296694843723 0
      vertex 9.530733729460358 19.10448186995485 0
    endloop
  endfacet
  facet normal 0 0 -1
    outer loop
      vertex 3.7216009990816863 6.666042014611594 0
      vertex 9.530733729460358 19.10448186995485 0
      vertex 10 19.335898384862244 0
    endloop
  endfacet
  facet normal 0 0 -1
    outer loop
      vertex 3.7216009990816863 6.666042014611594 0
      vertex 10 19.335898384862244 0
      vertex 10.435045716034882 19.626586638835057 0
    endloop
  endfacet
  facet normal 0 0 -1
    outer loop
      vertex 3.7216009990816863 6.666042014611594 0
      vertex 10.435045716034882 19.626586638835057 0
      vertex 10.82842712474619 19.971572875253806 0
    endloop
  endfacet
  facet normal 0 0 -1
    outer loop
      vertex 3.7216009990816863 6.666042014611594 0
      vertex 10.82842712474619 19.971572875253806 0
      vertex 11.17341336116494 20.364954283965115 0
    endloop
  endfacet
  facet normal 0 0 -1
    outer loop
      vertex 3.7216009990816863 6.666042014611594 0
      vertex 11.17341336116494 20.364954283965115 0
      vertex 11.464101615137753 20.799999999999997 0
    endloop
  endfacet
  facet normal -1 0 0
    outer loop
      vertex 0 0 0
      vertex 0 0 2.4
      vertex 0 85.6 2.4
    endloop
  endfacet
  facet normal 0 0 -1
    outer loop
      vertex 0 0 0
      vertex 4 62.8 0
      vertex 4 22.799999999999997 0
    endloop
  endfacet
  facet normal 0 0 1
    outer loop
      vertex 0 0 2.4
      vertex 2.5999999999999988 21.1 2.4
      vertex 2.5999999999999988 64.5 2.4
    endloop
  endfacet
  facet normal 0 0 1
    outer loop
      vertex 2.5999999999999988 21.1 2.4
      vertex 3.3999999999999986 21.1 2.4
      vertex 2.5999999999999988 64.5 2.4
    endloop
  endfacet
  facet normal 0 0 -1
    outer loop
      vertex 4 22.799999999999997 0
      vertex 4.034220554504758 62.27789523111979 0
      vertex 4.034220554504758 23.3221047688802 0
    endloop
  endfacet
  facet normal 0 0 -1
    outer loop
      vertex 4.034220554504758 23.3221047688802 0
      vertex 4.136296694843727 61.76472381958992 0
      vertex 4.136296694843727 23.83527618041008 0
    endloop
  endfacet
  facet normal 0 0 -1
    outer loop
      vertex 4.136296694843727 23.83527618041008 0
      vertex 4.304481869954853 61.26926627053964 0
      vertex 4.304481869954853 24.330733729460356 0
    endloop
  endfacet
  facet normal 0 0 -1
    outer loop
      vertex 4.304481869954853 24.330733729460356 0
      vertex 4.535898384862246 60.8 0
      vertex 4.535898384862246 24.799999999999997 0
    endloop
  endfacet
  facet normal 0 0 -1
    outer loop
      vertex 4.535898384862246 24.799999999999997 0
      vertex 4.826586638835059 60.36495428396511 0
      vertex 4.826586638835059 25.23504571603488 0
    endloop
  endfacet
  facet normal 0 0 -1
    outer loop
      vertex 4.826586638835059 25.23504571603488 0
      vertex 5.17157287525381 59.971572875253806 0
      vertex 5.17157287525381 25.62842712474619 0
    endloop
  endfacet
  facet normal 0 0 -1
    outer loop
      vertex 5.564954283965117 25.973413361164937 0
      vertex 5.17157287525381 25.62842712474619 0
      vertex 5.564954283965117 59.62658663883506 0
    endloop
  endfacet
  facet normal 0 0 -1
    outer loop
      vertex 6 26.26410161513775 0
      vertex 5.564954283965117 25.973413361164937 0
      vertex 6 59.33589838486224 0
    endloop
  endfacet
  facet normal 0 0 -1
    outer loop
      vertex 6.469266270539641 26.495518130045145 0
      vertex 6 26.26410161513775 0
      vertex 6.469266270539641 59.10448186995485 0
    endloop
  endfacet
  facet normal 0 0 -1
    outer loop
      vertex 6.964723819589917 26.66370330515627 0
      vertex 6.469266270539641 26.495518130045145 0
      vertex 6.964723819589917 58.936296694843726 0
    endloop
  endfacet
  facet normal 0 0 -1
    outer loop
      vertex 7.477895231119794 26.765779445495237 0
      vertex 6.964723819589917 26.66370330515627 0
      vertex 7.477895231119794 58.83422055450475 0
    endloop
  endfacet
  facet normal 0 0 -1
    outer loop
      vertex 7.477895231119794 26.765779445495237 0
      vertex 8 58.8 0
      vertex 8 26.799999999999997 0
    endloop
  endfacet
  facet normal 0 0 -1
    outer loop
      vertex 8.522104768880206 26.765779445495237 0
      vertex 8 26.799999999999997 0
      vertex 8.522104768880206 58.83422055450475 0
    endloop
  endfacet
  facet normal 0 0 -1
    outer loop
      vertex 9.035276180410083 26.66370330515627 0
      vertex 8.522104768880206 26.765779445495237 0
      vertex 9.035276180410083 58.936296694843726 0
    endloop
  endfacet
  facet normal 0 0 -1
    outer loop
      vertex 9.530733729460358 26.495518130045145 0
      vertex 9.035276180410083 26.66370330515627 0
      vertex 9.530733729460358 59.10448186995485 0
    endloop
  endfacet
  facet normal 0 0 -1
    outer loop
      vertex 10 26.26410161513775 0
      vertex 9.530733729460358 26.495518130045145 0
      vertex 10 59.33589838486224 0
    endloop
  endfacet
  facet normal 0 0 -1
    outer loop
      vertex 10.435045716034882 25.973413361164937 0
      vertex 10 26.26410161513775 0
      vertex 10.435045716034882 59.62658663883506 0
    endloop
  endfacet
  facet normal 0 -1 0
    outer loop
      vertex 0 0 0
      vertex 47.599999999999994 0 2.4
      vertex 0 0 2.4
    endloop
  endfacet
  facet normal 0 0 -1
    outer loop
      vertex 0 0 0
      vertex 4.725894996337892 2.917965791114998 0
      vertex 47.599999999999994 0 0
    endloop
  endfacet
  facet normal 0 0 1
    outer loop
      vertex 0 0 2.4
      vertex 36.21499999999999 5.956019615681379 2.4
      vertex 11.384999999999996 5.956019615681379 2.4
    endloop
  endfacet
  facet normal 0 0 -1
    outer loop
      vertex 6.940147018273702 5.803635207966688 0
      vertex 36.426586638835055 20.364954283965115 0
      vertex 7.0284442352070435 5.543519994715293 0
    endloop
  endfacet
  facet normal 0 0 -1
    outer loop
      vertex 4.196364792033312 6.940147018273702 0
      vertex 3.95 6.818653347947321 0
      vertex 35.599999999999994 22.799999999999997 0
    endloop
  endfacet
  facet normal 0 0 -1
    outer loop
      vertex 4.456480005284707 7.0284442352070435 0
      vertex 4.196364792033312 6.940147018273702 0
      vertex 35.599999999999994 22.799999999999997 0
    endloop
  endfacet
  facet normal 0 0 -1
    outer loop
      vertex 4.725894996337892 7.082034208885002 0
      vertex 4.456480005284707 7.0284442352070435 0
      vertex 35.599999999999994 22.799999999999997 0
    endloop
  endfacet
  facet normal 0 0 -1
    outer loop
      vertex 5 7.1 0
      vertex 4.725894996337892 7.082034208885002 0
      vertex 35.599999999999994 22.799999999999997 0
    endloop
  endfacet
  facet normal 0 0 -1
    outer loop
      vertex 5.274105003662108 7.082034208885002 0
      vertex 5 7.1 0
      vertex 35.599999999999994 22.799999999999997 0
    endloop
  endfacet
  facet normal 0 0 -1
    outer loop
      vertex 5.543519994715293 7.0284442352070435 0
      vertex 5.274105003662108 7.082034208885002 0
      vertex 35.599999999999994 22.799999999999997 0
    endloop
  endfacet
  facet normal 0 0 -1
    outer loop
      vertex 6.05 6.818653347947321 0
      vertex 5.803635207966688 6.940147018273702 0
      vertex 35.63422055450475 22.277895231119793 0
    endloop
  endfacet
  facet normal 0 0 -1
    outer loop
      vertex 6.278399000918314 6.666042014611594 0
      vertex 35.73629669484372 21.764723819589914 0
      vertex 6.48492424049175 6.48492424049175 0
    endloop
  endfacet
  facet normal 0 0 -1
    outer loop
      vertex 6.278399000918314 6.666042014611594 0
      vertex 6.05 6.818653347947321 0
      vertex 35.73629669484372 21.764723819589914 0
    endloop
  endfacet
  facet normal 0 0 -1
    outer loop
      vertex 6.48492424049175 6.48492424049175 0
      vertex 35.73629669484372 21.764723819589914 0
      vertex 6.666042014611594 6.278399000918314 0
    endloop
  endfacet
  facet normal 0 0 -1
    outer loop
      vertex 5.803635207966688 6.940147018273702 0
      vertex 5.543519994715293 7.0284442352070435 0
      vertex 35.599999999999994 22.799999999999997 0
    endloop
  endfacet
  facet normal 0 0 -1
    outer loop
      vertex 6.666042014611594 6.278399000918314 0
      vertex 35.90448186995485 21.26926627053964 0
      vertex 6.818653347947321 6.05 0
    endloop
  endfacet
  facet normal 0 0 -1
    outer loop
      vertex 6.818653347947321 6.05 0
      vertex 36.13589838486224 20.799999999999997 0
      vertex 6.940147018273702 5.803635207966688 0
    endloop
  endfacet
  facet normal 0 0 1
    outer loop
      vertex 3.3999999999999986 21.1 2.4
      vertex 7.399999999999999 9.9 2.4
      vertex 40.199999999999996 9.9 2.4
    endloop
  endfacet
  facet normal 0 0 -1
    outer loop
      vertex 47.599999999999994 0 0
      vertex 4.725894996337892 2.917965791114998 0
      vertex 5 2.9 0
    endloop
  endfacet
  facet normal 0 0 -1
    outer loop
      vertex 47.599999999999994 0 0
      vertex 5 2.9 0
      vertex 5.274105003662108 2.917965791114998 0
    endloop
  endfacet
  facet normal 0 0 -1
    outer loop
      vertex 6.48492424049175 3.51507575950825 0
      vertex 6.666042014611594 3.7216009990816863 0
      vertex 41.115075759508244 3.51507575950825 0
    endloop
  endfacet
  facet normal 0 0 -1
    outer loop
      vertex 6.818653347947321 3.95 0
      vertex 40.9339579853884 3.7216009990816863 0
      vertex 6.666042014611594 3.7216009990816863 0
    endloop
  endfacet
  facet normal 0 0 -1
    outer loop
      vertex 6.940147018273702 4.196364792033312 0
      vertex 40.781346652052676 3.95 0
      vertex 6.818653347947321 3.95 0
    endloop
  endfacet
  facet normal 0 0 -1
    outer loop
      vertex 7.0284442352070435 4.456480005284707 0
      vertex 40.65985298172629 4.196364792033312 0
      vertex 6.940147018273702 4.196364792033312 0
    endloop
  endfacet
  facet normal 0 0 -1
    outer loop
      vertex 7.082034208885002 4.725894996337892 0
      vertex 40.57155576479295 4.456480005284707 0
      vertex 7.0284442352070435 4.456480005284707 0
    endloop
  endfacet
  facet normal 0 0 -1
    outer loop
      vertex 7.1 5 0
      vertex 40.51796579111499 4.725894996337892 0
      vertex 7.082034208885002 4.725894996337892 0
    endloop
  endfacet
  facet normal 0 0 -1
    outer loop
      vertex 7.082034208885002 5.274105003662108 0
      vertex 40.49999999999999 5 0
      vertex 7.1 5 0
    endloop
  endfacet
  facet normal 0 0 -1
    outer loop
      vertex 47.599999999999994 0 0
      vertex 5.274105003662108 2.917965791114998 0
      vertex 5.543519994715293 2.9715557647929565 0
    endloop
  endfacet
  facet normal 0 0 -1
    outer loop
      vertex 47.599999999999994 0 0
      vertex 5.543519994715293 2.9715557647929565 0
      vertex 5.803635207966688 3.059852981726298 0
    endloop
  endfacet
  facet normal 0 0 -1
    outer loop
      vertex 47.599999999999994 0 0
      vertex 5.803635207966688 3.059852981726298 0
      vertex 6.05 3.181346652052679 0
    endloop
  endfacet
  facet normal 0 0 -1
    outer loop
      vertex 47.599999999999994 0 0
      vertex 6.05 3.181346652052679 0
      vertex 6.278399000918314 3.3339579853884063 0
    endloop
  endfacet
  facet normal 0 0 -1
    outer loop
      vertex 47.599999999999994 0 0
      vertex 6.278399000918314 3.3339579853884063 0
      vertex 6.48492424049175 3.51507575950825 0
    endloop
  endfacet
  facet normal 0 0 -1
    outer loop
      vertex 7.0284442352070435 5.543519994715293 0
      vertex 40.51796579111499 5.274105003662108 0
      vertex 7.082034208885002 5.274105003662108 0
    endloop
  endfacet
  facet normal 0 0 1
    outer loop
      vertex 7.399999999999999 9.1 2.4
      vertex 10.830789288330074 8.742225013418754 2.4
      vertex 36.390974851452356 8.640877020124968 2.4
    endloop
  endfacet
  facet normal 0 0 1
    outer loop
      vertex 7.399999999999999 9.1 2.4
      vertex 40.199999999999996 9.9 2.4
      vertex 7.399999999999999 9.9 2.4
    endloop
  endfacet
  facet normal 0 0 1
    outer loop
      vertex 11.384999999999996 5.956019615681379 2.4
      vertex 36.21499999999999 5.956019615681379 2.4
      vertex 11.548142143513077 6.065027710921184 2.4
    endloop
  endfacet
  facet normal 0 0 1
    outer loop
      vertex 11.548142143513077 6.065027710921184 2.4
      vertex 35.90433982822017 6.194397549578216 2.4
      vertex 11.695660171779817 6.194397549578216 2.4
    endloop
  endfacet
  facet normal 0 0 1
    outer loop
      vertex 11.695660171779817 6.194397549578216 2.4
      vertex 35.90433982822017 6.194397549578216 2.4
      vertex 11.82503001043685 6.341915577844956 2.4
    endloop
  endfacet
  facet normal 0 0 1
    outer loop
      vertex 11.82503001043685 6.341915577844956 2.4
      vertex 35.66596189432333 6.505057721358037 2.4
      vertex 11.934038105676654 6.505057721358037 2.4
    endloop
  endfacet
  facet normal 0 0 1
    outer loop
      vertex 11.934038105676654 6.505057721358037 2.4
      vertex 35.57918070123306 6.681032572810403 2.4
      vertex 12.020819298766927 6.681032572810403 2.4
    endloop
  endfacet
  facet normal 0 0 1
    outer loop
      vertex 12.020819298766927 6.681032572810403 2.4
      vertex 35.57918070123306 6.681032572810403 2.4
      vertex 12.083888739433599 6.866829153704256 2.4
    endloop
  endfacet
  facet normal 0 0 1
    outer loop
      vertex 12.083888739433599 6.866829153704256 2.4
      vertex 35.47783270793927 7.05926843302796 2.4
      vertex 12.122167292060713 7.05926843302796 2.4
    endloop
  endfacet
  facet normal 0 0 1
    outer loop
      vertex 12.122167292060713 7.05926843302796 2.4
      vertex 35.47783270793927 7.05926843302796 2.4
      vertex 12.134999999999996 7.255057721358037 2.4
    endloop
  endfacet
  facet normal 0 0 1
    outer loop
      vertex 12.083888739433599 7.643286289011819 2.4
      vertex 12.122167292060713 7.450847009688115 2.4
      vertex 35.47783270793927 7.450847009688115 2.4
    endloop
  endfacet
  facet normal 0 0 1
    outer loop
      vertex 12.083888739433599 7.643286289011819 2.4
      vertex 35.57918070123306 7.829082869905672 2.4
      vertex 12.020819298766927 7.829082869905672 2.4
    endloop
  endfacet
  facet normal 0 0 1
    outer loop
      vertex 11.934038105676654 8.005057721358037 2.4
      vertex 12.020819298766927 7.829082869905672 2.4
      vertex 35.57918070123306 7.829082869905672 2.4
    endloop
  endfacet
  facet normal 0 0 1
    outer loop
      vertex 12.134999999999996 7.255057721358037 2.4
      vertex 35.47783270793927 7.450847009688115 2.4
      vertex 12.122167292060713 7.450847009688115 2.4
    endloop
  endfacet
  facet normal 0 0 1
    outer loop
      vertex 11.023228567653778 8.70394646079164 2.4
      vertex 11.209025148547632 8.640877020124968 2.4
      vertex 36.390974851452356 8.640877020124968 2.4
    endloop
  endfacet
  facet normal 0 0 1
    outer loop
      vertex 11.209025148547632 8.640877020124968 2.4
      vertex 11.384999999999996 8.554095827034695 2.4
      vertex 36.21499999999999 8.554095827034695 2.4
    endloop
  endfacet
  facet normal 0 0 1
    outer loop
      vertex 10.830789288330074 8.742225013418754 2.4
      vertex 11.023228567653778 8.70394646079164 2.4
      vertex 36.390974851452356 8.640877020124968 2.4
    endloop
  endfacet
  facet normal 0 0 1
    outer loop
      vertex 11.695660171779817 8.315717893137858 2.4
      vertex 35.90433982822017 8.315717893137858 2.4
      vertex 11.548142143513077 8.44508773179489 2.4
    endloop
  endfacet
  facet normal 0 0 1
    outer loop
      vertex 11.82503001043685 8.168199864871118 2.4
      vertex 11.934038105676654 8.005057721358037 2.4
      vertex 35.66596189432333 8.005057721358037 2.4
    endloop
  endfacet
  facet normal 0 0 1
    outer loop
      vertex 11.695660171779817 8.315717893137858 2.4
      vertex 11.82503001043685 8.168199864871118 2.4
      vertex 35.90433982822017 8.315717893137858 2.4
    endloop
  endfacet
  facet normal 0 0 1
    outer loop
      vertex 11.384999999999996 8.554095827034695 2.4
      vertex 11.548142143513077 8.44508773179489 2.4
      vertex 36.21499999999999 8.554095827034695 2.4
    endloop
  endfacet
  facet normal 0 0 -1
    outer loop
      vertex 3.95 6.818653347947321 0
      vertex 3.7216009990816863 6.666042014611594 0
      vertex 35.599999999999994 62.8 0
    endloop
  endfacet
  facet normal 0 0 1
    outer loop
      vertex 3.3999999999999986 21.1 2.4
      vertex 40.199999999999996 9.9 2.4
      vertex 2.5999999999999988 64.5 2.4
    endloop
  endfacet
  facet normal 0 0 -1
    outer loop
      vertex 3.7216009990816863 6.666042014611594 0
      vertex 11.464101615137753 20.799999999999997 0
      vertex 43.40363520796668 78.65985298172629 0
    endloop
  endfacet
  facet normal 0 0 -1
    outer loop
      vertex 11.695518130045148 21.26926627053964 0
      vertex 43.40363520796668 78.65985298172629 0
      vertex 11.464101615137753 20.799999999999997 0
    endloop
  endfacet
  facet normal 0 0 -1
    outer loop
      vertex 11.464101615137753 24.799999999999997 0
      vertex 43.14351999471529 78.57155576479295 0
      vertex 11.695518130045148 24.330733729460356 0
    endloop
  endfacet
  facet normal 0 0 -1
    outer loop
      vertex 11.695518130045148 24.330733729460356 0
      vertex 43.14351999471529 78.57155576479295 0
      vertex 11.863703305156273 23.83527618041008 0
    endloop
  endfacet
  facet normal 0 0 -1
    outer loop
      vertex 11.863703305156273 21.764723819589914 0
      vertex 43.40363520796668 78.65985298172629 0
      vertex 11.695518130045148 21.26926627053964 0
    endloop
  endfacet
  facet normal 0 0 -1
    outer loop
      vertex 11.965779445495242 22.277895231119793 0
      vertex 43.40363520796668 78.65985298172629 0
      vertex 11.863703305156273 21.764723819589914 0
    endloop
  endfacet
  facet normal 0 0 -1
    outer loop
      vertex 12 22.799999999999997 0
      vertex 43.40363520796668 78.65985298172629 0
      vertex 11.965779445495242 22.277895231119793 0
    endloop
  endfacet
  facet normal 0 0 -1
    outer loop
      vertex 12 22.799999999999997 0
      vertex 11.965779445495242 23.3221047688802 0
      vertex 43.40363520796668 78.65985298172629 0
    endloop
  endfacet
  facet normal 0 0 -1
    outer loop
      vertex 11.863703305156273 23.83527618041008 0
      vertex 43.40363520796668 78.65985298172629 0
      vertex 11.965779445495242 23.3221047688802 0
    endloop
  endfacet
  facet normal 0 0 1
    outer loop
      vertex 0 0 2.4
      vertex 2.5999999999999988 64.5 2.4
      vertex 2.5999999999999988 76.5 2.4
    endloop
  endfacet
  facet normal 0 0 -1
    outer loop
      vertex 0 0 0
      vertex 0 85.6 0
      vertex 4 62.8 0
    endloop
  endfacet
  facet normal 0 0 -1
    outer loop
      vertex 4.034220554504758 23.3221047688802 0
      vertex 4.034220554504758 62.27789523111979 0
      vertex 4.136296694843727 61.76472381958992 0
    endloop
  endfacet
  facet normal 0 0 -1
    outer loop
      vertex 4 22.799999999999997 0
      vertex 4 62.8 0
      vertex 4.034220554504758 62.27789523111979 0
    endloop
  endfacet
  facet normal 0 0 -1
    outer loop
      vertex 4.304481869954853 24.330733729460356 0
      vertex 4.304481869954853 61.26926627053964 0
      vertex 4.535898384862246 60.8 0
    endloop
  endfacet
  facet normal 0 0 -1
    outer loop
      vertex 4.136296694843727 23.83527618041008 0
      vertex 4.136296694843727 61.76472381958992 0
      vertex 4.304481869954853 61.26926627053964 0
    endloop
  endfacet
  facet normal 0 0 -1
    outer loop
      vertex 4.535898384862246 24.799999999999997 0
      vertex 4.535898384862246 60.8 0
      vertex 4.826586638835059 60.36495428396511 0
    endloop
  endfacet
  facet normal 0 0 -1
    outer loop
      vertex 4.826586638835059 25.23504571603488 0
      vertex 4.826586638835059 60.36495428396511 0
      vertex 5.17157287525381 59.971572875253806 0
    endloop
  endfacet
  facet normal 0 0 -1
    outer loop
      vertex 5.17157287525381 25.62842712474619 0
      vertex 5.17157287525381 59.971572875253806 0
      vertex 5.564954283965117 59.62658663883506 0
    endloop
  endfacet
  facet normal 0 0 -1
    outer loop
      vertex 5.564954283965117 25.973413361164937 0
      vertex 5.564954283965117 59.62658663883506 0
      vertex 6 59.33589838486224 0
    endloop
  endfacet
  facet normal -1 0 0
    outer loop
      vertex 0 0 0
      vertex 0 85.6 2.4
      vertex 0 85.6 0
    endloop
  endfacet
  facet normal 0 0 1
    outer loop
      vertex 0 0 2.4
      vertex 2.5999999999999988 76.5 2.4
      vertex 0 85.6 2.4
    endloop
  endfacet
  facet normal 0 0 -1
    outer loop
      vertex 6.964723819589917 26.66370330515627 0
      vertex 6.964723819589917 58.936296694843726 0
      vertex 7.477895231119794 58.83422055450475 0
    endloop
  endfacet
  facet normal 0 0 -1
    outer loop
      vertex 7.477895231119794 26.765779445495237 0
      vertex 7.477895231119794 58.83422055450475 0
      vertex 8 58.8 0
    endloop
  endfacet
  facet normal 0 0 -1
    outer loop
      vertex 8 26.799999999999997 0
      vertex 8 58.8 0
      vertex 8.522104768880206 58.83422055450475 0
    endloop
  endfacet
  facet normal 0 0 -1
    outer loop
      vertex 6 26.26410161513775 0
      vertex 6 59.33589838486224 0
      vertex 6.469266270539641 59.10448186995485 0
    endloop
  endfacet
  facet normal 0 0 -1
    outer loop
      vertex 6.469266270539641 26.495518130045145 0
      vertex 6.469266270539641 59.10448186995485 0
      vertex 6.964723819589917 58.936296694843726 0
    endloop
  endfacet
  facet normal 0 0 -1
    outer loop
      vertex 8.522104768880206 26.765779445495237 0
      vertex 8.522104768880206 58.83422055450475 0
      vertex 9.035276180410083 58.936296694843726 0
    endloop
  endfacet
  facet normal 0 0 -1
    outer loop
      vertex 9.035276180410083 26.66370330515627 0
      vertex 9.035276180410083 58.936296694843726 0
      vertex 9.530733729460358 59.10448186995485 0
    endloop
  endfacet
  facet normal 0 0 -1
    outer loop
      vertex 9.530733729460358 26.495518130045145 0
      vertex 9.530733729460358 59.10448186995485 0
      vertex 10 59.33589838486224 0
    endloop
  endfacet
  facet normal 0 0 -1
    outer loop
      vertex 10 26.26410161513775 0
      vertex 10 59.33589838486224 0
      vertex 10.435045716034882 59.62658663883506 0
    endloop
  endfacet
  facet normal 0 0 -1
    outer loop
      vertex 10.435045716034882 25.973413361164937 0
      vertex 10.435045716034882 59.62658663883506 0
      vertex 10.82842712474619 59.971572875253806 0
    endloop
  endfacet
  facet normal 0 0 -1
    outer loop
      vertex 4 62.8 0
      vertex 2.917965791114998 80.32589499633788 0
      vertex 4.034220554504758 63.3221047688802 0
    endloop
  endfacet
  facet normal 0 0 -1
    outer loop
      vertex 4.034220554504758 63.3221047688802 0
      vertex 2.917965791114998 80.32589499633788 0
      vertex 4.136296694843727 63.83527618041008 0
    endloop
  endfacet
  facet normal 0 0 -1
    outer loop
      vertex 4.136296694843727 63.83527618041008 0
      vertex 2.917965791114998 80.32589499633788 0
      vertex 4.304481869954853 64.33073372946036 0
    endloop
  endfacet
  facet normal 0 0 -1
    outer loop
      vertex 4.304481869954853 64.33073372946036 0
      vertex 2.9715557647929565 80.0564800052847 0
      vertex 4.535898384862246 64.8 0
    endloop
  endfacet
  facet normal 0 0 -1
    outer loop
      vertex 4.535898384862246 64.8 0
      vertex 3.181346652052679 79.55 0
      vertex 4.826586638835059 65.23504571603488 0
    endloop
  endfacet
  facet normal 0 0 -1
    outer loop
      vertex 4 62.8 0
      vertex 2.9 80.6 0
      vertex 2.917965791114998 80.32589499633788 0
    endloop
  endfacet
  facet normal 0 0 -1
    outer loop
      vertex 4.535898384862246 64.8 0
      vertex 2.9715557647929565 80.0564800052847 0
      vertex 3.059852981726298 79.7963647920333 0
    endloop
  endfacet
  facet normal 0 0 -1
    outer loop
      vertex 4.535898384862246 64.8 0
      vertex 3.059852981726298 79.7963647920333 0
      vertex 3.181346652052679 79.55 0
    endloop
  endfacet
  facet normal 0 0 -1
    outer loop
      vertex 4.826586638835059 65.23504571603488 0
      vertex 3.3339579853884063 79.32160099908168 0
      vertex 3.51507575950825 79.11507575950824 0
    endloop
  endfacet
  facet normal 0 0 -1
    outer loop
      vertex 4.826586638835059 65.23504571603488 0
      vertex 3.181346652052679 79.55 0
      vertex 3.3339579853884063 79.32160099908168 0
    endloop
  endfacet
  facet normal 0 0 -1
    outer loop
      vertex 5.17157287525381 65.62842712474618 0
      vertex 3.51507575950825 79.11507575950824 0
      vertex 3.7216009990816863 78.9339579853884 0
    endloop
  endfacet
  facet normal 0 0 -1
    outer loop
      vertex 5.17157287525381 65.62842712474618 0
      vertex 3.7216009990816863 78.9339579853884 0
      vertex 3.95 78.78134665205268 0
    endloop
  endfacet
  facet normal 0 0 -1
    outer loop
      vertex 4.826586638835059 65.23504571603488 0
      vertex 3.51507575950825 79.11507575950824 0
      vertex 5.17157287525381 65.62842712474618 0
    endloop
  endfacet
  facet normal 0 0 -1
    outer loop
      vertex 5.564954283965117 65.97341336116494 0
      vertex 5.17157287525381 65.62842712474618 0
      vertex 3.95 78.78134665205268 0
    endloop
  endfacet
  facet normal 0 0 -1
    outer loop
      vertex 6 66.26410161513775 0
      vertex 5.564954283965117 65.97341336116494 0
      vertex 4.456480005284707 78.57155576479295 0
    endloop
  endfacet
  facet normal 0 0 -1
    outer loop
      vertex 6.469266270539641 66.49551813004514 0
      vertex 6 66.26410161513775 0
      vertex 4.725894996337892 78.51796579111499 0
    endloop
  endfacet
  facet normal 0 0 -1
    outer loop
      vertex 5.564954283965117 65.97341336116494 0
      vertex 3.95 78.78134665205268 0
      vertex 4.196364792033312 78.65985298172629 0
    endloop
  endfacet
  facet normal 0 0 -1
    outer loop
      vertex 5.564954283965117 65.97341336116494 0
      vertex 4.196364792033312 78.65985298172629 0
      vertex 4.456480005284707 78.57155576479295 0
    endloop
  endfacet
  facet normal 0 0 -1
    outer loop
      vertex 6 66.26410161513775 0
      vertex 4.456480005284707 78.57155576479295 0
      vertex 4.725894996337892 78.51796579111499 0
    endloop
  endfacet
  facet normal 0 0 -1
    outer loop
      vertex 6.469266270539641 66.49551813004514 0
      vertex 4.725894996337892 78.51796579111499 0
      vertex 5 78.5 0
    endloop
  endfacet
  facet normal 0 0 -1
    outer loop
      vertex 6.469266270539641 66.49551813004514 0
      vertex 5 78.5 0
      vertex 5.274105003662108 78.51796579111499 0
    endloop
  endfacet
  facet normal 0 0 1
    outer loop
      vertex 3.3999999999999986 64.5 2.4
      vertex 7.399999999999999 75.7 2.4
      vertex 3.3999999999999986 75.7 2.4
    endloop
  endfacet
  facet normal 0 0 -1
    outer loop
      vertex 0 85.6 0
      vertex 2.9 80.6 0
      vertex 4 62.8 0
    endloop
  endfacet
  facet normal 0 0 1
    outer loop
      vertex 2.5999999999999988 76.5 2.4
      vertex 3.3999999999999986 76.5 2.4
      vertex 0 85.6 2.4
    endloop
  endfacet
  facet normal 0 0 -1
    outer loop
      vertex 0 85.6 0
      vertex 2.917965791114998 80.87410500366211 0
      vertex 2.9 80.6 0
    endloop
  endfacet
  facet normal 0 0 -1
    outer loop
      vertex 0 85.6 0
      vertex 2.9715557647929565 81.14351999471529 0
      vertex 2.917965791114998 80.87410500366211 0
    endloop
  endfacet
  facet normal 0 0 -1
    outer loop
      vertex 0 85.6 0
      vertex 3.059852981726298 81.40363520796669 0
      vertex 2.9715557647929565 81.14351999471529 0
    endloop
  endfacet
  facet normal 0 0 -1
    outer loop
      vertex 0 85.6 0
      vertex 3.181346652052679 81.64999999999999 0
      vertex 3.059852981726298 81.40363520796669 0
    endloop
  endfacet
  facet normal 0 0 -1
    outer loop
      vertex 0 85.6 0
      vertex 3.3339579853884063 81.87839900091831 0
      vertex 3.181346652052679 81.64999999999999 0
    endloop
  endfacet
  facet normal 0 0 -1
    outer loop
      vertex 0 85.6 0
      vertex 3.51507575950825 82.08492424049174 0
      vertex 3.3339579853884063 81.87839900091831 0
    endloop
  endfacet
  facet normal 0 0 -1
    outer loop
      vertex 0 85.6 0
      vertex 3.7216009990816863 82.26604201461159 0
      vertex 3.51507575950825 82.08492424049174 0
    endloop
  endfacet
  facet normal 0 0 -1
    outer loop
      vertex 0 85.6 0
      vertex 3.95 82.41865334794731 0
      vertex 3.7216009990816863 82.26604201461159 0
    endloop
  endfacet
  facet normal 0 0 -1
    outer loop
      vertex 0 85.6 0
      vertex 4.196364792033312 82.5401470182737 0
      vertex 3.95 82.41865334794731 0
    endloop
  endfacet
  facet normal 0 0 -1
    outer loop
      vertex 0 85.6 0
      vertex 4.456480005284707 82.62844423520704 0
      vertex 4.196364792033312 82.5401470182737 0
    endloop
  endfacet
  facet normal 0 0 1
    outer loop
      vertex 0 85.6 2.4
      vertex 3.3999999999999986 76.5 2.4
      vertex 4.047975991650517 79.86948628518952 2.4
    endloop
  endfacet
  facet normal 0 0 1
    outer loop
      vertex 0 85.6 2.4
      vertex 3.8913445609864556 80.14077988116189 2.4
      vertex 3.840889008453118 80.28941714587697 2.4
    endloop
  endfacet
  facet normal 0 0 1
    outer loop
      vertex 0 85.6 2.4
      vertex 3.840889008453118 80.28941714587697 2.4
      vertex 3.8102661663514277 80.44336856933593 2.4
    endloop
  endfacet
  facet normal 0 0 1
    outer loop
      vertex 0 85.6 2.4
      vertex 3.8102661663514277 80.44336856933593 2.4
      vertex 3.8 80.6 2.4
    endloop
  endfacet
  facet normal 0 0 1
    outer loop
      vertex 0 85.6 2.4
      vertex 3.8 80.6 2.4
      vertex 3.8102661663514277 80.75663143066406 2.4
    endloop
  endfacet
  facet normal 0 0 1
    outer loop
      vertex 0 85.6 2.4
      vertex 3.8102661663514277 80.75663143066406 2.4
      vertex 3.840889008453118 80.91058285412302 2.4
    endloop
  endfacet
  facet normal 0 0 1
    outer loop
      vertex 0 85.6 2.4
      vertex 3.840889008453118 80.91058285412302 2.4
      vertex 3.8913445609864556 81.0592201188381 2.4
    endloop
  endfacet
  facet normal 0 0 1
    outer loop
      vertex 0 85.6 2.4
      vertex 3.960769515458674 80 2.4
      vertex 3.8913445609864556 80.14077988116189 2.4
    endloop
  endfacet
  facet normal 0 0 1
    outer loop
      vertex 0 85.6 2.4
      vertex 4.047975991650517 79.86948628518952 2.4
      vertex 3.960769515458674 80 2.4
    endloop
  endfacet
  facet normal 0 0 1
    outer loop
      vertex 0 85.6 2.4
      vertex 3.8913445609864556 81.0592201188381 2.4
      vertex 3.960769515458674 81.19999999999999 2.4
    endloop
  endfacet
  facet normal 0 0 1
    outer loop
      vertex 0 85.6 2.4
      vertex 3.960769515458674 81.19999999999999 2.4
      vertex 4.047975991650517 81.33051371481046 2.4
    endloop
  endfacet
  facet normal 0 0 1
    outer loop
      vertex 0 85.6 2.4
      vertex 4.047975991650517 81.33051371481046 2.4
      vertex 4.151471862576143 81.44852813742385 2.4
    endloop
  endfacet
  facet normal 0 0 1
    outer loop
      vertex 0 85.6 2.4
      vertex 4.151471862576143 81.44852813742385 2.4
      vertex 4.269486285189535 81.55202400834948 2.4
    endloop
  endfacet
  facet normal 0 0 1
    outer loop
      vertex 0 85.6 2.4
      vertex 4.269486285189535 81.55202400834948 2.4
      vertex 4.4 81.63923048454132 2.4
    endloop
  endfacet
  facet normal 0 0 -1
    outer loop
      vertex 4.304481869954853 64.33073372946036 0
      vertex 2.917965791114998 80.32589499633788 0
      vertex 2.9715557647929565 80.0564800052847 0
    endloop
  endfacet
  facet normal 0 0 1
    outer loop
      vertex 3.3999999999999986 76.5 2.4
      vertex 4.151471862576143 79.75147186257614 2.4
      vertex 4.047975991650517 79.86948628518952 2.4
    endloop
  endfacet
  facet normal 0 0 1
    outer loop
      vertex 3.3999999999999986 76.5 2.4
      vertex 4.4 79.56076951545867 2.4
      vertex 4.269486285189535 79.64797599165051 2.4
    endloop
  endfacet
  facet normal 0 0 1
    outer loop
      vertex 3.3999999999999986 76.5 2.4
      vertex 4.269486285189535 79.64797599165051 2.4
      vertex 4.151471862576143 79.75147186257614 2.4
    endloop
  endfacet
  facet normal 0 0 1
    outer loop
      vertex 3.3999999999999986 76.5 2.4
      vertex 4.5407798811618925 79.49134456098645 2.4
      vertex 4.4 79.56076951545867 2.4
    endloop
  endfacet
  facet normal 0 0 1
    outer loop
      vertex 3.3999999999999986 76.5 2.4
      vertex 4.689417145876975 79.44088900845311 2.4
      vertex 4.5407798811618925 79.49134456098645 2.4
    endloop
  endfacet
  facet normal 0 0 1
    outer loop
      vertex 3.3999999999999986 76.5 2.4
      vertex 4.843368569335938 79.41026616635142 2.4
      vertex 4.689417145876975 79.44088900845311 2.4
    endloop
  endfacet
  facet normal 0 0 1
    outer loop
      vertex 3.3999999999999986 76.5 2.4
      vertex 5 79.39999999999999 2.4
      vertex 4.843368569335938 79.41026616635142 2.4
    endloop
  endfacet
  facet normal 0 0 1
    outer loop
      vertex 3.3999999999999986 76.5 2.4
      vertex 7.399999999999999 76.5 2.4
      vertex 5 79.39999999999999 2.4
    endloop
  endfacet
  facet normal 0 0 1
    outer loop
      vertex 7.399999999999999 76.5 2.4
      vertex 5.156631430664062 79.41026616635142 2.4
      vertex 5 79.39999999999999 2.4
    endloop
  endfacet
  facet normal 0 0 -1
    outer loop
      vertex 0 85.6 0
      vertex 4.725894996337892 82.682034208885 0
      vertex 4.456480005284707 82.62844423520704 0
    endloop
  endfacet
  facet normal 0 0 -1
    outer loop
      vertex 0 85.6 0
      vertex 5 82.69999999999999 0
      vertex 4.725894996337892 82.682034208885 0
    endloop
  endfacet
  facet normal 0 0 -1
    outer loop
      vertex 0 85.6 0
      vertex 5.274105003662108 82.682034208885 0
      vertex 5 82.69999999999999 0
    endloop
  endfacet
  facet normal 0 0 1
    outer loop
      vertex 0 85.6 2.4
      vertex 4.4 81.63923048454132 2.4
      vertex 4.5407798811618925 81.70865543901354 2.4
    endloop
  endfacet
  facet normal 0 0 1
    outer loop
      vertex 0 85.6 2.4
      vertex 4.5407798811618925 81.70865543901354 2.4
      vertex 4.689417145876975 81.75911099154688 2.4
    endloop
  endfacet
  facet normal 0 0 1
    outer loop
      vertex 0 85.6 2.4
      vertex 4.689417145876975 81.75911099154688 2.4
      vertex 4.843368569335938 81.78973383364857 2.4
    endloop
  endfacet
  facet normal 0 0 1
    outer loop
      vertex 0 85.6 2.4
      vertex 4.843368569335938 81.78973383364857 2.4
      vertex 5 81.8 2.4
    endloop
  endfacet
  facet normal 0 0 1
    outer loop
      vertex 0 85.6 2.4
      vertex 5 81.8 2.4
      vertex 5.156631430664062 81.78973383364857 2.4
    endloop
  endfacet
  facet normal 0 0 1
    outer loop
      vertex 0 85.6 2.4
      vertex 5.156631430664062 81.78973383364857 2.4
      vertex 5.310582854123025 81.75911099154688 2.4
    endloop
  endfacet
  facet normal 0 0 1
    outer loop
      vertex 0 85.6 2.4
      vertex 5.310582854123025 81.75911099154688 2.4
      vertex 5.4592201188381075 81.70865543901354 2.4
    endloop
  endfacet
  facet normal 0 0 1
    outer loop
      vertex 0 85.6 2.4
      vertex 5.4592201188381075 81.70865543901354 2.4
      vertex 5.6 81.63923048454132 2.4
    endloop
  endfacet
  facet normal 0 0 1
    outer loop
      vertex 0 85.6 2.4
      vertex 5.6 81.63923048454132 2.4
      vertex 5.730513714810465 81.55202400834948 2.4
    endloop
  endfacet
  facet normal 0 0 -1
    outer loop
      vertex 6.964723819589917 66.66370330515628 0
      vertex 6.469266270539641 66.49551813004514 0
      vertex 5.274105003662108 78.51796579111499 0
    endloop
  endfacet
  facet normal 0 0 -1
    outer loop
      vertex 7.477895231119794 66.76577944549524 0
      vertex 6.964723819589917 66.66370330515628 0
      vertex 5.274105003662108 78.51796579111499 0
    endloop
  endfacet
  facet normal 0 0 -1
    outer loop
      vertex 7.477895231119794 66.76577944549524 0
      vertex 5.803635207966688 78.65985298172629 0
      vertex 8 66.8 0
    endloop
  endfacet
  facet normal 0 0 -1
    outer loop
      vertex 7.477895231119794 66.76577944549524 0
      vertex 5.274105003662108 78.51796579111499 0
      vertex 5.543519994715293 78.57155576479295 0
    endloop
  endfacet
  facet normal 0 0 -1
    outer loop
      vertex 7.477895231119794 66.76577944549524 0
      vertex 5.543519994715293 78.57155576479295 0
      vertex 5.803635207966688 78.65985298172629 0
    endloop
  endfacet
  facet normal 0 0 -1
    outer loop
      vertex 5.803635207966688 78.65985298172629 0
      vertex 6.05 78.78134665205268 0
      vertex 8 66.8 0
    endloop
  endfacet
  facet normal 0 0 -1
    outer loop
      vertex 6.05 78.78134665205268 0
      vertex 6.278399000918314 78.9339579853884 0
      vertex 8.522104768880206 66.76577944549524 0
    endloop
  endfacet
  facet normal 0 0 -1
    outer loop
      vertex 6.05 78.78134665205268 0
      vertex 8.522104768880206 66.76577944549524 0
      vertex 8 66.8 0
    endloop
  endfacet
  facet normal 0 0 -1
    outer loop
      vertex 6.278399000918314 78.9339579853884 0
      vertex 9.035276180410083 66.66370330515628 0
      vertex 8.522104768880206 66.76577944549524 0
    endloop
  endfacet
  facet normal 0 0 -1
    outer loop
      vertex 6.48492424049175 79.11507575950824 0
      vertex 9.530733729460358 66.49551813004514 0
      vertex 9.035276180410083 66.66370330515628 0
    endloop
  endfacet
  facet normal 0 0 -1
    outer loop
      vertex 10 66.26410161513775 0
      vertex 9.530733729460358 66.49551813004514 0
      vertex 6.666042014611594 79.32160099908168 0
    endloop
  endfacet
  facet normal 0 0 -1
    outer loop
      vertex 10.435045716034882 65.97341336116494 0
      vertex 10 66.26410161513775 0
      vertex 6.818653347947321 79.55 0
    endloop
  endfacet
  facet normal 0 0 -1
    outer loop
      vertex 7.0284442352070435 80.0564800052847 0
      vertex 10.82842712474619 65.62842712474618 0
      vertex 10.435045716034882 65.97341336116494 0
    endloop
  endfacet
  facet normal 0 0 -1
    outer loop
      vertex 10.82842712474619 65.62842712474618 0
      vertex 7.0284442352070435 80.0564800052847 0
      vertex 11.17341336116494 65.23504571603488 0
    endloop
  endfacet
  facet normal 0 0 -1
    outer loop
      vertex 6.278399000918314 78.9339579853884 0
      vertex 6.48492424049175 79.11507575950824 0
      vertex 9.035276180410083 66.66370330515628 0
    endloop
  endfacet
  facet normal 0 0 -1
    outer loop
      vertex 6.48492424049175 79.11507575950824 0
      vertex 6.666042014611594 79.32160099908168 0
      vertex 9.530733729460358 66.49551813004514 0
    endloop
  endfacet
  facet normal 0 0 -1
    outer loop
      vertex 6.818653347947321 79.55 0
      vertex 10 66.26410161513775 0
      vertex 6.666042014611594 79.32160099908168 0
    endloop
  endfacet
  facet normal 0 0 -1
    outer loop
      vertex 6.940147018273702 79.7963647920333 0
      vertex 10.435045716034882 65.97341336116494 0
      vertex 6.818653347947321 79.55 0
    endloop
  endfacet
  facet normal 0 0 -1
    outer loop
      vertex 7.0284442352070435 80.0564800052847 0
      vertex 10.435045716034882 65.97341336116494 0
      vertex 6.940147018273702 79.7963647920333 0
    endloop
  endfacet
  facet normal 0 0 -1
    outer loop
      vertex 7.082034208885002 80.32589499633788 0
      vertex 11.17341336116494 65.23504571603488 0
      vertex 7.0284442352070435 80.0564800052847 0
    endloop
  endfacet
  facet normal 0 0 1
    outer loop
      vertex 7.399999999999999 76.5 2.4
      vertex 5.310582854123025 79.44088900845311 2.4
      vertex 5.156631430664062 79.41026616635142 2.4
    endloop
  endfacet
  facet normal 0 0 1
    outer loop
      vertex 7.399999999999999 76.5 2.4
      vertex 5.4592201188381075 79.49134456098645 2.4
      vertex 5.310582854123025 79.44088900845311 2.4
    endloop
  endfacet
  facet normal 0 0 1
    outer loop
      vertex 7.399999999999999 76.5 2.4
      vertex 5.6 79.56076951545867 2.4
      vertex 5.4592201188381075 79.49134456098645 2.4
    endloop
  endfacet
  facet normal 0 0 1
    outer loop
      vertex 7.399999999999999 76.5 2.4
      vertex 5.730513714810465 79.64797599165051 2.4
      vertex 5.6 79.56076951545867 2.4
    endloop
  endfacet
  facet normal 0 0 1
    outer loop
      vertex 7.399999999999999 76.5 2.4
      vertex 5.848528137423857 79.75147186257614 2.4
      vertex 5.730513714810465 79.64797599165051 2.4
    endloop
  endfacet
  facet normal 0 0 1
    outer loop
      vertex 7.399999999999999 76.5 2.4
      vertex 5.952024008349483 79.86948628518952 2.4
      vertex 5.848528137423857 79.75147186257614 2.4
    endloop
  endfacet
  facet normal 0 0 1
    outer loop
      vertex 2.5999999999999988 64.5 2.4
      vertex 40.199999999999996 9.9 2.4
      vertex 3.3999999999999986 64.5 2.4
    endloop
  endfacet
  facet normal 0 0 1
    outer loop
      vertex 3.3999999999999986 64.5 2.4
      vertex 40.199999999999996 9.9 2.4
      vertex 7.399999999999999 75.7 2.4
    endloop
  endfacet
  facet normal 0 0 -1
    outer loop
      vertex 10.435045716034882 25.973413361164937 0
      vertex 43.14351999471529 78.57155576479295 0
      vertex 10.82842712474619 25.62842712474619 0
    endloop
  endfacet
  facet normal 0 0 -1
    outer loop
      vertex 10.82842712474619 25.62842712474619 0
      vertex 43.14351999471529 78.57155576479295 0
      vertex 11.17341336116494 25.23504571603488 0
    endloop
  endfacet
  facet normal 0 0 -1
    outer loop
      vertex 11.17341336116494 25.23504571603488 0
      vertex 43.14351999471529 78.57155576479295 0
      vertex 11.464101615137753 24.799999999999997 0
    endloop
  endfacet
  facet normal 0 0 -1
    outer loop
      vertex 10.435045716034882 25.973413361164937 0
      vertex 10.82842712474619 59.971572875253806 0
      vertex 43.14351999471529 78.57155576479295 0
    endloop
  endfacet
  facet normal 0 0 1
    outer loop
      vertex 40.199999999999996 76.5 2.4
      vertex 6.039230484541326 80 2.4
      vertex 5.952024008349483 79.86948628518952 2.4
    endloop
  endfacet
  facet normal 0 0 1
    outer loop
      vertex 40.199999999999996 76.5 2.4
      vertex 6.108655439013544 80.14077988116189 2.4
      vertex 6.039230484541326 80 2.4
    endloop
  endfacet
  facet normal 0 0 1
    outer loop
      vertex 40.199999999999996 76.5 2.4
      vertex 5.730513714810465 81.55202400834948 2.4
      vertex 5.848528137423857 81.44852813742385 2.4
    endloop
  endfacet
  facet normal 0 0 1
    outer loop
      vertex 40.199999999999996 76.5 2.4
      vertex 5.848528137423857 81.44852813742385 2.4
      vertex 5.952024008349483 81.33051371481046 2.4
    endloop
  endfacet
  facet normal 0 0 1
    outer loop
      vertex 40.199999999999996 76.5 2.4
      vertex 5.952024008349483 81.33051371481046 2.4
      vertex 6.039230484541326 81.19999999999999 2.4
    endloop
  endfacet
  facet normal 0 0 1
    outer loop
      vertex 40.199999999999996 76.5 2.4
      vertex 6.039230484541326 81.19999999999999 2.4
      vertex 6.108655439013544 81.0592201188381 2.4
    endloop
  endfacet
  facet normal 0 0 1
    outer loop
      vertex 40.199999999999996 76.5 2.4
      vertex 6.159110991546882 80.28941714587697 2.4
      vertex 6.108655439013544 80.14077988116189 2.4
    endloop
  endfacet
  facet normal 0 0 1
    outer loop
      vertex 40.199999999999996 76.5 2.4
      vertex 6.189733833648573 80.44336856933593 2.4
      vertex 6.159110991546882 80.28941714587697 2.4
    endloop
  endfacet
  facet normal 0 0 1
    outer loop
      vertex 40.199999999999996 76.5 2.4
      vertex 6.2 80.6 2.4
      vertex 6.189733833648573 80.44336856933593 2.4
    endloop
  endfacet
  facet normal 0 0 1
    outer loop
      vertex 40.199999999999996 76.5 2.4
      vertex 6.159110991546882 80.91058285412302 2.4
      vertex 6.189733833648573 80.75663143066406 2.4
    endloop
  endfacet
  facet normal 0 0 1
    outer loop
      vertex 40.199999999999996 76.5 2.4
      vertex 6.189733833648573 80.75663143066406 2.4
      vertex 6.2 80.6 2.4
    endloop
  endfacet
  facet normal 0 0 1
    outer loop
      vertex 40.199999999999996 76.5 2.4
      vertex 6.108655439013544 81.0592201188381 2.4
      vertex 6.159110991546882 80.91058285412302 2.4
    endloop
  endfacet
  facet normal 0 0 -1
    outer loop
      vertex 0 85.6 0
      vertex 41.32160099908168 78.9339579853884 0
      vertex 5.274105003662108 82.682034208885 0
    endloop
  endfacet
  facet normal 0 1 0
    outer loop
      vertex 0 85.6 0
      vertex 0 85.6 2.4
      vertex 47.599999999999994 85.6 0
    endloop
  endfacet
  facet normal 0 0 -1
    outer loop
      vertex 5.543519994715293 82.62844423520704 0
      vertex 5.274105003662108 82.682034208885 0
      vertex 41.32160099908168 78.9339579853884 0
    endloop
  endfacet
  facet normal 0 0 -1
    outer loop
      vertex 5.803635207966688 82.5401470182737 0
      vertex 5.543519994715293 82.62844423520704 0
      vertex 41.32160099908168 78.9339579853884 0
    endloop
  endfacet
  facet normal 0 0 -1
    outer loop
      vertex 6.05 82.41865334794731 0
      vertex 5.803635207966688 82.5401470182737 0
      vertex 41.32160099908168 78.9339579853884 0
    endloop
  endfacet
  facet normal 0 0 1
    outer loop
      vertex 0 85.6 2.4
      vertex 5.730513714810465 81.55202400834948 2.4
      vertex 40.199999999999996 76.5 2.4
    endloop
  endfacet
  facet normal 0 0 -1
    outer loop
      vertex 11.17341336116494 65.23504571603488 0
      vertex 7.082034208885002 80.32589499633788 0
      vertex 41.32160099908168 78.9339579853884 0
    endloop
  endfacet
  facet normal 0 0 -1
    outer loop
      vertex 10.82842712474619 59.971572875253806 0
      vertex 11.17341336116494 60.36495428396511 0
      vertex 42.8741050036621 78.51796579111499 0
    endloop
  endfacet
  facet normal 0 0 -1
    outer loop
      vertex 11.464101615137753 60.8 0
      vertex 42.599999999999994 78.5 0
      vertex 11.17341336116494 60.36495428396511 0
    endloop
  endfacet
  facet normal 0 0 -1
    outer loop
      vertex 11.695518130045148 61.26926627053964 0
      vertex 42.32589499633789 78.51796579111499 0
      vertex 11.464101615137753 60.8 0
    endloop
  endfacet
  facet normal 0 0 -1
    outer loop
      vertex 11.464101615137753 64.8 0
      vertex 41.32160099908168 78.9339579853884 0
      vertex 11.695518130045148 64.33073372946036 0
    endloop
  endfacet
  facet normal 0 0 -1
    outer loop
      vertex 11.863703305156273 61.76472381958992 0
      vertex 42.0564800052847 78.57155576479295 0
      vertex 11.695518130045148 61.26926627053964 0
    endloop
  endfacet
  facet normal 0 0 -1
    outer loop
      vertex 11.965779445495242 62.27789523111979 0
      vertex 41.79636479203331 78.65985298172629 0
      vertex 11.863703305156273 61.76472381958992 0
    endloop
  endfacet
  facet normal 0 0 -1
    outer loop
      vertex 11.965779445495242 62.27789523111979 0
      vertex 12 62.8 0
      vertex 41.55 78.78134665205268 0
    endloop
  endfacet
  facet normal 0 0 -1
    outer loop
      vertex 11.863703305156273 63.83527618041008 0
      vertex 41.32160099908168 78.9339579853884 0
      vertex 11.965779445495242 63.3221047688802 0
    endloop
  endfacet
  facet normal 0 0 -1
    outer loop
      vertex 12 62.8 0
      vertex 11.965779445495242 63.3221047688802 0
      vertex 41.32160099908168 78.9339579853884 0
    endloop
  endfacet
  facet normal 0 0 -1
    outer loop
      vertex 11.695518130045148 64.33073372946036 0
      vertex 41.32160099908168 78.9339579853884 0
      vertex 11.863703305156273 63.83527618041008 0
    endloop
  endfacet
  facet normal 0 0 -1
    outer loop
      vertex 11.17341336116494 65.23504571603488 0
      vertex 41.32160099908168 78.9339579853884 0
      vertex 11.464101615137753 64.8 0
    endloop
  endfacet
  facet normal 0 0 -1
    outer loop
      vertex 7.1 80.6 0
      vertex 41.32160099908168 78.9339579853884 0
      vertex 7.082034208885002 80.32589499633788 0
    endloop
  endfacet
  facet normal 0 0 -1
    outer loop
      vertex 7.082034208885002 80.87410500366211 0
      vertex 41.32160099908168 78.9339579853884 0
      vertex 7.1 80.6 0
    endloop
  endfacet
  facet normal 0 0 1
    outer loop
      vertex 7.399999999999999 75.7 2.4
      vertex 40.199999999999996 75.7 2.4
      vertex 7.399999999999999 76.5 2.4
    endloop
  endfacet
  facet normal 0 0 1
    outer loop
      vertex 7.399999999999999 76.5 2.4
      vertex 40.199999999999996 76.5 2.4
      vertex 5.952024008349483 79.86948628518952 2.4
    endloop
  endfacet
  facet normal 0 0 -1
    outer loop
      vertex 6.278399000918314 82.26604201461159 0
      vertex 6.05 82.41865334794731 0
      vertex 41.32160099908168 78.9339579853884 0
    endloop
  endfacet
  facet normal 0 0 -1
    outer loop
      vertex 6.278399000918314 82.26604201461159 0
      vertex 41.32160099908168 78.9339579853884 0
      vertex 6.48492424049175 82.08492424049174 0
    endloop
  endfacet
  facet normal 0 0 -1
    outer loop
      vertex 6.48492424049175 82.08492424049174 0
      vertex 41.32160099908168 78.9339579853884 0
      vertex 6.666042014611594 81.87839900091831 0
    endloop
  endfacet
  facet normal 0 0 -1
    outer loop
      vertex 6.666042014611594 81.87839900091831 0
      vertex 41.32160099908168 78.9339579853884 0
      vertex 6.818653347947321 81.64999999999999 0
    endloop
  endfacet
  facet normal 0 0 -1
    outer loop
      vertex 6.818653347947321 81.64999999999999 0
      vertex 41.32160099908168 78.9339579853884 0
      vertex 6.940147018273702 81.40363520796669 0
    endloop
  endfacet
  facet normal 0 0 -1
    outer loop
      vertex 7.0284442352070435 81.14351999471529 0
      vertex 41.32160099908168 78.9339579853884 0
      vertex 7.082034208885002 80.87410500366211 0
    endloop
  endfacet
  facet normal 0 0 -1
    outer loop
      vertex 6.940147018273702 81.40363520796669 0
      vertex 41.32160099908168 78.9339579853884 0
      vertex 7.0284442352070435 81.14351999471529 0
    endloop
  endfacet
  facet normal 0 0 1
    outer loop
      vertex 0 0 2.4
      vertex 36.390974851452356 5.869238422591107 2.4
      vertex 36.21499999999999 5.956019615681379 2.4
    endloop
  endfacet
  facet normal 0 0 1
    outer loop
      vertex 0 0 2.4
      vertex 36.576771432346206 5.806168981924435 2.4
      vertex 36.390974851452356 5.869238422591107 2.4
    endloop
  endfacet
  facet normal 0 0 1
    outer loop
      vertex 0 0 2.4
      vertex 36.76921071166991 5.767890429297322 2.4
      vertex 36.576771432346206 5.806168981924435 2.4
    endloop
  endfacet
  facet normal 0 0 1
    outer loop
      vertex 0 0 2.4
      vertex 36.96499999999999 5.755057721358037 2.4
      vertex 36.76921071166991 5.767890429297322 2.4
    endloop
  endfacet
  facet normal 0 0 1
    outer loop
      vertex 0 0 2.4
      vertex 37.160789288330065 5.767890429297322 2.4
      vertex 36.96499999999999 5.755057721358037 2.4
    endloop
  endfacet
  facet normal 0 0 -1
    outer loop
      vertex 6.818653347947321 3.95 0
      vertex 40.781346652052676 3.95 0
      vertex 40.9339579853884 3.7216009990816863 0
    endloop
  endfacet
  facet normal 0 0 -1
    outer loop
      vertex 6.48492424049175 3.51507575950825 0
      vertex 41.115075759508244 3.51507575950825 0
      vertex 41.32160099908168 3.3339579853884063 0
    endloop
  endfacet
  facet normal 0 0 -1
    outer loop
      vertex 6.666042014611594 3.7216009990816863 0
      vertex 40.9339579853884 3.7216009990816863 0
      vertex 41.115075759508244 3.51507575950825 0
    endloop
  endfacet
  facet normal 0 0 -1
    outer loop
      vertex 7.1 5 0
      vertex 40.49999999999999 5 0
      vertex 40.51796579111499 4.725894996337892 0
    endloop
  endfacet
  facet normal 0 0 -1
    outer loop
      vertex 7.082034208885002 5.274105003662108 0
      vertex 40.51796579111499 5.274105003662108 0
      vertex 40.49999999999999 5 0
    endloop
  endfacet
  facet normal 0 0 -1
    outer loop
      vertex 6.940147018273702 4.196364792033312 0
      vertex 40.65985298172629 4.196364792033312 0
      vertex 40.781346652052676 3.95 0
    endloop
  endfacet
  facet normal 0 0 -1
    outer loop
      vertex 7.0284442352070435 4.456480005284707 0
      vertex 40.57155576479295 4.456480005284707 0
      vertex 40.65985298172629 4.196364792033312 0
    endloop
  endfacet
  facet normal 0 0 -1
    outer loop
      vertex 7.082034208885002 4.725894996337892 0
      vertex 40.51796579111499 4.725894996337892 0
      vertex 40.57155576479295 4.456480005284707 0
    endloop
  endfacet
  facet normal 0 0 1
    outer loop
      vertex 0 0 2.4
      vertex 47.599999999999994 0 2.4
      vertex 37.160789288330065 5.767890429297322 2.4
    endloop
  endfacet
  facet normal 0 0 -1
    outer loop
      vertex 7.0284442352070435 5.543519994715293 0
      vertex 36.7715728752538 19.971572875253806 0
      vertex 40.65985298172629 5.803635207966688 0
    endloop
  endfacet
  facet normal 0 0 -1
    outer loop
      vertex 7.0284442352070435 5.543519994715293 0
      vertex 40.57155576479295 5.543519994715293 0
      vertex 40.51796579111499 5.274105003662108 0
    endloop
  endfacet
  facet normal 0 0 -1
    outer loop
      vertex 7.0284442352070435 5.543519994715293 0
      vertex 40.65985298172629 5.803635207966688 0
      vertex 40.57155576479295 5.543519994715293 0
    endloop
  endfacet
  facet normal 0 0 1
    outer loop
      vertex 11.548142143513077 6.065027710921184 2.4
      vertex 36.05185785648691 6.065027710921184 2.4
      vertex 35.90433982822017 6.194397549578216 2.4
    endloop
  endfacet
  facet normal 0 0 1
    outer loop
      vertex 11.82503001043685 6.341915577844956 2.4
      vertex 35.90433982822017 6.194397549578216 2.4
      vertex 35.77496998956314 6.341915577844956 2.4
    endloop
  endfacet
  facet normal 0 0 1
    outer loop
      vertex 11.82503001043685 6.341915577844956 2.4
      vertex 35.77496998956314 6.341915577844956 2.4
      vertex 35.66596189432333 6.505057721358037 2.4
    endloop
  endfacet
  facet normal 0 0 1
    outer loop
      vertex 11.934038105676654 6.505057721358037 2.4
      vertex 35.66596189432333 6.505057721358037 2.4
      vertex 35.57918070123306 6.681032572810403 2.4
    endloop
  endfacet
  facet normal 0 0 1
    outer loop
      vertex 11.548142143513077 6.065027710921184 2.4
      vertex 36.21499999999999 5.956019615681379 2.4
      vertex 36.05185785648691 6.065027710921184 2.4
    endloop
  endfacet
  facet normal 0 0 1
    outer loop
      vertex 12.083888739433599 6.866829153704256 2.4
      vertex 35.51611126056639 6.866829153704256 2.4
      vertex 35.47783270793927 7.05926843302796 2.4
    endloop
  endfacet
  facet normal 0 0 1
    outer loop
      vertex 12.134999999999996 7.255057721358037 2.4
      vertex 35.47783270793927 7.05926843302796 2.4
      vertex 35.46499999999999 7.255057721358037 2.4
    endloop
  endfacet
  facet normal 0 0 1
    outer loop
      vertex 12.134999999999996 7.255057721358037 2.4
      vertex 35.46499999999999 7.255057721358037 2.4
      vertex 35.47783270793927 7.450847009688115 2.4
    endloop
  endfacet
  facet normal 0 0 1
    outer loop
      vertex 12.083888739433599 6.866829153704256 2.4
      vertex 35.57918070123306 6.681032572810403 2.4
      vertex 35.51611126056639 6.866829153704256 2.4
    endloop
  endfacet
  facet normal 0 0 1
    outer loop
      vertex 12.083888739433599 7.643286289011819 2.4
      vertex 35.47783270793927 7.450847009688115 2.4
      vertex 35.51611126056639 7.643286289011819 2.4
    endloop
  endfacet
  facet normal 0 0 1
    outer loop
      vertex 12.083888739433599 7.643286289011819 2.4
      vertex 35.51611126056639 7.643286289011819 2.4
      vertex 35.57918070123306 7.829082869905672 2.4
    endloop
  endfacet
  facet normal 0 0 1
    outer loop
      vertex 11.934038105676654 8.005057721358037 2.4
      vertex 35.57918070123306 7.829082869905672 2.4
      vertex 35.66596189432333 8.005057721358037 2.4
    endloop
  endfacet
  facet normal 0 0 1
    outer loop
      vertex 7.399999999999999 9.1 2.4
      vertex 36.390974851452356 8.640877020124968 2.4
      vertex 36.576771432346206 8.70394646079164 2.4
    endloop
  endfacet
  facet normal 0 0 1
    outer loop
      vertex 7.399999999999999 9.1 2.4
      vertex 36.576771432346206 8.70394646079164 2.4
      vertex 36.76921071166991 8.742225013418754 2.4
    endloop
  endfacet
  facet normal 0 0 1
    outer loop
      vertex 7.399999999999999 9.1 2.4
      vertex 36.76921071166991 8.742225013418754 2.4
      vertex 36.96499999999999 8.755057721358037 2.4
    endloop
  endfacet
  facet normal 0 0 1
    outer loop
      vertex 11.82503001043685 8.168199864871118 2.4
      vertex 35.66596189432333 8.005057721358037 2.4
      vertex 35.77496998956314 8.168199864871118 2.4
    endloop
  endfacet
  facet normal 0 0 1
    outer loop
      vertex 11.82503001043685 8.168199864871118 2.4
      vertex 35.77496998956314 8.168199864871118 2.4
      vertex 35.90433982822017 8.315717893137858 2.4
    endloop
  endfacet
  facet normal 0 0 1
    outer loop
      vertex 11.548142143513077 8.44508773179489 2.4
      vertex 35.90433982822017 8.315717893137858 2.4
      vertex 36.05185785648691 8.44508773179489 2.4
    endloop
  endfacet
  facet normal 0 0 1
    outer loop
      vertex 11.548142143513077 8.44508773179489 2.4
      vertex 36.05185785648691 8.44508773179489 2.4
      vertex 36.21499999999999 8.554095827034695 2.4
    endloop
  endfacet
  facet normal 0 0 1
    outer loop
      vertex 11.209025148547632 8.640877020124968 2.4
      vertex 36.21499999999999 8.554095827034695 2.4
      vertex 36.390974851452356 8.640877020124968 2.4
    endloop
  endfacet
  facet normal 0 0 1
    outer loop
      vertex 7.399999999999999 9.1 2.4
      vertex 36.96499999999999 8.755057721358037 2.4
      vertex 40.199999999999996 9.9 2.4
    endloop
  endfacet
  facet normal 0 0 -1
    outer loop
      vertex 6.818653347947321 6.05 0
      vertex 35.90448186995485 21.26926627053964 0
      vertex 36.13589838486224 20.799999999999997 0
    endloop
  endfacet
  facet normal 0 0 -1
    outer loop
      vertex 7.0284442352070435 5.543519994715293 0
      vertex 36.426586638835055 20.364954283965115 0
      vertex 36.7715728752538 19.971572875253806 0
    endloop
  endfacet
  facet normal 0 0 -1
    outer loop
      vertex 6.940147018273702 5.803635207966688 0
      vertex 36.13589838486224 20.799999999999997 0
      vertex 36.426586638835055 20.364954283965115 0
    endloop
  endfacet
  facet normal 0 0 -1
    outer loop
      vertex 3.95 6.818653347947321 0
      vertex 35.63422055450475 23.3221047688802 0
      vertex 35.599999999999994 22.799999999999997 0
    endloop
  endfacet
  facet normal 0 0 -1
    outer loop
      vertex 3.95 6.818653347947321 0
      vertex 35.73629669484372 23.83527618041008 0
      vertex 35.63422055450475 23.3221047688802 0
    endloop
  endfacet
  facet normal 0 0 -1
    outer loop
      vertex 6.05 6.818653347947321 0
      vertex 35.63422055450475 22.277895231119793 0
      vertex 35.73629669484372 21.764723819589914 0
    endloop
  endfacet
  facet normal 0 0 -1
    outer loop
      vertex 5.803635207966688 6.940147018273702 0
      vertex 35.599999999999994 22.799999999999997 0
      vertex 35.63422055450475 22.277895231119793 0
    endloop
  endfacet
  facet normal 0 0 -1
    outer loop
      vertex 6.666042014611594 6.278399000918314 0
      vertex 35.73629669484372 21.764723819589914 0
      vertex 35.90448186995485 21.26926627053964 0
    endloop
  endfacet
  facet normal 0 0 -1
    outer loop
      vertex 6.48492424049175 3.51507575950825 0
      vertex 41.32160099908168 3.3339579853884063 0
      vertex 41.55 3.181346652052679 0
    endloop
  endfacet
  facet normal 0 -1 0
    outer loop
      vertex 0 0 0
      vertex 47.599999999999994 0 0
      vertex 47.599999999999994 0 2.4
    endloop
  endfacet
  facet normal 0 0 -1
    outer loop
      vertex 47.599999999999994 0 0
      vertex 6.48492424049175 3.51507575950825 0
      vertex 41.55 3.181346652052679 0
    endloop
  endfacet
  facet normal 0 0 -1
    outer loop
      vertex 3.95 6.818653347947321 0
      vertex 35.599999999999994 62.8 0
      vertex 35.73629669484372 23.83527618041008 0
    endloop
  endfacet
  facet normal 0 0 1
    outer loop
      vertex 7.399999999999999 75.7 2.4
      vertex 40.199999999999996 9.9 2.4
      vertex 44.199999999999996 21.1 2.4
    endloop
  endfacet
  facet normal 0 0 1
    outer loop
      vertex 7.399999999999999 75.7 2.4
      vertex 44.199999999999996 21.1 2.4
      vertex 44.99999999999999 21.1 2.4
    endloop
  endfacet
  facet normal 0 0 1
    outer loop
      vertex 36.96499999999999 8.755057721358037 2.4
      vertex 37.160789288330065 8.742225013418754 2.4
      vertex 40.199999999999996 9.9 2.4
    endloop
  endfacet
  facet normal 0 0 1
    outer loop
      vertex 37.160789288330065 8.742225013418754 2.4
      vertex 37.35322856765377 8.70394646079164 2.4
      vertex 40.199999999999996 9.9 2.4
    endloop
  endfacet
  facet normal 0 0 1
    outer loop
      vertex 37.53902514854762 8.640877020124968 2.4
      vertex 40.199999999999996 9.9 2.4
      vertex 37.35322856765377 8.70394646079164 2.4
    endloop
  endfacet
  facet normal 0 0 1
    outer loop
      vertex 37.53902514854762 8.640877020124968 2.4
      vertex 37.71499999999999 8.554095827034695 2.4
      vertex 40.199999999999996 9.9 2.4
    endloop
  endfacet
  facet normal 0 0 1
    outer loop
      vertex 37.71499999999999 8.554095827034695 2.4
      vertex 37.87814214351307 8.44508773179489 2.4
      vertex 40.199999999999996 9.9 2.4
    endloop
  endfacet
  facet normal 0 0 1
    outer loop
      vertex 37.160789288330065 5.767890429297322 2.4
      vertex 47.599999999999994 0 2.4
      vertex 37.35322856765377 5.806168981924435 2.4
    endloop
  endfacet
  facet normal 0 0 1
    outer loop
      vertex 37.35322856765377 5.806168981924435 2.4
      vertex 47.599999999999994 0 2.4
      vertex 37.53902514854762 5.869238422591107 2.4
    endloop
  endfacet
  facet normal 0 0 1
    outer loop
      vertex 38.35081929876692 6.681032572810403 2.4
      vertex 41.49134456098645 4.5407798811618925 2.4
      vertex 41.44088900845311 4.689417145876975 2.4
    endloop
  endfacet
  facet normal 0 0 1
    outer loop
      vertex 38.26403810567665 6.505057721358037 2.4
      vertex 41.64797599165051 4.269486285189535 2.4
      vertex 41.56076951545867 4.4 2.4
    endloop
  endfacet
  facet normal 0 0 1
    outer loop
      vertex 38.35081929876692 6.681032572810403 2.4
      vertex 41.56076951545867 4.4 2.4
      vertex 41.49134456098645 4.5407798811618925 2.4
    endloop
  endfacet
  facet normal 0 0 1
    outer loop
      vertex 38.26403810567665 6.505057721358037 2.4
      vertex 41.75147186257614 4.151471862576143 2.4
      vertex 41.64797599165051 4.269486285189535 2.4
    endloop
  endfacet
  facet normal 0 0 1
    outer loop
      vertex 38.26403810567665 6.505057721358037 2.4
      vertex 41.86948628518953 4.047975991650517 2.4
      vertex 41.75147186257614 4.151471862576143 2.4
    endloop
  endfacet
  facet normal 0 0 1
    outer loop
      vertex 37.53902514854762 5.869238422591107 2.4
      vertex 47.599999999999994 0 2.4
      vertex 37.71499999999999 5.956019615681379 2.4
    endloop
  endfacet
  facet normal 0 0 1
    outer loop
      vertex 37.71499999999999 5.956019615681379 2.4
      vertex 47.599999999999994 0 2.4
      vertex 37.87814214351307 6.065027710921184 2.4
    endloop
  endfacet
  facet normal 0 0 1
    outer loop
      vertex 37.87814214351307 6.065027710921184 2.4
      vertex 47.599999999999994 0 2.4
      vertex 38.02566017177981 6.194397549578216 2.4
    endloop
  endfacet
  facet normal 0 0 1
    outer loop
      vertex 38.02566017177981 6.194397549578216 2.4
      vertex 47.599999999999994 0 2.4
      vertex 38.15503001043684 6.341915577844956 2.4
    endloop
  endfacet
  facet normal 0 0 1
    outer loop
      vertex 38.15503001043684 6.341915577844956 2.4
      vertex 47.599999999999994 0 2.4
      vertex 38.26403810567665 6.505057721358037 2.4
    endloop
  endfacet
  facet normal 0 0 -1
    outer loop
      vertex 38.069266270539636 19.10448186995485 0
      vertex 40.781346652052676 6.05 0
      vertex 40.65985298172629 5.803635207966688 0
    endloop
  endfacet
  facet normal 0 0 -1
    outer loop
      vertex 38.069266270539636 19.10448186995485 0
      vertex 40.9339579853884 6.278399000918314 0
      vertex 40.781346652052676 6.05 0
    endloop
  endfacet
  facet normal 0 0 -1
    outer loop
      vertex 38.564723819589915 18.936296694843723 0
      vertex 41.115075759508244 6.48492424049175 0
      vertex 40.9339579853884 6.278399000918314 0
    endloop
  endfacet
  facet normal 0 0 -1
    outer loop
      vertex 39.07789523111979 18.834220554504757 0
      vertex 41.32160099908168 6.666042014611594 0
      vertex 41.115075759508244 6.48492424049175 0
    endloop
  endfacet
  facet normal 0 0 1
    outer loop
      vertex 38.26403810567665 6.505057721358037 2.4
      vertex 41.56076951545867 4.4 2.4
      vertex 38.35081929876692 6.681032572810403 2.4
    endloop
  endfacet
  facet normal 0 0 1
    outer loop
      vertex 38.35081929876692 6.681032572810403 2.4
      vertex 41.44088900845311 4.689417145876975 2.4
      vertex 38.41388873943359 6.866829153704256 2.4
    endloop
  endfacet
  facet normal 0 0 1
    outer loop
      vertex 38.46499999999999 7.255057721358037 2.4
      vertex 40.199999999999996 9.1 2.4
      vertex 38.45216729206071 7.450847009688115 2.4
    endloop
  endfacet
  facet normal 0 0 1
    outer loop
      vertex 38.41388873943359 6.866829153704256 2.4
      vertex 41.41026616635142 4.843368569335938 2.4
      vertex 38.45216729206071 7.05926843302796 2.4
    endloop
  endfacet
  facet normal 0 0 1
    outer loop
      vertex 38.45216729206071 7.05926843302796 2.4
      vertex 41.39999999999999 5 2.4
      vertex 38.46499999999999 7.255057721358037 2.4
    endloop
  endfacet
  facet normal 0 0 1
    outer loop
      vertex 38.02566017177981 8.315717893137858 2.4
      vertex 38.15503001043684 8.168199864871118 2.4
      vertex 40.199999999999996 9.1 2.4
    endloop
  endfacet
  facet normal 0 0 1
    outer loop
      vertex 38.26403810567665 8.005057721358037 2.4
      vertex 38.35081929876692 7.829082869905672 2.4
      vertex 40.199999999999996 9.1 2.4
    endloop
  endfacet
  facet normal 0 0 1
    outer loop
      vertex 38.41388873943359 7.643286289011819 2.4
      vertex 40.199999999999996 9.1 2.4
      vertex 38.35081929876692 7.829082869905672 2.4
    endloop
  endfacet
  facet normal 0 0 1
    outer loop
      vertex 38.45216729206071 7.450847009688115 2.4
      vertex 40.199999999999996 9.1 2.4
      vertex 38.41388873943359 7.643286289011819 2.4
    endloop
  endfacet
  facet normal 0 0 1
    outer loop
      vertex 38.26403810567665 8.005057721358037 2.4
      vertex 40.199999999999996 9.1 2.4
      vertex 38.15503001043684 8.168199864871118 2.4
    endloop
  endfacet
  facet normal 0 0 1
    outer loop
      vertex 37.87814214351307 8.44508773179489 2.4
      vertex 38.02566017177981 8.315717893137858 2.4
      vertex 40.199999999999996 9.9 2.4
    endloop
  endfacet
  facet normal 0 0 1
    outer loop
      vertex 38.02566017177981 8.315717893137858 2.4
      vertex 40.199999999999996 9.1 2.4
      vertex 40.199999999999996 9.9 2.4
    endloop
  endfacet
  facet normal 0 0 1
    outer loop
      vertex 38.41388873943359 6.866829153704256 2.4
      vertex 41.44088900845311 4.689417145876975 2.4
      vertex 41.41026616635142 4.843368569335938 2.4
    endloop
  endfacet
  facet normal 0 0 1
    outer loop
      vertex 38.45216729206071 7.05926843302796 2.4
      vertex 41.41026616635142 4.843368569335938 2.4
      vertex 41.39999999999999 5 2.4
    endloop
  endfacet
  facet normal 0 0 1
    outer loop
      vertex 38.46499999999999 7.255057721358037 2.4
      vertex 41.39999999999999 5 2.4
      vertex 41.41026616635142 5.156631430664062 2.4
    endloop
  endfacet
  facet normal 0 0 1
    outer loop
      vertex 38.46499999999999 7.255057721358037 2.4
      vertex 41.41026616635142 5.156631430664062 2.4
      vertex 41.44088900845311 5.310582854123025 2.4
    endloop
  endfacet
  facet normal 0 0 1
    outer loop
      vertex 38.46499999999999 7.255057721358037 2.4
      vertex 41.44088900845311 5.310582854123025 2.4
      vertex 41.49134456098645 5.4592201188381075 2.4
    endloop
  endfacet
  facet normal 0 0 1
    outer loop
      vertex 38.46499999999999 7.255057721358037 2.4
      vertex 41.49134456098645 5.4592201188381075 2.4
      vertex 41.56076951545867 5.6 2.4
    endloop
  endfacet
  facet normal 0 0 1
    outer loop
      vertex 38.46499999999999 7.255057721358037 2.4
      vertex 41.56076951545867 5.6 2.4
      vertex 41.64797599165051 5.730513714810465 2.4
    endloop
  endfacet
  facet normal 0 0 1
    outer loop
      vertex 38.46499999999999 7.255057721358037 2.4
      vertex 41.64797599165051 5.730513714810465 2.4
      vertex 41.75147186257614 5.848528137423857 2.4
    endloop
  endfacet
  facet normal 0 0 1
    outer loop
      vertex 38.46499999999999 7.255057721358037 2.4
      vertex 41.75147186257614 5.848528137423857 2.4
      vertex 41.86948628518953 5.952024008349483 2.4
    endloop
  endfacet
  facet normal 0 0 1
    outer loop
      vertex 38.46499999999999 7.255057721358037 2.4
      vertex 41.86948628518953 5.952024008349483 2.4
      vertex 44.199999999999996 9.1 2.4
    endloop
  endfacet
  facet normal 0 0 1
    outer loop
      vertex 38.46499999999999 7.255057721358037 2.4
      vertex 44.199999999999996 9.1 2.4
      vertex 40.199999999999996 9.1 2.4
    endloop
  endfacet
  facet normal 0 0 -1
    outer loop
      vertex 36.7715728752538 19.971572875253806 0
      vertex 37.16495428396511 19.626586638835057 0
      vertex 40.65985298172629 5.803635207966688 0
    endloop
  endfacet
  facet normal 0 0 -1
    outer loop
      vertex 37.16495428396511 19.626586638835057 0
      vertex 37.599999999999994 19.335898384862244 0
      vertex 40.65985298172629 5.803635207966688 0
    endloop
  endfacet
  facet normal 0 0 -1
    outer loop
      vertex 37.599999999999994 19.335898384862244 0
      vertex 38.069266270539636 19.10448186995485 0
      vertex 40.65985298172629 5.803635207966688 0
    endloop
  endfacet
  facet normal 0 0 -1
    outer loop
      vertex 38.069266270539636 19.10448186995485 0
      vertex 38.564723819589915 18.936296694843723 0
      vertex 40.9339579853884 6.278399000918314 0
    endloop
  endfacet
  facet normal 0 0 -1
    outer loop
      vertex 38.564723819589915 18.936296694843723 0
      vertex 39.07789523111979 18.834220554504757 0
      vertex 41.115075759508244 6.48492424049175 0
    endloop
  endfacet
  facet normal 0 0 -1
    outer loop
      vertex 39.07789523111979 18.834220554504757 0
      vertex 39.599999999999994 18.799999999999997 0
      vertex 41.32160099908168 6.666042014611594 0
    endloop
  endfacet
  facet normal 0 0 -1
    outer loop
      vertex 39.599999999999994 18.799999999999997 0
      vertex 41.55 6.818653347947321 0
      vertex 41.32160099908168 6.666042014611594 0
    endloop
  endfacet
  facet normal 0 0 -1
    outer loop
      vertex 41.79636479203331 6.940147018273702 0
      vertex 41.55 6.818653347947321 0
      vertex 40.1221047688802 18.834220554504757 0
    endloop
  endfacet
  facet normal 0 0 -1
    outer loop
      vertex 42.0564800052847 7.0284442352070435 0
      vertex 41.79636479203331 6.940147018273702 0
      vertex 40.1221047688802 18.834220554504757 0
    endloop
  endfacet
  facet normal 0 0 -1
    outer loop
      vertex 42.32589499633789 7.082034208885002 0
      vertex 42.0564800052847 7.0284442352070435 0
      vertex 40.1221047688802 18.834220554504757 0
    endloop
  endfacet
  facet normal 0 0 -1
    outer loop
      vertex 39.599999999999994 18.799999999999997 0
      vertex 40.1221047688802 18.834220554504757 0
      vertex 41.55 6.818653347947321 0
    endloop
  endfacet
  facet normal 0 0 -1
    outer loop
      vertex 42.32589499633789 7.082034208885002 0
      vertex 40.1221047688802 18.834220554504757 0
      vertex 40.635276180410074 18.936296694843723 0
    endloop
  endfacet
  facet normal 0 0 -1
    outer loop
      vertex 42.599999999999994 7.1 0
      vertex 40.635276180410074 18.936296694843723 0
      vertex 41.13073372946035 19.10448186995485 0
    endloop
  endfacet
  facet normal 0 0 -1
    outer loop
      vertex 47.599999999999994 0 0
      vertex 41.55 3.181346652052679 0
      vertex 41.79636479203331 3.059852981726298 0
    endloop
  endfacet
  facet normal 0 0 -1
    outer loop
      vertex 47.599999999999994 0 0
      vertex 41.79636479203331 3.059852981726298 0
      vertex 42.0564800052847 2.9715557647929565 0
    endloop
  endfacet
  facet normal 0 0 -1
    outer loop
      vertex 47.599999999999994 0 0
      vertex 42.0564800052847 2.9715557647929565 0
      vertex 42.32589499633789 2.917965791114998 0
    endloop
  endfacet
  facet normal 0 0 -1
    outer loop
      vertex 47.599999999999994 0 0
      vertex 42.32589499633789 2.917965791114998 0
      vertex 42.599999999999994 2.9 0
    endloop
  endfacet
  facet normal 0 0 -1
    outer loop
      vertex 47.599999999999994 0 0
      vertex 42.599999999999994 2.9 0
      vertex 42.8741050036621 2.917965791114998 0
    endloop
  endfacet
  facet normal 0 0 -1
    outer loop
      vertex 47.599999999999994 0 0
      vertex 42.8741050036621 2.917965791114998 0
      vertex 43.14351999471529 2.9715557647929565 0
    endloop
  endfacet
  facet normal 0 0 1
    outer loop
      vertex 38.26403810567665 6.505057721358037 2.4
      vertex 47.599999999999994 0 2.4
      vertex 41.86948628518953 4.047975991650517 2.4
    endloop
  endfacet
  facet normal 0 0 1
    outer loop
      vertex 47.599999999999994 0 2.4
      vertex 41.99999999999999 3.960769515458674 2.4
      vertex 41.86948628518953 4.047975991650517 2.4
    endloop
  endfacet
  facet normal 0 0 1
    outer loop
      vertex 47.599999999999994 0 2.4
      vertex 42.14077988116188 3.8913445609864556 2.4
      vertex 41.99999999999999 3.960769515458674 2.4
    endloop
  endfacet
  facet normal 0 0 1
    outer loop
      vertex 47.599999999999994 0 2.4
      vertex 42.28941714587697 3.840889008453118 2.4
      vertex 42.14077988116188 3.8913445609864556 2.4
    endloop
  endfacet
  facet normal 0 0 1
    outer loop
      vertex 47.599999999999994 0 2.4
      vertex 42.44336856933593 3.8102661663514277 2.4
      vertex 42.28941714587697 3.840889008453118 2.4
    endloop
  endfacet
  facet normal 0 0 1
    outer loop
      vertex 47.599999999999994 0 2.4
      vertex 42.599999999999994 3.8 2.4
      vertex 42.44336856933593 3.8102661663514277 2.4
    endloop
  endfacet
  facet normal 0 0 1
    outer loop
      vertex 47.599999999999994 0 2.4
      vertex 42.75663143066406 3.8102661663514277 2.4
      vertex 42.599999999999994 3.8 2.4
    endloop
  endfacet
  facet normal 0 0 1
    outer loop
      vertex 47.599999999999994 0 2.4
      vertex 42.91058285412302 3.840889008453118 2.4
      vertex 42.75663143066406 3.8102661663514277 2.4
    endloop
  endfacet
  facet normal 0 0 1
    outer loop
      vertex 47.599999999999994 0 2.4
      vertex 43.059220118838105 3.8913445609864556 2.4
      vertex 42.91058285412302 3.840889008453118 2.4
    endloop
  endfacet
  facet normal 0 0 1
    outer loop
      vertex 47.599999999999994 0 2.4
      vertex 43.199999999999996 3.960769515458674 2.4
      vertex 43.059220118838105 3.8913445609864556 2.4
    endloop
  endfacet
  facet normal 0 0 1
    outer loop
      vertex 44.199999999999996 9.1 2.4
      vertex 41.86948628518953 5.952024008349483 2.4
      vertex 41.99999999999999 6.039230484541326 2.4
    endloop
  endfacet
  facet normal 0 0 1
    outer loop
      vertex 44.199999999999996 9.1 2.4
      vertex 41.99999999999999 6.039230484541326 2.4
      vertex 42.14077988116188 6.108655439013544 2.4
    endloop
  endfacet
  facet normal 0 0 1
    outer loop
      vertex 44.199999999999996 9.1 2.4
      vertex 42.14077988116188 6.108655439013544 2.4
      vertex 42.28941714587697 6.159110991546882 2.4
    endloop
  endfacet
  facet normal 0 0 1
    outer loop
      vertex 44.199999999999996 9.1 2.4
      vertex 42.28941714587697 6.159110991546882 2.4
      vertex 42.44336856933593 6.189733833648573 2.4
    endloop
  endfacet
  facet normal 0 0 1
    outer loop
      vertex 44.199999999999996 9.1 2.4
      vertex 42.44336856933593 6.189733833648573 2.4
      vertex 42.599999999999994 6.2 2.4
    endloop
  endfacet
  facet normal 0 0 1
    outer loop
      vertex 44.199999999999996 9.1 2.4
      vertex 42.599999999999994 6.2 2.4
      vertex 42.75663143066406 6.189733833648573 2.4
    endloop
  endfacet
  facet normal 0 0 1
    outer loop
      vertex 44.199999999999996 9.1 2.4
      vertex 42.75663143066406 6.189733833648573 2.4
      vertex 42.91058285412302 6.159110991546882 2.4
    endloop
  endfacet
  facet normal 0 0 1
    outer loop
      vertex 44.199999999999996 9.1 2.4
      vertex 42.91058285412302 6.159110991546882 2.4
      vertex 43.059220118838105 6.108655439013544 2.4
    endloop
  endfacet
  facet normal 0 0 1
    outer loop
      vertex 44.199999999999996 9.1 2.4
      vertex 43.059220118838105 6.108655439013544 2.4
      vertex 43.199999999999996 6.039230484541326 2.4
    endloop
  endfacet
  facet normal 0 0 1
    outer loop
      vertex 44.199999999999996 9.1 2.4
      vertex 43.33051371481046 5.952024008349483 2.4
      vertex 43.44852813742385 5.848528137423857 2.4
    endloop
  endfacet
  facet normal 0 0 1
    outer loop
      vertex 44.199999999999996 9.1 2.4
      vertex 43.199999999999996 6.039230484541326 2.4
      vertex 43.33051371481046 5.952024008349483 2.4
    endloop
  endfacet
  facet normal 0 0 1
    outer loop
      vertex 44.199999999999996 9.1 2.4
      vertex 43.44852813742385 5.848528137423857 2.4
      vertex 43.55202400834948 5.730513714810465 2.4
    endloop
  endfacet
  facet normal 0 0 -1
    outer loop
      vertex 47.599999999999994 0 0
      vertex 43.14351999471529 2.9715557647929565 0
      vertex 43.40363520796668 3.059852981726298 0
    endloop
  endfacet
  facet normal 0 0 -1
    outer loop
      vertex 47.599999999999994 0 0
      vertex 43.40363520796668 3.059852981726298 0
      vertex 43.64999999999999 3.181346652052679 0
    endloop
  endfacet
  facet normal 0 0 -1
    outer loop
      vertex 47.599999999999994 0 0
      vertex 43.64999999999999 3.181346652052679 0
      vertex 43.87839900091831 3.3339579853884063 0
    endloop
  endfacet
  facet normal 0 0 -1
    outer loop
      vertex 47.599999999999994 0 0
      vertex 43.87839900091831 3.3339579853884063 0
      vertex 44.084924240491745 3.51507575950825 0
    endloop
  endfacet
  facet normal 0 0 -1
    outer loop
      vertex 47.599999999999994 0 0
      vertex 44.084924240491745 3.51507575950825 0
      vertex 44.266042014611585 3.7216009990816863 0
    endloop
  endfacet
  facet normal 0 0 -1
    outer loop
      vertex 47.599999999999994 0 0
      vertex 44.266042014611585 3.7216009990816863 0
      vertex 44.41865334794731 3.95 0
    endloop
  endfacet
  facet normal 0 0 -1
    outer loop
      vertex 47.599999999999994 0 0
      vertex 44.41865334794731 3.95 0
      vertex 44.5401470182737 4.196364792033312 0
    endloop
  endfacet
  facet normal 0 0 -1
    outer loop
      vertex 47.599999999999994 0 0
      vertex 44.5401470182737 4.196364792033312 0
      vertex 44.62844423520704 4.456480005284707 0
    endloop
  endfacet
  facet normal 0 0 -1
    outer loop
      vertex 47.599999999999994 0 0
      vertex 44.62844423520704 4.456480005284707 0
      vertex 44.682034208885 4.725894996337892 0
    endloop
  endfacet
  facet normal 0 0 -1
    outer loop
      vertex 47.599999999999994 0 0
      vertex 44.682034208885 4.725894996337892 0
      vertex 44.699999999999996 5 0
    endloop
  endfacet
  facet normal 0 0 1
    outer loop
      vertex 47.599999999999994 0 2.4
      vertex 43.33051371481046 4.047975991650517 2.4
      vertex 43.199999999999996 3.960769515458674 2.4
    endloop
  endfacet
  facet normal 0 0 1
    outer loop
      vertex 47.599999999999994 0 2.4
      vertex 43.44852813742385 4.151471862576143 2.4
      vertex 43.33051371481046 4.047975991650517 2.4
    endloop
  endfacet
  facet normal 0 0 1
    outer loop
      vertex 47.599999999999994 0 2.4
      vertex 43.55202400834948 4.269486285189535 2.4
      vertex 43.44852813742385 4.151471862576143 2.4
    endloop
  endfacet
  facet normal 0 0 1
    outer loop
      vertex 47.599999999999994 0 2.4
      vertex 43.63923048454132 4.4 2.4
      vertex 43.55202400834948 4.269486285189535 2.4
    endloop
  endfacet
  facet normal 0 0 1
    outer loop
      vertex 47.599999999999994 0 2.4
      vertex 43.70865543901354 4.5407798811618925 2.4
      vertex 43.63923048454132 4.4 2.4
    endloop
  endfacet
  facet normal 0 0 1
    outer loop
      vertex 47.599999999999994 0 2.4
      vertex 43.55202400834948 5.730513714810465 2.4
      vertex 43.63923048454132 5.6 2.4
    endloop
  endfacet
  facet normal 0 0 1
    outer loop
      vertex 47.599999999999994 0 2.4
      vertex 43.63923048454132 5.6 2.4
      vertex 43.70865543901354 5.4592201188381075 2.4
    endloop
  endfacet
  facet normal 0 0 1
    outer loop
      vertex 47.599999999999994 0 2.4
      vertex 43.759110991546876 4.689417145876975 2.4
      vertex 43.70865543901354 4.5407798811618925 2.4
    endloop
  endfacet
  facet normal 0 0 1
    outer loop
      vertex 47.599999999999994 0 2.4
      vertex 43.78973383364857 4.843368569335938 2.4
      vertex 43.759110991546876 4.689417145876975 2.4
    endloop
  endfacet
  facet normal 0 0 1
    outer loop
      vertex 47.599999999999994 0 2.4
      vertex 43.8 5 2.4
      vertex 43.78973383364857 4.843368569335938 2.4
    endloop
  endfacet
  facet normal 0 0 1
    outer loop
      vertex 47.599999999999994 0 2.4
      vertex 43.78973383364857 5.156631430664062 2.4
      vertex 43.8 5 2.4
    endloop
  endfacet
  facet normal 0 0 1
    outer loop
      vertex 47.599999999999994 0 2.4
      vertex 43.759110991546876 5.310582854123025 2.4
      vertex 43.78973383364857 5.156631430664062 2.4
    endloop
  endfacet
  facet normal 0 0 1
    outer loop
      vertex 47.599999999999994 0 2.4
      vertex 43.70865543901354 5.4592201188381075 2.4
      vertex 43.759110991546876 5.310582854123025 2.4
    endloop
  endfacet
  facet normal 0 0 1
    outer loop
      vertex 44.199999999999996 9.1 2.4
      vertex 43.55202400834948 5.730513714810465 2.4
      vertex 47.599999999999994 0 2.4
    endloop
  endfacet
  facet normal 0 0 1
    outer loop
      vertex 44.199999999999996 9.1 2.4
      vertex 47.599999999999994 0 2.4
      vertex 44.99999999999999 9.1 2.4
    endloop
  endfacet
  facet normal 0 0 -1
    outer loop
      vertex 42.599999999999994 7.1 0
      vertex 42.32589499633789 7.082034208885002 0
      vertex 40.635276180410074 18.936296694843723 0
    endloop
  endfacet
  facet normal 0 0 -1
    outer loop
      vertex 42.8741050036621 7.082034208885002 0
      vertex 42.599999999999994 7.1 0
      vertex 41.13073372946035 19.10448186995485 0
    endloop
  endfacet
  facet normal 0 0 -1
    outer loop
      vertex 43.14351999471529 7.0284442352070435 0
      vertex 42.8741050036621 7.082034208885002 0
      vertex 41.599999999999994 19.335898384862244 0
    endloop
  endfacet
  facet normal 0 0 -1
    outer loop
      vertex 43.40363520796668 6.940147018273702 0
      vertex 43.14351999471529 7.0284442352070435 0
      vertex 42.03504571603488 19.626586638835057 0
    endloop
  endfacet
  facet normal 0 0 -1
    outer loop
      vertex 43.64999999999999 6.818653347947321 0
      vertex 43.40363520796668 6.940147018273702 0
      vertex 42.03504571603488 19.626586638835057 0
    endloop
  endfacet
  facet normal 0 0 -1
    outer loop
      vertex 42.8741050036621 7.082034208885002 0
      vertex 41.13073372946035 19.10448186995485 0
      vertex 41.599999999999994 19.335898384862244 0
    endloop
  endfacet
  facet normal 0 0 -1
    outer loop
      vertex 41.599999999999994 19.335898384862244 0
      vertex 42.03504571603488 19.626586638835057 0
      vertex 43.14351999471529 7.0284442352070435 0
    endloop
  endfacet
  facet normal 0 0 -1
    outer loop
      vertex 43.64999999999999 6.818653347947321 0
      vertex 42.03504571603488 19.626586638835057 0
      vertex 42.428427124746186 19.971572875253806 0
    endloop
  endfacet
  facet normal 0 0 -1
    outer loop
      vertex 43.87839900091831 6.666042014611594 0
      vertex 42.428427124746186 19.971572875253806 0
      vertex 42.773413361164934 20.364954283965115 0
    endloop
  endfacet
  facet normal 0 0 -1
    outer loop
      vertex 43.87839900091831 6.666042014611594 0
      vertex 43.64999999999999 6.818653347947321 0
      vertex 42.428427124746186 19.971572875253806 0
    endloop
  endfacet
  facet normal 0 0 -1
    outer loop
      vertex 42.773413361164934 20.364954283965115 0
      vertex 44.084924240491745 6.48492424049175 0
      vertex 43.87839900091831 6.666042014611594 0
    endloop
  endfacet
  facet normal 0 0 -1
    outer loop
      vertex 44.084924240491745 6.48492424049175 0
      vertex 43.06410161513775 20.799999999999997 0
      vertex 44.266042014611585 6.278399000918314 0
    endloop
  endfacet
  facet normal 0 0 -1
    outer loop
      vertex 43.06410161513775 20.799999999999997 0
      vertex 44.084924240491745 6.48492424049175 0
      vertex 42.773413361164934 20.364954283965115 0
    endloop
  endfacet
  facet normal 0 0 1
    outer loop
      vertex 40.199999999999996 9.9 2.4
      vertex 44.199999999999996 9.9 2.4
      vertex 44.199999999999996 21.1 2.4
    endloop
  endfacet
  facet normal 0 0 -1
    outer loop
      vertex 43.29551813004514 21.26926627053964 0
      vertex 44.266042014611585 6.278399000918314 0
      vertex 43.06410161513775 20.799999999999997 0
    endloop
  endfacet
  facet normal 0 0 -1
    outer loop
      vertex 43.463703305156265 21.764723819589914 0
      vertex 44.266042014611585 6.278399000918314 0
      vertex 43.29551813004514 21.26926627053964 0
    endloop
  endfacet
  facet normal 0 0 -1
    outer loop
      vertex 43.56577944549524 22.277895231119793 0
      vertex 44.266042014611585 6.278399000918314 0
      vertex 43.463703305156265 21.764723819589914 0
    endloop
  endfacet
  facet normal 0 0 -1
    outer loop
      vertex 43.599999999999994 22.799999999999997 0
      vertex 44.266042014611585 6.278399000918314 0
      vertex 43.56577944549524 22.277895231119793 0
    endloop
  endfacet
  facet normal 0 0 -1
    outer loop
      vertex 35.73629669484372 23.83527618041008 0
      vertex 35.90448186995485 61.26926627053964 0
      vertex 35.90448186995485 24.330733729460356 0
    endloop
  endfacet
  facet normal 0 0 -1
    outer loop
      vertex 35.90448186995485 24.330733729460356 0
      vertex 36.13589838486224 60.8 0
      vertex 36.13589838486224 24.799999999999997 0
    endloop
  endfacet
  facet normal 0 0 -1
    outer loop
      vertex 36.13589838486224 24.799999999999997 0
      vertex 36.426586638835055 60.36495428396511 0
      vertex 36.426586638835055 25.23504571603488 0
    endloop
  endfacet
  facet normal 0 0 -1
    outer loop
      vertex 36.426586638835055 25.23504571603488 0
      vertex 36.7715728752538 59.971572875253806 0
      vertex 36.7715728752538 25.62842712474619 0
    endloop
  endfacet
  facet normal 0 0 -1
    outer loop
      vertex 37.16495428396511 25.973413361164937 0
      vertex 36.7715728752538 25.62842712474619 0
      vertex 37.16495428396511 59.62658663883506 0
    endloop
  endfacet
  facet normal 0 0 -1
    outer loop
      vertex 37.599999999999994 26.26410161513775 0
      vertex 37.16495428396511 25.973413361164937 0
      vertex 37.599999999999994 59.33589838486224 0
    endloop
  endfacet
  facet normal 0 0 -1
    outer loop
      vertex 38.069266270539636 26.495518130045145 0
      vertex 37.599999999999994 26.26410161513775 0
      vertex 38.069266270539636 59.10448186995485 0
    endloop
  endfacet
  facet normal 0 0 -1
    outer loop
      vertex 38.564723819589915 26.66370330515627 0
      vertex 38.069266270539636 26.495518130045145 0
      vertex 38.564723819589915 58.936296694843726 0
    endloop
  endfacet
  facet normal 0 0 -1
    outer loop
      vertex 39.07789523111979 26.765779445495237 0
      vertex 38.564723819589915 26.66370330515627 0
      vertex 39.07789523111979 58.83422055450475 0
    endloop
  endfacet
  facet normal 0 0 -1
    outer loop
      vertex 41.13073372946035 26.495518130045145 0
      vertex 40.635276180410074 26.66370330515627 0
      vertex 41.13073372946035 59.10448186995485 0
    endloop
  endfacet
  facet normal 0 0 -1
    outer loop
      vertex 41.599999999999994 26.26410161513775 0
      vertex 41.13073372946035 26.495518130045145 0
      vertex 41.599999999999994 59.33589838486224 0
    endloop
  endfacet
  facet normal 0 0 -1
    outer loop
      vertex 39.07789523111979 26.765779445495237 0
      vertex 39.599999999999994 58.8 0
      vertex 39.599999999999994 26.799999999999997 0
    endloop
  endfacet
  facet normal 0 0 -1
    outer loop
      vertex 40.1221047688802 26.765779445495237 0
      vertex 39.599999999999994 26.799999999999997 0
      vertex 40.1221047688802 58.83422055450475 0
    endloop
  endfacet
  facet normal 0 0 -1
    outer loop
      vertex 40.635276180410074 26.66370330515627 0
      vertex 40.1221047688802 26.765779445495237 0
      vertex 40.635276180410074 58.936296694843726 0
    endloop
  endfacet
  facet normal 0 0 -1
    outer loop
      vertex 44.266042014611585 6.278399000918314 0
      vertex 44.41865334794731 79.55 0
      vertex 44.41865334794731 6.05 0
    endloop
  endfacet
  facet normal 0 0 -1
    outer loop
      vertex 44.41865334794731 6.05 0
      vertex 44.5401470182737 79.7963647920333 0
      vertex 44.5401470182737 5.803635207966688 0
    endloop
  endfacet
  facet normal 0 0 -1
    outer loop
      vertex 44.5401470182737 5.803635207966688 0
      vertex 44.62844423520704 80.0564800052847 0
      vertex 44.62844423520704 5.543519994715293 0
    endloop
  endfacet
  facet normal 0 0 -1
    outer loop
      vertex 44.62844423520704 5.543519994715293 0
      vertex 44.682034208885 80.32589499633788 0
      vertex 44.682034208885 5.274105003662108 0
    endloop
  endfacet
  facet normal 0 0 -1
    outer loop
      vertex 44.699999999999996 80.6 0
      vertex 44.699999999999996 5 0
      vertex 44.682034208885 5.274105003662108 0
    endloop
  endfacet
  facet normal 1 0 0
    outer loop
      vertex 47.599999999999994 0 0
      vertex 47.599999999999994 85.6 0
      vertex 47.599999999999994 0 2.4
    endloop
  endfacet
  facet normal 0 0 -1
    outer loop
      vertex 47.599999999999994 0 0
      vertex 44.699999999999996 5 0
      vertex 47.599999999999994 85.6 0
    endloop
  endfacet
  facet normal 0 0 1
    outer loop
      vertex 47.599999999999994 0 2.4
      vertex 47.599999999999994 85.6 2.4
      vertex 44.99999999999999 9.1 2.4
    endloop
  endfacet
  facet normal 0 0 -1
    outer loop
      vertex 42.03504571603488 25.973413361164937 0
      vertex 41.599999999999994 26.26410161513775 0
      vertex 42.03504571603488 59.62658663883506 0
    endloop
  endfacet
  facet normal 0 0 -1
    outer loop
      vertex 42.03504571603488 25.973413361164937 0
      vertex 42.428427124746186 59.971572875253806 0
      vertex 42.428427124746186 25.62842712474619 0
    endloop
  endfacet
  facet normal 0 0 -1
    outer loop
      vertex 42.428427124746186 25.62842712474619 0
      vertex 42.773413361164934 60.36495428396511 0
      vertex 42.773413361164934 25.23504571603488 0
    endloop
  endfacet
  facet normal 0 0 -1
    outer loop
      vertex 42.773413361164934 25.23504571603488 0
      vertex 43.06410161513775 60.8 0
      vertex 43.06410161513775 24.799999999999997 0
    endloop
  endfacet
  facet normal 0 0 -1
    outer loop
      vertex 43.29551813004514 24.330733729460356 0
      vertex 43.463703305156265 61.76472381958992 0
      vertex 43.463703305156265 23.83527618041008 0
    endloop
  endfacet
  facet normal 0 0 -1
    outer loop
      vertex 43.06410161513775 24.799999999999997 0
      vertex 43.29551813004514 61.26926627053964 0
      vertex 43.29551813004514 24.330733729460356 0
    endloop
  endfacet
  facet normal 0 0 -1
    outer loop
      vertex 43.463703305156265 23.83527618041008 0
      vertex 43.56577944549524 62.27789523111979 0
      vertex 43.56577944549524 23.3221047688802 0
    endloop
  endfacet
  facet normal 0 0 -1
    outer loop
      vertex 44.084924240491745 79.11507575950824 0
      vertex 44.266042014611585 6.278399000918314 0
      vertex 43.599999999999994 22.799999999999997 0
    endloop
  endfacet
  facet normal 0 0 -1
    outer loop
      vertex 44.084924240491745 79.11507575950824 0
      vertex 43.599999999999994 22.799999999999997 0
      vertex 43.56577944549524 23.3221047688802 0
    endloop
  endfacet
  facet normal 0 0 1
    outer loop
      vertex 44.99999999999999 9.1 2.4
      vertex 47.599999999999994 85.6 2.4
      vertex 44.99999999999999 21.1 2.4
    endloop
  endfacet
  facet normal 0 0 -1
    outer loop
      vertex 3.7216009990816863 6.666042014611594 0
      vertex 35.63422055450475 63.3221047688802 0
      vertex 35.599999999999994 62.8 0
    endloop
  endfacet
  facet normal 0 0 -1
    outer loop
      vertex 3.7216009990816863 6.666042014611594 0
      vertex 35.73629669484372 63.83527618041008 0
      vertex 35.63422055450475 63.3221047688802 0
    endloop
  endfacet
  facet normal 0 0 -1
    outer loop
      vertex 3.7216009990816863 6.666042014611594 0
      vertex 35.90448186995485 64.33073372946036 0
      vertex 35.73629669484372 63.83527618041008 0
    endloop
  endfacet
  facet normal 0 0 -1
    outer loop
      vertex 3.7216009990816863 6.666042014611594 0
      vertex 36.13589838486224 64.8 0
      vertex 35.90448186995485 64.33073372946036 0
    endloop
  endfacet
  facet normal 0 0 -1
    outer loop
      vertex 3.7216009990816863 6.666042014611594 0
      vertex 44.084924240491745 79.11507575950824 0
      vertex 36.13589838486224 64.8 0
    endloop
  endfacet
  facet normal 0 0 -1
    outer loop
      vertex 35.73629669484372 23.83527618041008 0
      vertex 35.599999999999994 62.8 0
      vertex 35.63422055450475 62.27789523111979 0
    endloop
  endfacet
  facet normal 0 0 -1
    outer loop
      vertex 3.7216009990816863 6.666042014611594 0
      vertex 43.40363520796668 78.65985298172629 0
      vertex 43.64999999999999 78.78134665205268 0
    endloop
  endfacet
  facet normal 0 0 -1
    outer loop
      vertex 3.7216009990816863 6.666042014611594 0
      vertex 43.64999999999999 78.78134665205268 0
      vertex 43.87839900091831 78.9339579853884 0
    endloop
  endfacet
  facet normal 0 0 -1
    outer loop
      vertex 3.7216009990816863 6.666042014611594 0
      vertex 43.87839900091831 78.9339579853884 0
      vertex 44.084924240491745 79.11507575950824 0
    endloop
  endfacet
  facet normal 0 0 1
    outer loop
      vertex 7.399999999999999 75.7 2.4
      vertex 44.99999999999999 21.1 2.4
      vertex 44.199999999999996 64.5 2.4
    endloop
  endfacet
  facet normal 0 0 -1
    outer loop
      vertex 11.863703305156273 23.83527618041008 0
      vertex 43.14351999471529 78.57155576479295 0
      vertex 43.40363520796668 78.65985298172629 0
    endloop
  endfacet
  facet normal 0 0 1
    outer loop
      vertex 7.399999999999999 76.5 2.4
      vertex 40.199999999999996 75.7 2.4
      vertex 40.199999999999996 76.5 2.4
    endloop
  endfacet
  facet normal 0 0 -1
    outer loop
      vertex 0 85.6 0
      vertex 40.781346652052676 79.55 0
      vertex 40.9339579853884 79.32160099908168 0
    endloop
  endfacet
  facet normal 0 0 -1
    outer loop
      vertex 0 85.6 0
      vertex 41.115075759508244 79.11507575950824 0
      vertex 41.32160099908168 78.9339579853884 0
    endloop
  endfacet
  facet normal 0 0 -1
    outer loop
      vertex 0 85.6 0
      vertex 40.9339579853884 79.32160099908168 0
      vertex 41.115075759508244 79.11507575950824 0
    endloop
  endfacet
  facet normal 0 0 -1
    outer loop
      vertex 0 85.6 0
      vertex 40.57155576479295 80.0564800052847 0
      vertex 40.65985298172629 79.7963647920333 0
    endloop
  endfacet
  facet normal 0 0 -1
    outer loop
      vertex 0 85.6 0
      vertex 40.51796579111499 80.32589499633788 0
      vertex 40.57155576479295 80.0564800052847 0
    endloop
  endfacet
  facet normal 0 0 -1
    outer loop
      vertex 0 85.6 0
      vertex 40.49999999999999 80.6 0
      vertex 40.51796579111499 80.32589499633788 0
    endloop
  endfacet
  facet normal 0 0 -1
    outer loop
      vertex 0 85.6 0
      vertex 40.51796579111499 80.87410500366211 0
      vertex 40.49999999999999 80.6 0
    endloop
  endfacet
  facet normal 0 0 -1
    outer loop
      vertex 0 85.6 0
      vertex 40.57155576479295 81.14351999471529 0
      vertex 40.51796579111499 80.87410500366211 0
    endloop
  endfacet
  facet normal 0 0 -1
    outer loop
      vertex 0 85.6 0
      vertex 40.65985298172629 81.40363520796669 0
      vertex 40.57155576479295 81.14351999471529 0
    endloop
  endfacet
  facet normal 0 0 -1
    outer loop
      vertex 0 85.6 0
      vertex 40.65985298172629 79.7963647920333 0
      vertex 40.781346652052676 79.55 0
    endloop
  endfacet
  facet normal 0 0 -1
    outer loop
      vertex 0 85.6 0
      vertex 40.781346652052676 81.64999999999999 0
      vertex 40.65985298172629 81.40363520796669 0
    endloop
  endfacet
  facet normal 0 0 -1
    outer loop
      vertex 0 85.6 0
      vertex 40.9339579853884 81.87839900091831 0
      vertex 40.781346652052676 81.64999999999999 0
    endloop
  endfacet
  facet normal 0 0 -1
    outer loop
      vertex 0 85.6 0
      vertex 41.115075759508244 82.08492424049174 0
      vertex 40.9339579853884 81.87839900091831 0
    endloop
  endfacet
  facet normal 0 0 -1
    outer loop
      vertex 0 85.6 0
      vertex 41.32160099908168 82.26604201461159 0
      vertex 41.115075759508244 82.08492424049174 0
    endloop
  endfacet
  facet normal 0 0 -1
    outer loop
      vertex 0 85.6 0
      vertex 41.55 82.41865334794731 0
      vertex 41.32160099908168 82.26604201461159 0
    endloop
  endfacet
  facet normal 0 0 -1
    outer loop
      vertex 0 85.6 0
      vertex 41.79636479203331 82.5401470182737 0
      vertex 41.55 82.41865334794731 0
    endloop
  endfacet
  facet normal 0 0 -1
    outer loop
      vertex 0 85.6 0
      vertex 42.0564800052847 82.62844423520704 0
      vertex 41.79636479203331 82.5401470182737 0
    endloop
  endfacet
  facet normal 0 0 -1
    outer loop
      vertex 0 85.6 0
      vertex 42.32589499633789 82.682034208885 0
      vertex 42.0564800052847 82.62844423520704 0
    endloop
  endfacet
  facet normal 0 0 -1
    outer loop
      vertex 0 85.6 0
      vertex 42.599999999999994 82.69999999999999 0
      vertex 42.32589499633789 82.682034208885 0
    endloop
  endfacet
  facet normal 0 0 -1
    outer loop
      vertex 0 85.6 0
      vertex 42.8741050036621 82.682034208885 0
      vertex 42.599999999999994 82.69999999999999 0
    endloop
  endfacet
  facet normal 0 0 1
    outer loop
      vertex 0 85.6 2.4
      vertex 40.199999999999996 76.5 2.4
      vertex 41.75147186257614 79.75147186257614 2.4
    endloop
  endfacet
  facet normal 0 0 1
    outer loop
      vertex 0 85.6 2.4
      vertex 41.56076951545867 80 2.4
      vertex 41.49134456098645 80.14077988116189 2.4
    endloop
  endfacet
  facet normal 0 0 1
    outer loop
      vertex 0 85.6 2.4
      vertex 41.41026616635142 80.44336856933593 2.4
      vertex 41.39999999999999 80.6 2.4
    endloop
  endfacet
  facet normal 0 0 1
    outer loop
      vertex 0 85.6 2.4
      vertex 41.49134456098645 80.14077988116189 2.4
      vertex 41.44088900845311 80.28941714587697 2.4
    endloop
  endfacet
  facet normal 0 0 1
    outer loop
      vertex 0 85.6 2.4
      vertex 41.44088900845311 80.28941714587697 2.4
      vertex 41.41026616635142 80.44336856933593 2.4
    endloop
  endfacet
  facet normal 0 0 1
    outer loop
      vertex 0 85.6 2.4
      vertex 41.64797599165051 79.86948628518952 2.4
      vertex 41.56076951545867 80 2.4
    endloop
  endfacet
  facet normal 0 0 1
    outer loop
      vertex 0 85.6 2.4
      vertex 41.75147186257614 79.75147186257614 2.4
      vertex 41.64797599165051 79.86948628518952 2.4
    endloop
  endfacet
  facet normal 0 0 1
    outer loop
      vertex 0 85.6 2.4
      vertex 41.39999999999999 80.6 2.4
      vertex 41.41026616635142 80.75663143066406 2.4
    endloop
  endfacet
  facet normal 0 0 1
    outer loop
      vertex 0 85.6 2.4
      vertex 41.41026616635142 80.75663143066406 2.4
      vertex 41.44088900845311 80.91058285412302 2.4
    endloop
  endfacet
  facet normal 0 0 1
    outer loop
      vertex 0 85.6 2.4
      vertex 41.44088900845311 80.91058285412302 2.4
      vertex 41.49134456098645 81.0592201188381 2.4
    endloop
  endfacet
  facet normal 0 0 1
    outer loop
      vertex 0 85.6 2.4
      vertex 41.49134456098645 81.0592201188381 2.4
      vertex 41.56076951545867 81.19999999999999 2.4
    endloop
  endfacet
  facet normal 0 0 1
    outer loop
      vertex 0 85.6 2.4
      vertex 41.56076951545867 81.19999999999999 2.4
      vertex 41.64797599165051 81.33051371481046 2.4
    endloop
  endfacet
  facet normal 0 0 1
    outer loop
      vertex 0 85.6 2.4
      vertex 41.64797599165051 81.33051371481046 2.4
      vertex 41.75147186257614 81.44852813742385 2.4
    endloop
  endfacet
  facet normal 0 0 1
    outer loop
      vertex 0 85.6 2.4
      vertex 41.75147186257614 81.44852813742385 2.4
      vertex 41.86948628518953 81.55202400834948 2.4
    endloop
  endfacet
  facet normal 0 0 1
    outer loop
      vertex 0 85.6 2.4
      vertex 41.86948628518953 81.55202400834948 2.4
      vertex 41.99999999999999 81.63923048454132 2.4
    endloop
  endfacet
  facet normal 0 0 1
    outer loop
      vertex 0 85.6 2.4
      vertex 41.99999999999999 81.63923048454132 2.4
      vertex 42.14077988116188 81.70865543901354 2.4
    endloop
  endfacet
  facet normal 0 0 1
    outer loop
      vertex 0 85.6 2.4
      vertex 42.14077988116188 81.70865543901354 2.4
      vertex 42.28941714587697 81.75911099154688 2.4
    endloop
  endfacet
  facet normal 0 0 1
    outer loop
      vertex 0 85.6 2.4
      vertex 42.28941714587697 81.75911099154688 2.4
      vertex 42.44336856933593 81.78973383364857 2.4
    endloop
  endfacet
  facet normal 0 0 1
    outer loop
      vertex 0 85.6 2.4
      vertex 42.44336856933593 81.78973383364857 2.4
      vertex 42.599999999999994 81.8 2.4
    endloop
  endfacet
  facet normal 0 0 1
    outer loop
      vertex 0 85.6 2.4
      vertex 42.599999999999994 81.8 2.4
      vertex 42.75663143066406 81.78973383364857 2.4
    endloop
  endfacet
  facet normal 0 0 -1
    outer loop
      vertex 12 62.8 0
      vertex 41.32160099908168 78.9339579853884 0
      vertex 41.55 78.78134665205268 0
    endloop
  endfacet
  facet normal 0 0 -1
    outer loop
      vertex 11.965779445495242 62.27789523111979 0
      vertex 41.55 78.78134665205268 0
      vertex 41.79636479203331 78.65985298172629 0
    endloop
  endfacet
  facet normal 0 0 -1
    outer loop
      vertex 11.863703305156273 61.76472381958992 0
      vertex 41.79636479203331 78.65985298172629 0
      vertex 42.0564800052847 78.57155576479295 0
    endloop
  endfacet
  facet normal 0 0 -1
    outer loop
      vertex 11.695518130045148 61.26926627053964 0
      vertex 42.0564800052847 78.57155576479295 0
      vertex 42.32589499633789 78.51796579111499 0
    endloop
  endfacet
  facet normal 0 0 -1
    outer loop
      vertex 11.464101615137753 60.8 0
      vertex 42.32589499633789 78.51796579111499 0
      vertex 42.599999999999994 78.5 0
    endloop
  endfacet
  facet normal 0 0 -1
    outer loop
      vertex 11.17341336116494 60.36495428396511 0
      vertex 42.599999999999994 78.5 0
      vertex 42.8741050036621 78.51796579111499 0
    endloop
  endfacet
  facet normal 0 0 -1
    outer loop
      vertex 10.82842712474619 59.971572875253806 0
      vertex 42.8741050036621 78.51796579111499 0
      vertex 43.14351999471529 78.57155576479295 0
    endloop
  endfacet
  facet normal 0 0 1
    outer loop
      vertex 7.399999999999999 75.7 2.4
      vertex 44.199999999999996 64.5 2.4
      vertex 40.199999999999996 75.7 2.4
    endloop
  endfacet
  facet normal 0 0 -1
    outer loop
      vertex 0 85.6 0
      vertex 47.599999999999994 85.6 0
      vertex 42.8741050036621 82.682034208885 0
    endloop
  endfacet
  facet normal 0 1 0
    outer loop
      vertex 0 85.6 2.4
      vertex 47.599999999999994 85.6 2.4
      vertex 47.599999999999994 85.6 0
    endloop
  endfacet
  facet normal 0 0 1
    outer loop
      vertex 0 85.6 2.4
      vertex 42.75663143066406 81.78973383364857 2.4
      vertex 47.599999999999994 85.6 2.4
    endloop
  endfacet
  facet normal 0 0 -1
    outer loop
      vertex 35.90448186995485 24.330733729460356 0
      vertex 35.90448186995485 61.26926627053964 0
      vertex 36.13589838486224 60.8 0
    endloop
  endfacet
  facet normal 0 0 -1
    outer loop
      vertex 35.73629669484372 23.83527618041008 0
      vertex 35.73629669484372 61.76472381958992 0
      vertex 35.90448186995485 61.26926627053964 0
    endloop
  endfacet
  facet normal 0 0 -1
    outer loop
      vertex 35.73629669484372 23.83527618041008 0
      vertex 35.63422055450475 62.27789523111979 0
      vertex 35.73629669484372 61.76472381958992 0
    endloop
  endfacet
  facet normal 0 0 -1
    outer loop
      vertex 36.13589838486224 24.799999999999997 0
      vertex 36.13589838486224 60.8 0
      vertex 36.426586638835055 60.36495428396511 0
    endloop
  endfacet
  facet normal 0 0 -1
    outer loop
      vertex 36.426586638835055 25.23504571603488 0
      vertex 36.426586638835055 60.36495428396511 0
      vertex 36.7715728752538 59.971572875253806 0
    endloop
  endfacet
  facet normal 0 0 -1
    outer loop
      vertex 36.7715728752538 25.62842712474619 0
      vertex 36.7715728752538 59.971572875253806 0
      vertex 37.16495428396511 59.62658663883506 0
    endloop
  endfacet
  facet normal 0 0 -1
    outer loop
      vertex 37.16495428396511 25.973413361164937 0
      vertex 37.16495428396511 59.62658663883506 0
      vertex 37.599999999999994 59.33589838486224 0
    endloop
  endfacet
  facet normal 0 0 -1
    outer loop
      vertex 37.599999999999994 26.26410161513775 0
      vertex 37.599999999999994 59.33589838486224 0
      vertex 38.069266270539636 59.10448186995485 0
    endloop
  endfacet
  facet normal 0 0 -1
    outer loop
      vertex 38.069266270539636 26.495518130045145 0
      vertex 38.069266270539636 59.10448186995485 0
      vertex 38.564723819589915 58.936296694843726 0
    endloop
  endfacet
  facet normal 0 0 -1
    outer loop
      vertex 38.564723819589915 26.66370330515627 0
      vertex 38.564723819589915 58.936296694843726 0
      vertex 39.07789523111979 58.83422055450475 0
    endloop
  endfacet
  facet normal 0 0 -1
    outer loop
      vertex 39.07789523111979 26.765779445495237 0
      vertex 39.07789523111979 58.83422055450475 0
      vertex 39.599999999999994 58.8 0
    endloop
  endfacet
  facet normal 0 0 -1
    outer loop
      vertex 39.599999999999994 26.799999999999997 0
      vertex 39.599999999999994 58.8 0
      vertex 40.1221047688802 58.83422055450475 0
    endloop
  endfacet
  facet normal 0 0 -1
    outer loop
      vertex 40.1221047688802 26.765779445495237 0
      vertex 40.1221047688802 58.83422055450475 0
      vertex 40.635276180410074 58.936296694843726 0
    endloop
  endfacet
  facet normal 0 0 -1
    outer loop
      vertex 40.635276180410074 26.66370330515627 0
      vertex 40.635276180410074 58.936296694843726 0
      vertex 41.13073372946035 59.10448186995485 0
    endloop
  endfacet
  facet normal 0 0 -1
    outer loop
      vertex 41.13073372946035 26.495518130045145 0
      vertex 41.13073372946035 59.10448186995485 0
      vertex 41.599999999999994 59.33589838486224 0
    endloop
  endfacet
  facet normal 0 0 -1
    outer loop
      vertex 41.599999999999994 26.26410161513775 0
      vertex 41.599999999999994 59.33589838486224 0
      vertex 42.03504571603488 59.62658663883506 0
    endloop
  endfacet
  facet normal 0 0 -1
    outer loop
      vertex 42.03504571603488 25.973413361164937 0
      vertex 42.03504571603488 59.62658663883506 0
      vertex 42.428427124746186 59.971572875253806 0
    endloop
  endfacet
  facet normal 0 0 -1
    outer loop
      vertex 42.428427124746186 25.62842712474619 0
      vertex 42.428427124746186 59.971572875253806 0
      vertex 42.773413361164934 60.36495428396511 0
    endloop
  endfacet
  facet normal 0 0 -1
    outer loop
      vertex 42.773413361164934 25.23504571603488 0
      vertex 42.773413361164934 60.36495428396511 0
      vertex 43.06410161513775 60.8 0
    endloop
  endfacet
  facet normal 0 0 -1
    outer loop
      vertex 43.06410161513775 24.799999999999997 0
      vertex 43.06410161513775 60.8 0
      vertex 43.29551813004514 61.26926627053964 0
    endloop
  endfacet
  facet normal 0 0 -1
    outer loop
      vertex 43.29551813004514 24.330733729460356 0
      vertex 43.29551813004514 61.26926627053964 0
      vertex 43.463703305156265 61.76472381958992 0
    endloop
  endfacet
  facet normal 0 0 -1
    outer loop
      vertex 43.463703305156265 23.83527618041008 0
      vertex 43.463703305156265 61.76472381958992 0
      vertex 43.56577944549524 62.27789523111979 0
    endloop
  endfacet
  facet normal 0 0 -1
    outer loop
      vertex 43.56577944549524 23.3221047688802 0
      vertex 43.56577944549524 62.27789523111979 0
      vertex 43.599999999999994 62.8 0
    endloop
  endfacet
  facet normal 0 0 1
    outer loop
      vertex 44.99999999999999 21.1 2.4
      vertex 44.99999999999999 64.5 2.4
      vertex 44.199999999999996 64.5 2.4
    endloop
  endfacet
  facet normal 0 0 -1
    outer loop
      vertex 44.084924240491745 79.11507575950824 0
      vertex 43.56577944549524 23.3221047688802 0
      vertex 43.599999999999994 62.8 0
    endloop
  endfacet
  facet normal 0 0 -1
    outer loop
      vertex 44.266042014611585 6.278399000918314 0
      vertex 44.084924240491745 79.11507575950824 0
      vertex 44.266042014611585 79.32160099908168 0
    endloop
  endfacet
  facet normal 0 0 -1
    outer loop
      vertex 44.266042014611585 6.278399000918314 0
      vertex 44.266042014611585 79.32160099908168 0
      vertex 44.41865334794731 79.55 0
    endloop
  endfacet
  facet normal 0 0 -1
    outer loop
      vertex 44.41865334794731 6.05 0
      vertex 44.41865334794731 79.55 0
      vertex 44.5401470182737 79.7963647920333 0
    endloop
  endfacet
  facet normal 0 0 -1
    outer loop
      vertex 44.5401470182737 5.803635207966688 0
      vertex 44.5401470182737 79.7963647920333 0
      vertex 44.62844423520704 80.0564800052847 0
    endloop
  endfacet
  facet normal 0 0 -1
    outer loop
      vertex 44.62844423520704 5.543519994715293 0
      vertex 44.62844423520704 80.0564800052847 0
      vertex 44.682034208885 80.32589499633788 0
    endloop
  endfacet
  facet normal 0 0 -1
    outer loop
      vertex 44.699999999999996 80.6 0
      vertex 44.682034208885 5.274105003662108 0
      vertex 44.682034208885 80.32589499633788 0
    endloop
  endfacet
  facet normal 0 0 -1
    outer loop
      vertex 47.599999999999994 85.6 0
      vertex 44.699999999999996 5 0
      vertex 44.699999999999996 80.6 0
    endloop
  endfacet
  facet normal 1 0 0
    outer loop
      vertex 47.599999999999994 0 2.4
      vertex 47.599999999999994 85.6 0
      vertex 47.599999999999994 85.6 2.4
    endloop
  endfacet
  facet normal 0 0 1
    outer loop
      vertex 44.99999999999999 21.1 2.4
      vertex 47.599999999999994 85.6 2.4
      vertex 44.99999999999999 64.5 2.4
    endloop
  endfacet
  facet normal 0 0 -1
    outer loop
      vertex 44.084924240491745 79.11507575950824 0
      vertex 36.426586638835055 65.23504571603488 0
      vertex 36.13589838486224 64.8 0
    endloop
  endfacet
  facet normal 0 0 -1
    outer loop
      vertex 44.084924240491745 79.11507575950824 0
      vertex 36.7715728752538 65.62842712474618 0
      vertex 36.426586638835055 65.23504571603488 0
    endloop
  endfacet
  facet normal 0 0 -1
    outer loop
      vertex 44.084924240491745 79.11507575950824 0
      vertex 37.16495428396511 65.97341336116494 0
      vertex 36.7715728752538 65.62842712474618 0
    endloop
  endfacet
  facet normal 0 0 -1
    outer loop
      vertex 44.084924240491745 79.11507575950824 0
      vertex 37.599999999999994 66.26410161513775 0
      vertex 37.16495428396511 65.97341336116494 0
    endloop
  endfacet
  facet normal 0 0 -1
    outer loop
      vertex 44.084924240491745 79.11507575950824 0
      vertex 38.069266270539636 66.49551813004514 0
      vertex 37.599999999999994 66.26410161513775 0
    endloop
  endfacet
  facet normal 0 0 -1
    outer loop
      vertex 44.084924240491745 79.11507575950824 0
      vertex 38.564723819589915 66.66370330515628 0
      vertex 38.069266270539636 66.49551813004514 0
    endloop
  endfacet
  facet normal 0 0 -1
    outer loop
      vertex 44.084924240491745 79.11507575950824 0
      vertex 39.07789523111979 66.76577944549524 0
      vertex 38.564723819589915 66.66370330515628 0
    endloop
  endfacet
  facet normal 0 0 -1
    outer loop
      vertex 44.084924240491745 79.11507575950824 0
      vertex 40.635276180410074 66.66370330515628 0
      vertex 40.1221047688802 66.76577944549524 0
    endloop
  endfacet
  facet normal 0 0 -1
    outer loop
      vertex 44.084924240491745 79.11507575950824 0
      vertex 39.599999999999994 66.8 0
      vertex 39.07789523111979 66.76577944549524 0
    endloop
  endfacet
  facet normal 0 0 -1
    outer loop
      vertex 44.084924240491745 79.11507575950824 0
      vertex 40.1221047688802 66.76577944549524 0
      vertex 39.599999999999994 66.8 0
    endloop
  endfacet
  facet normal 0 0 1
    outer loop
      vertex 40.199999999999996 76.5 2.4
      vertex 41.86948628518953 79.64797599165051 2.4
      vertex 41.75147186257614 79.75147186257614 2.4
    endloop
  endfacet
  facet normal 0 0 1
    outer loop
      vertex 40.199999999999996 76.5 2.4
      vertex 41.99999999999999 79.56076951545867 2.4
      vertex 41.86948628518953 79.64797599165051 2.4
    endloop
  endfacet
  facet normal 0 0 1
    outer loop
      vertex 40.199999999999996 76.5 2.4
      vertex 42.14077988116188 79.49134456098645 2.4
      vertex 41.99999999999999 79.56076951545867 2.4
    endloop
  endfacet
  facet normal 0 0 1
    outer loop
      vertex 40.199999999999996 76.5 2.4
      vertex 42.28941714587697 79.44088900845311 2.4
      vertex 42.14077988116188 79.49134456098645 2.4
    endloop
  endfacet
  facet normal 0 0 1
    outer loop
      vertex 40.199999999999996 76.5 2.4
      vertex 42.44336856933593 79.41026616635142 2.4
      vertex 42.28941714587697 79.44088900845311 2.4
    endloop
  endfacet
  facet normal 0 0 -1
    outer loop
      vertex 44.084924240491745 79.11507575950824 0
      vertex 43.29551813004514 64.33073372946036 0
      vertex 43.06410161513775 64.8 0
    endloop
  endfacet
  facet normal 0 0 -1
    outer loop
      vertex 44.084924240491745 79.11507575950824 0
      vertex 43.599999999999994 62.8 0
      vertex 43.56577944549524 63.3221047688802 0
    endloop
  endfacet
  facet normal 0 0 -1
    outer loop
      vertex 44.084924240491745 79.11507575950824 0
      vertex 43.56577944549524 63.3221047688802 0
      vertex 43.463703305156265 63.83527618041008 0
    endloop
  endfacet
  facet normal 0 0 -1
    outer loop
      vertex 44.084924240491745 79.11507575950824 0
      vertex 43.463703305156265 63.83527618041008 0
      vertex 43.29551813004514 64.33073372946036 0
    endloop
  endfacet
  facet normal 0 0 -1
    outer loop
      vertex 44.084924240491745 79.11507575950824 0
      vertex 41.13073372946035 66.49551813004514 0
      vertex 40.635276180410074 66.66370330515628 0
    endloop
  endfacet
  facet normal 0 0 -1
    outer loop
      vertex 44.084924240491745 79.11507575950824 0
      vertex 41.599999999999994 66.26410161513775 0
      vertex 41.13073372946035 66.49551813004514 0
    endloop
  endfacet
  facet normal 0 0 -1
    outer loop
      vertex 44.084924240491745 79.11507575950824 0
      vertex 42.03504571603488 65.97341336116494 0
      vertex 41.599999999999994 66.26410161513775 0
    endloop
  endfacet
  facet normal 0 0 -1
    outer loop
      vertex 44.084924240491745 79.11507575950824 0
      vertex 42.773413361164934 65.23504571603488 0
      vertex 42.428427124746186 65.62842712474618 0
    endloop
  endfacet
  facet normal 0 0 -1
    outer loop
      vertex 44.084924240491745 79.11507575950824 0
      vertex 42.428427124746186 65.62842712474618 0
      vertex 42.03504571603488 65.97341336116494 0
    endloop
  endfacet
  facet normal 0 0 -1
    outer loop
      vertex 44.084924240491745 79.11507575950824 0
      vertex 43.06410161513775 64.8 0
      vertex 42.773413361164934 65.23504571603488 0
    endloop
  endfacet
  facet normal 0 0 1
    outer loop
      vertex 40.199999999999996 75.7 2.4
      vertex 44.199999999999996 64.5 2.4
      vertex 44.199999999999996 75.7 2.4
    endloop
  endfacet
  facet normal 0 0 1
    outer loop
      vertex 40.199999999999996 76.5 2.4
      vertex 44.199999999999996 76.5 2.4
      vertex 42.44336856933593 79.41026616635142 2.4
    endloop
  endfacet
  facet normal 0 0 1
    outer loop
      vertex 44.199999999999996 76.5 2.4
      vertex 42.599999999999994 79.39999999999999 2.4
      vertex 42.44336856933593 79.41026616635142 2.4
    endloop
  endfacet
  facet normal 0 0 1
    outer loop
      vertex 44.199999999999996 76.5 2.4
      vertex 42.75663143066406 79.41026616635142 2.4
      vertex 42.599999999999994 79.39999999999999 2.4
    endloop
  endfacet
  facet normal 0 0 1
    outer loop
      vertex 44.199999999999996 76.5 2.4
      vertex 42.91058285412302 79.44088900845311 2.4
      vertex 42.75663143066406 79.41026616635142 2.4
    endloop
  endfacet
  facet normal 0 0 1
    outer loop
      vertex 44.199999999999996 76.5 2.4
      vertex 43.059220118838105 79.49134456098645 2.4
      vertex 42.91058285412302 79.44088900845311 2.4
    endloop
  endfacet
  facet normal 0 0 1
    outer loop
      vertex 44.199999999999996 76.5 2.4
      vertex 43.199999999999996 79.56076951545867 2.4
      vertex 43.059220118838105 79.49134456098645 2.4
    endloop
  endfacet
  facet normal 0 0 1
    outer loop
      vertex 44.199999999999996 76.5 2.4
      vertex 43.33051371481046 79.64797599165051 2.4
      vertex 43.199999999999996 79.56076951545867 2.4
    endloop
  endfacet
  facet normal 0 0 1
    outer loop
      vertex 44.199999999999996 76.5 2.4
      vertex 43.44852813742385 79.75147186257614 2.4
      vertex 43.33051371481046 79.64797599165051 2.4
    endloop
  endfacet
  facet normal 0 0 1
    outer loop
      vertex 44.199999999999996 76.5 2.4
      vertex 43.55202400834948 79.86948628518952 2.4
      vertex 43.44852813742385 79.75147186257614 2.4
    endloop
  endfacet
  facet normal 0 0 -1
    outer loop
      vertex 47.599999999999994 85.6 0
      vertex 43.14351999471529 82.62844423520704 0
      vertex 42.8741050036621 82.682034208885 0
    endloop
  endfacet
  facet normal 0 0 1
    outer loop
      vertex 47.599999999999994 85.6 2.4
      vertex 42.75663143066406 81.78973383364857 2.4
      vertex 42.91058285412302 81.75911099154688 2.4
    endloop
  endfacet
  facet normal 0 0 1
    outer loop
      vertex 47.599999999999994 85.6 2.4
      vertex 42.91058285412302 81.75911099154688 2.4
      vertex 43.059220118838105 81.70865543901354 2.4
    endloop
  endfacet
  facet normal 0 0 1
    outer loop
      vertex 47.599999999999994 85.6 2.4
      vertex 43.059220118838105 81.70865543901354 2.4
      vertex 43.199999999999996 81.63923048454132 2.4
    endloop
  endfacet
  facet normal 0 0 1
    outer loop
      vertex 44.99999999999999 64.5 2.4
      vertex 47.599999999999994 85.6 2.4
      vertex 44.99999999999999 76.5 2.4
    endloop
  endfacet
  facet normal 0 0 1
    outer loop
      vertex 44.199999999999996 76.5 2.4
      vertex 44.99999999999999 76.5 2.4
      vertex 47.599999999999994 85.6 2.4
    endloop
  endfacet
  facet normal 0 0 -1
    outer loop
      vertex 47.599999999999994 85.6 0
      vertex 44.5401470182737 81.40363520796669 0
      vertex 44.41865334794731 81.64999999999999 0
    endloop
  endfacet
  facet normal 0 0 -1
    outer loop
      vertex 47.599999999999994 85.6 0
      vertex 44.682034208885 80.87410500366211 0
      vertex 44.62844423520704 81.14351999471529 0
    endloop
  endfacet
  facet normal 0 0 -1
    outer loop
      vertex 47.599999999999994 85.6 0
      vertex 44.699999999999996 80.6 0
      vertex 44.682034208885 80.87410500366211 0
    endloop
  endfacet
  facet normal 0 0 -1
    outer loop
      vertex 47.599999999999994 85.6 0
      vertex 44.62844423520704 81.14351999471529 0
      vertex 44.5401470182737 81.40363520796669 0
    endloop
  endfacet
  facet normal 0 0 -1
    outer loop
      vertex 47.599999999999994 85.6 0
      vertex 43.40363520796668 82.5401470182737 0
      vertex 43.14351999471529 82.62844423520704 0
    endloop
  endfacet
  facet normal 0 0 -1
    outer loop
      vertex 47.599999999999994 85.6 0
      vertex 43.64999999999999 82.41865334794731 0
      vertex 43.40363520796668 82.5401470182737 0
    endloop
  endfacet
  facet normal 0 0 -1
    outer loop
      vertex 47.599999999999994 85.6 0
      vertex 43.87839900091831 82.26604201461159 0
      vertex 43.64999999999999 82.41865334794731 0
    endloop
  endfacet
  facet normal 0 0 -1
    outer loop
      vertex 47.599999999999994 85.6 0
      vertex 44.266042014611585 81.87839900091831 0
      vertex 44.084924240491745 82.08492424049174 0
    endloop
  endfacet
  facet normal 0 0 -1
    outer loop
      vertex 47.599999999999994 85.6 0
      vertex 44.084924240491745 82.08492424049174 0
      vertex 43.87839900091831 82.26604201461159 0
    endloop
  endfacet
  facet normal 0 0 -1
    outer loop
      vertex 47.599999999999994 85.6 0
      vertex 44.41865334794731 81.64999999999999 0
      vertex 44.266042014611585 81.87839900091831 0
    endloop
  endfacet
  facet normal 0 0 1
    outer loop
      vertex 44.199999999999996 76.5 2.4
      vertex 47.599999999999994 85.6 2.4
      vertex 43.55202400834948 79.86948628518952 2.4
    endloop
  endfacet
  facet normal 0 0 1
    outer loop
      vertex 47.599999999999994 85.6 2.4
      vertex 43.63923048454132 80 2.4
      vertex 43.55202400834948 79.86948628518952 2.4
    endloop
  endfacet
  facet normal 0 0 1
    outer loop
      vertex 47.599999999999994 85.6 2.4
      vertex 43.70865543901354 80.14077988116189 2.4
      vertex 43.63923048454132 80 2.4
    endloop
  endfacet
  facet normal 0 0 1
    outer loop
      vertex 47.599999999999994 85.6 2.4
      vertex 43.33051371481046 81.55202400834948 2.4
      vertex 43.44852813742385 81.44852813742385 2.4
    endloop
  endfacet
  facet normal 0 0 1
    outer loop
      vertex 47.599999999999994 85.6 2.4
      vertex 43.44852813742385 81.44852813742385 2.4
      vertex 43.55202400834948 81.33051371481046 2.4
    endloop
  endfacet
  facet normal 0 0 1
    outer loop
      vertex 47.599999999999994 85.6 2.4
      vertex 43.55202400834948 81.33051371481046 2.4
      vertex 43.63923048454132 81.19999999999999 2.4
    endloop
  endfacet
  facet normal 0 0 1
    outer loop
      vertex 47.599999999999994 85.6 2.4
      vertex 43.63923048454132 81.19999999999999 2.4
      vertex 43.70865543901354 81.0592201188381 2.4
    endloop
  endfacet
  facet normal 0 0 1
    outer loop
      vertex 47.599999999999994 85.6 2.4
      vertex 43.759110991546876 80.28941714587697 2.4
      vertex 43.70865543901354 80.14077988116189 2.4
    endloop
  endfacet
  facet normal 0 0 1
    outer loop
      vertex 47.599999999999994 85.6 2.4
      vertex 43.78973383364857 80.44336856933593 2.4
      vertex 43.759110991546876 80.28941714587697 2.4
    endloop
  endfacet
  facet normal 0 0 1
    outer loop
      vertex 47.599999999999994 85.6 2.4
      vertex 43.8 80.6 2.4
      vertex 43.78973383364857 80.44336856933593 2.4
    endloop
  endfacet
  facet normal 0 0 1
    outer loop
      vertex 47.599999999999994 85.6 2.4
      vertex 43.78973383364857 80.75663143066406 2.4
      vertex 43.8 80.6 2.4
    endloop
  endfacet
  facet normal 0 0 1
    outer loop
      vertex 47.599999999999994 85.6 2.4
      vertex 43.759110991546876 80.91058285412302 2.4
      vertex 43.78973383364857 80.75663143066406 2.4
    endloop
  endfacet
  facet normal 0 0 1
    outer loop
      vertex 47.599999999999994 85.6 2.4
      vertex 43.70865543901354 81.0592201188381 2.4
      vertex 43.759110991546876 80.91058285412302 2.4
    endloop
  endfacet
  facet normal 0 0 1
    outer loop
      vertex 47.599999999999994 85.6 2.4
      vertex 43.199999999999996 81.63923048454132 2.4
      vertex 43.33051371481046 81.55202400834948 2.4
    endloop
  endfacet
  facet normal 0.44228869021900463 0.8968727415326866 0
    outer loop
      vertex 4.4 3.960769515458674 1.6000000000000003
      vertex 4.4 3.960769515458674 2.4
      vertex 4.5407798811618925 3.8913445609864556 1.6000000000000003
    endloop
  endfacet
  facet normal 0.5555702330195964 0.8314696123025491 0
    outer loop
      vertex 4.4 3.960769515458674 1.6000000000000003
      vertex 4.269486285189535 4.047975991650517 2.4
      vertex 4.4 3.960769515458674 2.4
    endloop
  endfacet
  facet normal 0.9469301294951059 0.32143946530316087 0
    outer loop
      vertex 3.840889008453118 4.689417145876975 1.6000000000000003
      vertex 3.840889008453118 4.689417145876975 2.4
      vertex 3.8913445609864556 4.5407798811618925 1.6000000000000003
    endloop
  endfacet
  facet normal 0.7518398074789753 0.6593458151000713 0
    outer loop
      vertex 4.047975991650517 4.269486285189535 1.6000000000000003
      vertex 4.047975991650517 4.269486285189535 2.4
      vertex 4.151471862576143 4.151471862576143 1.6000000000000003
    endloop
  endfacet
  facet normal 0.8968727415326866 0.44228869021900463 -1.8192646896699624e-18
    outer loop
      vertex 3.960769515458674 4.4 1.6000000000000003
      vertex 3.8913445609864556 4.5407798811618925 1.6000000000000003
      vertex 3.8913445609864556 4.5407798811618925 2.4
    endloop
  endfacet
  facet normal 0.8314696123025491 0.5555702330195964 0
    outer loop
      vertex 3.960769515458674 4.4 1.6000000000000003
      vertex 3.960769515458674 4.4 2.4
      vertex 4.047975991650517 4.269486285189535 1.6000000000000003
    endloop
  endfacet
  facet normal 0.9469301294951059 0.32143946530316087 0
    outer loop
      vertex 3.8913445609864556 4.5407798811618925 1.6000000000000003
      vertex 3.840889008453118 4.689417145876975 2.4
      vertex 3.8913445609864556 4.5407798811618925 2.4
    endloop
  endfacet
  facet normal 0.8314696123025491 0.5555702330195964 0
    outer loop
      vertex 4.047975991650517 4.269486285189535 1.6000000000000003
      vertex 3.960769515458674 4.4 2.4
      vertex 4.047975991650517 4.269486285189535 2.4
    endloop
  endfacet
  facet normal 0.8968727415326866 0.44228869021900463 0
    outer loop
      vertex 3.960769515458674 4.4 1.6000000000000003
      vertex 3.8913445609864556 4.5407798811618925 2.4
      vertex 3.960769515458674 4.4 2.4
    endloop
  endfacet
  facet normal 0.9978589232386035 0.06540312923014535 6.126168190585569e-19
    outer loop
      vertex 3.8102661663514277 4.843368569335938 1.6000000000000003
      vertex 3.8 5 1.6000000000000003
      vertex 3.8 5 2.4
    endloop
  endfacet
  facet normal 0.9807852804032309 0.19509032201612658 2.825285222985564e-18
    outer loop
      vertex 3.840889008453118 4.689417145876975 1.6000000000000003
      vertex 3.8102661663514277 4.843368569335938 1.6000000000000003
      vertex 3.8102661663514277 4.843368569335938 2.4
    endloop
  endfacet
  facet normal 0.9978589232386035 -0.06540312923014535 -6.126168190585569e-19
    outer loop
      vertex 3.8 5 1.6000000000000003
      vertex 3.8102661663514277 5.156631430664062 1.6000000000000003
      vertex 3.8102661663514277 5.156631430664062 2.4
    endloop
  endfacet
  facet normal 0.9807852804032309 -0.19509032201612658 -2.825285222985564e-18
    outer loop
      vertex 3.8102661663514277 5.156631430664062 1.6000000000000003
      vertex 3.840889008453118 5.310582854123025 1.6000000000000003
      vertex 3.840889008453118 5.310582854123025 2.4
    endloop
  endfacet
  facet normal 0.9978589232386035 0.06540312923014535 0
    outer loop
      vertex 3.8102661663514277 4.843368569335938 1.6000000000000003
      vertex 3.8 5 2.4
      vertex 3.8102661663514277 4.843368569335938 2.4
    endloop
  endfacet
  facet normal 0.9807852804032309 0.19509032201612658 0
    outer loop
      vertex 3.840889008453118 4.689417145876975 1.6000000000000003
      vertex 3.8102661663514277 4.843368569335938 2.4
      vertex 3.840889008453118 4.689417145876975 2.4
    endloop
  endfacet
  facet normal 0.9978589232386035 -0.06540312923014535 0
    outer loop
      vertex 3.8 5 1.6000000000000003
      vertex 3.8102661663514277 5.156631430664062 2.4
      vertex 3.8 5 2.4
    endloop
  endfacet
  facet normal 0.9807852804032309 -0.19509032201612658 0
    outer loop
      vertex 3.8102661663514277 5.156631430664062 1.6000000000000003
      vertex 3.840889008453118 5.310582854123025 2.4
      vertex 3.8102661663514277 5.156631430664062 2.4
    endloop
  endfacet
  facet normal 0.6593458151000713 0.7518398074789753 0
    outer loop
      vertex 4.151471862576143 4.151471862576143 1.6000000000000003
      vertex 4.151471862576143 4.151471862576143 2.4
      vertex 4.269486285189535 4.047975991650517 1.6000000000000003
    endloop
  endfacet
  facet normal 0.5555702330195964 0.8314696123025491 0
    outer loop
      vertex 4.269486285189535 4.047975991650517 1.6000000000000003
      vertex 4.269486285189535 4.047975991650517 2.4
      vertex 4.4 3.960769515458674 1.6000000000000003
    endloop
  endfacet
  facet normal 0.7518398074789753 0.6593458151000713 0
    outer loop
      vertex 4.151471862576143 4.151471862576143 1.6000000000000003
      vertex 4.047975991650517 4.269486285189535 2.4
      vertex 4.151471862576143 4.151471862576143 2.4
    endloop
  endfacet
  facet normal 0.6593458151000713 0.7518398074789753 0
    outer loop
      vertex 4.269486285189535 4.047975991650517 1.6000000000000003
      vertex 4.151471862576143 4.151471862576143 2.4
      vertex 4.269486285189535 4.047975991650517 2.4
    endloop
  endfacet
  facet normal 0.32143946530316087 0.9469301294951059 0
    outer loop
      vertex 4.5407798811618925 3.8913445609864556 1.6000000000000003
      vertex 4.5407798811618925 3.8913445609864556 2.4
      vertex 4.689417145876975 3.840889008453118 1.6000000000000003
    endloop
  endfacet
  facet normal 0.19509032201612658 0.9807852804032309 0
    outer loop
      vertex 4.689417145876975 3.840889008453118 1.6000000000000003
      vertex 4.689417145876975 3.840889008453118 2.4
      vertex 4.843368569335938 3.8102661663514277 1.6000000000000003
    endloop
  endfacet
  facet normal 0.44228869021900463 0.8968727415326866 0
    outer loop
      vertex 4.5407798811618925 3.8913445609864556 1.6000000000000003
      vertex 4.4 3.960769515458674 2.4
      vertex 4.5407798811618925 3.8913445609864556 2.4
    endloop
  endfacet
  facet normal 0.32143946530316087 0.9469301294951059 0
    outer loop
      vertex 4.689417145876975 3.840889008453118 1.6000000000000003
      vertex 4.5407798811618925 3.8913445609864556 2.4
      vertex 4.689417145876975 3.840889008453118 2.4
    endloop
  endfacet
  facet normal 0.19509032201612658 0.9807852804032309 0
    outer loop
      vertex 4.843368569335938 3.8102661663514277 1.6000000000000003
      vertex 4.689417145876975 3.840889008453118 2.4
      vertex 4.843368569335938 3.8102661663514277 2.4
    endloop
  endfacet
  facet normal 0.06540312923014535 0.9978589232386035 0
    outer loop
      vertex 4.843368569335938 3.8102661663514277 1.6000000000000003
      vertex 4.843368569335938 3.8102661663514277 2.4
      vertex 5 3.8 1.6000000000000003
    endloop
  endfacet
  facet normal -0.06540312923014535 0.9978589232386035 0
    outer loop
      vertex 5 3.8 1.6000000000000003
      vertex 5 3.8 2.4
      vertex 5.156631430664062 3.8102661663514277 1.6000000000000003
    endloop
  endfacet
  facet normal 0.06540312923014535 0.9978589232386035 0
    outer loop
      vertex 5 3.8 1.6000000000000003
      vertex 4.843368569335938 3.8102661663514277 2.4
      vertex 5 3.8 2.4
    endloop
  endfacet
  facet normal -0.06540312923014535 0.9978589232386035 0
    outer loop
      vertex 5.156631430664062 3.8102661663514277 1.6000000000000003
      vertex 5 3.8 2.4
      vertex 5.156631430664062 3.8102661663514277 2.4
    endloop
  endfacet
  facet normal -0.19509032201612658 0.9807852804032309 0
    outer loop
      vertex 5.156631430664062 3.8102661663514277 1.6000000000000003
      vertex 5.156631430664062 3.8102661663514277 2.4
      vertex 5.310582854123025 3.840889008453118 1.6000000000000003
    endloop
  endfacet
  facet normal -0.32143946530316087 0.9469301294951059 0
    outer loop
      vertex 5.310582854123025 3.840889008453118 1.6000000000000003
      vertex 5.310582854123025 3.840889008453118 2.4
      vertex 5.4592201188381075 3.8913445609864556 1.6000000000000003
    endloop
  endfacet
  facet normal -0.44228869021900463 0.8968727415326866 0
    outer loop
      vertex 5.4592201188381075 3.8913445609864556 1.6000000000000003
      vertex 5.4592201188381075 3.8913445609864556 2.4
      vertex 5.6 3.960769515458674 1.6000000000000003
    endloop
  endfacet
  facet normal -0.19509032201612658 0.9807852804032309 0
    outer loop
      vertex 5.310582854123025 3.840889008453118 1.6000000000000003
      vertex 5.156631430664062 3.8102661663514277 2.4
      vertex 5.310582854123025 3.840889008453118 2.4
    endloop
  endfacet
  facet normal -0.32143946530316087 0.9469301294951059 0
    outer loop
      vertex 5.4592201188381075 3.8913445609864556 1.6000000000000003
      vertex 5.310582854123025 3.840889008453118 2.4
      vertex 5.4592201188381075 3.8913445609864556 2.4
    endloop
  endfacet
  facet normal -0.44228869021900463 0.8968727415326866 0
    outer loop
      vertex 5.6 3.960769515458674 1.6000000000000003
      vertex 5.4592201188381075 3.8913445609864556 2.4
      vertex 5.6 3.960769515458674 2.4
    endloop
  endfacet
  facet normal -0.5555702330195964 0.8314696123025491 0
    outer loop
      vertex 5.6 3.960769515458674 1.6000000000000003
      vertex 5.6 3.960769515458674 2.4
      vertex 5.730513714810465 4.047975991650517 1.6000000000000003
    endloop
  endfacet
  facet normal -0.6593458151000713 0.7518398074789753 0
    outer loop
      vertex 5.730513714810465 4.047975991650517 1.6000000000000003
      vertex 5.730513714810465 4.047975991650517 2.4
      vertex 5.848528137423857 4.151471862576143 1.6000000000000003
    endloop
  endfacet
  facet normal -0.7518398074789753 0.6593458151000713 0
    outer loop
      vertex 5.848528137423857 4.151471862576143 1.6000000000000003
      vertex 5.848528137423857 4.151471862576143 2.4
      vertex 5.952024008349483 4.269486285189535 1.6000000000000003
    endloop
  endfacet
  facet normal -0.5555702330195964 0.8314696123025491 0
    outer loop
      vertex 5.730513714810465 4.047975991650517 1.6000000000000003
      vertex 5.6 3.960769515458674 2.4
      vertex 5.730513714810465 4.047975991650517 2.4
    endloop
  endfacet
  facet normal -0.6593458151000713 0.7518398074789753 0
    outer loop
      vertex 5.848528137423857 4.151471862576143 1.6000000000000003
      vertex 5.730513714810465 4.047975991650517 2.4
      vertex 5.848528137423857 4.151471862576143 2.4
    endloop
  endfacet
  facet normal -0.7518398074789753 0.6593458151000713 0
    outer loop
      vertex 5.952024008349483 4.269486285189535 1.6000000000000003
      vertex 5.848528137423857 4.151471862576143 2.4
      vertex 5.952024008349483 4.269486285189535 2.4
    endloop
  endfacet
  facet normal 0.9469301294951059 -0.32143946530316087 2.9490370692290833e-18
    outer loop
      vertex 3.840889008453118 5.310582854123025 1.6000000000000003
      vertex 3.8913445609864556 5.4592201188381075 1.6000000000000003
      vertex 3.8913445609864556 5.4592201188381075 2.4
    endloop
  endfacet
  facet normal 0.8968727415326866 -0.44228869021900463 1.8192646896699624e-18
    outer loop
      vertex 3.8913445609864556 5.4592201188381075 1.6000000000000003
      vertex 3.960769515458674 5.6 1.6000000000000003
      vertex 3.960769515458674 5.6 2.4
    endloop
  endfacet
  facet normal 0.8314696123025491 -0.5555702330195964 -5.315776242749526e-18
    outer loop
      vertex 3.960769515458674 5.6 1.6000000000000003
      vertex 4.047975991650517 5.730513714810465 1.6000000000000003
      vertex 4.047975991650517 5.730513714810465 2.4
    endloop
  endfacet
  facet normal 0.9469301294951059 -0.32143946530316087 0
    outer loop
      vertex 3.840889008453118 5.310582854123025 1.6000000000000003
      vertex 3.8913445609864556 5.4592201188381075 2.4
      vertex 3.840889008453118 5.310582854123025 2.4
    endloop
  endfacet
  facet normal 0.8968727415326866 -0.44228869021900463 0
    outer loop
      vertex 3.8913445609864556 5.4592201188381075 1.6000000000000003
      vertex 3.960769515458674 5.6 2.4
      vertex 3.8913445609864556 5.4592201188381075 2.4
    endloop
  endfacet
  facet normal 0.8314696123025491 -0.5555702330195964 0
    outer loop
      vertex 3.960769515458674 5.6 1.6000000000000003
      vertex 4.047975991650517 5.730513714810465 2.4
      vertex 3.960769515458674 5.6 2.4
    endloop
  endfacet
  facet normal 0.7518398074789753 -0.6593458151000713 0
    outer loop
      vertex 4.047975991650517 5.730513714810465 1.6000000000000003
      vertex 4.151471862576143 5.848528137423857 2.4
      vertex 4.047975991650517 5.730513714810465 2.4
    endloop
  endfacet
  facet normal 0.7518398074789753 -0.6593458151000713 -6.700341498973917e-18
    outer loop
      vertex 4.047975991650517 5.730513714810465 1.6000000000000003
      vertex 4.151471862576143 5.848528137423857 1.6000000000000003
      vertex 4.151471862576143 5.848528137423857 2.4
    endloop
  endfacet
  facet normal 0.6593458151000713 -0.7518398074789753 -6.700341498973917e-18
    outer loop
      vertex 4.151471862576143 5.848528137423857 1.6000000000000003
      vertex 4.269486285189535 5.952024008349483 1.6000000000000003
      vertex 4.269486285189535 5.952024008349483 2.4
    endloop
  endfacet
  facet normal 0.5555702330195964 -0.8314696123025491 -5.315776242749526e-18
    outer loop
      vertex 4.269486285189535 5.952024008349483 1.6000000000000003
      vertex 4.4 6.039230484541326 1.6000000000000003
      vertex 4.4 6.039230484541326 2.4
    endloop
  endfacet
  facet normal 0.6593458151000713 -0.7518398074789753 0
    outer loop
      vertex 4.151471862576143 5.848528137423857 1.6000000000000003
      vertex 4.269486285189535 5.952024008349483 2.4
      vertex 4.151471862576143 5.848528137423857 2.4
    endloop
  endfacet
  facet normal 0.5555702330195964 -0.8314696123025491 0
    outer loop
      vertex 4.269486285189535 5.952024008349483 1.6000000000000003
      vertex 4.4 6.039230484541326 2.4
      vertex 4.269486285189535 5.952024008349483 2.4
    endloop
  endfacet
  facet normal 0.44228869021900463 -0.8968727415326866 0
    outer loop
      vertex 4.4 6.039230484541326 1.6000000000000003
      vertex 4.5407798811618925 6.108655439013544 2.4
      vertex 4.4 6.039230484541326 2.4
    endloop
  endfacet
  facet normal 0.44228869021900463 -0.8968727415326866 1.8192646896699624e-18
    outer loop
      vertex 4.4 6.039230484541326 1.6000000000000003
      vertex 4.5407798811618925 6.108655439013544 1.6000000000000003
      vertex 4.5407798811618925 6.108655439013544 2.4
    endloop
  endfacet
  facet normal 0.32143946530316087 -0.9469301294951059 2.9490370692290833e-18
    outer loop
      vertex 4.5407798811618925 6.108655439013544 1.6000000000000003
      vertex 4.689417145876975 6.159110991546882 1.6000000000000003
      vertex 4.689417145876975 6.159110991546882 2.4
    endloop
  endfacet
  facet normal 0.19509032201612925 -0.9807852804032302 2.8602101017711e-18
    outer loop
      vertex 4.689417145876975 6.159110991546882 1.6000000000000003
      vertex 4.843368569335938 6.189733833648573 1.6000000000000003
      vertex 4.843368569335938 6.189733833648573 2.4
    endloop
  endfacet
  facet normal 0.32143946530316087 -0.9469301294951059 0
    outer loop
      vertex 4.5407798811618925 6.108655439013544 1.6000000000000003
      vertex 4.689417145876975 6.159110991546882 2.4
      vertex 4.5407798811618925 6.108655439013544 2.4
    endloop
  endfacet
  facet normal 0.19509032201612925 -0.9807852804032302 0
    outer loop
      vertex 4.689417145876975 6.159110991546882 1.6000000000000003
      vertex 4.843368569335938 6.189733833648573 2.4
      vertex 4.689417145876975 6.159110991546882 2.4
    endloop
  endfacet
  facet normal 0.06540312923014253 -0.9978589232386037 -2.347425042138959e-19
    outer loop
      vertex 4.843368569335938 6.189733833648573 1.6000000000000003
      vertex 5 6.2 1.6000000000000003
      vertex 5 6.2 2.4
    endloop
  endfacet
  facet normal -0.06540312923014253 -0.9978589232386037 2.347425042138959e-19
    outer loop
      vertex 5 6.2 1.6000000000000003
      vertex 5.156631430664062 6.189733833648573 1.6000000000000003
      vertex 5.156631430664062 6.189733833648573 2.4
    endloop
  endfacet
  facet normal 0.06540312923014253 -0.9978589232386037 0
    outer loop
      vertex 4.843368569335938 6.189733833648573 1.6000000000000003
      vertex 5 6.2 2.4
      vertex 4.843368569335938 6.189733833648573 2.4
    endloop
  endfacet
  facet normal -0.06540312923014253 -0.9978589232386037 0
    outer loop
      vertex 5 6.2 1.6000000000000003
      vertex 5.156631430664062 6.189733833648573 2.4
      vertex 5 6.2 2.4
    endloop
  endfacet
  facet normal -0.19509032201612925 -0.9807852804032302 -2.8602101017711e-18
    outer loop
      vertex 5.156631430664062 6.189733833648573 1.6000000000000003
      vertex 5.310582854123025 6.159110991546882 1.6000000000000003
      vertex 5.310582854123025 6.159110991546882 2.4
    endloop
  endfacet
  facet normal -0.32143946530316087 -0.9469301294951059 -2.9490370692290833e-18
    outer loop
      vertex 5.310582854123025 6.159110991546882 1.6000000000000003
      vertex 5.4592201188381075 6.108655439013544 1.6000000000000003
      vertex 5.4592201188381075 6.108655439013544 2.4
    endloop
  endfacet
  facet normal -0.44228869021900463 -0.8968727415326866 -1.8192646896699624e-18
    outer loop
      vertex 5.4592201188381075 6.108655439013544 1.6000000000000003
      vertex 5.6 6.039230484541326 1.6000000000000003
      vertex 5.6 6.039230484541326 2.4
    endloop
  endfacet
  facet normal -0.19509032201612925 -0.9807852804032302 0
    outer loop
      vertex 5.156631430664062 6.189733833648573 1.6000000000000003
      vertex 5.310582854123025 6.159110991546882 2.4
      vertex 5.156631430664062 6.189733833648573 2.4
    endloop
  endfacet
  facet normal -0.32143946530316087 -0.9469301294951059 0
    outer loop
      vertex 5.310582854123025 6.159110991546882 1.6000000000000003
      vertex 5.4592201188381075 6.108655439013544 2.4
      vertex 5.310582854123025 6.159110991546882 2.4
    endloop
  endfacet
  facet normal -0.44228869021900463 -0.8968727415326866 0
    outer loop
      vertex 5.4592201188381075 6.108655439013544 1.6000000000000003
      vertex 5.6 6.039230484541326 2.4
      vertex 5.4592201188381075 6.108655439013544 2.4
    endloop
  endfacet
  facet normal -0.5555702330195964 -0.8314696123025491 0
    outer loop
      vertex 5.730513714810465 5.952024008349483 1.6000000000000003
      vertex 5.730513714810465 5.952024008349483 2.4
      vertex 5.6 6.039230484541326 1.6000000000000003
    endloop
  endfacet
  facet normal -0.6593458151000713 -0.7518398074789753 6.700341498973917e-18
    outer loop
      vertex 5.730513714810465 5.952024008349483 1.6000000000000003
      vertex 5.848528137423857 5.848528137423857 1.6000000000000003
      vertex 5.848528137423857 5.848528137423857 2.4
    endloop
  endfacet
  facet normal -0.7518398074789753 -0.6593458151000713 6.700341498973917e-18
    outer loop
      vertex 5.848528137423857 5.848528137423857 1.6000000000000003
      vertex 5.952024008349483 5.730513714810465 1.6000000000000003
      vertex 5.952024008349483 5.730513714810465 2.4
    endloop
  endfacet
  facet normal -0.5555702330195964 -0.8314696123025491 0
    outer loop
      vertex 5.6 6.039230484541326 1.6000000000000003
      vertex 5.730513714810465 5.952024008349483 2.4
      vertex 5.6 6.039230484541326 2.4
    endloop
  endfacet
  facet normal -0.6593458151000713 -0.7518398074789753 0
    outer loop
      vertex 5.730513714810465 5.952024008349483 1.6000000000000003
      vertex 5.848528137423857 5.848528137423857 2.4
      vertex 5.730513714810465 5.952024008349483 2.4
    endloop
  endfacet
  facet normal -0.7518398074789753 -0.6593458151000713 0
    outer loop
      vertex 5.848528137423857 5.848528137423857 1.6000000000000003
      vertex 5.952024008349483 5.730513714810465 2.4
      vertex 5.848528137423857 5.848528137423857 2.4
    endloop
  endfacet
  facet normal -0.8314696123025491 0.5555702330195964 0
    outer loop
      vertex 5.952024008349483 4.269486285189535 1.6000000000000003
      vertex 5.952024008349483 4.269486285189535 2.4
      vertex 6.039230484541326 4.4 1.6000000000000003
    endloop
  endfacet
  facet normal -0.8968727415326866 0.44228869021900463 0
    outer loop
      vertex 6.039230484541326 4.4 1.6000000000000003
      vertex 6.039230484541326 4.4 2.4
      vertex 6.108655439013544 4.5407798811618925 1.6000000000000003
    endloop
  endfacet
  facet normal -0.9469301294951059 0.32143946530316087 0
    outer loop
      vertex 6.108655439013544 4.5407798811618925 1.6000000000000003
      vertex 6.108655439013544 4.5407798811618925 2.4
      vertex 6.159110991546882 4.689417145876975 1.6000000000000003
    endloop
  endfacet
  facet normal -0.8314696123025491 0.5555702330195964 0
    outer loop
      vertex 6.039230484541326 4.4 1.6000000000000003
      vertex 5.952024008349483 4.269486285189535 2.4
      vertex 6.039230484541326 4.4 2.4
    endloop
  endfacet
  facet normal -0.8968727415326866 0.44228869021900463 0
    outer loop
      vertex 6.108655439013544 4.5407798811618925 1.6000000000000003
      vertex 6.039230484541326 4.4 2.4
      vertex 6.108655439013544 4.5407798811618925 2.4
    endloop
  endfacet
  facet normal -0.9469301294951059 0.32143946530316087 0
    outer loop
      vertex 6.159110991546882 4.689417145876975 1.6000000000000003
      vertex 6.108655439013544 4.5407798811618925 2.4
      vertex 6.159110991546882 4.689417145876975 2.4
    endloop
  endfacet
  facet normal -0.9807852804032302 0.19509032201612925 0
    outer loop
      vertex 6.159110991546882 4.689417145876975 1.6000000000000003
      vertex 6.159110991546882 4.689417145876975 2.4
      vertex 6.189733833648573 4.843368569335938 1.6000000000000003
    endloop
  endfacet
  facet normal -0.9978589232386037 0.06540312923014253 0
    outer loop
      vertex 6.189733833648573 4.843368569335938 1.6000000000000003
      vertex 6.189733833648573 4.843368569335938 2.4
      vertex 6.2 5 1.6000000000000003
    endloop
  endfacet
  facet normal -0.9978589232386037 -0.06540312923014253 0
    outer loop
      vertex 6.2 5 1.6000000000000003
      vertex 6.2 5 2.4
      vertex 6.189733833648573 5.156631430664062 1.6000000000000003
    endloop
  endfacet
  facet normal -0.9807852804032302 -0.19509032201612925 -2.8602101017711e-18
    outer loop
      vertex 6.159110991546882 5.310582854123025 1.6000000000000003
      vertex 6.189733833648573 5.156631430664062 1.6000000000000003
      vertex 6.189733833648573 5.156631430664062 2.4
    endloop
  endfacet
  facet normal -0.9807852804032302 0.19509032201612925 0
    outer loop
      vertex 6.189733833648573 4.843368569335938 1.6000000000000003
      vertex 6.159110991546882 4.689417145876975 2.4
      vertex 6.189733833648573 4.843368569335938 2.4
    endloop
  endfacet
  facet normal -0.9978589232386037 0.06540312923014253 0
    outer loop
      vertex 6.2 5 1.6000000000000003
      vertex 6.189733833648573 4.843368569335938 2.4
      vertex 6.2 5 2.4
    endloop
  endfacet
  facet normal -0.9978589232386037 -0.06540312923014253 0
    outer loop
      vertex 6.189733833648573 5.156631430664062 1.6000000000000003
      vertex 6.2 5 2.4
      vertex 6.189733833648573 5.156631430664062 2.4
    endloop
  endfacet
  facet normal -0.9807852804032302 -0.19509032201612925 0
    outer loop
      vertex 6.159110991546882 5.310582854123025 1.6000000000000003
      vertex 6.189733833648573 5.156631430664062 2.4
      vertex 6.159110991546882 5.310582854123025 2.4
    endloop
  endfacet
  facet normal -0.8314696123025491 -0.5555702330195964 5.315776242749526e-18
    outer loop
      vertex 5.952024008349483 5.730513714810465 1.6000000000000003
      vertex 6.039230484541326 5.6 1.6000000000000003
      vertex 6.039230484541326 5.6 2.4
    endloop
  endfacet
  facet normal -0.8968727415326866 -0.44228869021900463 -1.8192646896699624e-18
    outer loop
      vertex 6.039230484541326 5.6 1.6000000000000003
      vertex 6.108655439013544 5.4592201188381075 1.6000000000000003
      vertex 6.108655439013544 5.4592201188381075 2.4
    endloop
  endfacet
  facet normal -0.9469301294951059 -0.32143946530316087 0
    outer loop
      vertex 6.159110991546882 5.310582854123025 1.6000000000000003
      vertex 6.159110991546882 5.310582854123025 2.4
      vertex 6.108655439013544 5.4592201188381075 1.6000000000000003
    endloop
  endfacet
  facet normal -0.9469301294951059 -0.32143946530316087 0
    outer loop
      vertex 6.108655439013544 5.4592201188381075 1.6000000000000003
      vertex 6.159110991546882 5.310582854123025 2.4
      vertex 6.108655439013544 5.4592201188381075 2.4
    endloop
  endfacet
  facet normal -0.8968727415326866 -0.44228869021900463 0
    outer loop
      vertex 6.039230484541326 5.6 1.6000000000000003
      vertex 6.108655439013544 5.4592201188381075 2.4
      vertex 6.039230484541326 5.6 2.4
    endloop
  endfacet
  facet normal -0.8314696123025491 -0.5555702330195964 0
    outer loop
      vertex 5.952024008349483 5.730513714810465 1.6000000000000003
      vertex 6.039230484541326 5.6 2.4
      vertex 5.952024008349483 5.730513714810465 2.4
    endloop
  endfacet
  facet normal 0.9807852804032303 0.19509032201612833 0
    outer loop
      vertex 2.917965791114998 4.725894996337892 1.6000000000000003
      vertex 2.9715557647929565 4.456480005284707 0
      vertex 2.917965791114998 4.725894996337892 0
    endloop
  endfacet
  facet normal 0.9978589232386035 0.06540312923014321 0
    outer loop
      vertex 2.9 5 1.6000000000000003
      vertex 2.917965791114998 4.725894996337892 0
      vertex 2.9 5 0
    endloop
  endfacet
  facet normal 0.9978589232386035 -0.06540312923014321 0
    outer loop
      vertex 2.917965791114998 5.274105003662108 1.6000000000000003
      vertex 2.9 5 0
      vertex 2.917965791114998 5.274105003662108 0
    endloop
  endfacet
  facet normal 0.9807852804032303 0.19509032201612833 0
    outer loop
      vertex 2.9715557647929565 4.456480005284707 1.6000000000000003
      vertex 2.9715557647929565 4.456480005284707 0
      vertex 2.917965791114998 4.725894996337892 1.6000000000000003
    endloop
  endfacet
  facet normal 0.9978589232386035 0.06540312923014321 0
    outer loop
      vertex 2.917965791114998 4.725894996337892 1.6000000000000003
      vertex 2.917965791114998 4.725894996337892 0
      vertex 2.9 5 1.6000000000000003
    endloop
  endfacet
  facet normal 0.9978589232386035 -0.06540312923014321 0
    outer loop
      vertex 2.9 5 1.6000000000000003
      vertex 2.9 5 0
      vertex 2.917965791114998 5.274105003662108 1.6000000000000003
    endloop
  endfacet
  facet normal 0 0 -1
    outer loop
      vertex 2.9715557647929565 4.456480005284707 1.6000000000000003
      vertex 2.917965791114998 4.725894996337892 1.6000000000000003
      vertex 2.917965791114998 5.274105003662108 1.6000000000000003
    endloop
  endfacet
  facet normal 0 0 -1
    outer loop
      vertex 2.917965791114998 4.725894996337892 1.6000000000000003
      vertex 2.9 5 1.6000000000000003
      vertex 2.917965791114998 5.274105003662108 1.6000000000000003
    endloop
  endfacet
  facet normal 0 0 -1
    outer loop
      vertex 2.9715557647929565 4.456480005284707 1.6000000000000003
      vertex 2.917965791114998 5.274105003662108 1.6000000000000003
      vertex 2.9715557647929565 5.543519994715293 1.6000000000000003
    endloop
  endfacet
  facet normal 0.9807852804032303 -0.19509032201612833 0
    outer loop
      vertex 2.9715557647929565 5.543519994715293 1.6000000000000003
      vertex 2.917965791114998 5.274105003662108 0
      vertex 2.9715557647929565 5.543519994715293 0
    endloop
  endfacet
  facet normal 0.9807852804032303 -0.19509032201612833 0
    outer loop
      vertex 2.917965791114998 5.274105003662108 1.6000000000000003
      vertex 2.917965791114998 5.274105003662108 0
      vertex 2.9715557647929565 5.543519994715293 1.6000000000000003
    endloop
  endfacet
  facet normal 0.8314696123025459 0.5555702330196013 0
    outer loop
      vertex 3.181346652052679 3.95 1.6000000000000003
      vertex 3.3339579853884063 3.7216009990816863 0
      vertex 3.181346652052679 3.95 0
    endloop
  endfacet
  facet normal 0.7518398074789776 0.6593458151000686 0
    outer loop
      vertex 3.3339579853884063 3.7216009990816863 1.6000000000000003
      vertex 3.51507575950825 3.51507575950825 0
      vertex 3.3339579853884063 3.7216009990816863 0
    endloop
  endfacet
  facet normal 0.6593458151000686 0.7518398074789776 0
    outer loop
      vertex 3.51507575950825 3.51507575950825 1.6000000000000003
      vertex 3.7216009990816863 3.3339579853884063 0
      vertex 3.51507575950825 3.51507575950825 0
    endloop
  endfacet
  facet normal 0.8968727415326883 0.44228869021900147 0
    outer loop
      vertex 3.059852981726298 4.196364792033312 1.6000000000000003
      vertex 3.181346652052679 3.95 0
      vertex 3.059852981726298 4.196364792033312 0
    endloop
  endfacet
  facet normal 0.9469301294951056 0.32143946530316186 0
    outer loop
      vertex 2.9715557647929565 4.456480005284707 1.6000000000000003
      vertex 3.059852981726298 4.196364792033312 0
      vertex 2.9715557647929565 4.456480005284707 0
    endloop
  endfacet
  facet normal 0.5555702330196013 0.8314696123025459 0
    outer loop
      vertex 3.7216009990816863 3.3339579853884063 1.6000000000000003
      vertex 3.95 3.181346652052679 0
      vertex 3.7216009990816863 3.3339579853884063 0
    endloop
  endfacet
  facet normal 0.44228869021900147 0.8968727415326883 0
    outer loop
      vertex 3.95 3.181346652052679 1.6000000000000003
      vertex 4.196364792033312 3.059852981726298 0
      vertex 3.95 3.181346652052679 0
    endloop
  endfacet
  facet normal 0.32143946530316186 0.9469301294951056 0
    outer loop
      vertex 4.196364792033312 3.059852981726298 1.6000000000000003
      vertex 4.456480005284707 2.9715557647929565 0
      vertex 4.196364792033312 3.059852981726298 0
    endloop
  endfacet
  facet normal 0.8314696123025459 0.5555702330196013 -8.682397751827129e-19
    outer loop
      vertex 3.181346652052679 3.95 1.6000000000000003
      vertex 3.3339579853884063 3.7216009990816863 1.6000000000000003
      vertex 3.3339579853884063 3.7216009990816863 0
    endloop
  endfacet
  facet normal 0.7518398074789776 0.6593458151000686 0
    outer loop
      vertex 3.51507575950825 3.51507575950825 1.6000000000000003
      vertex 3.51507575950825 3.51507575950825 0
      vertex 3.3339579853884063 3.7216009990816863 1.6000000000000003
    endloop
  endfacet
  facet normal 0.6593458151000686 0.7518398074789776 7.095325060038075e-18
    outer loop
      vertex 3.51507575950825 3.51507575950825 1.6000000000000003
      vertex 3.7216009990816863 3.3339579853884063 1.6000000000000003
      vertex 3.7216009990816863 3.3339579853884063 0
    endloop
  endfacet
  facet normal 0.9469301294951056 0.32143946530316186 -3.591152720109367e-18
    outer loop
      vertex 2.9715557647929565 4.456480005284707 1.6000000000000003
      vertex 3.059852981726298 4.196364792033312 1.6000000000000003
      vertex 3.059852981726298 4.196364792033312 0
    endloop
  endfacet
  facet normal 0.8968727415326883 0.44228869021900147 0
    outer loop
      vertex 3.181346652052679 3.95 1.6000000000000003
      vertex 3.181346652052679 3.95 0
      vertex 3.059852981726298 4.196364792033312 1.6000000000000003
    endloop
  endfacet
  facet normal 0 0 -1
    outer loop
      vertex 3.181346652052679 3.95 1.6000000000000003
      vertex 3.059852981726298 4.196364792033312 1.6000000000000003
      vertex 3.059852981726298 5.803635207966688 1.6000000000000003
    endloop
  endfacet
  facet normal 0 0 -1
    outer loop
      vertex 3.181346652052679 3.95 1.6000000000000003
      vertex 3.181346652052679 6.05 1.6000000000000003
      vertex 3.3339579853884063 3.7216009990816863 1.6000000000000003
    endloop
  endfacet
  facet normal 0 0 -1
    outer loop
      vertex 2.9715557647929565 4.456480005284707 1.6000000000000003
      vertex 2.9715557647929565 5.543519994715293 1.6000000000000003
      vertex 3.059852981726298 4.196364792033312 1.6000000000000003
    endloop
  endfacet
  facet normal 0 0 -1
    outer loop
      vertex 3.059852981726298 4.196364792033312 1.6000000000000003
      vertex 2.9715557647929565 5.543519994715293 1.6000000000000003
      vertex 3.059852981726298 5.803635207966688 1.6000000000000003
    endloop
  endfacet
  facet normal 0 0 -1
    outer loop
      vertex 3.181346652052679 3.95 1.6000000000000003
      vertex 3.059852981726298 5.803635207966688 1.6000000000000003
      vertex 3.181346652052679 6.05 1.6000000000000003
    endloop
  endfacet
  facet normal 0 0 -1
    outer loop
      vertex 3.51507575950825 3.51507575950825 1.6000000000000003
      vertex 3.3339579853884063 3.7216009990816863 1.6000000000000003
      vertex 3.3339579853884063 6.278399000918314 1.6000000000000003
    endloop
  endfacet
  facet normal 0 0 -1
    outer loop
      vertex 3.51507575950825 3.51507575950825 1.6000000000000003
      vertex 3.51507575950825 6.48492424049175 1.6000000000000003
      vertex 3.7216009990816863 3.3339579853884063 1.6000000000000003
    endloop
  endfacet
  facet normal 0.5555702330196013 0.8314696123025459 -8.682397751827129e-19
    outer loop
      vertex 3.7216009990816863 3.3339579853884063 1.6000000000000003
      vertex 3.95 3.181346652052679 1.6000000000000003
      vertex 3.95 3.181346652052679 0
    endloop
  endfacet
  facet normal 0.44228869021900147 0.8968727415326883 2.4987461891279953e-18
    outer loop
      vertex 3.95 3.181346652052679 1.6000000000000003
      vertex 4.196364792033312 3.059852981726298 1.6000000000000003
      vertex 4.196364792033312 3.059852981726298 0
    endloop
  endfacet
  facet normal 0.32143946530316186 0.9469301294951056 -3.591152720109367e-18
    outer loop
      vertex 4.196364792033312 3.059852981726298 1.6000000000000003
      vertex 4.456480005284707 2.9715557647929565 1.6000000000000003
      vertex 4.456480005284707 2.9715557647929565 0
    endloop
  endfacet
  facet normal 0 0 -1
    outer loop
      vertex 3.7216009990816863 3.3339579853884063 1.6000000000000003
      vertex 3.8913445609864556 4.5407798811618925 1.6000000000000003
      vertex 3.95 3.181346652052679 1.6000000000000003
    endloop
  endfacet
  facet normal 0 0 -1
    outer loop
      vertex 3.95 3.181346652052679 1.6000000000000003
      vertex 3.960769515458674 4.4 1.6000000000000003
      vertex 4.047975991650517 4.269486285189535 1.6000000000000003
    endloop
  endfacet
  facet normal 0 0 -1
    outer loop
      vertex 3.95 3.181346652052679 1.6000000000000003
      vertex 4.047975991650517 4.269486285189535 1.6000000000000003
      vertex 4.151471862576143 4.151471862576143 1.6000000000000003
    endloop
  endfacet
  facet normal 0 0 -1
    outer loop
      vertex 4.196364792033312 3.059852981726298 1.6000000000000003
      vertex 4.4 3.960769515458674 1.6000000000000003
      vertex 4.456480005284707 2.9715557647929565 1.6000000000000003
    endloop
  endfacet
  facet normal 0 0 -1
    outer loop
      vertex 3.95 3.181346652052679 1.6000000000000003
      vertex 4.151471862576143 4.151471862576143 1.6000000000000003
      vertex 4.196364792033312 3.059852981726298 1.6000000000000003
    endloop
  endfacet
  facet normal 0 0 -1
    outer loop
      vertex 4.196364792033312 3.059852981726298 1.6000000000000003
      vertex 4.151471862576143 4.151471862576143 1.6000000000000003
      vertex 4.269486285189535 4.047975991650517 1.6000000000000003
    endloop
  endfacet
  facet normal 0 0 -1
    outer loop
      vertex 4.196364792033312 3.059852981726298 1.6000000000000003
      vertex 4.269486285189535 4.047975991650517 1.6000000000000003
      vertex 4.4 3.960769515458674 1.6000000000000003
    endloop
  endfacet
  facet normal 0 0 -1
    outer loop
      vertex 3.7216009990816863 3.3339579853884063 1.6000000000000003
      vertex 3.8102661663514277 4.843368569335938 1.6000000000000003
      vertex 3.840889008453118 4.689417145876975 1.6000000000000003
    endloop
  endfacet
  facet normal 0 0 -1
    outer loop
      vertex 3.7216009990816863 3.3339579853884063 1.6000000000000003
      vertex 3.840889008453118 4.689417145876975 1.6000000000000003
      vertex 3.8913445609864556 4.5407798811618925 1.6000000000000003
    endloop
  endfacet
  facet normal 0 0 -1
    outer loop
      vertex 3.7216009990816863 3.3339579853884063 1.6000000000000003
      vertex 3.8 5 1.6000000000000003
      vertex 3.8102661663514277 4.843368569335938 1.6000000000000003
    endloop
  endfacet
  facet normal 0 0 -1
    outer loop
      vertex 3.95 3.181346652052679 1.6000000000000003
      vertex 3.8913445609864556 4.5407798811618925 1.6000000000000003
      vertex 3.960769515458674 4.4 1.6000000000000003
    endloop
  endfacet
  facet normal 0 0 -1
    outer loop
      vertex 3.7216009990816863 3.3339579853884063 1.6000000000000003
      vertex 3.7216009990816863 6.666042014611594 1.6000000000000003
      vertex 3.8 5 1.6000000000000003
    endloop
  endfacet
  facet normal 0.19509032201612833 0.9807852804032303 0
    outer loop
      vertex 4.456480005284707 2.9715557647929565 1.6000000000000003
      vertex 4.725894996337892 2.917965791114998 0
      vertex 4.456480005284707 2.9715557647929565 0
    endloop
  endfacet
  facet normal 0.06540312923014321 0.9978589232386035 0
    outer loop
      vertex 4.725894996337892 2.917965791114998 1.6000000000000003
      vertex 5 2.9 0
      vertex 4.725894996337892 2.917965791114998 0
    endloop
  endfacet
  facet normal -0.06540312923014321 0.9978589232386035 0
    outer loop
      vertex 5 2.9 1.6000000000000003
      vertex 5.274105003662108 2.917965791114998 0
      vertex 5 2.9 0
    endloop
  endfacet
  facet normal -0.19509032201612833 0.9807852804032303 0
    outer loop
      vertex 5.274105003662108 2.917965791114998 1.6000000000000003
      vertex 5.543519994715293 2.9715557647929565 0
      vertex 5.274105003662108 2.917965791114998 0
    endloop
  endfacet
  facet normal -0.32143946530316186 0.9469301294951056 0
    outer loop
      vertex 5.543519994715293 2.9715557647929565 1.6000000000000003
      vertex 5.803635207966688 3.059852981726298 0
      vertex 5.543519994715293 2.9715557647929565 0
    endloop
  endfacet
  facet normal -0.44228869021900147 0.8968727415326883 0
    outer loop
      vertex 5.803635207966688 3.059852981726298 1.6000000000000003
      vertex 6.05 3.181346652052679 0
      vertex 5.803635207966688 3.059852981726298 0
    endloop
  endfacet
  facet normal 0.19509032201612833 0.9807852804032303 -6.444395203149244e-19
    outer loop
      vertex 4.456480005284707 2.9715557647929565 1.6000000000000003
      vertex 4.725894996337892 2.917965791114998 1.6000000000000003
      vertex 4.725894996337892 2.917965791114998 0
    endloop
  endfacet
  facet normal 0.06540312923014321 0.9978589232386035 -5.235362462175971e-19
    outer loop
      vertex 4.725894996337892 2.917965791114998 1.6000000000000003
      vertex 5 2.9 1.6000000000000003
      vertex 5 2.9 0
    endloop
  endfacet
  facet normal -0.06540312923014321 0.9978589232386035 5.235362462175971e-19
    outer loop
      vertex 5 2.9 1.6000000000000003
      vertex 5.274105003662108 2.917965791114998 1.6000000000000003
      vertex 5.274105003662108 2.917965791114998 0
    endloop
  endfacet
  facet normal 0 0 -1
    outer loop
      vertex 4.456480005284707 2.9715557647929565 1.6000000000000003
      vertex 4.689417145876975 3.840889008453118 1.6000000000000003
      vertex 4.725894996337892 2.917965791114998 1.6000000000000003
    endloop
  endfacet
  facet normal 0 0 -1
    outer loop
      vertex 4.456480005284707 2.9715557647929565 1.6000000000000003
      vertex 4.4 3.960769515458674 1.6000000000000003
      vertex 4.5407798811618925 3.8913445609864556 1.6000000000000003
    endloop
  endfacet
  facet normal 0 0 -1
    outer loop
      vertex 4.456480005284707 2.9715557647929565 1.6000000000000003
      vertex 4.5407798811618925 3.8913445609864556 1.6000000000000003
      vertex 4.689417145876975 3.840889008453118 1.6000000000000003
    endloop
  endfacet
  facet normal 0 0 -1
    outer loop
      vertex 4.725894996337892 2.917965791114998 1.6000000000000003
      vertex 4.689417145876975 3.840889008453118 1.6000000000000003
      vertex 4.843368569335938 3.8102661663514277 1.6000000000000003
    endloop
  endfacet
  facet normal 0 0 -1
    outer loop
      vertex 4.725894996337892 2.917965791114998 1.6000000000000003
      vertex 5 3.8 1.6000000000000003
      vertex 5 2.9 1.6000000000000003
    endloop
  endfacet
  facet normal 0 0 -1
    outer loop
      vertex 5 2.9 1.6000000000000003
      vertex 5.156631430664062 3.8102661663514277 1.6000000000000003
      vertex 5.274105003662108 2.917965791114998 1.6000000000000003
    endloop
  endfacet
  facet normal 0 0 -1
    outer loop
      vertex 4.725894996337892 2.917965791114998 1.6000000000000003
      vertex 4.843368569335938 3.8102661663514277 1.6000000000000003
      vertex 5 3.8 1.6000000000000003
    endloop
  endfacet
  facet normal 0 0 -1
    outer loop
      vertex 5 2.9 1.6000000000000003
      vertex 5 3.8 1.6000000000000003
      vertex 5.156631430664062 3.8102661663514277 1.6000000000000003
    endloop
  endfacet
  facet normal -0.19509032201612833 0.9807852804032303 6.444395203149244e-19
    outer loop
      vertex 5.274105003662108 2.917965791114998 1.6000000000000003
      vertex 5.543519994715293 2.9715557647929565 1.6000000000000003
      vertex 5.543519994715293 2.9715557647929565 0
    endloop
  endfacet
  facet normal -0.32143946530316186 0.9469301294951056 3.591152720109367e-18
    outer loop
      vertex 5.543519994715293 2.9715557647929565 1.6000000000000003
      vertex 5.803635207966688 3.059852981726298 1.6000000000000003
      vertex 5.803635207966688 3.059852981726298 0
    endloop
  endfacet
  facet normal 0 0 -1
    outer loop
      vertex 5.274105003662108 2.917965791114998 1.6000000000000003
      vertex 5.310582854123025 3.840889008453118 1.6000000000000003
      vertex 5.543519994715293 2.9715557647929565 1.6000000000000003
    endloop
  endfacet
  facet normal 0 0 -1
    outer loop
      vertex 5.156631430664062 3.8102661663514277 1.6000000000000003
      vertex 5.310582854123025 3.840889008453118 1.6000000000000003
      vertex 5.274105003662108 2.917965791114998 1.6000000000000003
    endloop
  endfacet
  facet normal 0 0 -1
    outer loop
      vertex 5.310582854123025 3.840889008453118 1.6000000000000003
      vertex 5.4592201188381075 3.8913445609864556 1.6000000000000003
      vertex 5.543519994715293 2.9715557647929565 1.6000000000000003
    endloop
  endfacet
  facet normal 0 0 -1
    outer loop
      vertex 5.4592201188381075 3.8913445609864556 1.6000000000000003
      vertex 5.6 3.960769515458674 1.6000000000000003
      vertex 5.543519994715293 2.9715557647929565 1.6000000000000003
    endloop
  endfacet
  facet normal 0 0 -1
    outer loop
      vertex 5.543519994715293 2.9715557647929565 1.6000000000000003
      vertex 5.6 3.960769515458674 1.6000000000000003
      vertex 5.803635207966688 3.059852981726298 1.6000000000000003
    endloop
  endfacet
  facet normal 0 0 -1
    outer loop
      vertex 5.803635207966688 3.059852981726298 1.6000000000000003
      vertex 5.6 3.960769515458674 1.6000000000000003
      vertex 5.730513714810465 4.047975991650517 1.6000000000000003
    endloop
  endfacet
  facet normal 0 0 -1
    outer loop
      vertex 5.803635207966688 3.059852981726298 1.6000000000000003
      vertex 5.848528137423857 4.151471862576143 1.6000000000000003
      vertex 6.05 3.181346652052679 1.6000000000000003
    endloop
  endfacet
  facet normal 0 0 -1
    outer loop
      vertex 5.803635207966688 3.059852981726298 1.6000000000000003
      vertex 5.730513714810465 4.047975991650517 1.6000000000000003
      vertex 5.848528137423857 4.151471862576143 1.6000000000000003
    endloop
  endfacet
  facet normal 0.9469301294951056 -0.32143946530316186 0
    outer loop
      vertex 3.059852981726298 5.803635207966688 1.6000000000000003
      vertex 2.9715557647929565 5.543519994715293 0
      vertex 3.059852981726298 5.803635207966688 0
    endloop
  endfacet
  facet normal 0.8968727415326883 -0.44228869021900147 0
    outer loop
      vertex 3.181346652052679 6.05 1.6000000000000003
      vertex 3.059852981726298 5.803635207966688 0
      vertex 3.181346652052679 6.05 0
    endloop
  endfacet
  facet normal 0.8314696123025459 -0.5555702330196013 0
    outer loop
      vertex 3.3339579853884063 6.278399000918314 1.6000000000000003
      vertex 3.181346652052679 6.05 0
      vertex 3.3339579853884063 6.278399000918314 0
    endloop
  endfacet
  facet normal 0.7518398074789784 -0.6593458151000678 0
    outer loop
      vertex 3.51507575950825 6.48492424049175 1.6000000000000003
      vertex 3.3339579853884063 6.278399000918314 0
      vertex 3.51507575950825 6.48492424049175 0
    endloop
  endfacet
  facet normal 0.6593458151000677 -0.7518398074789784 0
    outer loop
      vertex 3.51507575950825 6.48492424049175 1.6000000000000003
      vertex 3.51507575950825 6.48492424049175 0
      vertex 3.7216009990816863 6.666042014611594 0
    endloop
  endfacet
  facet normal 0.5555702330196013 -0.8314696123025459 0
    outer loop
      vertex 3.95 6.818653347947321 1.6000000000000003
      vertex 3.7216009990816863 6.666042014611594 0
      vertex 3.95 6.818653347947321 0
    endloop
  endfacet
  facet normal 0.44228869021900147 -0.8968727415326883 0
    outer loop
      vertex 4.196364792033312 6.940147018273702 1.6000000000000003
      vertex 3.95 6.818653347947321 0
      vertex 4.196364792033312 6.940147018273702 0
    endloop
  endfacet
  facet normal 0.32143946530316186 -0.9469301294951056 0
    outer loop
      vertex 4.456480005284707 7.0284442352070435 1.6000000000000003
      vertex 4.196364792033312 6.940147018273702 0
      vertex 4.456480005284707 7.0284442352070435 0
    endloop
  endfacet
  facet normal 0.9469301294951056 -0.32143946530316186 0
    outer loop
      vertex 2.9715557647929565 5.543519994715293 1.6000000000000003
      vertex 2.9715557647929565 5.543519994715293 0
      vertex 3.059852981726298 5.803635207966688 1.6000000000000003
    endloop
  endfacet
  facet normal 0.8968727415326883 -0.44228869021900147 0
    outer loop
      vertex 3.059852981726298 5.803635207966688 1.6000000000000003
      vertex 3.059852981726298 5.803635207966688 0
      vertex 3.181346652052679 6.05 1.6000000000000003
    endloop
  endfacet
  facet normal 0.8314696123025459 -0.5555702330196013 0
    outer loop
      vertex 3.181346652052679 6.05 1.6000000000000003
      vertex 3.181346652052679 6.05 0
      vertex 3.3339579853884063 6.278399000918314 1.6000000000000003
    endloop
  endfacet
  facet normal 0.7518398074789784 -0.6593458151000678 0
    outer loop
      vertex 3.3339579853884063 6.278399000918314 1.6000000000000003
      vertex 3.3339579853884063 6.278399000918314 0
      vertex 3.51507575950825 6.48492424049175 1.6000000000000003
    endloop
  endfacet
  facet normal 0.6593458151000677 -0.7518398074789784 5.2568312036782095e-18
    outer loop
      vertex 3.51507575950825 6.48492424049175 1.6000000000000003
      vertex 3.7216009990816863 6.666042014611594 0
      vertex 3.7216009990816863 6.666042014611594 1.6000000000000003
    endloop
  endfacet
  facet normal 0 0 -1
    outer loop
      vertex 3.3339579853884063 3.7216009990816863 1.6000000000000003
      vertex 3.181346652052679 6.05 1.6000000000000003
      vertex 3.3339579853884063 6.278399000918314 1.6000000000000003
    endloop
  endfacet
  facet normal 0 0 -1
    outer loop
      vertex 3.51507575950825 3.51507575950825 1.6000000000000003
      vertex 3.3339579853884063 6.278399000918314 1.6000000000000003
      vertex 3.51507575950825 6.48492424049175 1.6000000000000003
    endloop
  endfacet
  facet normal 0 0 -1
    outer loop
      vertex 3.7216009990816863 3.3339579853884063 1.6000000000000003
      vertex 3.51507575950825 6.48492424049175 1.6000000000000003
      vertex 3.7216009990816863 6.666042014611594 1.6000000000000003
    endloop
  endfacet
  facet normal 0 0 -1
    outer loop
      vertex 3.8 5 1.6000000000000003
      vertex 3.7216009990816863 6.666042014611594 1.6000000000000003
      vertex 3.8102661663514277 5.156631430664062 1.6000000000000003
    endloop
  endfacet
  facet normal 0 0 -1
    outer loop
      vertex 3.8102661663514277 5.156631430664062 1.6000000000000003
      vertex 3.7216009990816863 6.666042014611594 1.6000000000000003
      vertex 3.840889008453118 5.310582854123025 1.6000000000000003
    endloop
  endfacet
  facet normal 0 0 -1
    outer loop
      vertex 3.840889008453118 5.310582854123025 1.6000000000000003
      vertex 3.7216009990816863 6.666042014611594 1.6000000000000003
      vertex 3.8913445609864556 5.4592201188381075 1.6000000000000003
    endloop
  endfacet
  facet normal 0 0 -1
    outer loop
      vertex 3.8913445609864556 5.4592201188381075 1.6000000000000003
      vertex 3.95 6.818653347947321 1.6000000000000003
      vertex 3.960769515458674 5.6 1.6000000000000003
    endloop
  endfacet
  facet normal 0 0 -1
    outer loop
      vertex 3.8913445609864556 5.4592201188381075 1.6000000000000003
      vertex 3.7216009990816863 6.666042014611594 1.6000000000000003
      vertex 3.95 6.818653347947321 1.6000000000000003
    endloop
  endfacet
  facet normal 0 0 -1
    outer loop
      vertex 3.960769515458674 5.6 1.6000000000000003
      vertex 3.95 6.818653347947321 1.6000000000000003
      vertex 4.047975991650517 5.730513714810465 1.6000000000000003
    endloop
  endfacet
  facet normal 0 0 -1
    outer loop
      vertex 4.047975991650517 5.730513714810465 1.6000000000000003
      vertex 3.95 6.818653347947321 1.6000000000000003
      vertex 4.151471862576143 5.848528137423857 1.6000000000000003
    endloop
  endfacet
  facet normal 0 0 -1
    outer loop
      vertex 4.151471862576143 5.848528137423857 1.6000000000000003
      vertex 4.196364792033312 6.940147018273702 1.6000000000000003
      vertex 4.269486285189535 5.952024008349483 1.6000000000000003
    endloop
  endfacet
  facet normal 0 0 -1
    outer loop
      vertex 4.151471862576143 5.848528137423857 1.6000000000000003
      vertex 3.95 6.818653347947321 1.6000000000000003
      vertex 4.196364792033312 6.940147018273702 1.6000000000000003
    endloop
  endfacet
  facet normal 0 0 -1
    outer loop
      vertex 4.196364792033312 6.940147018273702 1.6000000000000003
      vertex 4.4 6.039230484541326 1.6000000000000003
      vertex 4.269486285189535 5.952024008349483 1.6000000000000003
    endloop
  endfacet
  facet normal 0 0 -1
    outer loop
      vertex 4.196364792033312 6.940147018273702 1.6000000000000003
      vertex 4.456480005284707 7.0284442352070435 1.6000000000000003
      vertex 4.4 6.039230484541326 1.6000000000000003
    endloop
  endfacet
  facet normal 0.5555702330196013 -0.8314696123025459 0
    outer loop
      vertex 3.7216009990816863 6.666042014611594 1.6000000000000003
      vertex 3.7216009990816863 6.666042014611594 0
      vertex 3.95 6.818653347947321 1.6000000000000003
    endloop
  endfacet
  facet normal 0.44228869021900147 -0.8968727415326883 0
    outer loop
      vertex 3.95 6.818653347947321 1.6000000000000003
      vertex 3.95 6.818653347947321 0
      vertex 4.196364792033312 6.940147018273702 1.6000000000000003
    endloop
  endfacet
  facet normal 0.32143946530316186 -0.9469301294951056 0
    outer loop
      vertex 4.196364792033312 6.940147018273702 1.6000000000000003
      vertex 4.196364792033312 6.940147018273702 0
      vertex 4.456480005284707 7.0284442352070435 1.6000000000000003
    endloop
  endfacet
  facet normal 0.19509032201612833 -0.9807852804032303 0
    outer loop
      vertex 4.725894996337892 7.082034208885002 1.6000000000000003
      vertex 4.456480005284707 7.0284442352070435 0
      vertex 4.725894996337892 7.082034208885002 0
    endloop
  endfacet
  facet normal 0.06540312923014162 -0.9978589232386036 0
    outer loop
      vertex 5 7.1 1.6000000000000003
      vertex 4.725894996337892 7.082034208885002 0
      vertex 5 7.1 0
    endloop
  endfacet
  facet normal -0.06540312923014162 -0.9978589232386036 0
    outer loop
      vertex 5.274105003662108 7.082034208885002 1.6000000000000003
      vertex 5 7.1 0
      vertex 5.274105003662108 7.082034208885002 0
    endloop
  endfacet
  facet normal -0.19509032201612833 -0.9807852804032303 0
    outer loop
      vertex 5.543519994715293 7.0284442352070435 1.6000000000000003
      vertex 5.274105003662108 7.082034208885002 0
      vertex 5.543519994715293 7.0284442352070435 0
    endloop
  endfacet
  facet normal -0.32143946530316186 -0.9469301294951056 0
    outer loop
      vertex 5.803635207966688 6.940147018273702 1.6000000000000003
      vertex 5.543519994715293 7.0284442352070435 0
      vertex 5.803635207966688 6.940147018273702 0
    endloop
  endfacet
  facet normal 0 0 -1
    outer loop
      vertex 4.4 6.039230484541326 1.6000000000000003
      vertex 4.456480005284707 7.0284442352070435 1.6000000000000003
      vertex 4.5407798811618925 6.108655439013544 1.6000000000000003
    endloop
  endfacet
  facet normal 0 0 -1
    outer loop
      vertex 4.5407798811618925 6.108655439013544 1.6000000000000003
      vertex 4.456480005284707 7.0284442352070435 1.6000000000000003
      vertex 4.689417145876975 6.159110991546882 1.6000000000000003
    endloop
  endfacet
  facet normal 0 0 -1
    outer loop
      vertex 4.689417145876975 6.159110991546882 1.6000000000000003
      vertex 4.725894996337892 7.082034208885002 1.6000000000000003
      vertex 4.843368569335938 6.189733833648573 1.6000000000000003
    endloop
  endfacet
  facet normal 0 0 -1
    outer loop
      vertex 4.843368569335938 6.189733833648573 1.6000000000000003
      vertex 5 7.1 1.6000000000000003
      vertex 5 6.2 1.6000000000000003
    endloop
  endfacet
  facet normal 0 0 -1
    outer loop
      vertex 5 6.2 1.6000000000000003
      vertex 5.274105003662108 7.082034208885002 1.6000000000000003
      vertex 5.156631430664062 6.189733833648573 1.6000000000000003
    endloop
  endfacet
  facet normal 0.19509032201612833 -0.9807852804032303 0
    outer loop
      vertex 4.456480005284707 7.0284442352070435 1.6000000000000003
      vertex 4.456480005284707 7.0284442352070435 0
      vertex 4.725894996337892 7.082034208885002 1.6000000000000003
    endloop
  endfacet
  facet normal 0.06540312923014162 -0.9978589232386036 0
    outer loop
      vertex 4.725894996337892 7.082034208885002 1.6000000000000003
      vertex 4.725894996337892 7.082034208885002 0
      vertex 5 7.1 1.6000000000000003
    endloop
  endfacet
  facet normal -0.06540312923014162 -0.9978589232386036 0
    outer loop
      vertex 5 7.1 1.6000000000000003
      vertex 5 7.1 0
      vertex 5.274105003662108 7.082034208885002 1.6000000000000003
    endloop
  endfacet
  facet normal 0 0 -1
    outer loop
      vertex 4.689417145876975 6.159110991546882 1.6000000000000003
      vertex 4.456480005284707 7.0284442352070435 1.6000000000000003
      vertex 4.725894996337892 7.082034208885002 1.6000000000000003
    endloop
  endfacet
  facet normal 0 0 -1
    outer loop
      vertex 4.843368569335938 6.189733833648573 1.6000000000000003
      vertex 4.725894996337892 7.082034208885002 1.6000000000000003
      vertex 5 7.1 1.6000000000000003
    endloop
  endfacet
  facet normal 0 0 -1
    outer loop
      vertex 5 6.2 1.6000000000000003
      vertex 5 7.1 1.6000000000000003
      vertex 5.274105003662108 7.082034208885002 1.6000000000000003
    endloop
  endfacet
  facet normal 0 0 -1
    outer loop
      vertex 5.156631430664062 6.189733833648573 1.6000000000000003
      vertex 5.274105003662108 7.082034208885002 1.6000000000000003
      vertex 5.310582854123025 6.159110991546882 1.6000000000000003
    endloop
  endfacet
  facet normal 0 0 -1
    outer loop
      vertex 5.310582854123025 6.159110991546882 1.6000000000000003
      vertex 5.543519994715293 7.0284442352070435 1.6000000000000003
      vertex 5.4592201188381075 6.108655439013544 1.6000000000000003
    endloop
  endfacet
  facet normal 0 0 -1
    outer loop
      vertex 5.4592201188381075 6.108655439013544 1.6000000000000003
      vertex 5.543519994715293 7.0284442352070435 1.6000000000000003
      vertex 5.6 6.039230484541326 1.6000000000000003
    endloop
  endfacet
  facet normal 0 0 -1
    outer loop
      vertex 5.730513714810465 5.952024008349483 1.6000000000000003
      vertex 5.6 6.039230484541326 1.6000000000000003
      vertex 5.803635207966688 6.940147018273702 1.6000000000000003
    endloop
  endfacet
  facet normal 0 0 -1
    outer loop
      vertex 5.6 6.039230484541326 1.6000000000000003
      vertex 5.543519994715293 7.0284442352070435 1.6000000000000003
      vertex 5.803635207966688 6.940147018273702 1.6000000000000003
    endloop
  endfacet
  facet normal 0 0 -1
    outer loop
      vertex 5.730513714810465 5.952024008349483 1.6000000000000003
      vertex 5.803635207966688 6.940147018273702 1.6000000000000003
      vertex 5.848528137423857 5.848528137423857 1.6000000000000003
    endloop
  endfacet
  facet normal 0 0 -1
    outer loop
      vertex 5.848528137423857 5.848528137423857 1.6000000000000003
      vertex 5.803635207966688 6.940147018273702 1.6000000000000003
      vertex 6.05 6.818653347947321 1.6000000000000003
    endloop
  endfacet
  facet normal -0.19509032201612833 -0.9807852804032303 0
    outer loop
      vertex 5.274105003662108 7.082034208885002 1.6000000000000003
      vertex 5.274105003662108 7.082034208885002 0
      vertex 5.543519994715293 7.0284442352070435 1.6000000000000003
    endloop
  endfacet
  facet normal -0.32143946530316186 -0.9469301294951056 0
    outer loop
      vertex 5.543519994715293 7.0284442352070435 1.6000000000000003
      vertex 5.543519994715293 7.0284442352070435 0
      vertex 5.803635207966688 6.940147018273702 1.6000000000000003
    endloop
  endfacet
  facet normal -0.44228869021900147 -0.8968727415326883 0
    outer loop
      vertex 5.803635207966688 6.940147018273702 1.6000000000000003
      vertex 5.803635207966688 6.940147018273702 0
      vertex 6.05 6.818653347947321 1.6000000000000003
    endloop
  endfacet
  facet normal 0 0 -1
    outer loop
      vertex 5.310582854123025 6.159110991546882 1.6000000000000003
      vertex 5.274105003662108 7.082034208885002 1.6000000000000003
      vertex 5.543519994715293 7.0284442352070435 1.6000000000000003
    endloop
  endfacet
  facet normal -0.5555702330196013 0.8314696123025459 0
    outer loop
      vertex 6.05 3.181346652052679 1.6000000000000003
      vertex 6.278399000918314 3.3339579853884063 0
      vertex 6.05 3.181346652052679 0
    endloop
  endfacet
  facet normal -0.6593458151000678 0.7518398074789784 0
    outer loop
      vertex 6.278399000918314 3.3339579853884063 1.6000000000000003
      vertex 6.48492424049175 3.51507575950825 0
      vertex 6.278399000918314 3.3339579853884063 0
    endloop
  endfacet
  facet normal -0.7518398074789784 0.6593458151000677 0
    outer loop
      vertex 6.48492424049175 3.51507575950825 1.6000000000000003
      vertex 6.666042014611594 3.7216009990816863 0
      vertex 6.48492424049175 3.51507575950825 0
    endloop
  endfacet
  facet normal -0.8314696123025459 0.5555702330196013 0
    outer loop
      vertex 6.666042014611594 3.7216009990816863 1.6000000000000003
      vertex 6.818653347947321 3.95 0
      vertex 6.666042014611594 3.7216009990816863 0
    endloop
  endfacet
  facet normal -0.8968727415326883 0.44228869021900147 0
    outer loop
      vertex 6.818653347947321 3.95 1.6000000000000003
      vertex 6.940147018273702 4.196364792033312 0
      vertex 6.818653347947321 3.95 0
    endloop
  endfacet
  facet normal -0.9469301294951056 0.32143946530316186 0
    outer loop
      vertex 6.940147018273702 4.196364792033312 1.6000000000000003
      vertex 7.0284442352070435 4.456480005284707 0
      vertex 6.940147018273702 4.196364792033312 0
    endloop
  endfacet
  facet normal -0.9807852804032303 0.19509032201612833 0
    outer loop
      vertex 7.0284442352070435 4.456480005284707 1.6000000000000003
      vertex 7.082034208885002 4.725894996337892 0
      vertex 7.0284442352070435 4.456480005284707 0
    endloop
  endfacet
  facet normal -0.9978589232386036 0.06540312923014162 0
    outer loop
      vertex 7.082034208885002 4.725894996337892 1.6000000000000003
      vertex 7.1 5 0
      vertex 7.082034208885002 4.725894996337892 0
    endloop
  endfacet
  facet normal -0.9978589232386036 -0.06540312923014162 0
    outer loop
      vertex 7.1 5 1.6000000000000003
      vertex 7.082034208885002 5.274105003662108 0
      vertex 7.1 5 0
    endloop
  endfacet
  facet normal -0.44228869021900147 0.8968727415326883 -2.4987461891279953e-18
    outer loop
      vertex 5.803635207966688 3.059852981726298 1.6000000000000003
      vertex 6.05 3.181346652052679 1.6000000000000003
      vertex 6.05 3.181346652052679 0
    endloop
  endfacet
  facet normal -0.5555702330196013 0.8314696123025459 8.682397751827129e-19
    outer loop
      vertex 6.05 3.181346652052679 1.6000000000000003
      vertex 6.278399000918314 3.3339579853884063 1.6000000000000003
      vertex 6.278399000918314 3.3339579853884063 0
    endloop
  endfacet
  facet normal -0.6593458151000678 0.7518398074789784 2.2437692252340962e-18
    outer loop
      vertex 6.278399000918314 3.3339579853884063 1.6000000000000003
      vertex 6.48492424049175 3.51507575950825 1.6000000000000003
      vertex 6.48492424049175 3.51507575950825 0
    endloop
  endfacet
  facet normal -0.7518398074789784 0.6593458151000677 5.2568312036782095e-18
    outer loop
      vertex 6.48492424049175 3.51507575950825 1.6000000000000003
      vertex 6.666042014611594 3.7216009990816863 1.6000000000000003
      vertex 6.666042014611594 3.7216009990816863 0
    endloop
  endfacet
  facet normal 0 0 -1
    outer loop
      vertex 6.05 3.181346652052679 1.6000000000000003
      vertex 5.848528137423857 4.151471862576143 1.6000000000000003
      vertex 5.952024008349483 4.269486285189535 1.6000000000000003
    endloop
  endfacet
  facet normal 0 0 -1
    outer loop
      vertex 6.05 3.181346652052679 1.6000000000000003
      vertex 5.952024008349483 4.269486285189535 1.6000000000000003
      vertex 6.039230484541326 4.4 1.6000000000000003
    endloop
  endfacet
  facet normal 0 0 -1
    outer loop
      vertex 6.05 3.181346652052679 1.6000000000000003
      vertex 6.108655439013544 4.5407798811618925 1.6000000000000003
      vertex 6.278399000918314 3.3339579853884063 1.6000000000000003
    endloop
  endfacet
  facet normal 0 0 -1
    outer loop
      vertex 6.05 3.181346652052679 1.6000000000000003
      vertex 6.039230484541326 4.4 1.6000000000000003
      vertex 6.108655439013544 4.5407798811618925 1.6000000000000003
    endloop
  endfacet
  facet normal 0 0 -1
    outer loop
      vertex 6.108655439013544 4.5407798811618925 1.6000000000000003
      vertex 6.159110991546882 4.689417145876975 1.6000000000000003
      vertex 6.278399000918314 3.3339579853884063 1.6000000000000003
    endloop
  endfacet
  facet normal 0 0 -1
    outer loop
      vertex 6.159110991546882 4.689417145876975 1.6000000000000003
      vertex 6.189733833648573 4.843368569335938 1.6000000000000003
      vertex 6.278399000918314 3.3339579853884063 1.6000000000000003
    endloop
  endfacet
  facet normal 0 0 -1
    outer loop
      vertex 6.278399000918314 3.3339579853884063 1.6000000000000003
      vertex 6.189733833648573 4.843368569335938 1.6000000000000003
      vertex 6.2 5 1.6000000000000003
    endloop
  endfacet
  facet normal 0 0 -1
    outer loop
      vertex 6.278399000918314 3.3339579853884063 1.6000000000000003
      vertex 6.2 5 1.6000000000000003
      vertex 6.278399000918314 6.666042014611594 1.6000000000000003
    endloop
  endfacet
  facet normal 0 0 -1
    outer loop
      vertex 6.278399000918314 3.3339579853884063 1.6000000000000003
      vertex 6.278399000918314 6.666042014611594 1.6000000000000003
      vertex 6.48492424049175 3.51507575950825 1.6000000000000003
    endloop
  endfacet
  facet normal 0 0 -1
    outer loop
      vertex 6.48492424049175 3.51507575950825 1.6000000000000003
      vertex 6.48492424049175 6.48492424049175 1.6000000000000003
      vertex 6.666042014611594 3.7216009990816863 1.6000000000000003
    endloop
  endfacet
  facet normal -0.8314696123025459 0.5555702330196013 8.682397751827129e-19
    outer loop
      vertex 6.666042014611594 3.7216009990816863 1.6000000000000003
      vertex 6.818653347947321 3.95 1.6000000000000003
      vertex 6.818653347947321 3.95 0
    endloop
  endfacet
  facet normal -0.8968727415326883 0.44228869021900147 -2.4987461891279953e-18
    outer loop
      vertex 6.818653347947321 3.95 1.6000000000000003
      vertex 6.940147018273702 4.196364792033312 1.6000000000000003
      vertex 6.940147018273702 4.196364792033312 0
    endloop
  endfacet
  facet normal -0.9469301294951056 0.32143946530316186 3.591152720109367e-18
    outer loop
      vertex 6.940147018273702 4.196364792033312 1.6000000000000003
      vertex 7.0284442352070435 4.456480005284707 1.6000000000000003
      vertex 7.0284442352070435 4.456480005284707 0
    endloop
  endfacet
  facet normal -0.9807852804032303 0.19509032201612833 6.444395203149244e-19
    outer loop
      vertex 7.0284442352070435 4.456480005284707 1.6000000000000003
      vertex 7.082034208885002 4.725894996337892 1.6000000000000003
      vertex 7.082034208885002 4.725894996337892 0
    endloop
  endfacet
  facet normal -0.9978589232386036 0.06540312923014162 -1.5092355939545265e-19
    outer loop
      vertex 7.082034208885002 4.725894996337892 1.6000000000000003
      vertex 7.1 5 1.6000000000000003
      vertex 7.1 5 0
    endloop
  endfacet
  facet normal -0.9978589232386036 -0.06540312923014162 1.5092355939545265e-19
    outer loop
      vertex 7.1 5 1.6000000000000003
      vertex 7.082034208885002 5.274105003662108 1.6000000000000003
      vertex 7.082034208885002 5.274105003662108 0
    endloop
  endfacet
  facet normal 0 0 -1
    outer loop
      vertex 6.666042014611594 3.7216009990816863 1.6000000000000003
      vertex 6.666042014611594 6.278399000918314 1.6000000000000003
      vertex 6.818653347947321 3.95 1.6000000000000003
    endloop
  endfacet
  facet normal 0 0 -1
    outer loop
      vertex 6.818653347947321 3.95 1.6000000000000003
      vertex 6.818653347947321 6.05 1.6000000000000003
      vertex 6.940147018273702 4.196364792033312 1.6000000000000003
    endloop
  endfacet
  facet normal 0 0 -1
    outer loop
      vertex 6.940147018273702 4.196364792033312 1.6000000000000003
      vertex 6.940147018273702 5.803635207966688 1.6000000000000003
      vertex 7.0284442352070435 4.456480005284707 1.6000000000000003
    endloop
  endfacet
  facet normal 0 0 -1
    outer loop
      vertex 7.0284442352070435 4.456480005284707 1.6000000000000003
      vertex 7.0284442352070435 5.543519994715293 1.6000000000000003
      vertex 7.082034208885002 4.725894996337892 1.6000000000000003
    endloop
  endfacet
  facet normal 0 0 -1
    outer loop
      vertex 7.082034208885002 4.725894996337892 1.6000000000000003
      vertex 7.0284442352070435 5.543519994715293 1.6000000000000003
      vertex 7.082034208885002 5.274105003662108 1.6000000000000003
    endloop
  endfacet
  facet normal 0 0 -1
    outer loop
      vertex 7.0284442352070435 4.456480005284707 1.6000000000000003
      vertex 6.940147018273702 5.803635207966688 1.6000000000000003
      vertex 7.0284442352070435 5.543519994715293 1.6000000000000003
    endloop
  endfacet
  facet normal 0 0 -1
    outer loop
      vertex 7.082034208885002 4.725894996337892 1.6000000000000003
      vertex 7.082034208885002 5.274105003662108 1.6000000000000003
      vertex 7.1 5 1.6000000000000003
    endloop
  endfacet
  facet normal -0.6593458151000668 -0.7518398074789792 0
    outer loop
      vertex 6.48492424049175 6.48492424049175 1.6000000000000003
      vertex 6.278399000918314 6.666042014611594 0
      vertex 6.48492424049175 6.48492424049175 0
    endloop
  endfacet
  facet normal -0.7518398074789792 -0.6593458151000668 0
    outer loop
      vertex 6.666042014611594 6.278399000918314 1.6000000000000003
      vertex 6.48492424049175 6.48492424049175 0
      vertex 6.666042014611594 6.278399000918314 0
    endloop
  endfacet
  facet normal -0.44228869021900147 -0.8968727415326883 0
    outer loop
      vertex 6.05 6.818653347947321 1.6000000000000003
      vertex 5.803635207966688 6.940147018273702 0
      vertex 6.05 6.818653347947321 0
    endloop
  endfacet
  facet normal -0.5555702330196013 -0.8314696123025459 0
    outer loop
      vertex 6.278399000918314 6.666042014611594 1.6000000000000003
      vertex 6.05 6.818653347947321 0
      vertex 6.278399000918314 6.666042014611594 0
    endloop
  endfacet
  facet normal -0.9807852804032303 -0.19509032201612833 0
    outer loop
      vertex 7.082034208885002 5.274105003662108 1.6000000000000003
      vertex 7.0284442352070435 5.543519994715293 0
      vertex 7.082034208885002 5.274105003662108 0
    endloop
  endfacet
  facet normal -0.9469301294951056 -0.32143946530316186 0
    outer loop
      vertex 7.0284442352070435 5.543519994715293 1.6000000000000003
      vertex 6.940147018273702 5.803635207966688 0
      vertex 7.0284442352070435 5.543519994715293 0
    endloop
  endfacet
  facet normal -0.8968727415326883 -0.44228869021900147 0
    outer loop
      vertex 6.940147018273702 5.803635207966688 1.6000000000000003
      vertex 6.818653347947321 6.05 0
      vertex 6.940147018273702 5.803635207966688 0
    endloop
  endfacet
  facet normal -0.8314696123025459 -0.5555702330196013 0
    outer loop
      vertex 6.818653347947321 6.05 1.6000000000000003
      vertex 6.666042014611594 6.278399000918314 0
      vertex 6.818653347947321 6.05 0
    endloop
  endfacet
  facet normal -0.6593458151000668 -0.7518398074789792 1.1919046922602645e-18
    outer loop
      vertex 6.48492424049175 6.48492424049175 1.6000000000000003
      vertex 6.278399000918314 6.666042014611594 1.6000000000000003
      vertex 6.278399000918314 6.666042014611594 0
    endloop
  endfacet
  facet normal -0.7518398074789792 -0.6593458151000668 0
    outer loop
      vertex 6.48492424049175 6.48492424049175 1.6000000000000003
      vertex 6.48492424049175 6.48492424049175 0
      vertex 6.666042014611594 6.278399000918314 1.6000000000000003
    endloop
  endfacet
  facet normal 0 0 -1
    outer loop
      vertex 6.039230484541326 5.6 1.6000000000000003
      vertex 6.05 6.818653347947321 1.6000000000000003
      vertex 6.108655439013544 5.4592201188381075 1.6000000000000003
    endloop
  endfacet
  facet normal 0 0 -1
    outer loop
      vertex 6.2 5 1.6000000000000003
      vertex 6.189733833648573 5.156631430664062 1.6000000000000003
      vertex 6.278399000918314 6.666042014611594 1.6000000000000003
    endloop
  endfacet
  facet normal 0 0 -1
    outer loop
      vertex 6.159110991546882 5.310582854123025 1.6000000000000003
      vertex 6.108655439013544 5.4592201188381075 1.6000000000000003
      vertex 6.278399000918314 6.666042014611594 1.6000000000000003
    endloop
  endfacet
  facet normal 0 0 -1
    outer loop
      vertex 6.159110991546882 5.310582854123025 1.6000000000000003
      vertex 6.278399000918314 6.666042014611594 1.6000000000000003
      vertex 6.189733833648573 5.156631430664062 1.6000000000000003
    endloop
  endfacet
  facet normal 0 0 -1
    outer loop
      vertex 5.848528137423857 5.848528137423857 1.6000000000000003
      vertex 6.05 6.818653347947321 1.6000000000000003
      vertex 5.952024008349483 5.730513714810465 1.6000000000000003
    endloop
  endfacet
  facet normal 0 0 -1
    outer loop
      vertex 5.952024008349483 5.730513714810465 1.6000000000000003
      vertex 6.05 6.818653347947321 1.6000000000000003
      vertex 6.039230484541326 5.6 1.6000000000000003
    endloop
  endfacet
  facet normal 0 0 -1
    outer loop
      vertex 6.108655439013544 5.4592201188381075 1.6000000000000003
      vertex 6.05 6.818653347947321 1.6000000000000003
      vertex 6.278399000918314 6.666042014611594 1.6000000000000003
    endloop
  endfacet
  facet normal 0 0 -1
    outer loop
      vertex 6.48492424049175 3.51507575950825 1.6000000000000003
      vertex 6.278399000918314 6.666042014611594 1.6000000000000003
      vertex 6.48492424049175 6.48492424049175 1.6000000000000003
    endloop
  endfacet
  facet normal 0 0 -1
    outer loop
      vertex 6.666042014611594 3.7216009990816863 1.6000000000000003
      vertex 6.48492424049175 6.48492424049175 1.6000000000000003
      vertex 6.666042014611594 6.278399000918314 1.6000000000000003
    endloop
  endfacet
  facet normal -0.5555702330196013 -0.8314696123025459 0
    outer loop
      vertex 6.05 6.818653347947321 1.6000000000000003
      vertex 6.05 6.818653347947321 0
      vertex 6.278399000918314 6.666042014611594 1.6000000000000003
    endloop
  endfacet
  facet normal -0.8968727415326883 -0.44228869021900147 0
    outer loop
      vertex 6.818653347947321 6.05 1.6000000000000003
      vertex 6.818653347947321 6.05 0
      vertex 6.940147018273702 5.803635207966688 1.6000000000000003
    endloop
  endfacet
  facet normal -0.9807852804032303 -0.19509032201612833 -6.444395203149244e-19
    outer loop
      vertex 7.082034208885002 5.274105003662108 1.6000000000000003
      vertex 7.0284442352070435 5.543519994715293 1.6000000000000003
      vertex 7.0284442352070435 5.543519994715293 0
    endloop
  endfacet
  facet normal -0.9469301294951056 -0.32143946530316186 0
    outer loop
      vertex 6.940147018273702 5.803635207966688 1.6000000000000003
      vertex 6.940147018273702 5.803635207966688 0
      vertex 7.0284442352070435 5.543519994715293 1.6000000000000003
    endloop
  endfacet
  facet normal -0.8314696123025459 -0.5555702330196013 0
    outer loop
      vertex 6.666042014611594 6.278399000918314 1.6000000000000003
      vertex 6.666042014611594 6.278399000918314 0
      vertex 6.818653347947321 6.05 1.6000000000000003
    endloop
  endfacet
  facet normal 0 0 -1
    outer loop
      vertex 6.818653347947321 3.95 1.6000000000000003
      vertex 6.666042014611594 6.278399000918314 1.6000000000000003
      vertex 6.818653347947321 6.05 1.6000000000000003
    endloop
  endfacet
  facet normal 0 0 -1
    outer loop
      vertex 6.818653347947321 6.05 1.6000000000000003
      vertex 6.940147018273702 5.803635207966688 1.6000000000000003
      vertex 6.940147018273702 4.196364792033312 1.6000000000000003
    endloop
  endfacet
  facet normal 0.9469301294951024 0.32143946530317125 -2.9565329792521606e-18
    outer loop
      vertex 3.8913445609864556 80.14077988116189 1.6000000000000003
      vertex 3.840889008453118 80.28941714587697 1.6000000000000003
      vertex 3.840889008453118 80.28941714587697 2.4
    endloop
  endfacet
  facet normal 0.7518398074789557 0.6593458151000938 0
    outer loop
      vertex 4.047975991650517 79.86948628518952 1.6000000000000003
      vertex 4.047975991650517 79.86948628518952 2.4
      vertex 4.151471862576143 79.75147186257614 1.6000000000000003
    endloop
  endfacet
  facet normal 0.8314696123025701 0.555570233019565 0
    outer loop
      vertex 3.960769515458674 80 1.6000000000000003
      vertex 3.960769515458674 80 2.4
      vertex 4.047975991650517 79.86948628518952 1.6000000000000003
    endloop
  endfacet
  facet normal 0.8968727415326844 0.44228869021900913 -5.600398724672131e-19
    outer loop
      vertex 3.960769515458674 80 1.6000000000000003
      vertex 3.8913445609864556 80.14077988116189 1.6000000000000003
      vertex 3.8913445609864556 80.14077988116189 2.4
    endloop
  endfacet
  facet normal 0.9469301294951024 0.32143946530317125 0
    outer loop
      vertex 3.8913445609864556 80.14077988116189 1.6000000000000003
      vertex 3.840889008453118 80.28941714587697 2.4
      vertex 3.8913445609864556 80.14077988116189 2.4
    endloop
  endfacet
  facet normal 0.8314696123025701 0.555570233019565 0
    outer loop
      vertex 4.047975991650517 79.86948628518952 1.6000000000000003
      vertex 3.960769515458674 80 2.4
      vertex 4.047975991650517 79.86948628518952 2.4
    endloop
  endfacet
  facet normal 0.8968727415326844 0.44228869021900913 0
    outer loop
      vertex 3.960769515458674 80 1.6000000000000003
      vertex 3.8913445609864556 80.14077988116189 2.4
      vertex 3.960769515458674 80 2.4
    endloop
  endfacet
  facet normal 0.44228869021904105 0.8968727415326687 0
    outer loop
      vertex 4.4 79.56076951545867 1.6000000000000003
      vertex 4.4 79.56076951545867 2.4
      vertex 4.5407798811618925 79.49134456098645 1.6000000000000003
    endloop
  endfacet
  facet normal 0.6593458151000776 0.7518398074789696 0
    outer loop
      vertex 4.151471862576143 79.75147186257614 1.6000000000000003
      vertex 4.151471862576143 79.75147186257614 2.4
      vertex 4.269486285189535 79.64797599165051 1.6000000000000003
    endloop
  endfacet
  facet normal 0.5555702330195729 0.8314696123025648 4.461108537291345e-18
    outer loop
      vertex 4.4 79.56076951545867 1.6000000000000003
      vertex 4.269486285189535 79.64797599165051 1.6000000000000003
      vertex 4.269486285189535 79.64797599165051 2.4
    endloop
  endfacet
  facet normal 0.7518398074789557 0.6593458151000938 0
    outer loop
      vertex 4.151471862576143 79.75147186257614 1.6000000000000003
      vertex 4.047975991650517 79.86948628518952 2.4
      vertex 4.151471862576143 79.75147186257614 2.4
    endloop
  endfacet
  facet normal 0.6593458151000776 0.7518398074789696 0
    outer loop
      vertex 4.269486285189535 79.64797599165051 1.6000000000000003
      vertex 4.151471862576143 79.75147186257614 2.4
      vertex 4.269486285189535 79.64797599165051 2.4
    endloop
  endfacet
  facet normal 0.5555702330195729 0.8314696123025648 0
    outer loop
      vertex 4.4 79.56076951545867 1.6000000000000003
      vertex 4.269486285189535 79.64797599165051 2.4
      vertex 4.4 79.56076951545867 2.4
    endloop
  endfacet
  facet normal 0.32143946530315076 0.9469301294951095 0
    outer loop
      vertex 4.5407798811618925 79.49134456098645 1.6000000000000003
      vertex 4.5407798811618925 79.49134456098645 2.4
      vertex 4.689417145876975 79.44088900845311 1.6000000000000003
    endloop
  endfacet
  facet normal 0.19509032201614016 0.980785280403228 0
    outer loop
      vertex 4.689417145876975 79.44088900845311 1.6000000000000003
      vertex 4.689417145876975 79.44088900845311 2.4
      vertex 4.843368569335938 79.41026616635142 1.6000000000000003
    endloop
  endfacet
  facet normal 0.44228869021904105 0.8968727415326687 0
    outer loop
      vertex 4.5407798811618925 79.49134456098645 1.6000000000000003
      vertex 4.4 79.56076951545867 2.4
      vertex 4.5407798811618925 79.49134456098645 2.4
    endloop
  endfacet
  facet normal 0.32143946530315076 0.9469301294951095 0
    outer loop
      vertex 4.689417145876975 79.44088900845311 1.6000000000000003
      vertex 4.5407798811618925 79.49134456098645 2.4
      vertex 4.689417145876975 79.44088900845311 2.4
    endloop
  endfacet
  facet normal 0.19509032201614016 0.980785280403228 0
    outer loop
      vertex 4.843368569335938 79.41026616635142 1.6000000000000003
      vertex 4.689417145876975 79.44088900845311 2.4
      vertex 4.843368569335938 79.41026616635142 2.4
    endloop
  endfacet
  facet normal 0.06540312923014817 0.9978589232386033 0
    outer loop
      vertex 4.843368569335938 79.41026616635142 1.6000000000000003
      vertex 4.843368569335938 79.41026616635142 2.4
      vertex 5 79.39999999999999 1.6000000000000003
    endloop
  endfacet
  facet normal -0.06540312923014817 0.9978589232386033 0
    outer loop
      vertex 5 79.39999999999999 1.6000000000000003
      vertex 5 79.39999999999999 2.4
      vertex 5.156631430664062 79.41026616635142 1.6000000000000003
    endloop
  endfacet
  facet normal 0.06540312923014817 0.9978589232386033 0
    outer loop
      vertex 5 79.39999999999999 1.6000000000000003
      vertex 4.843368569335938 79.41026616635142 2.4
      vertex 5 79.39999999999999 2.4
    endloop
  endfacet
  facet normal -0.06540312923014817 0.9978589232386033 0
    outer loop
      vertex 5.156631430664062 79.41026616635142 1.6000000000000003
      vertex 5 79.39999999999999 2.4
      vertex 5.156631430664062 79.41026616635142 2.4
    endloop
  endfacet
  facet normal -0.19509032201614016 0.980785280403228 0
    outer loop
      vertex 5.156631430664062 79.41026616635142 1.6000000000000003
      vertex 5.156631430664062 79.41026616635142 2.4
      vertex 5.310582854123025 79.44088900845311 1.6000000000000003
    endloop
  endfacet
  facet normal -0.32143946530315076 0.9469301294951095 0
    outer loop
      vertex 5.310582854123025 79.44088900845311 1.6000000000000003
      vertex 5.310582854123025 79.44088900845311 2.4
      vertex 5.4592201188381075 79.49134456098645 1.6000000000000003
    endloop
  endfacet
  facet normal -0.44228869021904105 0.8968727415326687 0
    outer loop
      vertex 5.4592201188381075 79.49134456098645 1.6000000000000003
      vertex 5.4592201188381075 79.49134456098645 2.4
      vertex 5.6 79.56076951545867 1.6000000000000003
    endloop
  endfacet
  facet normal -0.19509032201614016 0.980785280403228 0
    outer loop
      vertex 5.310582854123025 79.44088900845311 1.6000000000000003
      vertex 5.156631430664062 79.41026616635142 2.4
      vertex 5.310582854123025 79.44088900845311 2.4
    endloop
  endfacet
  facet normal -0.32143946530315076 0.9469301294951095 0
    outer loop
      vertex 5.4592201188381075 79.49134456098645 1.6000000000000003
      vertex 5.310582854123025 79.44088900845311 2.4
      vertex 5.4592201188381075 79.49134456098645 2.4
    endloop
  endfacet
  facet normal -0.44228869021904105 0.8968727415326687 0
    outer loop
      vertex 5.6 79.56076951545867 1.6000000000000003
      vertex 5.4592201188381075 79.49134456098645 2.4
      vertex 5.6 79.56076951545867 2.4
    endloop
  endfacet
  facet normal -0.5555702330195729 0.8314696123025648 0
    outer loop
      vertex 5.6 79.56076951545867 1.6000000000000003
      vertex 5.6 79.56076951545867 2.4
      vertex 5.730513714810465 79.64797599165051 1.6000000000000003
    endloop
  endfacet
  facet normal -0.6593458151000776 0.7518398074789696 0
    outer loop
      vertex 5.730513714810465 79.64797599165051 1.6000000000000003
      vertex 5.730513714810465 79.64797599165051 2.4
      vertex 5.848528137423857 79.75147186257614 1.6000000000000003
    endloop
  endfacet
  facet normal -0.7518398074789557 0.6593458151000938 0
    outer loop
      vertex 5.848528137423857 79.75147186257614 1.6000000000000003
      vertex 5.848528137423857 79.75147186257614 2.4
      vertex 5.952024008349483 79.86948628518952 1.6000000000000003
    endloop
  endfacet
  facet normal -0.5555702330195729 0.8314696123025648 0
    outer loop
      vertex 5.730513714810465 79.64797599165051 1.6000000000000003
      vertex 5.6 79.56076951545867 2.4
      vertex 5.730513714810465 79.64797599165051 2.4
    endloop
  endfacet
  facet normal -0.6593458151000776 0.7518398074789696 0
    outer loop
      vertex 5.848528137423857 79.75147186257614 1.6000000000000003
      vertex 5.730513714810465 79.64797599165051 2.4
      vertex 5.848528137423857 79.75147186257614 2.4
    endloop
  endfacet
  facet normal -0.7518398074789557 0.6593458151000938 0
    outer loop
      vertex 5.952024008349483 79.86948628518952 1.6000000000000003
      vertex 5.848528137423857 79.75147186257614 2.4
      vertex 5.952024008349483 79.86948628518952 2.4
    endloop
  endfacet
  facet normal 0.9978589232386035 0.06540312923014462 4.391867012433313e-19
    outer loop
      vertex 3.8102661663514277 80.44336856933593 1.6000000000000003
      vertex 3.8 80.6 1.6000000000000003
      vertex 3.8 80.6 2.4
    endloop
  endfacet
  facet normal 0.9807852804032309 0.19509032201612658 2.825285222985564e-18
    outer loop
      vertex 3.840889008453118 80.28941714587697 1.6000000000000003
      vertex 3.8102661663514277 80.44336856933593 1.6000000000000003
      vertex 3.8102661663514277 80.44336856933593 2.4
    endloop
  endfacet
  facet normal 0.9978589232386035 -0.06540312923014462 -4.391867012433313e-19
    outer loop
      vertex 3.8 80.6 1.6000000000000003
      vertex 3.8102661663514277 80.75663143066406 1.6000000000000003
      vertex 3.8102661663514277 80.75663143066406 2.4
    endloop
  endfacet
  facet normal 0.9807852804032309 -0.19509032201612658 -2.825285222985564e-18
    outer loop
      vertex 3.8102661663514277 80.75663143066406 1.6000000000000003
      vertex 3.840889008453118 80.91058285412302 1.6000000000000003
      vertex 3.840889008453118 80.91058285412302 2.4
    endloop
  endfacet
  facet normal 0.9978589232386035 0.06540312923014462 0
    outer loop
      vertex 3.8102661663514277 80.44336856933593 1.6000000000000003
      vertex 3.8 80.6 2.4
      vertex 3.8102661663514277 80.44336856933593 2.4
    endloop
  endfacet
  facet normal 0.9807852804032309 0.19509032201612658 0
    outer loop
      vertex 3.840889008453118 80.28941714587697 1.6000000000000003
      vertex 3.8102661663514277 80.44336856933593 2.4
      vertex 3.840889008453118 80.28941714587697 2.4
    endloop
  endfacet
  facet normal 0.9978589232386035 -0.06540312923014462 0
    outer loop
      vertex 3.8 80.6 1.6000000000000003
      vertex 3.8102661663514277 80.75663143066406 2.4
      vertex 3.8 80.6 2.4
    endloop
  endfacet
  facet normal 0.9807852804032309 -0.19509032201612658 0
    outer loop
      vertex 3.8102661663514277 80.75663143066406 1.6000000000000003
      vertex 3.840889008453118 80.91058285412302 2.4
      vertex 3.8102661663514277 80.75663143066406 2.4
    endloop
  endfacet
  facet normal 0.9469301294951024 -0.32143946530317125 2.9565329792521606e-18
    outer loop
      vertex 3.840889008453118 80.91058285412302 1.6000000000000003
      vertex 3.8913445609864556 81.0592201188381 1.6000000000000003
      vertex 3.8913445609864556 81.0592201188381 2.4
    endloop
  endfacet
  facet normal 0.8968727415326844 -0.44228869021900913 5.600398724672131e-19
    outer loop
      vertex 3.8913445609864556 81.0592201188381 1.6000000000000003
      vertex 3.960769515458674 81.19999999999999 1.6000000000000003
      vertex 3.960769515458674 81.19999999999999 2.4
    endloop
  endfacet
  facet normal 0.8314696123025701 -0.555570233019565 5.688594114879572e-18
    outer loop
      vertex 3.960769515458674 81.19999999999999 1.6000000000000003
      vertex 4.047975991650517 81.33051371481046 1.6000000000000003
      vertex 4.047975991650517 81.33051371481046 2.4
    endloop
  endfacet
  facet normal 0.9469301294951024 -0.32143946530317125 0
    outer loop
      vertex 3.840889008453118 80.91058285412302 1.6000000000000003
      vertex 3.8913445609864556 81.0592201188381 2.4
      vertex 3.840889008453118 80.91058285412302 2.4
    endloop
  endfacet
  facet normal 0.8968727415326844 -0.44228869021900913 0
    outer loop
      vertex 3.8913445609864556 81.0592201188381 1.6000000000000003
      vertex 3.960769515458674 81.19999999999999 2.4
      vertex 3.8913445609864556 81.0592201188381 2.4
    endloop
  endfacet
  facet normal 0.8314696123025701 -0.555570233019565 0
    outer loop
      vertex 3.960769515458674 81.19999999999999 1.6000000000000003
      vertex 4.047975991650517 81.33051371481046 2.4
      vertex 3.960769515458674 81.19999999999999 2.4
    endloop
  endfacet
  facet normal 0.7518398074789557 -0.6593458151000938 0
    outer loop
      vertex 4.047975991650517 81.33051371481046 1.6000000000000003
      vertex 4.151471862576143 81.44852813742385 2.4
      vertex 4.047975991650517 81.33051371481046 2.4
    endloop
  endfacet
  facet normal 0.7518398074789557 -0.6593458151000938 -5.58258518471872e-18
    outer loop
      vertex 4.047975991650517 81.33051371481046 1.6000000000000003
      vertex 4.151471862576143 81.44852813742385 1.6000000000000003
      vertex 4.151471862576143 81.44852813742385 2.4
    endloop
  endfacet
  facet normal 0.6593458151000776 -0.7518398074789696 4.997219659763579e-18
    outer loop
      vertex 4.151471862576143 81.44852813742385 1.6000000000000003
      vertex 4.269486285189535 81.55202400834948 1.6000000000000003
      vertex 4.269486285189535 81.55202400834948 2.4
    endloop
  endfacet
  facet normal 0.6593458151000776 -0.7518398074789696 0
    outer loop
      vertex 4.151471862576143 81.44852813742385 1.6000000000000003
      vertex 4.269486285189535 81.55202400834948 2.4
      vertex 4.151471862576143 81.44852813742385 2.4
    endloop
  endfacet
  facet normal 0.5555702330195729 -0.8314696123025648 0
    outer loop
      vertex 4.269486285189535 81.55202400834948 1.6000000000000003
      vertex 4.4 81.63923048454132 2.4
      vertex 4.269486285189535 81.55202400834948 2.4
    endloop
  endfacet
  facet normal 0.5555702330195729 -0.8314696123025648 -4.461108537291345e-18
    outer loop
      vertex 4.269486285189535 81.55202400834948 1.6000000000000003
      vertex 4.4 81.63923048454132 1.6000000000000003
      vertex 4.4 81.63923048454132 2.4
    endloop
  endfacet
  facet normal 0.44228869021904105 -0.8968727415326687 0
    outer loop
      vertex 4.4 81.63923048454132 1.6000000000000003
      vertex 4.5407798811618925 81.70865543901354 2.4
      vertex 4.4 81.63923048454132 2.4
    endloop
  endfacet
  facet normal 0.44228869021904105 -0.8968727415326687 -3.231355582608464e-18
    outer loop
      vertex 4.4 81.63923048454132 1.6000000000000003
      vertex 4.5407798811618925 81.70865543901354 1.6000000000000003
      vertex 4.5407798811618925 81.70865543901354 2.4
    endloop
  endfacet
  facet normal 0.32143946530315076 -0.9469301294951095 1.231862166903141e-19
    outer loop
      vertex 4.5407798811618925 81.70865543901354 1.6000000000000003
      vertex 4.689417145876975 81.75911099154688 1.6000000000000003
      vertex 4.689417145876975 81.75911099154688 2.4
    endloop
  endfacet
  facet normal 0.19509032201614016 -0.980785280403228 -2.026511416320034e-18
    outer loop
      vertex 4.689417145876975 81.75911099154688 1.6000000000000003
      vertex 4.843368569335938 81.78973383364857 1.6000000000000003
      vertex 4.843368569335938 81.78973383364857 2.4
    endloop
  endfacet
  facet normal 0.32143946530315076 -0.9469301294951095 0
    outer loop
      vertex 4.5407798811618925 81.70865543901354 1.6000000000000003
      vertex 4.689417145876975 81.75911099154688 2.4
      vertex 4.5407798811618925 81.70865543901354 2.4
    endloop
  endfacet
  facet normal 0.19509032201614016 -0.980785280403228 0
    outer loop
      vertex 4.689417145876975 81.75911099154688 1.6000000000000003
      vertex 4.843368569335938 81.78973383364857 2.4
      vertex 4.689417145876975 81.75911099154688 2.4
    endloop
  endfacet
  facet normal 0.06540312923014817 -0.9978589232386033 7.363027921666481e-19
    outer loop
      vertex 4.843368569335938 81.78973383364857 1.6000000000000003
      vertex 5 81.8 1.6000000000000003
      vertex 5 81.8 2.4
    endloop
  endfacet
  facet normal -0.06540312923014817 -0.9978589232386033 -7.363027921666481e-19
    outer loop
      vertex 5 81.8 1.6000000000000003
      vertex 5.156631430664062 81.78973383364857 1.6000000000000003
      vertex 5.156631430664062 81.78973383364857 2.4
    endloop
  endfacet
  facet normal 0.06540312923014817 -0.9978589232386033 0
    outer loop
      vertex 4.843368569335938 81.78973383364857 1.6000000000000003
      vertex 5 81.8 2.4
      vertex 4.843368569335938 81.78973383364857 2.4
    endloop
  endfacet
  facet normal -0.06540312923014817 -0.9978589232386033 0
    outer loop
      vertex 5 81.8 1.6000000000000003
      vertex 5.156631430664062 81.78973383364857 2.4
      vertex 5 81.8 2.4
    endloop
  endfacet
  facet normal -0.5555702330195729 -0.8314696123025648 4.461108537291345e-18
    outer loop
      vertex 5.6 81.63923048454132 1.6000000000000003
      vertex 5.730513714810465 81.55202400834948 1.6000000000000003
      vertex 5.730513714810465 81.55202400834948 2.4
    endloop
  endfacet
  facet normal -0.6593458151000776 -0.7518398074789696 0
    outer loop
      vertex 5.848528137423857 81.44852813742385 1.6000000000000003
      vertex 5.848528137423857 81.44852813742385 2.4
      vertex 5.730513714810465 81.55202400834948 1.6000000000000003
    endloop
  endfacet
  facet normal -0.7518398074789557 -0.6593458151000938 5.58258518471872e-18
    outer loop
      vertex 5.848528137423857 81.44852813742385 1.6000000000000003
      vertex 5.952024008349483 81.33051371481046 1.6000000000000003
      vertex 5.952024008349483 81.33051371481046 2.4
    endloop
  endfacet
  facet normal -0.6593458151000776 -0.7518398074789696 0
    outer loop
      vertex 5.730513714810465 81.55202400834948 1.6000000000000003
      vertex 5.848528137423857 81.44852813742385 2.4
      vertex 5.730513714810465 81.55202400834948 2.4
    endloop
  endfacet
  facet normal -0.7518398074789557 -0.6593458151000938 0
    outer loop
      vertex 5.848528137423857 81.44852813742385 1.6000000000000003
      vertex 5.952024008349483 81.33051371481046 2.4
      vertex 5.848528137423857 81.44852813742385 2.4
    endloop
  endfacet
  facet normal -0.19509032201614016 -0.980785280403228 2.026511416320034e-18
    outer loop
      vertex 5.156631430664062 81.78973383364857 1.6000000000000003
      vertex 5.310582854123025 81.75911099154688 1.6000000000000003
      vertex 5.310582854123025 81.75911099154688 2.4
    endloop
  endfacet
  facet normal -0.32143946530315076 -0.9469301294951095 -1.231862166903141e-19
    outer loop
      vertex 5.310582854123025 81.75911099154688 1.6000000000000003
      vertex 5.4592201188381075 81.70865543901354 1.6000000000000003
      vertex 5.4592201188381075 81.70865543901354 2.4
    endloop
  endfacet
  facet normal -0.44228869021904105 -0.8968727415326687 3.231355582608464e-18
    outer loop
      vertex 5.4592201188381075 81.70865543901354 1.6000000000000003
      vertex 5.6 81.63923048454132 1.6000000000000003
      vertex 5.6 81.63923048454132 2.4
    endloop
  endfacet
  facet normal -0.19509032201614016 -0.980785280403228 0
    outer loop
      vertex 5.156631430664062 81.78973383364857 1.6000000000000003
      vertex 5.310582854123025 81.75911099154688 2.4
      vertex 5.156631430664062 81.78973383364857 2.4
    endloop
  endfacet
  facet normal -0.32143946530315076 -0.9469301294951095 0
    outer loop
      vertex 5.310582854123025 81.75911099154688 1.6000000000000003
      vertex 5.4592201188381075 81.70865543901354 2.4
      vertex 5.310582854123025 81.75911099154688 2.4
    endloop
  endfacet
  facet normal -0.44228869021904105 -0.8968727415326687 0
    outer loop
      vertex 5.4592201188381075 81.70865543901354 1.6000000000000003
      vertex 5.6 81.63923048454132 2.4
      vertex 5.4592201188381075 81.70865543901354 2.4
    endloop
  endfacet
  facet normal -0.5555702330195729 -0.8314696123025648 0
    outer loop
      vertex 5.6 81.63923048454132 1.6000000000000003
      vertex 5.730513714810465 81.55202400834948 2.4
      vertex 5.6 81.63923048454132 2.4
    endloop
  endfacet
  facet normal -0.8314696123025701 0.555570233019565 0
    outer loop
      vertex 5.952024008349483 79.86948628518952 1.6000000000000003
      vertex 5.952024008349483 79.86948628518952 2.4
      vertex 6.039230484541326 80 1.6000000000000003
    endloop
  endfacet
  facet normal -0.8968727415326844 0.44228869021900913 0
    outer loop
      vertex 6.039230484541326 80 1.6000000000000003
      vertex 6.039230484541326 80 2.4
      vertex 6.108655439013544 80.14077988116189 1.6000000000000003
    endloop
  endfacet
  facet normal -0.9469301294951024 0.32143946530317125 0
    outer loop
      vertex 6.108655439013544 80.14077988116189 1.6000000000000003
      vertex 6.108655439013544 80.14077988116189 2.4
      vertex 6.159110991546882 80.28941714587697 1.6000000000000003
    endloop
  endfacet
  facet normal -0.8314696123025701 0.555570233019565 0
    outer loop
      vertex 6.039230484541326 80 1.6000000000000003
      vertex 5.952024008349483 79.86948628518952 2.4
      vertex 6.039230484541326 80 2.4
    endloop
  endfacet
  facet normal -0.8968727415326844 0.44228869021900913 0
    outer loop
      vertex 6.108655439013544 80.14077988116189 1.6000000000000003
      vertex 6.039230484541326 80 2.4
      vertex 6.108655439013544 80.14077988116189 2.4
    endloop
  endfacet
  facet normal -0.9469301294951024 0.32143946530317125 0
    outer loop
      vertex 6.159110991546882 80.28941714587697 1.6000000000000003
      vertex 6.108655439013544 80.14077988116189 2.4
      vertex 6.159110991546882 80.28941714587697 2.4
    endloop
  endfacet
  facet normal -0.9807852804032302 0.19509032201612925 0
    outer loop
      vertex 6.159110991546882 80.28941714587697 1.6000000000000003
      vertex 6.159110991546882 80.28941714587697 2.4
      vertex 6.189733833648573 80.44336856933593 1.6000000000000003
    endloop
  endfacet
  facet normal -0.9978589232386037 0.0654031292301418 0
    outer loop
      vertex 6.189733833648573 80.44336856933593 1.6000000000000003
      vertex 6.189733833648573 80.44336856933593 2.4
      vertex 6.2 80.6 1.6000000000000003
    endloop
  endfacet
  facet normal -0.9978589232386037 -0.0654031292301418 0
    outer loop
      vertex 6.2 80.6 1.6000000000000003
      vertex 6.2 80.6 2.4
      vertex 6.189733833648573 80.75663143066406 1.6000000000000003
    endloop
  endfacet
  facet normal -0.9807852804032302 -0.19509032201612925 -2.8602101017711e-18
    outer loop
      vertex 6.159110991546882 80.91058285412302 1.6000000000000003
      vertex 6.189733833648573 80.75663143066406 1.6000000000000003
      vertex 6.189733833648573 80.75663143066406 2.4
    endloop
  endfacet
  facet normal -0.9807852804032302 0.19509032201612925 0
    outer loop
      vertex 6.189733833648573 80.44336856933593 1.6000000000000003
      vertex 6.159110991546882 80.28941714587697 2.4
      vertex 6.189733833648573 80.44336856933593 2.4
    endloop
  endfacet
  facet normal -0.9978589232386037 0.0654031292301418 0
    outer loop
      vertex 6.2 80.6 1.6000000000000003
      vertex 6.189733833648573 80.44336856933593 2.4
      vertex 6.2 80.6 2.4
    endloop
  endfacet
  facet normal -0.9978589232386037 -0.0654031292301418 0
    outer loop
      vertex 6.189733833648573 80.75663143066406 1.6000000000000003
      vertex 6.2 80.6 2.4
      vertex 6.189733833648573 80.75663143066406 2.4
    endloop
  endfacet
  facet normal -0.9807852804032302 -0.19509032201612925 0
    outer loop
      vertex 6.159110991546882 80.91058285412302 1.6000000000000003
      vertex 6.189733833648573 80.75663143066406 2.4
      vertex 6.159110991546882 80.91058285412302 2.4
    endloop
  endfacet
  facet normal -0.8314696123025701 -0.555570233019565 -5.688594114879572e-18
    outer loop
      vertex 5.952024008349483 81.33051371481046 1.6000000000000003
      vertex 6.039230484541326 81.19999999999999 1.6000000000000003
      vertex 6.039230484541326 81.19999999999999 2.4
    endloop
  endfacet
  facet normal -0.8968727415326844 -0.44228869021900913 0
    outer loop
      vertex 6.108655439013544 81.0592201188381 1.6000000000000003
      vertex 6.108655439013544 81.0592201188381 2.4
      vertex 6.039230484541326 81.19999999999999 1.6000000000000003
    endloop
  endfacet
  facet normal -0.9469301294951024 -0.32143946530317125 0
    outer loop
      vertex 6.159110991546882 80.91058285412302 1.6000000000000003
      vertex 6.159110991546882 80.91058285412302 2.4
      vertex 6.108655439013544 81.0592201188381 1.6000000000000003
    endloop
  endfacet
  facet normal -0.9469301294951024 -0.32143946530317125 0
    outer loop
      vertex 6.108655439013544 81.0592201188381 1.6000000000000003
      vertex 6.159110991546882 80.91058285412302 2.4
      vertex 6.108655439013544 81.0592201188381 2.4
    endloop
  endfacet
  facet normal -0.8968727415326844 -0.44228869021900913 0
    outer loop
      vertex 6.039230484541326 81.19999999999999 1.6000000000000003
      vertex 6.108655439013544 81.0592201188381 2.4
      vertex 6.039230484541326 81.19999999999999 2.4
    endloop
  endfacet
  facet normal -0.8314696123025701 -0.555570233019565 0
    outer loop
      vertex 5.952024008349483 81.33051371481046 1.6000000000000003
      vertex 6.039230484541326 81.19999999999999 2.4
      vertex 5.952024008349483 81.33051371481046 2.4
    endloop
  endfacet
  facet normal 0.9807852804032301 0.19509032201613022 0
    outer loop
      vertex 2.917965791114998 80.32589499633788 1.6000000000000003
      vertex 2.9715557647929565 80.0564800052847 0
      vertex 2.917965791114998 80.32589499633788 0
    endloop
  endfacet
  facet normal 0.9807852804032301 0.19509032201613022 0
    outer loop
      vertex 2.9715557647929565 80.0564800052847 1.6000000000000003
      vertex 2.9715557647929565 80.0564800052847 0
      vertex 2.917965791114998 80.32589499633788 1.6000000000000003
    endloop
  endfacet
  facet normal 0.9978589232386036 0.06540312923014174 0
    outer loop
      vertex 2.9 80.6 1.6000000000000003
      vertex 2.917965791114998 80.32589499633788 0
      vertex 2.9 80.6 0
    endloop
  endfacet
  facet normal 0.9978589232386036 -0.06540312923014174 0
    outer loop
      vertex 2.917965791114998 80.87410500366211 1.6000000000000003
      vertex 2.9 80.6 0
      vertex 2.917965791114998 80.87410500366211 0
    endloop
  endfacet
  facet normal 0.9807852804032301 -0.19509032201613022 0
    outer loop
      vertex 2.9715557647929565 81.14351999471529 1.6000000000000003
      vertex 2.917965791114998 80.87410500366211 0
      vertex 2.9715557647929565 81.14351999471529 0
    endloop
  endfacet
  facet normal 0.9978589232386036 0.06540312923014174 0
    outer loop
      vertex 2.917965791114998 80.32589499633788 1.6000000000000003
      vertex 2.917965791114998 80.32589499633788 0
      vertex 2.9 80.6 1.6000000000000003
    endloop
  endfacet
  facet normal 0.9978589232386036 -0.06540312923014174 0
    outer loop
      vertex 2.9 80.6 1.6000000000000003
      vertex 2.9 80.6 0
      vertex 2.917965791114998 80.87410500366211 1.6000000000000003
    endloop
  endfacet
  facet normal 0.9807852804032301 -0.19509032201613022 0
    outer loop
      vertex 2.917965791114998 80.87410500366211 1.6000000000000003
      vertex 2.917965791114998 80.87410500366211 0
      vertex 2.9715557647929565 81.14351999471529 1.6000000000000003
    endloop
  endfacet
  facet normal 0 0 -1
    outer loop
      vertex 2.9715557647929565 80.0564800052847 1.6000000000000003
      vertex 2.917965791114998 80.32589499633788 1.6000000000000003
      vertex 2.917965791114998 80.87410500366211 1.6000000000000003
    endloop
  endfacet
  facet normal 0 0 -1
    outer loop
      vertex 2.917965791114998 80.32589499633788 1.6000000000000003
      vertex 2.9 80.6 1.6000000000000003
      vertex 2.917965791114998 80.87410500366211 1.6000000000000003
    endloop
  endfacet
  facet normal 0 0 -1
    outer loop
      vertex 2.9715557647929565 80.0564800052847 1.6000000000000003
      vertex 2.917965791114998 80.87410500366211 1.6000000000000003
      vertex 2.9715557647929565 81.14351999471529 1.6000000000000003
    endloop
  endfacet
  facet normal 0.8314696123025478 0.5555702330195983 0
    outer loop
      vertex 3.181346652052679 79.55 1.6000000000000003
      vertex 3.3339579853884063 79.32160099908168 0
      vertex 3.181346652052679 79.55 0
    endloop
  endfacet
  facet normal 0.8968727415326831 0.4422886902190117 0
    outer loop
      vertex 3.059852981726298 79.7963647920333 1.6000000000000003
      vertex 3.181346652052679 79.55 0
      vertex 3.059852981726298 79.7963647920333 0
    endloop
  endfacet
  facet normal 0.9469301294951059 0.32143946530316087 0
    outer loop
      vertex 2.9715557647929565 80.0564800052847 1.6000000000000003
      vertex 3.059852981726298 79.7963647920333 0
      vertex 2.9715557647929565 80.0564800052847 0
    endloop
  endfacet
  facet normal 0.7518398074789797 0.6593458151000662 0
    outer loop
      vertex 3.3339579853884063 79.32160099908168 1.6000000000000003
      vertex 3.51507575950825 79.11507575950824 0
      vertex 3.3339579853884063 79.32160099908168 0
    endloop
  endfacet
  facet normal 0.6593458151000623 0.7518398074789833 0
    outer loop
      vertex 3.51507575950825 79.11507575950824 1.6000000000000003
      vertex 3.7216009990816863 78.9339579853884 0
      vertex 3.51507575950825 79.11507575950824 0
    endloop
  endfacet
  facet normal 0.5555702330196013 0.8314696123025459 0
    outer loop
      vertex 3.7216009990816863 78.9339579853884 1.6000000000000003
      vertex 3.95 78.78134665205268 0
      vertex 3.7216009990816863 78.9339579853884 0
    endloop
  endfacet
  facet normal 0.4422886902190197 0.8968727415326794 0
    outer loop
      vertex 3.95 78.78134665205268 1.6000000000000003
      vertex 4.196364792033312 78.65985298172629 0
      vertex 3.95 78.78134665205268 0
    endloop
  endfacet
  facet normal 0.32143946530316186 0.9469301294951056 0
    outer loop
      vertex 4.196364792033312 78.65985298172629 1.6000000000000003
      vertex 4.456480005284707 78.57155576479295 0
      vertex 4.196364792033312 78.65985298172629 0
    endloop
  endfacet
  facet normal 0.8314696123025478 0.5555702330195983 -1.9497272027114768e-18
    outer loop
      vertex 3.181346652052679 79.55 1.6000000000000003
      vertex 3.3339579853884063 79.32160099908168 1.6000000000000003
      vertex 3.3339579853884063 79.32160099908168 0
    endloop
  endfacet
  facet normal 0.9469301294951059 0.32143946530316087 0
    outer loop
      vertex 3.059852981726298 79.7963647920333 1.6000000000000003
      vertex 3.059852981726298 79.7963647920333 0
      vertex 2.9715557647929565 80.0564800052847 1.6000000000000003
    endloop
  endfacet
  facet normal 0.8968727415326831 0.4422886902190117 0
    outer loop
      vertex 3.181346652052679 79.55 1.6000000000000003
      vertex 3.181346652052679 79.55 0
      vertex 3.059852981726298 79.7963647920333 1.6000000000000003
    endloop
  endfacet
  facet normal 0.7518398074789797 0.6593458151000662 -5.1341276145682344e-18
    outer loop
      vertex 3.3339579853884063 79.32160099908168 1.6000000000000003
      vertex 3.51507575950825 79.11507575950824 1.6000000000000003
      vertex 3.51507575950825 79.11507575950824 0
    endloop
  endfacet
  facet normal 0.6593458151000623 0.7518398074789833 -4.3061787992491163e-19
    outer loop
      vertex 3.51507575950825 79.11507575950824 1.6000000000000003
      vertex 3.7216009990816863 78.9339579853884 1.6000000000000003
      vertex 3.7216009990816863 78.9339579853884 0
    endloop
  endfacet
  facet normal 0 0 -1
    outer loop
      vertex 3.181346652052679 79.55 1.6000000000000003
      vertex 3.059852981726298 79.7963647920333 1.6000000000000003
      vertex 3.059852981726298 81.40363520796669 1.6000000000000003
    endloop
  endfacet
  facet normal 0 0 -1
    outer loop
      vertex 3.181346652052679 79.55 1.6000000000000003
      vertex 3.181346652052679 81.64999999999999 1.6000000000000003
      vertex 3.3339579853884063 79.32160099908168 1.6000000000000003
    endloop
  endfacet
  facet normal 0 0 -1
    outer loop
      vertex 3.3339579853884063 79.32160099908168 1.6000000000000003
      vertex 3.3339579853884063 81.87839900091831 1.6000000000000003
      vertex 3.51507575950825 79.11507575950824 1.6000000000000003
    endloop
  endfacet
  facet normal 0 0 -1
    outer loop
      vertex 3.51507575950825 79.11507575950824 1.6000000000000003
      vertex 3.51507575950825 82.08492424049174 1.6000000000000003
      vertex 3.7216009990816863 78.9339579853884 1.6000000000000003
    endloop
  endfacet
  facet normal 0.5555702330196013 0.8314696123025459 -8.682397751827129e-19
    outer loop
      vertex 3.7216009990816863 78.9339579853884 1.6000000000000003
      vertex 3.95 78.78134665205268 1.6000000000000003
      vertex 3.95 78.78134665205268 0
    endloop
  endfacet
  facet normal 0.4422886902190197 0.8968727415326794 -1.3353861830009517e-18
    outer loop
      vertex 3.95 78.78134665205268 1.6000000000000003
      vertex 4.196364792033312 78.65985298172629 1.6000000000000003
      vertex 4.196364792033312 78.65985298172629 0
    endloop
  endfacet
  facet normal 0.32143946530316186 0.9469301294951056 -3.591152720109367e-18
    outer loop
      vertex 4.196364792033312 78.65985298172629 1.6000000000000003
      vertex 4.456480005284707 78.57155576479295 1.6000000000000003
      vertex 4.456480005284707 78.57155576479295 0
    endloop
  endfacet
  facet normal 0 0 -1
    outer loop
      vertex 3.7216009990816863 78.9339579853884 1.6000000000000003
      vertex 3.8913445609864556 80.14077988116189 1.6000000000000003
      vertex 3.95 78.78134665205268 1.6000000000000003
    endloop
  endfacet
  facet normal 0 0 -1
    outer loop
      vertex 3.95 78.78134665205268 1.6000000000000003
      vertex 3.960769515458674 80 1.6000000000000003
      vertex 4.047975991650517 79.86948628518952 1.6000000000000003
    endloop
  endfacet
  facet normal 0 0 -1
    outer loop
      vertex 3.95 78.78134665205268 1.6000000000000003
      vertex 4.047975991650517 79.86948628518952 1.6000000000000003
      vertex 4.151471862576143 79.75147186257614 1.6000000000000003
    endloop
  endfacet
  facet normal 0 0 -1
    outer loop
      vertex 3.7216009990816863 78.9339579853884 1.6000000000000003
      vertex 3.8102661663514277 80.44336856933593 1.6000000000000003
      vertex 3.840889008453118 80.28941714587697 1.6000000000000003
    endloop
  endfacet
  facet normal 0 0 -1
    outer loop
      vertex 3.7216009990816863 78.9339579853884 1.6000000000000003
      vertex 3.840889008453118 80.28941714587697 1.6000000000000003
      vertex 3.8913445609864556 80.14077988116189 1.6000000000000003
    endloop
  endfacet
  facet normal 0 0 -1
    outer loop
      vertex 3.7216009990816863 78.9339579853884 1.6000000000000003
      vertex 3.8 80.6 1.6000000000000003
      vertex 3.8102661663514277 80.44336856933593 1.6000000000000003
    endloop
  endfacet
  facet normal 0 0 -1
    outer loop
      vertex 3.95 78.78134665205268 1.6000000000000003
      vertex 3.8913445609864556 80.14077988116189 1.6000000000000003
      vertex 3.960769515458674 80 1.6000000000000003
    endloop
  endfacet
  facet normal 0 0 -1
    outer loop
      vertex 3.95 78.78134665205268 1.6000000000000003
      vertex 4.151471862576143 79.75147186257614 1.6000000000000003
      vertex 4.196364792033312 78.65985298172629 1.6000000000000003
    endloop
  endfacet
  facet normal 0 0 -1
    outer loop
      vertex 4.196364792033312 78.65985298172629 1.6000000000000003
      vertex 4.151471862576143 79.75147186257614 1.6000000000000003
      vertex 4.269486285189535 79.64797599165051 1.6000000000000003
    endloop
  endfacet
  facet normal 0 0 -1
    outer loop
      vertex 4.196364792033312 78.65985298172629 1.6000000000000003
      vertex 4.4 79.56076951545867 1.6000000000000003
      vertex 4.456480005284707 78.57155576479295 1.6000000000000003
    endloop
  endfacet
  facet normal 0 0 -1
    outer loop
      vertex 4.196364792033312 78.65985298172629 1.6000000000000003
      vertex 4.269486285189535 79.64797599165051 1.6000000000000003
      vertex 4.4 79.56076951545867 1.6000000000000003
    endloop
  endfacet
  facet normal 0.19509032201612833 0.9807852804032303 0
    outer loop
      vertex 4.456480005284707 78.57155576479295 1.6000000000000003
      vertex 4.725894996337892 78.51796579111499 0
      vertex 4.456480005284707 78.57155576479295 0
    endloop
  endfacet
  facet normal 0.06540312923010941 0.9978589232386056 0
    outer loop
      vertex 4.725894996337892 78.51796579111499 1.6000000000000003
      vertex 5 78.5 0
      vertex 4.725894996337892 78.51796579111499 0
    endloop
  endfacet
  facet normal -0.06540312923010941 0.9978589232386056 0
    outer loop
      vertex 5 78.5 1.6000000000000003
      vertex 5.274105003662108 78.51796579111499 0
      vertex 5 78.5 0
    endloop
  endfacet
  facet normal -0.19509032201612833 0.9807852804032303 0
    outer loop
      vertex 5.274105003662108 78.51796579111499 1.6000000000000003
      vertex 5.543519994715293 78.57155576479295 0
      vertex 5.274105003662108 78.51796579111499 0
    endloop
  endfacet
  facet normal -0.32143946530316186 0.9469301294951056 0
    outer loop
      vertex 5.543519994715293 78.57155576479295 1.6000000000000003
      vertex 5.803635207966688 78.65985298172629 0
      vertex 5.543519994715293 78.57155576479295 0
    endloop
  endfacet
  facet normal -0.4422886902190197 0.8968727415326794 0
    outer loop
      vertex 5.803635207966688 78.65985298172629 1.6000000000000003
      vertex 6.05 78.78134665205268 0
      vertex 5.803635207966688 78.65985298172629 0
    endloop
  endfacet
  facet normal 0.19509032201612833 0.9807852804032303 -6.444395203149244e-19
    outer loop
      vertex 4.456480005284707 78.57155576479295 1.6000000000000003
      vertex 4.725894996337892 78.51796579111499 1.6000000000000003
      vertex 4.725894996337892 78.51796579111499 0
    endloop
  endfacet
  facet normal 0.06540312923010941 0.9978589232386056 -1.7423173690245085e-19
    outer loop
      vertex 4.725894996337892 78.51796579111499 1.6000000000000003
      vertex 5 78.5 1.6000000000000003
      vertex 5 78.5 0
    endloop
  endfacet
  facet normal -0.06540312923010941 0.9978589232386056 1.7423173690245085e-19
    outer loop
      vertex 5 78.5 1.6000000000000003
      vertex 5.274105003662108 78.51796579111499 1.6000000000000003
      vertex 5.274105003662108 78.51796579111499 0
    endloop
  endfacet
  facet normal 0 0 -1
    outer loop
      vertex 4.456480005284707 78.57155576479295 1.6000000000000003
      vertex 4.689417145876975 79.44088900845311 1.6000000000000003
      vertex 4.725894996337892 78.51796579111499 1.6000000000000003
    endloop
  endfacet
  facet normal 0 0 -1
    outer loop
      vertex 4.725894996337892 78.51796579111499 1.6000000000000003
      vertex 5 79.39999999999999 1.6000000000000003
      vertex 5 78.5 1.6000000000000003
    endloop
  endfacet
  facet normal 0 0 -1
    outer loop
      vertex 5 78.5 1.6000000000000003
      vertex 5.156631430664062 79.41026616635142 1.6000000000000003
      vertex 5.274105003662108 78.51796579111499 1.6000000000000003
    endloop
  endfacet
  facet normal 0 0 -1
    outer loop
      vertex 4.456480005284707 78.57155576479295 1.6000000000000003
      vertex 4.4 79.56076951545867 1.6000000000000003
      vertex 4.5407798811618925 79.49134456098645 1.6000000000000003
    endloop
  endfacet
  facet normal 0 0 -1
    outer loop
      vertex 4.456480005284707 78.57155576479295 1.6000000000000003
      vertex 4.5407798811618925 79.49134456098645 1.6000000000000003
      vertex 4.689417145876975 79.44088900845311 1.6000000000000003
    endloop
  endfacet
  facet normal 0 0 -1
    outer loop
      vertex 4.725894996337892 78.51796579111499 1.6000000000000003
      vertex 4.689417145876975 79.44088900845311 1.6000000000000003
      vertex 4.843368569335938 79.41026616635142 1.6000000000000003
    endloop
  endfacet
  facet normal 0 0 -1
    outer loop
      vertex 4.725894996337892 78.51796579111499 1.6000000000000003
      vertex 4.843368569335938 79.41026616635142 1.6000000000000003
      vertex 5 79.39999999999999 1.6000000000000003
    endloop
  endfacet
  facet normal 0 0 -1
    outer loop
      vertex 5 78.5 1.6000000000000003
      vertex 5 79.39999999999999 1.6000000000000003
      vertex 5.156631430664062 79.41026616635142 1.6000000000000003
    endloop
  endfacet
  facet normal -0.19509032201612833 0.9807852804032303 6.444395203149244e-19
    outer loop
      vertex 5.274105003662108 78.51796579111499 1.6000000000000003
      vertex 5.543519994715293 78.57155576479295 1.6000000000000003
      vertex 5.543519994715293 78.57155576479295 0
    endloop
  endfacet
  facet normal -0.32143946530316186 0.9469301294951056 3.591152720109367e-18
    outer loop
      vertex 5.543519994715293 78.57155576479295 1.6000000000000003
      vertex 5.803635207966688 78.65985298172629 1.6000000000000003
      vertex 5.803635207966688 78.65985298172629 0
    endloop
  endfacet
  facet normal 0 0 -1
    outer loop
      vertex 5.274105003662108 78.51796579111499 1.6000000000000003
      vertex 5.310582854123025 79.44088900845311 1.6000000000000003
      vertex 5.543519994715293 78.57155576479295 1.6000000000000003
    endloop
  endfacet
  facet normal 0 0 -1
    outer loop
      vertex 5.274105003662108 78.51796579111499 1.6000000000000003
      vertex 5.156631430664062 79.41026616635142 1.6000000000000003
      vertex 5.310582854123025 79.44088900845311 1.6000000000000003
    endloop
  endfacet
  facet normal 0 0 -1
    outer loop
      vertex 5.310582854123025 79.44088900845311 1.6000000000000003
      vertex 5.4592201188381075 79.49134456098645 1.6000000000000003
      vertex 5.543519994715293 78.57155576479295 1.6000000000000003
    endloop
  endfacet
  facet normal 0 0 -1
    outer loop
      vertex 5.4592201188381075 79.49134456098645 1.6000000000000003
      vertex 5.6 79.56076951545867 1.6000000000000003
      vertex 5.543519994715293 78.57155576479295 1.6000000000000003
    endloop
  endfacet
  facet normal 0 0 -1
    outer loop
      vertex 5.543519994715293 78.57155576479295 1.6000000000000003
      vertex 5.6 79.56076951545867 1.6000000000000003
      vertex 5.803635207966688 78.65985298172629 1.6000000000000003
    endloop
  endfacet
  facet normal 0 0 -1
    outer loop
      vertex 5.803635207966688 78.65985298172629 1.6000000000000003
      vertex 5.6 79.56076951545867 1.6000000000000003
      vertex 5.730513714810465 79.64797599165051 1.6000000000000003
    endloop
  endfacet
  facet normal 0 0 -1
    outer loop
      vertex 5.803635207966688 78.65985298172629 1.6000000000000003
      vertex 5.848528137423857 79.75147186257614 1.6000000000000003
      vertex 6.05 78.78134665205268 1.6000000000000003
    endloop
  endfacet
  facet normal 0 0 -1
    outer loop
      vertex 5.803635207966688 78.65985298172629 1.6000000000000003
      vertex 5.730513714810465 79.64797599165051 1.6000000000000003
      vertex 5.848528137423857 79.75147186257614 1.6000000000000003
    endloop
  endfacet
  facet normal 0.9469301294951059 -0.32143946530316087 0
    outer loop
      vertex 3.059852981726298 81.40363520796669 1.6000000000000003
      vertex 2.9715557647929565 81.14351999471529 0
      vertex 3.059852981726298 81.40363520796669 0
    endloop
  endfacet
  facet normal 0.8968727415326831 -0.4422886902190117 0
    outer loop
      vertex 3.181346652052679 81.64999999999999 1.6000000000000003
      vertex 3.059852981726298 81.40363520796669 0
      vertex 3.181346652052679 81.64999999999999 0
    endloop
  endfacet
  facet normal 0.8314696123025478 -0.5555702330195983 0
    outer loop
      vertex 3.3339579853884063 81.87839900091831 1.6000000000000003
      vertex 3.181346652052679 81.64999999999999 0
      vertex 3.3339579853884063 81.87839900091831 0
    endloop
  endfacet
  facet normal 0.7518398074789797 -0.6593458151000662 0
    outer loop
      vertex 3.51507575950825 82.08492424049174 1.6000000000000003
      vertex 3.3339579853884063 81.87839900091831 0
      vertex 3.51507575950825 82.08492424049174 0
    endloop
  endfacet
  facet normal 0.6593458151000623 -0.7518398074789833 0
    outer loop
      vertex 3.7216009990816863 82.26604201461159 1.6000000000000003
      vertex 3.51507575950825 82.08492424049174 0
      vertex 3.7216009990816863 82.26604201461159 0
    endloop
  endfacet
  facet normal 0.5555702330196013 -0.8314696123025459 0
    outer loop
      vertex 3.95 82.41865334794731 1.6000000000000003
      vertex 3.7216009990816863 82.26604201461159 0
      vertex 3.95 82.41865334794731 0
    endloop
  endfacet
  facet normal 0.4422886902190197 -0.8968727415326794 0
    outer loop
      vertex 4.196364792033312 82.5401470182737 1.6000000000000003
      vertex 3.95 82.41865334794731 0
      vertex 4.196364792033312 82.5401470182737 0
    endloop
  endfacet
  facet normal 0.32143946530316186 -0.9469301294951056 0
    outer loop
      vertex 4.456480005284707 82.62844423520704 1.6000000000000003
      vertex 4.196364792033312 82.5401470182737 0
      vertex 4.456480005284707 82.62844423520704 0
    endloop
  endfacet
  facet normal 0.9469301294951059 -0.32143946530316087 0
    outer loop
      vertex 2.9715557647929565 81.14351999471529 1.6000000000000003
      vertex 2.9715557647929565 81.14351999471529 0
      vertex 3.059852981726298 81.40363520796669 1.6000000000000003
    endloop
  endfacet
  facet normal 0.8968727415326831 -0.4422886902190117 0
    outer loop
      vertex 3.059852981726298 81.40363520796669 1.6000000000000003
      vertex 3.059852981726298 81.40363520796669 0
      vertex 3.181346652052679 81.64999999999999 1.6000000000000003
    endloop
  endfacet
  facet normal 0 0 -1
    outer loop
      vertex 3.059852981726298 79.7963647920333 1.6000000000000003
      vertex 2.9715557647929565 80.0564800052847 1.6000000000000003
      vertex 2.9715557647929565 81.14351999471529 1.6000000000000003
    endloop
  endfacet
  facet normal 0 0 -1
    outer loop
      vertex 3.059852981726298 79.7963647920333 1.6000000000000003
      vertex 2.9715557647929565 81.14351999471529 1.6000000000000003
      vertex 3.059852981726298 81.40363520796669 1.6000000000000003
    endloop
  endfacet
  facet normal 0 0 -1
    outer loop
      vertex 3.181346652052679 79.55 1.6000000000000003
      vertex 3.059852981726298 81.40363520796669 1.6000000000000003
      vertex 3.181346652052679 81.64999999999999 1.6000000000000003
    endloop
  endfacet
  facet normal 0 0 -1
    outer loop
      vertex 3.3339579853884063 79.32160099908168 1.6000000000000003
      vertex 3.181346652052679 81.64999999999999 1.6000000000000003
      vertex 3.3339579853884063 81.87839900091831 1.6000000000000003
    endloop
  endfacet
  facet normal 0 0 -1
    outer loop
      vertex 3.51507575950825 79.11507575950824 1.6000000000000003
      vertex 3.3339579853884063 81.87839900091831 1.6000000000000003
      vertex 3.51507575950825 82.08492424049174 1.6000000000000003
    endloop
  endfacet
  facet normal 0 0 -1
    outer loop
      vertex 3.7216009990816863 78.9339579853884 1.6000000000000003
      vertex 3.51507575950825 82.08492424049174 1.6000000000000003
      vertex 3.7216009990816863 82.26604201461159 1.6000000000000003
    endloop
  endfacet
  facet normal 0.8314696123025478 -0.5555702330195983 0
    outer loop
      vertex 3.181346652052679 81.64999999999999 1.6000000000000003
      vertex 3.181346652052679 81.64999999999999 0
      vertex 3.3339579853884063 81.87839900091831 1.6000000000000003
    endloop
  endfacet
  facet normal 0.7518398074789797 -0.6593458151000662 0
    outer loop
      vertex 3.3339579853884063 81.87839900091831 1.6000000000000003
      vertex 3.3339579853884063 81.87839900091831 0
      vertex 3.51507575950825 82.08492424049174 1.6000000000000003
    endloop
  endfacet
  facet normal 0.6593458151000623 -0.7518398074789833 0
    outer loop
      vertex 3.51507575950825 82.08492424049174 1.6000000000000003
      vertex 3.51507575950825 82.08492424049174 0
      vertex 3.7216009990816863 82.26604201461159 1.6000000000000003
    endloop
  endfacet
  facet normal 0 0 -1
    outer loop
      vertex 3.7216009990816863 78.9339579853884 1.6000000000000003
      vertex 3.7216009990816863 82.26604201461159 1.6000000000000003
      vertex 3.8 80.6 1.6000000000000003
    endloop
  endfacet
  facet normal 0 0 -1
    outer loop
      vertex 3.8 80.6 1.6000000000000003
      vertex 3.7216009990816863 82.26604201461159 1.6000000000000003
      vertex 3.8102661663514277 80.75663143066406 1.6000000000000003
    endloop
  endfacet
  facet normal 0 0 -1
    outer loop
      vertex 3.8102661663514277 80.75663143066406 1.6000000000000003
      vertex 3.7216009990816863 82.26604201461159 1.6000000000000003
      vertex 3.840889008453118 80.91058285412302 1.6000000000000003
    endloop
  endfacet
  facet normal 0 0 -1
    outer loop
      vertex 3.840889008453118 80.91058285412302 1.6000000000000003
      vertex 3.7216009990816863 82.26604201461159 1.6000000000000003
      vertex 3.8913445609864556 81.0592201188381 1.6000000000000003
    endloop
  endfacet
  facet normal 0 0 -1
    outer loop
      vertex 3.8913445609864556 81.0592201188381 1.6000000000000003
      vertex 3.95 82.41865334794731 1.6000000000000003
      vertex 3.960769515458674 81.19999999999999 1.6000000000000003
    endloop
  endfacet
  facet normal 0.5555702330196013 -0.8314696123025459 0
    outer loop
      vertex 3.7216009990816863 82.26604201461159 1.6000000000000003
      vertex 3.7216009990816863 82.26604201461159 0
      vertex 3.95 82.41865334794731 1.6000000000000003
    endloop
  endfacet
  facet normal 0.4422886902190197 -0.8968727415326794 0
    outer loop
      vertex 3.95 82.41865334794731 1.6000000000000003
      vertex 3.95 82.41865334794731 0
      vertex 4.196364792033312 82.5401470182737 1.6000000000000003
    endloop
  endfacet
  facet normal 0.32143946530316186 -0.9469301294951056 0
    outer loop
      vertex 4.196364792033312 82.5401470182737 1.6000000000000003
      vertex 4.196364792033312 82.5401470182737 0
      vertex 4.456480005284707 82.62844423520704 1.6000000000000003
    endloop
  endfacet
  facet normal 0 0 -1
    outer loop
      vertex 3.8913445609864556 81.0592201188381 1.6000000000000003
      vertex 3.7216009990816863 82.26604201461159 1.6000000000000003
      vertex 3.95 82.41865334794731 1.6000000000000003
    endloop
  endfacet
  facet normal 0 0 -1
    outer loop
      vertex 3.960769515458674 81.19999999999999 1.6000000000000003
      vertex 3.95 82.41865334794731 1.6000000000000003
      vertex 4.047975991650517 81.33051371481046 1.6000000000000003
    endloop
  endfacet
  facet normal 0 0 -1
    outer loop
      vertex 4.047975991650517 81.33051371481046 1.6000000000000003
      vertex 3.95 82.41865334794731 1.6000000000000003
      vertex 4.151471862576143 81.44852813742385 1.6000000000000003
    endloop
  endfacet
  facet normal 0 0 -1
    outer loop
      vertex 4.151471862576143 81.44852813742385 1.6000000000000003
      vertex 4.196364792033312 82.5401470182737 1.6000000000000003
      vertex 4.269486285189535 81.55202400834948 1.6000000000000003
    endloop
  endfacet
  facet normal 0 0 -1
    outer loop
      vertex 4.151471862576143 81.44852813742385 1.6000000000000003
      vertex 3.95 82.41865334794731 1.6000000000000003
      vertex 4.196364792033312 82.5401470182737 1.6000000000000003
    endloop
  endfacet
  facet normal 0 0 -1
    outer loop
      vertex 4.196364792033312 82.5401470182737 1.6000000000000003
      vertex 4.4 81.63923048454132 1.6000000000000003
      vertex 4.269486285189535 81.55202400834948 1.6000000000000003
    endloop
  endfacet
  facet normal 0 0 -1
    outer loop
      vertex 4.196364792033312 82.5401470182737 1.6000000000000003
      vertex 4.456480005284707 82.62844423520704 1.6000000000000003
      vertex 4.4 81.63923048454132 1.6000000000000003
    endloop
  endfacet
  facet normal 0.19509032201612833 -0.9807852804032303 0
    outer loop
      vertex 4.725894996337892 82.682034208885 1.6000000000000003
      vertex 4.456480005284707 82.62844423520704 0
      vertex 4.725894996337892 82.682034208885 0
    endloop
  endfacet
  facet normal 0.06540312923010941 -0.9978589232386056 0
    outer loop
      vertex 5 82.69999999999999 1.6000000000000003
      vertex 4.725894996337892 82.682034208885 0
      vertex 5 82.69999999999999 0
    endloop
  endfacet
  facet normal -0.06540312923010941 -0.9978589232386056 0
    outer loop
      vertex 5.274105003662108 82.682034208885 1.6000000000000003
      vertex 5 82.69999999999999 0
      vertex 5.274105003662108 82.682034208885 0
    endloop
  endfacet
  facet normal -0.19509032201612833 -0.9807852804032303 0
    outer loop
      vertex 5.543519994715293 82.62844423520704 1.6000000000000003
      vertex 5.274105003662108 82.682034208885 0
      vertex 5.543519994715293 82.62844423520704 0
    endloop
  endfacet
  facet normal -0.32143946530316186 -0.9469301294951056 0
    outer loop
      vertex 5.803635207966688 82.5401470182737 1.6000000000000003
      vertex 5.543519994715293 82.62844423520704 0
      vertex 5.803635207966688 82.5401470182737 0
    endloop
  endfacet
  facet normal 0.19509032201612833 -0.9807852804032303 0
    outer loop
      vertex 4.456480005284707 82.62844423520704 1.6000000000000003
      vertex 4.456480005284707 82.62844423520704 0
      vertex 4.725894996337892 82.682034208885 1.6000000000000003
    endloop
  endfacet
  facet normal 0.06540312923010941 -0.9978589232386056 0
    outer loop
      vertex 4.725894996337892 82.682034208885 1.6000000000000003
      vertex 4.725894996337892 82.682034208885 0
      vertex 5 82.69999999999999 1.6000000000000003
    endloop
  endfacet
  facet normal -0.06540312923010941 -0.9978589232386056 0
    outer loop
      vertex 5 82.69999999999999 1.6000000000000003
      vertex 5 82.69999999999999 0
      vertex 5.274105003662108 82.682034208885 1.6000000000000003
    endloop
  endfacet
  facet normal 0 0 -1
    outer loop
      vertex 4.4 81.63923048454132 1.6000000000000003
      vertex 4.456480005284707 82.62844423520704 1.6000000000000003
      vertex 4.5407798811618925 81.70865543901354 1.6000000000000003
    endloop
  endfacet
  facet normal 0 0 -1
    outer loop
      vertex 4.456480005284707 82.62844423520704 1.6000000000000003
      vertex 4.689417145876975 81.75911099154688 1.6000000000000003
      vertex 4.5407798811618925 81.70865543901354 1.6000000000000003
    endloop
  endfacet
  facet normal 0 0 -1
    outer loop
      vertex 4.689417145876975 81.75911099154688 1.6000000000000003
      vertex 4.725894996337892 82.682034208885 1.6000000000000003
      vertex 4.843368569335938 81.78973383364857 1.6000000000000003
    endloop
  endfacet
  facet normal 0 0 -1
    outer loop
      vertex 4.456480005284707 82.62844423520704 1.6000000000000003
      vertex 4.725894996337892 82.682034208885 1.6000000000000003
      vertex 4.689417145876975 81.75911099154688 1.6000000000000003
    endloop
  endfacet
  facet normal 0 0 -1
    outer loop
      vertex 4.843368569335938 81.78973383364857 1.6000000000000003
      vertex 5 82.69999999999999 1.6000000000000003
      vertex 5 81.8 1.6000000000000003
    endloop
  endfacet
  facet normal 0 0 -1
    outer loop
      vertex 5 81.8 1.6000000000000003
      vertex 5.274105003662108 82.682034208885 1.6000000000000003
      vertex 5.156631430664062 81.78973383364857 1.6000000000000003
    endloop
  endfacet
  facet normal 0 0 -1
    outer loop
      vertex 4.843368569335938 81.78973383364857 1.6000000000000003
      vertex 4.725894996337892 82.682034208885 1.6000000000000003
      vertex 5 82.69999999999999 1.6000000000000003
    endloop
  endfacet
  facet normal 0 0 -1
    outer loop
      vertex 5 81.8 1.6000000000000003
      vertex 5 82.69999999999999 1.6000000000000003
      vertex 5.274105003662108 82.682034208885 1.6000000000000003
    endloop
  endfacet
  facet normal -0.19509032201612833 -0.9807852804032303 0
    outer loop
      vertex 5.274105003662108 82.682034208885 1.6000000000000003
      vertex 5.274105003662108 82.682034208885 0
      vertex 5.543519994715293 82.62844423520704 1.6000000000000003
    endloop
  endfacet
  facet normal -0.32143946530316186 -0.9469301294951056 0
    outer loop
      vertex 5.543519994715293 82.62844423520704 1.6000000000000003
      vertex 5.543519994715293 82.62844423520704 0
      vertex 5.803635207966688 82.5401470182737 1.6000000000000003
    endloop
  endfacet
  facet normal -0.4422886902190197 -0.8968727415326794 0
    outer loop
      vertex 5.803635207966688 82.5401470182737 1.6000000000000003
      vertex 5.803635207966688 82.5401470182737 0
      vertex 6.05 82.41865334794731 1.6000000000000003
    endloop
  endfacet
  facet normal 0 0 -1
    outer loop
      vertex 5.156631430664062 81.78973383364857 1.6000000000000003
      vertex 5.274105003662108 82.682034208885 1.6000000000000003
      vertex 5.310582854123025 81.75911099154688 1.6000000000000003
    endloop
  endfacet
  facet normal 0 0 -1
    outer loop
      vertex 5.310582854123025 81.75911099154688 1.6000000000000003
      vertex 5.543519994715293 82.62844423520704 1.6000000000000003
      vertex 5.4592201188381075 81.70865543901354 1.6000000000000003
    endloop
  endfacet
  facet normal 0 0 -1
    outer loop
      vertex 5.4592201188381075 81.70865543901354 1.6000000000000003
      vertex 5.543519994715293 82.62844423520704 1.6000000000000003
      vertex 5.6 81.63923048454132 1.6000000000000003
    endloop
  endfacet
  facet normal 0 0 -1
    outer loop
      vertex 5.310582854123025 81.75911099154688 1.6000000000000003
      vertex 5.274105003662108 82.682034208885 1.6000000000000003
      vertex 5.543519994715293 82.62844423520704 1.6000000000000003
    endloop
  endfacet
  facet normal 0 0 -1
    outer loop
      vertex 5.6 81.63923048454132 1.6000000000000003
      vertex 5.803635207966688 82.5401470182737 1.6000000000000003
      vertex 5.730513714810465 81.55202400834948 1.6000000000000003
    endloop
  endfacet
  facet normal 0 0 -1
    outer loop
      vertex 5.848528137423857 81.44852813742385 1.6000000000000003
      vertex 5.730513714810465 81.55202400834948 1.6000000000000003
      vertex 5.803635207966688 82.5401470182737 1.6000000000000003
    endloop
  endfacet
  facet normal 0 0 -1
    outer loop
      vertex 5.848528137423857 81.44852813742385 1.6000000000000003
      vertex 5.803635207966688 82.5401470182737 1.6000000000000003
      vertex 6.05 82.41865334794731 1.6000000000000003
    endloop
  endfacet
  facet normal 0 0 -1
    outer loop
      vertex 5.6 81.63923048454132 1.6000000000000003
      vertex 5.543519994715293 82.62844423520704 1.6000000000000003
      vertex 5.803635207966688 82.5401470182737 1.6000000000000003
    endloop
  endfacet
  facet normal -0.5555702330196013 0.8314696123025459 0
    outer loop
      vertex 6.05 78.78134665205268 1.6000000000000003
      vertex 6.278399000918314 78.9339579853884 0
      vertex 6.05 78.78134665205268 0
    endloop
  endfacet
  facet normal -0.6593458151000614 0.7518398074789839 0
    outer loop
      vertex 6.278399000918314 78.9339579853884 1.6000000000000003
      vertex 6.48492424049175 79.11507575950824 0
      vertex 6.278399000918314 78.9339579853884 0
    endloop
  endfacet
  facet normal -0.7518398074789805 0.6593458151000652 0
    outer loop
      vertex 6.48492424049175 79.11507575950824 1.6000000000000003
      vertex 6.666042014611594 79.32160099908168 0
      vertex 6.48492424049175 79.11507575950824 0
    endloop
  endfacet
  facet normal -0.8314696123025478 0.5555702330195983 0
    outer loop
      vertex 6.666042014611594 79.32160099908168 1.6000000000000003
      vertex 6.818653347947321 79.55 0
      vertex 6.666042014611594 79.32160099908168 0
    endloop
  endfacet
  facet normal -0.8968727415326831 0.4422886902190117 0
    outer loop
      vertex 6.818653347947321 79.55 1.6000000000000003
      vertex 6.940147018273702 79.7963647920333 0
      vertex 6.818653347947321 79.55 0
    endloop
  endfacet
  facet normal -0.9469301294951059 0.32143946530316087 0
    outer loop
      vertex 6.940147018273702 79.7963647920333 1.6000000000000003
      vertex 7.0284442352070435 80.0564800052847 0
      vertex 6.940147018273702 79.7963647920333 0
    endloop
  endfacet
  facet normal -0.9807852804032301 0.19509032201613022 0
    outer loop
      vertex 7.0284442352070435 80.0564800052847 1.6000000000000003
      vertex 7.082034208885002 80.32589499633788 0
      vertex 7.0284442352070435 80.0564800052847 0
    endloop
  endfacet
  facet normal -0.4422886902190197 0.8968727415326794 1.3353861830009517e-18
    outer loop
      vertex 5.803635207966688 78.65985298172629 1.6000000000000003
      vertex 6.05 78.78134665205268 1.6000000000000003
      vertex 6.05 78.78134665205268 0
    endloop
  endfacet
  facet normal -0.5555702330196013 0.8314696123025459 8.682397751827129e-19
    outer loop
      vertex 6.05 78.78134665205268 1.6000000000000003
      vertex 6.278399000918314 78.9339579853884 1.6000000000000003
      vertex 6.278399000918314 78.9339579853884 0
    endloop
  endfacet
  facet normal -0.6593458151000614 0.7518398074789839 -6.01811801601629e-18
    outer loop
      vertex 6.278399000918314 78.9339579853884 1.6000000000000003
      vertex 6.48492424049175 79.11507575950824 1.6000000000000003
      vertex 6.48492424049175 79.11507575950824 0
    endloop
  endfacet
  facet normal -0.7518398074789805 0.6593458151000652 1.6984536970729881e-18
    outer loop
      vertex 6.48492424049175 79.11507575950824 1.6000000000000003
      vertex 6.666042014611594 79.32160099908168 1.6000000000000003
      vertex 6.666042014611594 79.32160099908168 0
    endloop
  endfacet
  facet normal 0 0 -1
    outer loop
      vertex 6.05 78.78134665205268 1.6000000000000003
      vertex 5.848528137423857 79.75147186257614 1.6000000000000003
      vertex 5.952024008349483 79.86948628518952 1.6000000000000003
    endloop
  endfacet
  facet normal 0 0 -1
    outer loop
      vertex 6.05 78.78134665205268 1.6000000000000003
      vertex 5.952024008349483 79.86948628518952 1.6000000000000003
      vertex 6.039230484541326 80 1.6000000000000003
    endloop
  endfacet
  facet normal 0 0 -1
    outer loop
      vertex 6.05 78.78134665205268 1.6000000000000003
      vertex 6.108655439013544 80.14077988116189 1.6000000000000003
      vertex 6.278399000918314 78.9339579853884 1.6000000000000003
    endloop
  endfacet
  facet normal 0 0 -1
    outer loop
      vertex 6.05 78.78134665205268 1.6000000000000003
      vertex 6.039230484541326 80 1.6000000000000003
      vertex 6.108655439013544 80.14077988116189 1.6000000000000003
    endloop
  endfacet
  facet normal 0 0 -1
    outer loop
      vertex 6.108655439013544 80.14077988116189 1.6000000000000003
      vertex 6.159110991546882 80.28941714587697 1.6000000000000003
      vertex 6.278399000918314 78.9339579853884 1.6000000000000003
    endloop
  endfacet
  facet normal 0 0 -1
    outer loop
      vertex 6.278399000918314 78.9339579853884 1.6000000000000003
      vertex 6.159110991546882 80.28941714587697 1.6000000000000003
      vertex 6.189733833648573 80.44336856933593 1.6000000000000003
    endloop
  endfacet
  facet normal 0 0 -1
    outer loop
      vertex 6.278399000918314 78.9339579853884 1.6000000000000003
      vertex 6.189733833648573 80.44336856933593 1.6000000000000003
      vertex 6.2 80.6 1.6000000000000003
    endloop
  endfacet
  facet normal 0 0 -1
    outer loop
      vertex 6.278399000918314 78.9339579853884 1.6000000000000003
      vertex 6.278399000918314 82.26604201461159 1.6000000000000003
      vertex 6.48492424049175 79.11507575950824 1.6000000000000003
    endloop
  endfacet
  facet normal 0 0 -1
    outer loop
      vertex 6.48492424049175 79.11507575950824 1.6000000000000003
      vertex 6.48492424049175 82.08492424049174 1.6000000000000003
      vertex 6.666042014611594 79.32160099908168 1.6000000000000003
    endloop
  endfacet
  facet normal -0.8314696123025478 0.5555702330195983 1.9497272027114768e-18
    outer loop
      vertex 6.666042014611594 79.32160099908168 1.6000000000000003
      vertex 6.818653347947321 79.55 1.6000000000000003
      vertex 6.818653347947321 79.55 0
    endloop
  endfacet
  facet normal -0.8968727415326831 0.4422886902190117 -1.0702382782166277e-18
    outer loop
      vertex 6.818653347947321 79.55 1.6000000000000003
      vertex 6.940147018273702 79.7963647920333 1.6000000000000003
      vertex 6.940147018273702 79.7963647920333 0
    endloop
  endfacet
  facet normal -0.9469301294951059 0.32143946530316087 4.6585333757717e-19
    outer loop
      vertex 6.940147018273702 79.7963647920333 1.6000000000000003
      vertex 7.0284442352070435 80.0564800052847 1.6000000000000003
      vertex 7.0284442352070435 80.0564800052847 0
    endloop
  endfacet
  facet normal -0.9807852804032301 0.19509032201613022 -5.956928406384113e-19
    outer loop
      vertex 7.0284442352070435 80.0564800052847 1.6000000000000003
      vertex 7.082034208885002 80.32589499633788 1.6000000000000003
      vertex 7.082034208885002 80.32589499633788 0
    endloop
  endfacet
  facet normal -0.4422886902190197 -0.8968727415326794 0
    outer loop
      vertex 6.05 82.41865334794731 1.6000000000000003
      vertex 5.803635207966688 82.5401470182737 0
      vertex 6.05 82.41865334794731 0
    endloop
  endfacet
  facet normal -0.5555702330196013 -0.8314696123025459 0
    outer loop
      vertex 6.278399000918314 82.26604201461159 1.6000000000000003
      vertex 6.05 82.41865334794731 0
      vertex 6.278399000918314 82.26604201461159 0
    endloop
  endfacet
  facet normal -0.6593458151000614 -0.7518398074789839 0
    outer loop
      vertex 6.48492424049175 82.08492424049174 1.6000000000000003
      vertex 6.278399000918314 82.26604201461159 0
      vertex 6.48492424049175 82.08492424049174 0
    endloop
  endfacet
  facet normal -0.7518398074789805 -0.6593458151000652 0
    outer loop
      vertex 6.666042014611594 81.87839900091831 1.6000000000000003
      vertex 6.48492424049175 82.08492424049174 0
      vertex 6.666042014611594 81.87839900091831 0
    endloop
  endfacet
  facet normal -0.9807852804032301 -0.19509032201613022 0
    outer loop
      vertex 7.082034208885002 80.87410500366211 1.6000000000000003
      vertex 7.0284442352070435 81.14351999471529 0
      vertex 7.082034208885002 80.87410500366211 0
    endloop
  endfacet
  facet normal -0.9469301294951059 -0.32143946530316087 0
    outer loop
      vertex 7.0284442352070435 81.14351999471529 1.6000000000000003
      vertex 6.940147018273702 81.40363520796669 0
      vertex 7.0284442352070435 81.14351999471529 0
    endloop
  endfacet
  facet normal -0.8968727415326831 -0.4422886902190117 0
    outer loop
      vertex 6.940147018273702 81.40363520796669 1.6000000000000003
      vertex 6.818653347947321 81.64999999999999 0
      vertex 6.940147018273702 81.40363520796669 0
    endloop
  endfacet
  facet normal -0.9978589232386036 0.06540312923014013 0
    outer loop
      vertex 7.082034208885002 80.32589499633788 1.6000000000000003
      vertex 7.1 80.6 0
      vertex 7.082034208885002 80.32589499633788 0
    endloop
  endfacet
  facet normal -0.9978589232386036 -0.06540312923014013 0
    outer loop
      vertex 7.1 80.6 1.6000000000000003
      vertex 7.082034208885002 80.87410500366211 0
      vertex 7.1 80.6 0
    endloop
  endfacet
  facet normal -0.8314696123025478 -0.5555702330195983 0
    outer loop
      vertex 6.818653347947321 81.64999999999999 1.6000000000000003
      vertex 6.666042014611594 81.87839900091831 0
      vertex 6.818653347947321 81.64999999999999 0
    endloop
  endfacet
  facet normal 0 0 -1
    outer loop
      vertex 6.278399000918314 78.9339579853884 1.6000000000000003
      vertex 6.2 80.6 1.6000000000000003
      vertex 6.278399000918314 82.26604201461159 1.6000000000000003
    endloop
  endfacet
  facet normal 0 0 -1
    outer loop
      vertex 6.108655439013544 81.0592201188381 1.6000000000000003
      vertex 6.039230484541326 81.19999999999999 1.6000000000000003
      vertex 6.05 82.41865334794731 1.6000000000000003
    endloop
  endfacet
  facet normal 0 0 -1
    outer loop
      vertex 6.2 80.6 1.6000000000000003
      vertex 6.189733833648573 80.75663143066406 1.6000000000000003
      vertex 6.278399000918314 82.26604201461159 1.6000000000000003
    endloop
  endfacet
  facet normal 0 0 -1
    outer loop
      vertex 6.159110991546882 80.91058285412302 1.6000000000000003
      vertex 6.108655439013544 81.0592201188381 1.6000000000000003
      vertex 6.278399000918314 82.26604201461159 1.6000000000000003
    endloop
  endfacet
  facet normal 0 0 -1
    outer loop
      vertex 6.159110991546882 80.91058285412302 1.6000000000000003
      vertex 6.278399000918314 82.26604201461159 1.6000000000000003
      vertex 6.189733833648573 80.75663143066406 1.6000000000000003
    endloop
  endfacet
  facet normal 0 0 -1
    outer loop
      vertex 6.48492424049175 79.11507575950824 1.6000000000000003
      vertex 6.278399000918314 82.26604201461159 1.6000000000000003
      vertex 6.48492424049175 82.08492424049174 1.6000000000000003
    endloop
  endfacet
  facet normal 0 0 -1
    outer loop
      vertex 6.666042014611594 79.32160099908168 1.6000000000000003
      vertex 6.48492424049175 82.08492424049174 1.6000000000000003
      vertex 6.666042014611594 81.87839900091831 1.6000000000000003
    endloop
  endfacet
  facet normal -0.5555702330196013 -0.8314696123025459 0
    outer loop
      vertex 6.05 82.41865334794731 1.6000000000000003
      vertex 6.05 82.41865334794731 0
      vertex 6.278399000918314 82.26604201461159 1.6000000000000003
    endloop
  endfacet
  facet normal -0.6593458151000614 -0.7518398074789839 0
    outer loop
      vertex 6.278399000918314 82.26604201461159 1.6000000000000003
      vertex 6.278399000918314 82.26604201461159 0
      vertex 6.48492424049175 82.08492424049174 1.6000000000000003
    endloop
  endfacet
  facet normal -0.7518398074789805 -0.6593458151000652 0
    outer loop
      vertex 6.48492424049175 82.08492424049174 1.6000000000000003
      vertex 6.48492424049175 82.08492424049174 0
      vertex 6.666042014611594 81.87839900091831 1.6000000000000003
    endloop
  endfacet
  facet normal 0 0 -1
    outer loop
      vertex 5.848528137423857 81.44852813742385 1.6000000000000003
      vertex 6.05 82.41865334794731 1.6000000000000003
      vertex 5.952024008349483 81.33051371481046 1.6000000000000003
    endloop
  endfacet
  facet normal 0 0 -1
    outer loop
      vertex 5.952024008349483 81.33051371481046 1.6000000000000003
      vertex 6.05 82.41865334794731 1.6000000000000003
      vertex 6.039230484541326 81.19999999999999 1.6000000000000003
    endloop
  endfacet
  facet normal 0 0 -1
    outer loop
      vertex 6.108655439013544 81.0592201188381 1.6000000000000003
      vertex 6.05 82.41865334794731 1.6000000000000003
      vertex 6.278399000918314 82.26604201461159 1.6000000000000003
    endloop
  endfacet
  facet normal -0.8968727415326831 -0.4422886902190117 0
    outer loop
      vertex 6.818653347947321 81.64999999999999 1.6000000000000003
      vertex 6.818653347947321 81.64999999999999 0
      vertex 6.940147018273702 81.40363520796669 1.6000000000000003
    endloop
  endfacet
  facet normal -0.9807852804032301 -0.19509032201613022 5.956928406384113e-19
    outer loop
      vertex 7.082034208885002 80.87410500366211 1.6000000000000003
      vertex 7.0284442352070435 81.14351999471529 1.6000000000000003
      vertex 7.0284442352070435 81.14351999471529 0
    endloop
  endfacet
  facet normal -0.9469301294951059 -0.32143946530316087 0
    outer loop
      vertex 6.940147018273702 81.40363520796669 1.6000000000000003
      vertex 6.940147018273702 81.40363520796669 0
      vertex 7.0284442352070435 81.14351999471529 1.6000000000000003
    endloop
  endfacet
  facet normal -0.9978589232386036 0.06540312923014013 -5.874753929771652e-19
    outer loop
      vertex 7.082034208885002 80.32589499633788 1.6000000000000003
      vertex 7.1 80.6 1.6000000000000003
      vertex 7.1 80.6 0
    endloop
  endfacet
  facet normal -0.9978589232386036 -0.06540312923014013 5.874753929771652e-19
    outer loop
      vertex 7.1 80.6 1.6000000000000003
      vertex 7.082034208885002 80.87410500366211 1.6000000000000003
      vertex 7.082034208885002 80.87410500366211 0
    endloop
  endfacet
  facet normal 0 0 -1
    outer loop
      vertex 6.666042014611594 79.32160099908168 1.6000000000000003
      vertex 6.666042014611594 81.87839900091831 1.6000000000000003
      vertex 6.818653347947321 79.55 1.6000000000000003
    endloop
  endfacet
  facet normal 0 0 -1
    outer loop
      vertex 6.818653347947321 79.55 1.6000000000000003
      vertex 6.818653347947321 81.64999999999999 1.6000000000000003
      vertex 6.940147018273702 79.7963647920333 1.6000000000000003
    endloop
  endfacet
  facet normal 0 0 -1
    outer loop
      vertex 6.940147018273702 79.7963647920333 1.6000000000000003
      vertex 6.940147018273702 81.40363520796669 1.6000000000000003
      vertex 7.0284442352070435 80.0564800052847 1.6000000000000003
    endloop
  endfacet
  facet normal 0 0 -1
    outer loop
      vertex 7.0284442352070435 80.0564800052847 1.6000000000000003
      vertex 7.0284442352070435 81.14351999471529 1.6000000000000003
      vertex 7.082034208885002 80.32589499633788 1.6000000000000003
    endloop
  endfacet
  facet normal 0 0 -1
    outer loop
      vertex 7.0284442352070435 80.0564800052847 1.6000000000000003
      vertex 6.940147018273702 81.40363520796669 1.6000000000000003
      vertex 7.0284442352070435 81.14351999471529 1.6000000000000003
    endloop
  endfacet
  facet normal 0 0 -1
    outer loop
      vertex 7.082034208885002 80.32589499633788 1.6000000000000003
      vertex 7.0284442352070435 81.14351999471529 1.6000000000000003
      vertex 7.082034208885002 80.87410500366211 1.6000000000000003
    endloop
  endfacet
  facet normal 0 0 -1
    outer loop
      vertex 6.818653347947321 79.55 1.6000000000000003
      vertex 6.666042014611594 81.87839900091831 1.6000000000000003
      vertex 6.818653347947321 81.64999999999999 1.6000000000000003
    endloop
  endfacet
  facet normal 0 0 -1
    outer loop
      vertex 6.818653347947321 81.64999999999999 1.6000000000000003
      vertex 6.940147018273702 81.40363520796669 1.6000000000000003
      vertex 6.940147018273702 79.7963647920333 1.6000000000000003
    endloop
  endfacet
  facet normal 0 0 -1
    outer loop
      vertex 7.082034208885002 80.32589499633788 1.6000000000000003
      vertex 7.082034208885002 80.87410500366211 1.6000000000000003
      vertex 7.1 80.6 1.6000000000000003
    endloop
  endfacet
  facet normal -0.8314696123025478 -0.5555702330195983 -1.9497272027114768e-18
    outer loop
      vertex 6.818653347947321 81.64999999999999 1.6000000000000003
      vertex 6.666042014611594 81.87839900091831 1.6000000000000003
      vertex 6.666042014611594 81.87839900091831 0
    endloop
  endfacet
  facet normal 0.9469301294951095 0.32143946530315076 -1.231862166903141e-19
    outer loop
      vertex 41.49134456098645 4.5407798811618925 1.6000000000000003
      vertex 41.44088900845311 4.689417145876975 1.6000000000000003
      vertex 41.44088900845311 4.689417145876975 2.4
    endloop
  endfacet
  facet normal 0.8968727415326866 0.44228869021900463 -1.8192646896699624e-18
    outer loop
      vertex 41.56076951545867 4.4 1.6000000000000003
      vertex 41.49134456098645 4.5407798811618925 1.6000000000000003
      vertex 41.49134456098645 4.5407798811618925 2.4
    endloop
  endfacet
  facet normal 0.8314696123025438 0.5555702330196042 0
    outer loop
      vertex 41.56076951545867 4.4 1.6000000000000003
      vertex 41.56076951545867 4.4 2.4
      vertex 41.64797599165051 4.269486285189535 1.6000000000000003
    endloop
  endfacet
  facet normal 0.8314696123025438 0.5555702330196042 0
    outer loop
      vertex 41.64797599165051 4.269486285189535 1.6000000000000003
      vertex 41.56076951545867 4.4 2.4
      vertex 41.64797599165051 4.269486285189535 2.4
    endloop
  endfacet
  facet normal 0.8968727415326866 0.44228869021900463 0
    outer loop
      vertex 41.56076951545867 4.4 1.6000000000000003
      vertex 41.49134456098645 4.5407798811618925 2.4
      vertex 41.56076951545867 4.4 2.4
    endloop
  endfacet
  facet normal 0.9469301294951095 0.32143946530315076 0
    outer loop
      vertex 41.49134456098645 4.5407798811618925 1.6000000000000003
      vertex 41.44088900845311 4.689417145876975 2.4
      vertex 41.49134456098645 4.5407798811618925 2.4
    endloop
  endfacet
  facet normal 0.980785280403228 0.19509032201614016 0
    outer loop
      vertex 41.41026616635142 4.843368569335938 1.6000000000000003
      vertex 41.41026616635142 4.843368569335938 2.4
      vertex 41.44088900845311 4.689417145876975 1.6000000000000003
    endloop
  endfacet
  facet normal 0.9978589232386033 0.06540312923014817 -7.363027921666481e-19
    outer loop
      vertex 41.41026616635142 4.843368569335938 1.6000000000000003
      vertex 41.39999999999999 5 1.6000000000000003
      vertex 41.39999999999999 5 2.4
    endloop
  endfacet
  facet normal 0.9978589232386033 -0.06540312923014817 7.363027921666481e-19
    outer loop
      vertex 41.39999999999999 5 1.6000000000000003
      vertex 41.41026616635142 5.156631430664062 1.6000000000000003
      vertex 41.41026616635142 5.156631430664062 2.4
    endloop
  endfacet
  facet normal 0.980785280403228 -0.19509032201614016 -2.026511416320034e-18
    outer loop
      vertex 41.41026616635142 5.156631430664062 1.6000000000000003
      vertex 41.44088900845311 5.310582854123025 1.6000000000000003
      vertex 41.44088900845311 5.310582854123025 2.4
    endloop
  endfacet
  facet normal 0.980785280403228 0.19509032201614016 0
    outer loop
      vertex 41.44088900845311 4.689417145876975 1.6000000000000003
      vertex 41.41026616635142 4.843368569335938 2.4
      vertex 41.44088900845311 4.689417145876975 2.4
    endloop
  endfacet
  facet normal 0.9978589232386033 0.06540312923014817 0
    outer loop
      vertex 41.41026616635142 4.843368569335938 1.6000000000000003
      vertex 41.39999999999999 5 2.4
      vertex 41.41026616635142 4.843368569335938 2.4
    endloop
  endfacet
  facet normal 0.9978589232386033 -0.06540312923014817 0
    outer loop
      vertex 41.39999999999999 5 1.6000000000000003
      vertex 41.41026616635142 5.156631430664062 2.4
      vertex 41.39999999999999 5 2.4
    endloop
  endfacet
  facet normal 0.980785280403228 -0.19509032201614016 0
    outer loop
      vertex 41.41026616635142 5.156631430664062 1.6000000000000003
      vertex 41.44088900845311 5.310582854123025 2.4
      vertex 41.41026616635142 5.156631430664062 2.4
    endloop
  endfacet
  facet normal 0.9469301294951095 -0.32143946530315076 1.231862166903141e-19
    outer loop
      vertex 41.44088900845311 5.310582854123025 1.6000000000000003
      vertex 41.49134456098645 5.4592201188381075 1.6000000000000003
      vertex 41.49134456098645 5.4592201188381075 2.4
    endloop
  endfacet
  facet normal 0.8968727415326866 -0.44228869021900463 1.8192646896699624e-18
    outer loop
      vertex 41.49134456098645 5.4592201188381075 1.6000000000000003
      vertex 41.56076951545867 5.6 1.6000000000000003
      vertex 41.56076951545867 5.6 2.4
    endloop
  endfacet
  facet normal 0.8314696123025438 -0.5555702330196042 3.608902127803623e-18
    outer loop
      vertex 41.56076951545867 5.6 1.6000000000000003
      vertex 41.64797599165051 5.730513714810465 1.6000000000000003
      vertex 41.64797599165051 5.730513714810465 2.4
    endloop
  endfacet
  facet normal 0.9469301294951095 -0.32143946530315076 0
    outer loop
      vertex 41.44088900845311 5.310582854123025 1.6000000000000003
      vertex 41.49134456098645 5.4592201188381075 2.4
      vertex 41.44088900845311 5.310582854123025 2.4
    endloop
  endfacet
  facet normal 0.8968727415326866 -0.44228869021900463 0
    outer loop
      vertex 41.49134456098645 5.4592201188381075 1.6000000000000003
      vertex 41.56076951545867 5.6 2.4
      vertex 41.49134456098645 5.4592201188381075 2.4
    endloop
  endfacet
  facet normal 0.8314696123025438 -0.5555702330196042 0
    outer loop
      vertex 41.56076951545867 5.6 1.6000000000000003
      vertex 41.64797599165051 5.730513714810465 2.4
      vertex 41.56076951545867 5.6 2.4
    endloop
  endfacet
  facet normal 0.5555702330196068 0.8314696123025421 0
    outer loop
      vertex 41.99999999999999 3.960769515458674 1.6000000000000003
      vertex 41.86948628518953 4.047975991650517 2.4
      vertex 41.99999999999999 3.960769515458674 2.4
    endloop
  endfacet
  facet normal 0.44228869021900913 0.8968727415326844 0
    outer loop
      vertex 41.99999999999999 3.960769515458674 1.6000000000000003
      vertex 41.99999999999999 3.960769515458674 2.4
      vertex 42.14077988116188 3.8913445609864556 1.6000000000000003
    endloop
  endfacet
  facet normal 0.3214394653031575 0.9469301294951071 0
    outer loop
      vertex 42.14077988116188 3.8913445609864556 1.6000000000000003
      vertex 42.14077988116188 3.8913445609864556 2.4
      vertex 42.28941714587697 3.840889008453118 1.6000000000000003
    endloop
  endfacet
  facet normal 0.19509032201612658 0.9807852804032309 0
    outer loop
      vertex 42.28941714587697 3.840889008453118 1.6000000000000003
      vertex 42.28941714587697 3.840889008453118 2.4
      vertex 42.44336856933593 3.8102661663514277 1.6000000000000003
    endloop
  endfacet
  facet normal 0.44228869021900913 0.8968727415326844 0
    outer loop
      vertex 42.14077988116188 3.8913445609864556 1.6000000000000003
      vertex 41.99999999999999 3.960769515458674 2.4
      vertex 42.14077988116188 3.8913445609864556 2.4
    endloop
  endfacet
  facet normal 0.3214394653031575 0.9469301294951071 0
    outer loop
      vertex 42.28941714587697 3.840889008453118 1.6000000000000003
      vertex 42.14077988116188 3.8913445609864556 2.4
      vertex 42.28941714587697 3.840889008453118 2.4
    endloop
  endfacet
  facet normal 0.19509032201612658 0.9807852804032309 0
    outer loop
      vertex 42.44336856933593 3.8102661663514277 1.6000000000000003
      vertex 42.28941714587697 3.840889008453118 2.4
      vertex 42.44336856933593 3.8102661663514277 2.4
    endloop
  endfacet
  facet normal 0.7518398074789696 0.6593458151000776 0
    outer loop
      vertex 41.64797599165051 4.269486285189535 1.6000000000000003
      vertex 41.64797599165051 4.269486285189535 2.4
      vertex 41.75147186257614 4.151471862576143 1.6000000000000003
    endloop
  endfacet
  facet normal 0.6593458151000713 0.7518398074789753 6.700341498973917e-18
    outer loop
      vertex 41.86948628518953 4.047975991650517 1.6000000000000003
      vertex 41.75147186257614 4.151471862576143 1.6000000000000003
      vertex 41.75147186257614 4.151471862576143 2.4
    endloop
  endfacet
  facet normal 0.5555702330196068 0.8314696123025421 0
    outer loop
      vertex 41.86948628518953 4.047975991650517 1.6000000000000003
      vertex 41.86948628518953 4.047975991650517 2.4
      vertex 41.99999999999999 3.960769515458674 1.6000000000000003
    endloop
  endfacet
  facet normal 0.7518398074789696 0.6593458151000776 0
    outer loop
      vertex 41.75147186257614 4.151471862576143 1.6000000000000003
      vertex 41.64797599165051 4.269486285189535 2.4
      vertex 41.75147186257614 4.151471862576143 2.4
    endloop
  endfacet
  facet normal 0.6593458151000713 0.7518398074789753 0
    outer loop
      vertex 41.86948628518953 4.047975991650517 1.6000000000000003
      vertex 41.75147186257614 4.151471862576143 2.4
      vertex 41.86948628518953 4.047975991650517 2.4
    endloop
  endfacet
  facet normal 0.06540312923014462 0.9978589232386035 0
    outer loop
      vertex 42.44336856933593 3.8102661663514277 1.6000000000000003
      vertex 42.44336856933593 3.8102661663514277 2.4
      vertex 42.599999999999994 3.8 1.6000000000000003
    endloop
  endfacet
  facet normal -0.06540312923014462 0.9978589232386035 0
    outer loop
      vertex 42.599999999999994 3.8 1.6000000000000003
      vertex 42.599999999999994 3.8 2.4
      vertex 42.75663143066406 3.8102661663514277 1.6000000000000003
    endloop
  endfacet
  facet normal 0.06540312923014462 0.9978589232386035 0
    outer loop
      vertex 42.599999999999994 3.8 1.6000000000000003
      vertex 42.44336856933593 3.8102661663514277 2.4
      vertex 42.599999999999994 3.8 2.4
    endloop
  endfacet
  facet normal -0.06540312923014462 0.9978589232386035 0
    outer loop
      vertex 42.75663143066406 3.8102661663514277 1.6000000000000003
      vertex 42.599999999999994 3.8 2.4
      vertex 42.75663143066406 3.8102661663514277 2.4
    endloop
  endfacet
  facet normal -0.19509032201612658 0.9807852804032309 0
    outer loop
      vertex 42.75663143066406 3.8102661663514277 1.6000000000000003
      vertex 42.75663143066406 3.8102661663514277 2.4
      vertex 42.91058285412302 3.840889008453118 1.6000000000000003
    endloop
  endfacet
  facet normal -0.3214394653031575 0.9469301294951071 0
    outer loop
      vertex 42.91058285412302 3.840889008453118 1.6000000000000003
      vertex 42.91058285412302 3.840889008453118 2.4
      vertex 43.059220118838105 3.8913445609864556 1.6000000000000003
    endloop
  endfacet
  facet normal -0.44228869021900913 0.8968727415326844 0
    outer loop
      vertex 43.059220118838105 3.8913445609864556 1.6000000000000003
      vertex 43.059220118838105 3.8913445609864556 2.4
      vertex 43.199999999999996 3.960769515458674 1.6000000000000003
    endloop
  endfacet
  facet normal -0.19509032201612658 0.9807852804032309 0
    outer loop
      vertex 42.91058285412302 3.840889008453118 1.6000000000000003
      vertex 42.75663143066406 3.8102661663514277 2.4
      vertex 42.91058285412302 3.840889008453118 2.4
    endloop
  endfacet
  facet normal -0.3214394653031575 0.9469301294951071 0
    outer loop
      vertex 43.059220118838105 3.8913445609864556 1.6000000000000003
      vertex 42.91058285412302 3.840889008453118 2.4
      vertex 43.059220118838105 3.8913445609864556 2.4
    endloop
  endfacet
  facet normal -0.5555702330196068 0.8314696123025421 0
    outer loop
      vertex 43.199999999999996 3.960769515458674 1.6000000000000003
      vertex 43.199999999999996 3.960769515458674 2.4
      vertex 43.33051371481046 4.047975991650517 1.6000000000000003
    endloop
  endfacet
  facet normal -0.44228869021900913 0.8968727415326844 0
    outer loop
      vertex 43.199999999999996 3.960769515458674 1.6000000000000003
      vertex 43.059220118838105 3.8913445609864556 2.4
      vertex 43.199999999999996 3.960769515458674 2.4
    endloop
  endfacet
  facet normal -0.6593458151000713 0.7518398074789753 0
    outer loop
      vertex 43.33051371481046 4.047975991650517 1.6000000000000003
      vertex 43.33051371481046 4.047975991650517 2.4
      vertex 43.44852813742385 4.151471862576143 1.6000000000000003
    endloop
  endfacet
  facet normal -0.7518398074789696 0.6593458151000776 0
    outer loop
      vertex 43.44852813742385 4.151471862576143 1.6000000000000003
      vertex 43.44852813742385 4.151471862576143 2.4
      vertex 43.55202400834948 4.269486285189535 1.6000000000000003
    endloop
  endfacet
  facet normal -0.5555702330196068 0.8314696123025421 0
    outer loop
      vertex 43.33051371481046 4.047975991650517 1.6000000000000003
      vertex 43.199999999999996 3.960769515458674 2.4
      vertex 43.33051371481046 4.047975991650517 2.4
    endloop
  endfacet
  facet normal -0.6593458151000713 0.7518398074789753 0
    outer loop
      vertex 43.44852813742385 4.151471862576143 1.6000000000000003
      vertex 43.33051371481046 4.047975991650517 2.4
      vertex 43.44852813742385 4.151471862576143 2.4
    endloop
  endfacet
  facet normal -0.8314696123025438 0.5555702330196042 0
    outer loop
      vertex 43.55202400834948 4.269486285189535 1.6000000000000003
      vertex 43.55202400834948 4.269486285189535 2.4
      vertex 43.63923048454132 4.4 1.6000000000000003
    endloop
  endfacet
  facet normal -0.8968727415326866 0.44228869021900463 0
    outer loop
      vertex 43.63923048454132 4.4 1.6000000000000003
      vertex 43.63923048454132 4.4 2.4
      vertex 43.70865543901354 4.5407798811618925 1.6000000000000003
    endloop
  endfacet
  facet normal -0.9469301294951095 0.32143946530315076 0
    outer loop
      vertex 43.70865543901354 4.5407798811618925 1.6000000000000003
      vertex 43.70865543901354 4.5407798811618925 2.4
      vertex 43.759110991546876 4.689417145876975 1.6000000000000003
    endloop
  endfacet
  facet normal -0.7518398074789696 0.6593458151000776 0
    outer loop
      vertex 43.55202400834948 4.269486285189535 1.6000000000000003
      vertex 43.44852813742385 4.151471862576143 2.4
      vertex 43.55202400834948 4.269486285189535 2.4
    endloop
  endfacet
  facet normal -0.8314696123025438 0.5555702330196042 0
    outer loop
      vertex 43.63923048454132 4.4 1.6000000000000003
      vertex 43.55202400834948 4.269486285189535 2.4
      vertex 43.63923048454132 4.4 2.4
    endloop
  endfacet
  facet normal -0.8968727415326866 0.44228869021900463 0
    outer loop
      vertex 43.70865543901354 4.5407798811618925 1.6000000000000003
      vertex 43.63923048454132 4.4 2.4
      vertex 43.70865543901354 4.5407798811618925 2.4
    endloop
  endfacet
  facet normal -0.9469301294951095 0.32143946530315076 0
    outer loop
      vertex 43.759110991546876 4.689417145876975 1.6000000000000003
      vertex 43.70865543901354 4.5407798811618925 2.4
      vertex 43.759110991546876 4.689417145876975 2.4
    endloop
  endfacet
  facet normal -0.980785280403228 0.19509032201614016 0
    outer loop
      vertex 43.759110991546876 4.689417145876975 1.6000000000000003
      vertex 43.759110991546876 4.689417145876975 2.4
      vertex 43.78973383364857 4.843368569335938 1.6000000000000003
    endloop
  endfacet
  facet normal -0.9978589232386033 0.06540312923014817 0
    outer loop
      vertex 43.78973383364857 4.843368569335938 1.6000000000000003
      vertex 43.78973383364857 4.843368569335938 2.4
      vertex 43.8 5 1.6000000000000003
    endloop
  endfacet
  facet normal -0.980785280403228 -0.19509032201614016 0
    outer loop
      vertex 43.78973383364857 5.156631430664062 1.6000000000000003
      vertex 43.78973383364857 5.156631430664062 2.4
      vertex 43.759110991546876 5.310582854123025 1.6000000000000003
    endloop
  endfacet
  facet normal -0.9978589232386033 -0.06540312923014817 0
    outer loop
      vertex 43.8 5 1.6000000000000003
      vertex 43.8 5 2.4
      vertex 43.78973383364857 5.156631430664062 1.6000000000000003
    endloop
  endfacet
  facet normal -0.980785280403228 0.19509032201614016 0
    outer loop
      vertex 43.78973383364857 4.843368569335938 1.6000000000000003
      vertex 43.759110991546876 4.689417145876975 2.4
      vertex 43.78973383364857 4.843368569335938 2.4
    endloop
  endfacet
  facet normal -0.9978589232386033 0.06540312923014817 0
    outer loop
      vertex 43.8 5 1.6000000000000003
      vertex 43.78973383364857 4.843368569335938 2.4
      vertex 43.8 5 2.4
    endloop
  endfacet
  facet normal -0.980785280403228 -0.19509032201614016 0
    outer loop
      vertex 43.759110991546876 5.310582854123025 1.6000000000000003
      vertex 43.78973383364857 5.156631430664062 2.4
      vertex 43.759110991546876 5.310582854123025 2.4
    endloop
  endfacet
  facet normal -0.9978589232386033 -0.06540312923014817 0
    outer loop
      vertex 43.78973383364857 5.156631430664062 1.6000000000000003
      vertex 43.8 5 2.4
      vertex 43.78973383364857 5.156631430664062 2.4
    endloop
  endfacet
  facet normal 0.7518398074789696 -0.6593458151000776 4.997219659763579e-18
    outer loop
      vertex 41.64797599165051 5.730513714810465 1.6000000000000003
      vertex 41.75147186257614 5.848528137423857 1.6000000000000003
      vertex 41.75147186257614 5.848528137423857 2.4
    endloop
  endfacet
  facet normal 0.6593458151000713 -0.7518398074789753 -6.700341498973917e-18
    outer loop
      vertex 41.75147186257614 5.848528137423857 1.6000000000000003
      vertex 41.86948628518953 5.952024008349483 1.6000000000000003
      vertex 41.86948628518953 5.952024008349483 2.4
    endloop
  endfacet
  facet normal 0.5555702330196068 -0.8314696123025421 2.256679104132661e-19
    outer loop
      vertex 41.86948628518953 5.952024008349483 1.6000000000000003
      vertex 41.99999999999999 6.039230484541326 1.6000000000000003
      vertex 41.99999999999999 6.039230484541326 2.4
    endloop
  endfacet
  facet normal 0.7518398074789696 -0.6593458151000776 0
    outer loop
      vertex 41.64797599165051 5.730513714810465 1.6000000000000003
      vertex 41.75147186257614 5.848528137423857 2.4
      vertex 41.64797599165051 5.730513714810465 2.4
    endloop
  endfacet
  facet normal 0.6593458151000713 -0.7518398074789753 0
    outer loop
      vertex 41.75147186257614 5.848528137423857 1.6000000000000003
      vertex 41.86948628518953 5.952024008349483 2.4
      vertex 41.75147186257614 5.848528137423857 2.4
    endloop
  endfacet
  facet normal 0.5555702330196068 -0.8314696123025421 0
    outer loop
      vertex 41.86948628518953 5.952024008349483 1.6000000000000003
      vertex 41.99999999999999 6.039230484541326 2.4
      vertex 41.86948628518953 5.952024008349483 2.4
    endloop
  endfacet
  facet normal 0.44228869021900913 -0.8968727415326844 5.600398724672131e-19
    outer loop
      vertex 41.99999999999999 6.039230484541326 1.6000000000000003
      vertex 42.14077988116188 6.108655439013544 1.6000000000000003
      vertex 42.14077988116188 6.108655439013544 2.4
    endloop
  endfacet
  facet normal 0.3214394653031575 -0.9469301294951071 -1.6582453702982033e-18
    outer loop
      vertex 42.14077988116188 6.108655439013544 1.6000000000000003
      vertex 42.28941714587697 6.159110991546882 1.6000000000000003
      vertex 42.28941714587697 6.159110991546882 2.4
    endloop
  endfacet
  facet normal 0.19509032201612925 -0.9807852804032302 2.8602101017711e-18
    outer loop
      vertex 42.28941714587697 6.159110991546882 1.6000000000000003
      vertex 42.44336856933593 6.189733833648573 1.6000000000000003
      vertex 42.44336856933593 6.189733833648573 2.4
    endloop
  endfacet
  facet normal 0.44228869021900913 -0.8968727415326844 0
    outer loop
      vertex 41.99999999999999 6.039230484541326 1.6000000000000003
      vertex 42.14077988116188 6.108655439013544 2.4
      vertex 41.99999999999999 6.039230484541326 2.4
    endloop
  endfacet
  facet normal 0.3214394653031575 -0.9469301294951071 0
    outer loop
      vertex 42.14077988116188 6.108655439013544 1.6000000000000003
      vertex 42.28941714587697 6.159110991546882 2.4
      vertex 42.14077988116188 6.108655439013544 2.4
    endloop
  endfacet
  facet normal 0.19509032201612925 -0.9807852804032302 0
    outer loop
      vertex 42.28941714587697 6.159110991546882 1.6000000000000003
      vertex 42.44336856933593 6.189733833648573 2.4
      vertex 42.28941714587697 6.159110991546882 2.4
    endloop
  endfacet
  facet normal 0.0654031292301418 -0.9978589232386037 -6.131238640495652e-20
    outer loop
      vertex 42.44336856933593 6.189733833648573 1.6000000000000003
      vertex 42.599999999999994 6.2 1.6000000000000003
      vertex 42.599999999999994 6.2 2.4
    endloop
  endfacet
  facet normal -0.0654031292301418 -0.9978589232386037 6.131238640495652e-20
    outer loop
      vertex 42.599999999999994 6.2 1.6000000000000003
      vertex 42.75663143066406 6.189733833648573 1.6000000000000003
      vertex 42.75663143066406 6.189733833648573 2.4
    endloop
  endfacet
  facet normal 0.0654031292301418 -0.9978589232386037 0
    outer loop
      vertex 42.44336856933593 6.189733833648573 1.6000000000000003
      vertex 42.599999999999994 6.2 2.4
      vertex 42.44336856933593 6.189733833648573 2.4
    endloop
  endfacet
  facet normal -0.0654031292301418 -0.9978589232386037 0
    outer loop
      vertex 42.599999999999994 6.2 1.6000000000000003
      vertex 42.75663143066406 6.189733833648573 2.4
      vertex 42.599999999999994 6.2 2.4
    endloop
  endfacet
  facet normal -0.19509032201612925 -0.9807852804032302 -2.8602101017711e-18
    outer loop
      vertex 42.75663143066406 6.189733833648573 1.6000000000000003
      vertex 42.91058285412302 6.159110991546882 1.6000000000000003
      vertex 42.91058285412302 6.159110991546882 2.4
    endloop
  endfacet
  facet normal -0.3214394653031575 -0.9469301294951071 1.6582453702982033e-18
    outer loop
      vertex 42.91058285412302 6.159110991546882 1.6000000000000003
      vertex 43.059220118838105 6.108655439013544 1.6000000000000003
      vertex 43.059220118838105 6.108655439013544 2.4
    endloop
  endfacet
  facet normal -0.19509032201612925 -0.9807852804032302 0
    outer loop
      vertex 42.75663143066406 6.189733833648573 1.6000000000000003
      vertex 42.91058285412302 6.159110991546882 2.4
      vertex 42.75663143066406 6.189733833648573 2.4
    endloop
  endfacet
  facet normal -0.3214394653031575 -0.9469301294951071 0
    outer loop
      vertex 42.91058285412302 6.159110991546882 1.6000000000000003
      vertex 43.059220118838105 6.108655439013544 2.4
      vertex 42.91058285412302 6.159110991546882 2.4
    endloop
  endfacet
  facet normal -0.44228869021900913 -0.8968727415326844 0
    outer loop
      vertex 43.059220118838105 6.108655439013544 1.6000000000000003
      vertex 43.199999999999996 6.039230484541326 2.4
      vertex 43.059220118838105 6.108655439013544 2.4
    endloop
  endfacet
  facet normal -0.5555702330196068 -0.8314696123025421 0
    outer loop
      vertex 43.33051371481046 5.952024008349483 1.6000000000000003
      vertex 43.33051371481046 5.952024008349483 2.4
      vertex 43.199999999999996 6.039230484541326 1.6000000000000003
    endloop
  endfacet
  facet normal -0.6593458151000713 -0.7518398074789753 6.700341498973917e-18
    outer loop
      vertex 43.33051371481046 5.952024008349483 1.6000000000000003
      vertex 43.44852813742385 5.848528137423857 1.6000000000000003
      vertex 43.44852813742385 5.848528137423857 2.4
    endloop
  endfacet
  facet normal -0.5555702330196068 -0.8314696123025421 0
    outer loop
      vertex 43.199999999999996 6.039230484541326 1.6000000000000003
      vertex 43.33051371481046 5.952024008349483 2.4
      vertex 43.199999999999996 6.039230484541326 2.4
    endloop
  endfacet
  facet normal -0.6593458151000713 -0.7518398074789753 0
    outer loop
      vertex 43.33051371481046 5.952024008349483 1.6000000000000003
      vertex 43.44852813742385 5.848528137423857 2.4
      vertex 43.33051371481046 5.952024008349483 2.4
    endloop
  endfacet
  facet normal -0.7518398074789696 -0.6593458151000776 0
    outer loop
      vertex 43.44852813742385 5.848528137423857 1.6000000000000003
      vertex 43.55202400834948 5.730513714810465 2.4
      vertex 43.44852813742385 5.848528137423857 2.4
    endloop
  endfacet
  facet normal -0.44228869021900913 -0.8968727415326844 -5.600398724672131e-19
    outer loop
      vertex 43.059220118838105 6.108655439013544 1.6000000000000003
      vertex 43.199999999999996 6.039230484541326 1.6000000000000003
      vertex 43.199999999999996 6.039230484541326 2.4
    endloop
  endfacet
  facet normal -0.8968727415326866 -0.44228869021900463 0
    outer loop
      vertex 43.70865543901354 5.4592201188381075 1.6000000000000003
      vertex 43.70865543901354 5.4592201188381075 2.4
      vertex 43.63923048454132 5.6 1.6000000000000003
    endloop
  endfacet
  facet normal -0.8314696123025438 -0.5555702330196042 -3.608902127803623e-18
    outer loop
      vertex 43.55202400834948 5.730513714810465 1.6000000000000003
      vertex 43.63923048454132 5.6 1.6000000000000003
      vertex 43.63923048454132 5.6 2.4
    endloop
  endfacet
  facet normal -0.7518398074789696 -0.6593458151000776 -4.997219659763579e-18
    outer loop
      vertex 43.44852813742385 5.848528137423857 1.6000000000000003
      vertex 43.55202400834948 5.730513714810465 1.6000000000000003
      vertex 43.55202400834948 5.730513714810465 2.4
    endloop
  endfacet
  facet normal -0.9469301294951095 -0.32143946530315076 0
    outer loop
      vertex 43.759110991546876 5.310582854123025 1.6000000000000003
      vertex 43.759110991546876 5.310582854123025 2.4
      vertex 43.70865543901354 5.4592201188381075 1.6000000000000003
    endloop
  endfacet
  facet normal -0.8968727415326866 -0.44228869021900463 0
    outer loop
      vertex 43.63923048454132 5.6 1.6000000000000003
      vertex 43.70865543901354 5.4592201188381075 2.4
      vertex 43.63923048454132 5.6 2.4
    endloop
  endfacet
  facet normal -0.8314696123025438 -0.5555702330196042 0
    outer loop
      vertex 43.55202400834948 5.730513714810465 1.6000000000000003
      vertex 43.63923048454132 5.6 2.4
      vertex 43.55202400834948 5.730513714810465 2.4
    endloop
  endfacet
  facet normal -0.9469301294951095 -0.32143946530315076 0
    outer loop
      vertex 43.70865543901354 5.4592201188381075 1.6000000000000003
      vertex 43.759110991546876 5.310582854123025 2.4
      vertex 43.70865543901354 5.4592201188381075 2.4
    endloop
  endfacet
  facet normal 0.8314696123025459 0.5555702330196013 0
    outer loop
      vertex 40.781346652052676 3.95 1.6000000000000003
      vertex 40.9339579853884 3.7216009990816863 0
      vertex 40.781346652052676 3.95 0
    endloop
  endfacet
  facet normal 0.9978589232386039 0.06540312923013517 0
    outer loop
      vertex 40.49999999999999 5 1.6000000000000003
      vertex 40.51796579111499 4.725894996337892 0
      vertex 40.49999999999999 5 0
    endloop
  endfacet
  facet normal 0.9978589232386039 -0.06540312923013517 0
    outer loop
      vertex 40.51796579111499 5.274105003662108 1.6000000000000003
      vertex 40.49999999999999 5 0
      vertex 40.51796579111499 5.274105003662108 0
    endloop
  endfacet
  facet normal 0.8968727415326794 0.4422886902190197 0
    outer loop
      vertex 40.65985298172629 4.196364792033312 1.6000000000000003
      vertex 40.781346652052676 3.95 0
      vertex 40.65985298172629 4.196364792033312 0
    endloop
  endfacet
  facet normal 0.9469301294951056 0.32143946530316186 0
    outer loop
      vertex 40.57155576479295 4.456480005284707 1.6000000000000003
      vertex 40.65985298172629 4.196364792033312 0
      vertex 40.57155576479295 4.456480005284707 0
    endloop
  endfacet
  facet normal 0.9807852804032303 0.19509032201612833 0
    outer loop
      vertex 40.51796579111499 4.725894996337892 1.6000000000000003
      vertex 40.57155576479295 4.456480005284707 0
      vertex 40.51796579111499 4.725894996337892 0
    endloop
  endfacet
  facet normal 0.7518398074789833 0.6593458151000623 0
    outer loop
      vertex 40.9339579853884 3.7216009990816863 1.6000000000000003
      vertex 41.115075759508244 3.51507575950825 0
      vertex 40.9339579853884 3.7216009990816863 0
    endloop
  endfacet
  facet normal 0.6593458151000662 0.7518398074789797 0
    outer loop
      vertex 41.115075759508244 3.51507575950825 1.6000000000000003
      vertex 41.32160099908168 3.3339579853884063 0
      vertex 41.115075759508244 3.51507575950825 0
    endloop
  endfacet
  facet normal 0.5555702330195983 0.8314696123025478 0
    outer loop
      vertex 41.32160099908168 3.3339579853884063 1.6000000000000003
      vertex 41.55 3.181346652052679 0
      vertex 41.32160099908168 3.3339579853884063 0
    endloop
  endfacet
  facet normal 0.44228869021900147 0.8968727415326883 0
    outer loop
      vertex 41.55 3.181346652052679 1.6000000000000003
      vertex 41.79636479203331 3.059852981726298 0
      vertex 41.55 3.181346652052679 0
    endloop
  endfacet
  facet normal 0.8314696123025459 0.5555702330196013 0
    outer loop
      vertex 40.9339579853884 3.7216009990816863 1.6000000000000003
      vertex 40.9339579853884 3.7216009990816863 0
      vertex 40.781346652052676 3.95 1.6000000000000003
    endloop
  endfacet
  facet normal 0.9978589232386039 0.06540312923013517 0
    outer loop
      vertex 40.51796579111499 4.725894996337892 1.6000000000000003
      vertex 40.51796579111499 4.725894996337892 0
      vertex 40.49999999999999 5 1.6000000000000003
    endloop
  endfacet
  facet normal 0.9978589232386039 -0.06540312923013517 0
    outer loop
      vertex 40.49999999999999 5 1.6000000000000003
      vertex 40.49999999999999 5 0
      vertex 40.51796579111499 5.274105003662108 1.6000000000000003
    endloop
  endfacet
  facet normal 0.9469301294951056 0.32143946530316186 -3.591152720109367e-18
    outer loop
      vertex 40.57155576479295 4.456480005284707 1.6000000000000003
      vertex 40.65985298172629 4.196364792033312 1.6000000000000003
      vertex 40.65985298172629 4.196364792033312 0
    endloop
  endfacet
  facet normal 0.9807852804032303 0.19509032201612833 0
    outer loop
      vertex 40.57155576479295 4.456480005284707 1.6000000000000003
      vertex 40.57155576479295 4.456480005284707 0
      vertex 40.51796579111499 4.725894996337892 1.6000000000000003
    endloop
  endfacet
  facet normal 0.8968727415326794 0.4422886902190197 -1.3353861830009517e-18
    outer loop
      vertex 40.65985298172629 4.196364792033312 1.6000000000000003
      vertex 40.781346652052676 3.95 1.6000000000000003
      vertex 40.781346652052676 3.95 0
    endloop
  endfacet
  facet normal 0 0 -1
    outer loop
      vertex 40.51796579111499 4.725894996337892 1.6000000000000003
      vertex 40.49999999999999 5 1.6000000000000003
      vertex 40.51796579111499 5.274105003662108 1.6000000000000003
    endloop
  endfacet
  facet normal 0 0 -1
    outer loop
      vertex 40.65985298172629 4.196364792033312 1.6000000000000003
      vertex 40.65985298172629 5.803635207966688 1.6000000000000003
      vertex 40.781346652052676 3.95 1.6000000000000003
    endloop
  endfacet
  facet normal 0 0 -1
    outer loop
      vertex 40.9339579853884 3.7216009990816863 1.6000000000000003
      vertex 40.781346652052676 3.95 1.6000000000000003
      vertex 40.781346652052676 6.05 1.6000000000000003
    endloop
  endfacet
  facet normal 0 0 -1
    outer loop
      vertex 40.57155576479295 4.456480005284707 1.6000000000000003
      vertex 40.51796579111499 4.725894996337892 1.6000000000000003
      vertex 40.51796579111499 5.274105003662108 1.6000000000000003
    endloop
  endfacet
  facet normal 0 0 -1
    outer loop
      vertex 40.57155576479295 4.456480005284707 1.6000000000000003
      vertex 40.57155576479295 5.543519994715293 1.6000000000000003
      vertex 40.65985298172629 4.196364792033312 1.6000000000000003
    endloop
  endfacet
  facet normal 0 0 -1
    outer loop
      vertex 40.57155576479295 4.456480005284707 1.6000000000000003
      vertex 40.51796579111499 5.274105003662108 1.6000000000000003
      vertex 40.57155576479295 5.543519994715293 1.6000000000000003
    endloop
  endfacet
  facet normal 0 0 -1
    outer loop
      vertex 40.65985298172629 4.196364792033312 1.6000000000000003
      vertex 40.57155576479295 5.543519994715293 1.6000000000000003
      vertex 40.65985298172629 5.803635207966688 1.6000000000000003
    endloop
  endfacet
  facet normal 0 0 -1
    outer loop
      vertex 40.65985298172629 5.803635207966688 1.6000000000000003
      vertex 40.781346652052676 6.05 1.6000000000000003
      vertex 40.781346652052676 3.95 1.6000000000000003
    endloop
  endfacet
  facet normal 0.7518398074789833 0.6593458151000623 -4.3061787992491163e-19
    outer loop
      vertex 40.9339579853884 3.7216009990816863 1.6000000000000003
      vertex 41.115075759508244 3.51507575950825 1.6000000000000003
      vertex 41.115075759508244 3.51507575950825 0
    endloop
  endfacet
  facet normal 0.6593458151000662 0.7518398074789797 -5.1341276145682344e-18
    outer loop
      vertex 41.115075759508244 3.51507575950825 1.6000000000000003
      vertex 41.32160099908168 3.3339579853884063 1.6000000000000003
      vertex 41.32160099908168 3.3339579853884063 0
    endloop
  endfacet
  facet normal 0.5555702330195983 0.8314696123025478 -1.9497272027114768e-18
    outer loop
      vertex 41.32160099908168 3.3339579853884063 1.6000000000000003
      vertex 41.55 3.181346652052679 1.6000000000000003
      vertex 41.55 3.181346652052679 0
    endloop
  endfacet
  facet normal 0 0 -1
    outer loop
      vertex 41.32160099908168 3.3339579853884063 1.6000000000000003
      vertex 41.49134456098645 4.5407798811618925 1.6000000000000003
      vertex 41.55 3.181346652052679 1.6000000000000003
    endloop
  endfacet
  facet normal 0 0 -1
    outer loop
      vertex 41.55 3.181346652052679 1.6000000000000003
      vertex 41.56076951545867 4.4 1.6000000000000003
      vertex 41.64797599165051 4.269486285189535 1.6000000000000003
    endloop
  endfacet
  facet normal 0 0 -1
    outer loop
      vertex 41.55 3.181346652052679 1.6000000000000003
      vertex 41.64797599165051 4.269486285189535 1.6000000000000003
      vertex 41.75147186257614 4.151471862576143 1.6000000000000003
    endloop
  endfacet
  facet normal 0 0 -1
    outer loop
      vertex 40.9339579853884 3.7216009990816863 1.6000000000000003
      vertex 40.9339579853884 6.278399000918314 1.6000000000000003
      vertex 41.115075759508244 3.51507575950825 1.6000000000000003
    endloop
  endfacet
  facet normal 0 0 -1
    outer loop
      vertex 41.115075759508244 3.51507575950825 1.6000000000000003
      vertex 41.115075759508244 6.48492424049175 1.6000000000000003
      vertex 41.32160099908168 3.3339579853884063 1.6000000000000003
    endloop
  endfacet
  facet normal 0 0 -1
    outer loop
      vertex 41.32160099908168 3.3339579853884063 1.6000000000000003
      vertex 41.41026616635142 4.843368569335938 1.6000000000000003
      vertex 41.44088900845311 4.689417145876975 1.6000000000000003
    endloop
  endfacet
  facet normal 0 0 -1
    outer loop
      vertex 41.32160099908168 3.3339579853884063 1.6000000000000003
      vertex 41.44088900845311 4.689417145876975 1.6000000000000003
      vertex 41.49134456098645 4.5407798811618925 1.6000000000000003
    endloop
  endfacet
  facet normal 0 0 -1
    outer loop
      vertex 41.32160099908168 3.3339579853884063 1.6000000000000003
      vertex 41.39999999999999 5 1.6000000000000003
      vertex 41.41026616635142 4.843368569335938 1.6000000000000003
    endloop
  endfacet
  facet normal 0 0 -1
    outer loop
      vertex 41.55 3.181346652052679 1.6000000000000003
      vertex 41.49134456098645 4.5407798811618925 1.6000000000000003
      vertex 41.56076951545867 4.4 1.6000000000000003
    endloop
  endfacet
  facet normal 0 0 -1
    outer loop
      vertex 41.32160099908168 3.3339579853884063 1.6000000000000003
      vertex 41.32160099908168 6.666042014611594 1.6000000000000003
      vertex 41.39999999999999 5 1.6000000000000003
    endloop
  endfacet
  facet normal 0.9807852804032303 -0.19509032201612833 0
    outer loop
      vertex 40.57155576479295 5.543519994715293 1.6000000000000003
      vertex 40.51796579111499 5.274105003662108 0
      vertex 40.57155576479295 5.543519994715293 0
    endloop
  endfacet
  facet normal 0.9469301294951056 -0.32143946530316186 0
    outer loop
      vertex 40.65985298172629 5.803635207966688 1.6000000000000003
      vertex 40.57155576479295 5.543519994715293 0
      vertex 40.65985298172629 5.803635207966688 0
    endloop
  endfacet
  facet normal 0.8968727415326794 -0.4422886902190197 0
    outer loop
      vertex 40.781346652052676 6.05 1.6000000000000003
      vertex 40.65985298172629 5.803635207966688 0
      vertex 40.781346652052676 6.05 0
    endloop
  endfacet
  facet normal 0.8314696123025459 -0.5555702330196013 0
    outer loop
      vertex 40.9339579853884 6.278399000918314 1.6000000000000003
      vertex 40.781346652052676 6.05 0
      vertex 40.9339579853884 6.278399000918314 0
    endloop
  endfacet
  facet normal 0.7518398074789839 -0.6593458151000614 0
    outer loop
      vertex 41.115075759508244 6.48492424049175 1.6000000000000003
      vertex 40.9339579853884 6.278399000918314 0
      vertex 41.115075759508244 6.48492424049175 0
    endloop
  endfacet
  facet normal 0.6593458151000652 -0.7518398074789805 0
    outer loop
      vertex 41.32160099908168 6.666042014611594 1.6000000000000003
      vertex 41.115075759508244 6.48492424049175 0
      vertex 41.32160099908168 6.666042014611594 0
    endloop
  endfacet
  facet normal 0.5555702330195983 -0.8314696123025478 0
    outer loop
      vertex 41.55 6.818653347947321 1.6000000000000003
      vertex 41.32160099908168 6.666042014611594 0
      vertex 41.55 6.818653347947321 0
    endloop
  endfacet
  facet normal 0.9807852804032303 -0.19509032201612833 0
    outer loop
      vertex 40.51796579111499 5.274105003662108 1.6000000000000003
      vertex 40.51796579111499 5.274105003662108 0
      vertex 40.57155576479295 5.543519994715293 1.6000000000000003
    endloop
  endfacet
  facet normal 0.9469301294951056 -0.32143946530316186 0
    outer loop
      vertex 40.57155576479295 5.543519994715293 1.6000000000000003
      vertex 40.57155576479295 5.543519994715293 0
      vertex 40.65985298172629 5.803635207966688 1.6000000000000003
    endloop
  endfacet
  facet normal 0.8968727415326794 -0.4422886902190197 0
    outer loop
      vertex 40.65985298172629 5.803635207966688 1.6000000000000003
      vertex 40.65985298172629 5.803635207966688 0
      vertex 40.781346652052676 6.05 1.6000000000000003
    endloop
  endfacet
  facet normal 0.8314696123025459 -0.5555702330196013 0
    outer loop
      vertex 40.781346652052676 6.05 1.6000000000000003
      vertex 40.781346652052676 6.05 0
      vertex 40.9339579853884 6.278399000918314 1.6000000000000003
    endloop
  endfacet
  facet normal 0 0 -1
    outer loop
      vertex 40.9339579853884 3.7216009990816863 1.6000000000000003
      vertex 40.781346652052676 6.05 1.6000000000000003
      vertex 40.9339579853884 6.278399000918314 1.6000000000000003
    endloop
  endfacet
  facet normal 0.7518398074789839 -0.6593458151000614 0
    outer loop
      vertex 40.9339579853884 6.278399000918314 1.6000000000000003
      vertex 40.9339579853884 6.278399000918314 0
      vertex 41.115075759508244 6.48492424049175 1.6000000000000003
    endloop
  endfacet
  facet normal 0.6593458151000652 -0.7518398074789805 0
    outer loop
      vertex 41.115075759508244 6.48492424049175 1.6000000000000003
      vertex 41.115075759508244 6.48492424049175 0
      vertex 41.32160099908168 6.666042014611594 1.6000000000000003
    endloop
  endfacet
  facet normal 0 0 -1
    outer loop
      vertex 41.115075759508244 3.51507575950825 1.6000000000000003
      vertex 40.9339579853884 6.278399000918314 1.6000000000000003
      vertex 41.115075759508244 6.48492424049175 1.6000000000000003
    endloop
  endfacet
  facet normal 0 0 -1
    outer loop
      vertex 41.32160099908168 3.3339579853884063 1.6000000000000003
      vertex 41.115075759508244 6.48492424049175 1.6000000000000003
      vertex 41.32160099908168 6.666042014611594 1.6000000000000003
    endloop
  endfacet
  facet normal 0 0 -1
    outer loop
      vertex 41.39999999999999 5 1.6000000000000003
      vertex 41.32160099908168 6.666042014611594 1.6000000000000003
      vertex 41.41026616635142 5.156631430664062 1.6000000000000003
    endloop
  endfacet
  facet normal 0 0 -1
    outer loop
      vertex 41.41026616635142 5.156631430664062 1.6000000000000003
      vertex 41.32160099908168 6.666042014611594 1.6000000000000003
      vertex 41.44088900845311 5.310582854123025 1.6000000000000003
    endloop
  endfacet
  facet normal 0 0 -1
    outer loop
      vertex 41.44088900845311 5.310582854123025 1.6000000000000003
      vertex 41.32160099908168 6.666042014611594 1.6000000000000003
      vertex 41.49134456098645 5.4592201188381075 1.6000000000000003
    endloop
  endfacet
  facet normal 0 0 -1
    outer loop
      vertex 41.49134456098645 5.4592201188381075 1.6000000000000003
      vertex 41.55 6.818653347947321 1.6000000000000003
      vertex 41.56076951545867 5.6 1.6000000000000003
    endloop
  endfacet
  facet normal 0 0 -1
    outer loop
      vertex 41.32160099908168 6.666042014611594 1.6000000000000003
      vertex 41.55 6.818653347947321 1.6000000000000003
      vertex 41.49134456098645 5.4592201188381075 1.6000000000000003
    endloop
  endfacet
  facet normal 0 0 -1
    outer loop
      vertex 41.56076951545867 5.6 1.6000000000000003
      vertex 41.55 6.818653347947321 1.6000000000000003
      vertex 41.64797599165051 5.730513714810465 1.6000000000000003
    endloop
  endfacet
  facet normal 0 0 -1
    outer loop
      vertex 41.64797599165051 5.730513714810465 1.6000000000000003
      vertex 41.55 6.818653347947321 1.6000000000000003
      vertex 41.75147186257614 5.848528137423857 1.6000000000000003
    endloop
  endfacet
  facet normal 0.5555702330195983 -0.8314696123025478 0
    outer loop
      vertex 41.32160099908168 6.666042014611594 1.6000000000000003
      vertex 41.32160099908168 6.666042014611594 0
      vertex 41.55 6.818653347947321 1.6000000000000003
    endloop
  endfacet
  facet normal 0.44228869021900147 -0.8968727415326883 0
    outer loop
      vertex 41.55 6.818653347947321 1.6000000000000003
      vertex 41.55 6.818653347947321 0
      vertex 41.79636479203331 6.940147018273702 1.6000000000000003
    endloop
  endfacet
  facet normal 0.32143946530316875 0.9469301294951032 0
    outer loop
      vertex 41.79636479203331 3.059852981726298 1.6000000000000003
      vertex 42.0564800052847 2.9715557647929565 0
      vertex 41.79636479203331 3.059852981726298 0
    endloop
  endfacet
  facet normal 0.19509032201612525 0.9807852804032311 0
    outer loop
      vertex 42.0564800052847 2.9715557647929565 1.6000000000000003
      vertex 42.32589499633789 2.917965791114998 0
      vertex 42.0564800052847 2.9715557647929565 0
    endloop
  endfacet
  facet normal 0.06540312923014344 0.9978589232386036 0
    outer loop
      vertex 42.32589499633789 2.917965791114998 1.6000000000000003
      vertex 42.599999999999994 2.9 0
      vertex 42.32589499633789 2.917965791114998 0
    endloop
  endfacet
  facet normal -0.06540312923014344 0.9978589232386036 0
    outer loop
      vertex 42.599999999999994 2.9 1.6000000000000003
      vertex 42.8741050036621 2.917965791114998 0
      vertex 42.599999999999994 2.9 0
    endloop
  endfacet
  facet normal -0.19509032201612525 0.9807852804032311 0
    outer loop
      vertex 42.8741050036621 2.917965791114998 1.6000000000000003
      vertex 43.14351999471529 2.9715557647929565 0
      vertex 42.8741050036621 2.917965791114998 0
    endloop
  endfacet
  facet normal 0.44228869021900147 0.8968727415326883 2.4987461891279953e-18
    outer loop
      vertex 41.55 3.181346652052679 1.6000000000000003
      vertex 41.79636479203331 3.059852981726298 1.6000000000000003
      vertex 41.79636479203331 3.059852981726298 0
    endloop
  endfacet
  facet normal 0.32143946530316875 0.9469301294951032 -1.786503126019532e-18
    outer loop
      vertex 41.79636479203331 3.059852981726298 1.6000000000000003
      vertex 42.0564800052847 2.9715557647929565 1.6000000000000003
      vertex 42.0564800052847 2.9715557647929565 0
    endloop
  endfacet
  facet normal 0.19509032201612525 0.9807852804032311 -1.3956742734696015e-18
    outer loop
      vertex 42.0564800052847 2.9715557647929565 1.6000000000000003
      vertex 42.32589499633789 2.917965791114998 1.6000000000000003
      vertex 42.32589499633789 2.917965791114998 0
    endloop
  endfacet
  facet normal 0 0 -1
    outer loop
      vertex 41.79636479203331 3.059852981726298 1.6000000000000003
      vertex 41.99999999999999 3.960769515458674 1.6000000000000003
      vertex 42.0564800052847 2.9715557647929565 1.6000000000000003
    endloop
  endfacet
  facet normal 0 0 -1
    outer loop
      vertex 41.55 3.181346652052679 1.6000000000000003
      vertex 41.75147186257614 4.151471862576143 1.6000000000000003
      vertex 41.79636479203331 3.059852981726298 1.6000000000000003
    endloop
  endfacet
  facet normal 0 0 -1
    outer loop
      vertex 41.79636479203331 3.059852981726298 1.6000000000000003
      vertex 41.75147186257614 4.151471862576143 1.6000000000000003
      vertex 41.86948628518953 4.047975991650517 1.6000000000000003
    endloop
  endfacet
  facet normal 0 0 -1
    outer loop
      vertex 41.79636479203331 3.059852981726298 1.6000000000000003
      vertex 41.86948628518953 4.047975991650517 1.6000000000000003
      vertex 41.99999999999999 3.960769515458674 1.6000000000000003
    endloop
  endfacet
  facet normal 0 0 -1
    outer loop
      vertex 42.0564800052847 2.9715557647929565 1.6000000000000003
      vertex 42.28941714587697 3.840889008453118 1.6000000000000003
      vertex 42.32589499633789 2.917965791114998 1.6000000000000003
    endloop
  endfacet
  facet normal 0 0 -1
    outer loop
      vertex 42.0564800052847 2.9715557647929565 1.6000000000000003
      vertex 41.99999999999999 3.960769515458674 1.6000000000000003
      vertex 42.14077988116188 3.8913445609864556 1.6000000000000003
    endloop
  endfacet
  facet normal 0 0 -1
    outer loop
      vertex 42.0564800052847 2.9715557647929565 1.6000000000000003
      vertex 42.14077988116188 3.8913445609864556 1.6000000000000003
      vertex 42.28941714587697 3.840889008453118 1.6000000000000003
    endloop
  endfacet
  facet normal 0 0 -1
    outer loop
      vertex 42.32589499633789 2.917965791114998 1.6000000000000003
      vertex 42.28941714587697 3.840889008453118 1.6000000000000003
      vertex 42.44336856933593 3.8102661663514277 1.6000000000000003
    endloop
  endfacet
  facet normal 0.06540312923014344 0.9978589232386036 2.598758229793137e-19
    outer loop
      vertex 42.32589499633789 2.917965791114998 1.6000000000000003
      vertex 42.599999999999994 2.9 1.6000000000000003
      vertex 42.599999999999994 2.9 0
    endloop
  endfacet
  facet normal -0.06540312923014344 0.9978589232386036 -2.598758229793137e-19
    outer loop
      vertex 42.599999999999994 2.9 1.6000000000000003
      vertex 42.8741050036621 2.917965791114998 1.6000000000000003
      vertex 42.8741050036621 2.917965791114998 0
    endloop
  endfacet
  facet normal -0.19509032201612525 0.9807852804032311 1.3956742734696015e-18
    outer loop
      vertex 42.8741050036621 2.917965791114998 1.6000000000000003
      vertex 43.14351999471529 2.9715557647929565 1.6000000000000003
      vertex 43.14351999471529 2.9715557647929565 0
    endloop
  endfacet
  facet normal 0 0 -1
    outer loop
      vertex 42.32589499633789 2.917965791114998 1.6000000000000003
      vertex 42.599999999999994 3.8 1.6000000000000003
      vertex 42.599999999999994 2.9 1.6000000000000003
    endloop
  endfacet
  facet normal 0 0 -1
    outer loop
      vertex 42.599999999999994 2.9 1.6000000000000003
      vertex 42.75663143066406 3.8102661663514277 1.6000000000000003
      vertex 42.8741050036621 2.917965791114998 1.6000000000000003
    endloop
  endfacet
  facet normal 0 0 -1
    outer loop
      vertex 42.32589499633789 2.917965791114998 1.6000000000000003
      vertex 42.44336856933593 3.8102661663514277 1.6000000000000003
      vertex 42.599999999999994 3.8 1.6000000000000003
    endloop
  endfacet
  facet normal 0 0 -1
    outer loop
      vertex 42.599999999999994 2.9 1.6000000000000003
      vertex 42.599999999999994 3.8 1.6000000000000003
      vertex 42.75663143066406 3.8102661663514277 1.6000000000000003
    endloop
  endfacet
  facet normal 0 0 -1
    outer loop
      vertex 42.8741050036621 2.917965791114998 1.6000000000000003
      vertex 42.91058285412302 3.840889008453118 1.6000000000000003
      vertex 43.14351999471529 2.9715557647929565 1.6000000000000003
    endloop
  endfacet
  facet normal 0 0 -1
    outer loop
      vertex 42.8741050036621 2.917965791114998 1.6000000000000003
      vertex 42.75663143066406 3.8102661663514277 1.6000000000000003
      vertex 42.91058285412302 3.840889008453118 1.6000000000000003
    endloop
  endfacet
  facet normal 0 0 -1
    outer loop
      vertex 42.91058285412302 3.840889008453118 1.6000000000000003
      vertex 43.059220118838105 3.8913445609864556 1.6000000000000003
      vertex 43.14351999471529 2.9715557647929565 1.6000000000000003
    endloop
  endfacet
  facet normal 0 0 -1
    outer loop
      vertex 43.059220118838105 3.8913445609864556 1.6000000000000003
      vertex 43.199999999999996 3.960769515458674 1.6000000000000003
      vertex 43.14351999471529 2.9715557647929565 1.6000000000000003
    endloop
  endfacet
  facet normal -0.32143946530316875 0.9469301294951032 0
    outer loop
      vertex 43.14351999471529 2.9715557647929565 1.6000000000000003
      vertex 43.40363520796668 3.059852981726298 0
      vertex 43.14351999471529 2.9715557647929565 0
    endloop
  endfacet
  facet normal -0.44228869021900147 0.8968727415326883 0
    outer loop
      vertex 43.40363520796668 3.059852981726298 1.6000000000000003
      vertex 43.64999999999999 3.181346652052679 0
      vertex 43.40363520796668 3.059852981726298 0
    endloop
  endfacet
  facet normal -0.5555702330195983 0.8314696123025478 0
    outer loop
      vertex 43.64999999999999 3.181346652052679 1.6000000000000003
      vertex 43.87839900091831 3.3339579853884063 0
      vertex 43.64999999999999 3.181346652052679 0
    endloop
  endfacet
  facet normal -0.6593458151000662 0.7518398074789797 0
    outer loop
      vertex 43.87839900091831 3.3339579853884063 1.6000000000000003
      vertex 44.084924240491745 3.51507575950825 0
      vertex 43.87839900091831 3.3339579853884063 0
    endloop
  endfacet
  facet normal -0.7518398074789833 0.6593458151000623 0
    outer loop
      vertex 44.084924240491745 3.51507575950825 1.6000000000000003
      vertex 44.266042014611585 3.7216009990816863 0
      vertex 44.084924240491745 3.51507575950825 0
    endloop
  endfacet
  facet normal -0.8314696123025459 0.5555702330196013 0
    outer loop
      vertex 44.266042014611585 3.7216009990816863 1.6000000000000003
      vertex 44.41865334794731 3.95 0
      vertex 44.266042014611585 3.7216009990816863 0
    endloop
  endfacet
  facet normal -0.8968727415326794 0.4422886902190197 0
    outer loop
      vertex 44.41865334794731 3.95 1.6000000000000003
      vertex 44.5401470182737 4.196364792033312 0
      vertex 44.41865334794731 3.95 0
    endloop
  endfacet
  facet normal -0.9469301294951056 0.32143946530316186 0
    outer loop
      vertex 44.5401470182737 4.196364792033312 1.6000000000000003
      vertex 44.62844423520704 4.456480005284707 0
      vertex 44.5401470182737 4.196364792033312 0
    endloop
  endfacet
  facet normal -0.32143946530316875 0.9469301294951032 1.786503126019532e-18
    outer loop
      vertex 43.14351999471529 2.9715557647929565 1.6000000000000003
      vertex 43.40363520796668 3.059852981726298 1.6000000000000003
      vertex 43.40363520796668 3.059852981726298 0
    endloop
  endfacet
  facet normal -0.44228869021900147 0.8968727415326883 -2.4987461891279953e-18
    outer loop
      vertex 43.40363520796668 3.059852981726298 1.6000000000000003
      vertex 43.64999999999999 3.181346652052679 1.6000000000000003
      vertex 43.64999999999999 3.181346652052679 0
    endloop
  endfacet
  facet normal -0.5555702330195983 0.8314696123025478 1.9497272027114768e-18
    outer loop
      vertex 43.64999999999999 3.181346652052679 1.6000000000000003
      vertex 43.87839900091831 3.3339579853884063 1.6000000000000003
      vertex 43.87839900091831 3.3339579853884063 0
    endloop
  endfacet
  facet normal 0 0 -1
    outer loop
      vertex 43.14351999471529 2.9715557647929565 1.6000000000000003
      vertex 43.199999999999996 3.960769515458674 1.6000000000000003
      vertex 43.40363520796668 3.059852981726298 1.6000000000000003
    endloop
  endfacet
  facet normal 0 0 -1
    outer loop
      vertex 43.199999999999996 3.960769515458674 1.6000000000000003
      vertex 43.33051371481046 4.047975991650517 1.6000000000000003
      vertex 43.40363520796668 3.059852981726298 1.6000000000000003
    endloop
  endfacet
  facet normal 0 0 -1
    outer loop
      vertex 43.40363520796668 3.059852981726298 1.6000000000000003
      vertex 43.44852813742385 4.151471862576143 1.6000000000000003
      vertex 43.64999999999999 3.181346652052679 1.6000000000000003
    endloop
  endfacet
  facet normal 0 0 -1
    outer loop
      vertex 43.33051371481046 4.047975991650517 1.6000000000000003
      vertex 43.44852813742385 4.151471862576143 1.6000000000000003
      vertex 43.40363520796668 3.059852981726298 1.6000000000000003
    endloop
  endfacet
  facet normal 0 0 -1
    outer loop
      vertex 43.64999999999999 3.181346652052679 1.6000000000000003
      vertex 43.44852813742385 4.151471862576143 1.6000000000000003
      vertex 43.55202400834948 4.269486285189535 1.6000000000000003
    endloop
  endfacet
  facet normal 0 0 -1
    outer loop
      vertex 43.64999999999999 3.181346652052679 1.6000000000000003
      vertex 43.55202400834948 4.269486285189535 1.6000000000000003
      vertex 43.63923048454132 4.4 1.6000000000000003
    endloop
  endfacet
  facet normal 0 0 -1
    outer loop
      vertex 43.64999999999999 3.181346652052679 1.6000000000000003
      vertex 43.70865543901354 4.5407798811618925 1.6000000000000003
      vertex 43.87839900091831 3.3339579853884063 1.6000000000000003
    endloop
  endfacet
  facet normal 0 0 -1
    outer loop
      vertex 43.64999999999999 3.181346652052679 1.6000000000000003
      vertex 43.63923048454132 4.4 1.6000000000000003
      vertex 43.70865543901354 4.5407798811618925 1.6000000000000003
    endloop
  endfacet
  facet normal 0 0 -1
    outer loop
      vertex 43.87839900091831 3.3339579853884063 1.6000000000000003
      vertex 43.70865543901354 4.5407798811618925 1.6000000000000003
      vertex 43.759110991546876 4.689417145876975 1.6000000000000003
    endloop
  endfacet
  facet normal 0 0 -1
    outer loop
      vertex 43.87839900091831 3.3339579853884063 1.6000000000000003
      vertex 43.759110991546876 4.689417145876975 1.6000000000000003
      vertex 43.78973383364857 4.843368569335938 1.6000000000000003
    endloop
  endfacet
  facet normal 0 0 -1
    outer loop
      vertex 43.87839900091831 3.3339579853884063 1.6000000000000003
      vertex 43.78973383364857 4.843368569335938 1.6000000000000003
      vertex 43.8 5 1.6000000000000003
    endloop
  endfacet
  facet normal 0 0 -1
    outer loop
      vertex 43.87839900091831 3.3339579853884063 1.6000000000000003
      vertex 43.8 5 1.6000000000000003
      vertex 43.87839900091831 6.666042014611594 1.6000000000000003
    endloop
  endfacet
  facet normal -0.6593458151000662 0.7518398074789797 5.1341276145682344e-18
    outer loop
      vertex 43.87839900091831 3.3339579853884063 1.6000000000000003
      vertex 44.084924240491745 3.51507575950825 1.6000000000000003
      vertex 44.084924240491745 3.51507575950825 0
    endloop
  endfacet
  facet normal -0.7518398074789833 0.6593458151000623 4.3061787992491163e-19
    outer loop
      vertex 44.084924240491745 3.51507575950825 1.6000000000000003
      vertex 44.266042014611585 3.7216009990816863 1.6000000000000003
      vertex 44.266042014611585 3.7216009990816863 0
    endloop
  endfacet
  facet normal -0.8314696123025459 0.5555702330196013 8.682397751827129e-19
    outer loop
      vertex 44.266042014611585 3.7216009990816863 1.6000000000000003
      vertex 44.41865334794731 3.95 1.6000000000000003
      vertex 44.41865334794731 3.95 0
    endloop
  endfacet
  facet normal -0.8968727415326794 0.4422886902190197 1.3353861830009517e-18
    outer loop
      vertex 44.41865334794731 3.95 1.6000000000000003
      vertex 44.5401470182737 4.196364792033312 1.6000000000000003
      vertex 44.5401470182737 4.196364792033312 0
    endloop
  endfacet
  facet normal -0.9469301294951056 0.32143946530316186 3.591152720109367e-18
    outer loop
      vertex 44.5401470182737 4.196364792033312 1.6000000000000003
      vertex 44.62844423520704 4.456480005284707 1.6000000000000003
      vertex 44.62844423520704 4.456480005284707 0
    endloop
  endfacet
  facet normal 0 0 -1
    outer loop
      vertex 43.87839900091831 3.3339579853884063 1.6000000000000003
      vertex 43.87839900091831 6.666042014611594 1.6000000000000003
      vertex 44.084924240491745 3.51507575950825 1.6000000000000003
    endloop
  endfacet
  facet normal 0 0 -1
    outer loop
      vertex 44.084924240491745 3.51507575950825 1.6000000000000003
      vertex 44.084924240491745 6.48492424049175 1.6000000000000003
      vertex 44.266042014611585 3.7216009990816863 1.6000000000000003
    endloop
  endfacet
  facet normal 0 0 -1
    outer loop
      vertex 44.266042014611585 3.7216009990816863 1.6000000000000003
      vertex 44.266042014611585 6.278399000918314 1.6000000000000003
      vertex 44.41865334794731 3.95 1.6000000000000003
    endloop
  endfacet
  facet normal 0 0 -1
    outer loop
      vertex 44.41865334794731 3.95 1.6000000000000003
      vertex 44.41865334794731 6.05 1.6000000000000003
      vertex 44.5401470182737 4.196364792033312 1.6000000000000003
    endloop
  endfacet
  facet normal 0 0 -1
    outer loop
      vertex 44.5401470182737 4.196364792033312 1.6000000000000003
      vertex 44.5401470182737 5.803635207966688 1.6000000000000003
      vertex 44.62844423520704 4.456480005284707 1.6000000000000003
    endloop
  endfacet
  facet normal 0 0 -1
    outer loop
      vertex 44.62844423520704 4.456480005284707 1.6000000000000003
      vertex 44.5401470182737 5.803635207966688 1.6000000000000003
      vertex 44.62844423520704 5.543519994715293 1.6000000000000003
    endloop
  endfacet
  facet normal 0.44228869021900147 -0.8968727415326883 0
    outer loop
      vertex 41.79636479203331 6.940147018273702 1.6000000000000003
      vertex 41.55 6.818653347947321 0
      vertex 41.79636479203331 6.940147018273702 0
    endloop
  endfacet
  facet normal 0.32143946530316875 -0.9469301294951032 0
    outer loop
      vertex 42.0564800052847 7.0284442352070435 1.6000000000000003
      vertex 41.79636479203331 6.940147018273702 0
      vertex 42.0564800052847 7.0284442352070435 0
    endloop
  endfacet
  facet normal 0.19509032201612525 -0.9807852804032311 0
    outer loop
      vertex 42.32589499633789 7.082034208885002 1.6000000000000003
      vertex 42.0564800052847 7.0284442352070435 0
      vertex 42.32589499633789 7.082034208885002 0
    endloop
  endfacet
  facet normal 0.06540312923014183 -0.9978589232386036 0
    outer loop
      vertex 42.599999999999994 7.1 1.6000000000000003
      vertex 42.32589499633789 7.082034208885002 0
      vertex 42.599999999999994 7.1 0
    endloop
  endfacet
  facet normal -0.06540312923014183 -0.9978589232386036 0
    outer loop
      vertex 42.8741050036621 7.082034208885002 1.6000000000000003
      vertex 42.599999999999994 7.1 0
      vertex 42.8741050036621 7.082034208885002 0
    endloop
  endfacet
  facet normal -0.19509032201612525 -0.9807852804032311 0
    outer loop
      vertex 43.14351999471529 7.0284442352070435 1.6000000000000003
      vertex 42.8741050036621 7.082034208885002 0
      vertex 43.14351999471529 7.0284442352070435 0
    endloop
  endfacet
  facet normal 0 0 -1
    outer loop
      vertex 41.75147186257614 5.848528137423857 1.6000000000000003
      vertex 41.79636479203331 6.940147018273702 1.6000000000000003
      vertex 41.86948628518953 5.952024008349483 1.6000000000000003
    endloop
  endfacet
  facet normal 0 0 -1
    outer loop
      vertex 41.75147186257614 5.848528137423857 1.6000000000000003
      vertex 41.55 6.818653347947321 1.6000000000000003
      vertex 41.79636479203331 6.940147018273702 1.6000000000000003
    endloop
  endfacet
  facet normal 0 0 -1
    outer loop
      vertex 41.86948628518953 5.952024008349483 1.6000000000000003
      vertex 41.79636479203331 6.940147018273702 1.6000000000000003
      vertex 41.99999999999999 6.039230484541326 1.6000000000000003
    endloop
  endfacet
  facet normal 0 0 -1
    outer loop
      vertex 41.99999999999999 6.039230484541326 1.6000000000000003
      vertex 41.79636479203331 6.940147018273702 1.6000000000000003
      vertex 42.0564800052847 7.0284442352070435 1.6000000000000003
    endloop
  endfacet
  facet normal 0 0 -1
    outer loop
      vertex 41.99999999999999 6.039230484541326 1.6000000000000003
      vertex 42.0564800052847 7.0284442352070435 1.6000000000000003
      vertex 42.14077988116188 6.108655439013544 1.6000000000000003
    endloop
  endfacet
  facet normal 0 0 -1
    outer loop
      vertex 42.0564800052847 7.0284442352070435 1.6000000000000003
      vertex 42.28941714587697 6.159110991546882 1.6000000000000003
      vertex 42.14077988116188 6.108655439013544 1.6000000000000003
    endloop
  endfacet
  facet normal 0 0 -1
    outer loop
      vertex 42.28941714587697 6.159110991546882 1.6000000000000003
      vertex 42.32589499633789 7.082034208885002 1.6000000000000003
      vertex 42.44336856933593 6.189733833648573 1.6000000000000003
    endloop
  endfacet
  facet normal 0.32143946530316875 -0.9469301294951032 0
    outer loop
      vertex 41.79636479203331 6.940147018273702 1.6000000000000003
      vertex 41.79636479203331 6.940147018273702 0
      vertex 42.0564800052847 7.0284442352070435 1.6000000000000003
    endloop
  endfacet
  facet normal 0.19509032201612525 -0.9807852804032311 0
    outer loop
      vertex 42.0564800052847 7.0284442352070435 1.6000000000000003
      vertex 42.0564800052847 7.0284442352070435 0
      vertex 42.32589499633789 7.082034208885002 1.6000000000000003
    endloop
  endfacet
  facet normal 0 0 -1
    outer loop
      vertex 42.0564800052847 7.0284442352070435 1.6000000000000003
      vertex 42.32589499633789 7.082034208885002 1.6000000000000003
      vertex 42.28941714587697 6.159110991546882 1.6000000000000003
    endloop
  endfacet
  facet normal 0 0 -1
    outer loop
      vertex 42.44336856933593 6.189733833648573 1.6000000000000003
      vertex 42.599999999999994 7.1 1.6000000000000003
      vertex 42.599999999999994 6.2 1.6000000000000003
    endloop
  endfacet
  facet normal 0 0 -1
    outer loop
      vertex 42.599999999999994 6.2 1.6000000000000003
      vertex 42.8741050036621 7.082034208885002 1.6000000000000003
      vertex 42.75663143066406 6.189733833648573 1.6000000000000003
    endloop
  endfacet
  facet normal 0 0 -1
    outer loop
      vertex 42.75663143066406 6.189733833648573 1.6000000000000003
      vertex 42.8741050036621 7.082034208885002 1.6000000000000003
      vertex 42.91058285412302 6.159110991546882 1.6000000000000003
    endloop
  endfacet
  facet normal 0 0 -1
    outer loop
      vertex 42.91058285412302 6.159110991546882 1.6000000000000003
      vertex 43.14351999471529 7.0284442352070435 1.6000000000000003
      vertex 43.059220118838105 6.108655439013544 1.6000000000000003
    endloop
  endfacet
  facet normal 0 0 -1
    outer loop
      vertex 43.059220118838105 6.108655439013544 1.6000000000000003
      vertex 43.14351999471529 7.0284442352070435 1.6000000000000003
      vertex 43.199999999999996 6.039230484541326 1.6000000000000003
    endloop
  endfacet
  facet normal 0.06540312923014183 -0.9978589232386036 0
    outer loop
      vertex 42.32589499633789 7.082034208885002 1.6000000000000003
      vertex 42.32589499633789 7.082034208885002 0
      vertex 42.599999999999994 7.1 1.6000000000000003
    endloop
  endfacet
  facet normal -0.06540312923014183 -0.9978589232386036 0
    outer loop
      vertex 42.599999999999994 7.1 1.6000000000000003
      vertex 42.599999999999994 7.1 0
      vertex 42.8741050036621 7.082034208885002 1.6000000000000003
    endloop
  endfacet
  facet normal -0.19509032201612525 -0.9807852804032311 0
    outer loop
      vertex 42.8741050036621 7.082034208885002 1.6000000000000003
      vertex 42.8741050036621 7.082034208885002 0
      vertex 43.14351999471529 7.0284442352070435 1.6000000000000003
    endloop
  endfacet
  facet normal 0 0 -1
    outer loop
      vertex 42.44336856933593 6.189733833648573 1.6000000000000003
      vertex 42.32589499633789 7.082034208885002 1.6000000000000003
      vertex 42.599999999999994 7.1 1.6000000000000003
    endloop
  endfacet
  facet normal 0 0 -1
    outer loop
      vertex 42.599999999999994 6.2 1.6000000000000003
      vertex 42.599999999999994 7.1 1.6000000000000003
      vertex 42.8741050036621 7.082034208885002 1.6000000000000003
    endloop
  endfacet
  facet normal 0 0 -1
    outer loop
      vertex 42.91058285412302 6.159110991546882 1.6000000000000003
      vertex 42.8741050036621 7.082034208885002 1.6000000000000003
      vertex 43.14351999471529 7.0284442352070435 1.6000000000000003
    endloop
  endfacet
  facet normal -0.32143946530316875 -0.9469301294951032 0
    outer loop
      vertex 43.40363520796668 6.940147018273702 1.6000000000000003
      vertex 43.14351999471529 7.0284442352070435 0
      vertex 43.40363520796668 6.940147018273702 0
    endloop
  endfacet
  facet normal -0.44228869021900147 -0.8968727415326883 0
    outer loop
      vertex 43.64999999999999 6.818653347947321 1.6000000000000003
      vertex 43.40363520796668 6.940147018273702 0
      vertex 43.64999999999999 6.818653347947321 0
    endloop
  endfacet
  facet normal -0.5555702330195983 -0.8314696123025478 0
    outer loop
      vertex 43.87839900091831 6.666042014611594 1.6000000000000003
      vertex 43.64999999999999 6.818653347947321 0
      vertex 43.87839900091831 6.666042014611594 0
    endloop
  endfacet
  facet normal -0.6593458151000652 -0.7518398074789805 0
    outer loop
      vertex 44.084924240491745 6.48492424049175 1.6000000000000003
      vertex 43.87839900091831 6.666042014611594 0
      vertex 44.084924240491745 6.48492424049175 0
    endloop
  endfacet
  facet normal -0.7518398074789839 -0.6593458151000614 0
    outer loop
      vertex 44.266042014611585 6.278399000918314 1.6000000000000003
      vertex 44.084924240491745 6.48492424049175 0
      vertex 44.266042014611585 6.278399000918314 0
    endloop
  endfacet
  facet normal -0.9469301294951056 -0.32143946530316186 0
    outer loop
      vertex 44.62844423520704 5.543519994715293 1.6000000000000003
      vertex 44.5401470182737 5.803635207966688 0
      vertex 44.62844423520704 5.543519994715293 0
    endloop
  endfacet
  facet normal -0.8968727415326794 -0.4422886902190197 0
    outer loop
      vertex 44.5401470182737 5.803635207966688 1.6000000000000003
      vertex 44.41865334794731 6.05 0
      vertex 44.5401470182737 5.803635207966688 0
    endloop
  endfacet
  facet normal -0.8314696123025459 -0.5555702330196013 0
    outer loop
      vertex 44.41865334794731 6.05 1.6000000000000003
      vertex 44.266042014611585 6.278399000918314 0
      vertex 44.41865334794731 6.05 0
    endloop
  endfacet
  facet normal 0 0 -1
    outer loop
      vertex 43.33051371481046 5.952024008349483 1.6000000000000003
      vertex 43.199999999999996 6.039230484541326 1.6000000000000003
      vertex 43.40363520796668 6.940147018273702 1.6000000000000003
    endloop
  endfacet
  facet normal 0 0 -1
    outer loop
      vertex 43.199999999999996 6.039230484541326 1.6000000000000003
      vertex 43.14351999471529 7.0284442352070435 1.6000000000000003
      vertex 43.40363520796668 6.940147018273702 1.6000000000000003
    endloop
  endfacet
  facet normal 0 0 -1
    outer loop
      vertex 43.33051371481046 5.952024008349483 1.6000000000000003
      vertex 43.40363520796668 6.940147018273702 1.6000000000000003
      vertex 43.44852813742385 5.848528137423857 1.6000000000000003
    endloop
  endfacet
  facet normal 0 0 -1
    outer loop
      vertex 43.44852813742385 5.848528137423857 1.6000000000000003
      vertex 43.40363520796668 6.940147018273702 1.6000000000000003
      vertex 43.64999999999999 6.818653347947321 1.6000000000000003
    endloop
  endfacet
  facet normal 0 0 -1
    outer loop
      vertex 43.70865543901354 5.4592201188381075 1.6000000000000003
      vertex 43.63923048454132 5.6 1.6000000000000003
      vertex 43.64999999999999 6.818653347947321 1.6000000000000003
    endloop
  endfacet
  facet normal 0 0 -1
    outer loop
      vertex 43.8 5 1.6000000000000003
      vertex 43.78973383364857 5.156631430664062 1.6000000000000003
      vertex 43.87839900091831 6.666042014611594 1.6000000000000003
    endloop
  endfacet
  facet normal 0 0 -1
    outer loop
      vertex 43.759110991546876 5.310582854123025 1.6000000000000003
      vertex 43.70865543901354 5.4592201188381075 1.6000000000000003
      vertex 43.87839900091831 6.666042014611594 1.6000000000000003
    endloop
  endfacet
  facet normal 0 0 -1
    outer loop
      vertex 43.78973383364857 5.156631430664062 1.6000000000000003
      vertex 43.759110991546876 5.310582854123025 1.6000000000000003
      vertex 43.87839900091831 6.666042014611594 1.6000000000000003
    endloop
  endfacet
  facet normal 0 0 -1
    outer loop
      vertex 43.44852813742385 5.848528137423857 1.6000000000000003
      vertex 43.64999999999999 6.818653347947321 1.6000000000000003
      vertex 43.55202400834948 5.730513714810465 1.6000000000000003
    endloop
  endfacet
  facet normal 0 0 -1
    outer loop
      vertex 43.55202400834948 5.730513714810465 1.6000000000000003
      vertex 43.64999999999999 6.818653347947321 1.6000000000000003
      vertex 43.63923048454132 5.6 1.6000000000000003
    endloop
  endfacet
  facet normal 0 0 -1
    outer loop
      vertex 43.70865543901354 5.4592201188381075 1.6000000000000003
      vertex 43.64999999999999 6.818653347947321 1.6000000000000003
      vertex 43.87839900091831 6.666042014611594 1.6000000000000003
    endloop
  endfacet
  facet normal -0.32143946530316875 -0.9469301294951032 0
    outer loop
      vertex 43.14351999471529 7.0284442352070435 1.6000000000000003
      vertex 43.14351999471529 7.0284442352070435 0
      vertex 43.40363520796668 6.940147018273702 1.6000000000000003
    endloop
  endfacet
  facet normal -0.44228869021900147 -0.8968727415326883 0
    outer loop
      vertex 43.40363520796668 6.940147018273702 1.6000000000000003
      vertex 43.40363520796668 6.940147018273702 0
      vertex 43.64999999999999 6.818653347947321 1.6000000000000003
    endloop
  endfacet
  facet normal -0.5555702330195983 -0.8314696123025478 0
    outer loop
      vertex 43.64999999999999 6.818653347947321 1.6000000000000003
      vertex 43.64999999999999 6.818653347947321 0
      vertex 43.87839900091831 6.666042014611594 1.6000000000000003
    endloop
  endfacet
  facet normal -0.6593458151000652 -0.7518398074789805 0
    outer loop
      vertex 43.87839900091831 6.666042014611594 1.6000000000000003
      vertex 43.87839900091831 6.666042014611594 0
      vertex 44.084924240491745 6.48492424049175 1.6000000000000003
    endloop
  endfacet
  facet normal -0.7518398074789839 -0.6593458151000614 0
    outer loop
      vertex 44.084924240491745 6.48492424049175 1.6000000000000003
      vertex 44.084924240491745 6.48492424049175 0
      vertex 44.266042014611585 6.278399000918314 1.6000000000000003
    endloop
  endfacet
  facet normal -0.8968727415326794 -0.4422886902190197 -1.3353861830009517e-18
    outer loop
      vertex 44.5401470182737 5.803635207966688 1.6000000000000003
      vertex 44.41865334794731 6.05 1.6000000000000003
      vertex 44.41865334794731 6.05 0
    endloop
  endfacet
  facet normal -0.9469301294951056 -0.32143946530316186 -3.591152720109367e-18
    outer loop
      vertex 44.62844423520704 5.543519994715293 1.6000000000000003
      vertex 44.5401470182737 5.803635207966688 1.6000000000000003
      vertex 44.5401470182737 5.803635207966688 0
    endloop
  endfacet
  facet normal -0.8314696123025459 -0.5555702330196013 0
    outer loop
      vertex 44.266042014611585 6.278399000918314 1.6000000000000003
      vertex 44.266042014611585 6.278399000918314 0
      vertex 44.41865334794731 6.05 1.6000000000000003
    endloop
  endfacet
  facet normal 0 0 -1
    outer loop
      vertex 44.084924240491745 3.51507575950825 1.6000000000000003
      vertex 43.87839900091831 6.666042014611594 1.6000000000000003
      vertex 44.084924240491745 6.48492424049175 1.6000000000000003
    endloop
  endfacet
  facet normal 0 0 -1
    outer loop
      vertex 44.266042014611585 3.7216009990816863 1.6000000000000003
      vertex 44.084924240491745 6.48492424049175 1.6000000000000003
      vertex 44.266042014611585 6.278399000918314 1.6000000000000003
    endloop
  endfacet
  facet normal 0 0 -1
    outer loop
      vertex 44.41865334794731 3.95 1.6000000000000003
      vertex 44.266042014611585 6.278399000918314 1.6000000000000003
      vertex 44.41865334794731 6.05 1.6000000000000003
    endloop
  endfacet
  facet normal 0 0 -1
    outer loop
      vertex 44.5401470182737 4.196364792033312 1.6000000000000003
      vertex 44.41865334794731 6.05 1.6000000000000003
      vertex 44.5401470182737 5.803635207966688 1.6000000000000003
    endloop
  endfacet
  facet normal -0.9807852804032303 0.19509032201612833 0
    outer loop
      vertex 44.62844423520704 4.456480005284707 1.6000000000000003
      vertex 44.682034208885 4.725894996337892 0
      vertex 44.62844423520704 4.456480005284707 0
    endloop
  endfacet
  facet normal -0.9978589232386039 0.06540312923013517 0
    outer loop
      vertex 44.682034208885 4.725894996337892 1.6000000000000003
      vertex 44.699999999999996 5 0
      vertex 44.682034208885 4.725894996337892 0
    endloop
  endfacet
  facet normal -0.9978589232386039 -0.06540312923013517 0
    outer loop
      vertex 44.699999999999996 5 1.6000000000000003
      vertex 44.682034208885 5.274105003662108 0
      vertex 44.699999999999996 5 0
    endloop
  endfacet
  facet normal -0.9807852804032303 0.19509032201612833 6.444395203149244e-19
    outer loop
      vertex 44.62844423520704 4.456480005284707 1.6000000000000003
      vertex 44.682034208885 4.725894996337892 1.6000000000000003
      vertex 44.682034208885 4.725894996337892 0
    endloop
  endfacet
  facet normal -0.9978589232386039 0.06540312923013517 -8.752840091963808e-19
    outer loop
      vertex 44.682034208885 4.725894996337892 1.6000000000000003
      vertex 44.699999999999996 5 1.6000000000000003
      vertex 44.699999999999996 5 0
    endloop
  endfacet
  facet normal -0.9978589232386039 -0.06540312923013517 8.752840091963808e-19
    outer loop
      vertex 44.699999999999996 5 1.6000000000000003
      vertex 44.682034208885 5.274105003662108 1.6000000000000003
      vertex 44.682034208885 5.274105003662108 0
    endloop
  endfacet
  facet normal 0 0 -1
    outer loop
      vertex 44.62844423520704 4.456480005284707 1.6000000000000003
      vertex 44.62844423520704 5.543519994715293 1.6000000000000003
      vertex 44.682034208885 4.725894996337892 1.6000000000000003
    endloop
  endfacet
  facet normal 0 0 -1
    outer loop
      vertex 44.682034208885 4.725894996337892 1.6000000000000003
      vertex 44.682034208885 5.274105003662108 1.6000000000000003
      vertex 44.699999999999996 5 1.6000000000000003
    endloop
  endfacet
  facet normal 0 0 -1
    outer loop
      vertex 44.682034208885 4.725894996337892 1.6000000000000003
      vertex 44.62844423520704 5.543519994715293 1.6000000000000003
      vertex 44.682034208885 5.274105003662108 1.6000000000000003
    endloop
  endfacet
  facet normal -0.9807852804032303 -0.19509032201612833 0
    outer loop
      vertex 44.682034208885 5.274105003662108 1.6000000000000003
      vertex 44.62844423520704 5.543519994715293 0
      vertex 44.682034208885 5.274105003662108 0
    endloop
  endfacet
  facet normal -0.9807852804032303 -0.19509032201612833 -6.444395203149244e-19
    outer loop
      vertex 44.682034208885 5.274105003662108 1.6000000000000003
      vertex 44.62844423520704 5.543519994715293 1.6000000000000003
      vertex 44.62844423520704 5.543519994715293 0
    endloop
  endfacet
  facet normal 0.9469301294951059 0.32143946530316114 -1.3068212678868502e-19
    outer loop
      vertex 41.49134456098645 80.14077988116189 1.6000000000000003
      vertex 41.44088900845311 80.28941714587697 1.6000000000000003
      vertex 41.44088900845311 80.28941714587697 2.4
    endloop
  endfacet
  facet normal 0.8968727415326844 0.44228869021900913 0
    outer loop
      vertex 41.49134456098645 80.14077988116189 1.6000000000000003
      vertex 41.49134456098645 80.14077988116189 2.4
      vertex 41.56076951545867 80 1.6000000000000003
    endloop
  endfacet
  facet normal 0.831469612302565 0.555570233019573 0
    outer loop
      vertex 41.56076951545867 80 1.6000000000000003
      vertex 41.56076951545867 80 2.4
      vertex 41.64797599165051 79.86948628518952 1.6000000000000003
    endloop
  endfacet
  facet normal 0.831469612302565 0.555570233019573 0
    outer loop
      vertex 41.64797599165051 79.86948628518952 1.6000000000000003
      vertex 41.56076951545867 80 2.4
      vertex 41.64797599165051 79.86948628518952 2.4
    endloop
  endfacet
  facet normal 0.8968727415326844 0.44228869021900913 0
    outer loop
      vertex 41.56076951545867 80 1.6000000000000003
      vertex 41.49134456098645 80.14077988116189 2.4
      vertex 41.56076951545867 80 2.4
    endloop
  endfacet
  facet normal 0.9469301294951059 0.32143946530316114 0
    outer loop
      vertex 41.49134456098645 80.14077988116189 1.6000000000000003
      vertex 41.44088900845311 80.28941714587697 2.4
      vertex 41.49134456098645 80.14077988116189 2.4
    endloop
  endfacet
  facet normal 0.980785280403228 0.19509032201614016 0
    outer loop
      vertex 41.41026616635142 80.44336856933593 1.6000000000000003
      vertex 41.41026616635142 80.44336856933593 2.4
      vertex 41.44088900845311 80.28941714587697 1.6000000000000003
    endloop
  endfacet
  facet normal 0.9978589232386033 0.06540312923014743 8.170610160817058e-19
    outer loop
      vertex 41.41026616635142 80.44336856933593 1.6000000000000003
      vertex 41.39999999999999 80.6 1.6000000000000003
      vertex 41.39999999999999 80.6 2.4
    endloop
  endfacet
  facet normal 0.9978589232386033 -0.06540312923014743 -8.170610160817058e-19
    outer loop
      vertex 41.39999999999999 80.6 1.6000000000000003
      vertex 41.41026616635142 80.75663143066406 1.6000000000000003
      vertex 41.41026616635142 80.75663143066406 2.4
    endloop
  endfacet
  facet normal 0.980785280403228 -0.19509032201614016 -2.026511416320034e-18
    outer loop
      vertex 41.41026616635142 80.75663143066406 1.6000000000000003
      vertex 41.44088900845311 80.91058285412302 1.6000000000000003
      vertex 41.44088900845311 80.91058285412302 2.4
    endloop
  endfacet
  facet normal 0.980785280403228 0.19509032201614016 0
    outer loop
      vertex 41.44088900845311 80.28941714587697 1.6000000000000003
      vertex 41.41026616635142 80.44336856933593 2.4
      vertex 41.44088900845311 80.28941714587697 2.4
    endloop
  endfacet
  facet normal 0.9978589232386033 0.06540312923014743 0
    outer loop
      vertex 41.41026616635142 80.44336856933593 1.6000000000000003
      vertex 41.39999999999999 80.6 2.4
      vertex 41.41026616635142 80.44336856933593 2.4
    endloop
  endfacet
  facet normal 0.9978589232386033 -0.06540312923014743 0
    outer loop
      vertex 41.39999999999999 80.6 1.6000000000000003
      vertex 41.41026616635142 80.75663143066406 2.4
      vertex 41.39999999999999 80.6 2.4
    endloop
  endfacet
  facet normal 0.980785280403228 -0.19509032201614016 0
    outer loop
      vertex 41.41026616635142 80.75663143066406 1.6000000000000003
      vertex 41.44088900845311 80.91058285412302 2.4
      vertex 41.41026616635142 80.75663143066406 2.4
    endloop
  endfacet
  facet normal 0.9469301294951059 -0.32143946530316114 1.3068212678868502e-19
    outer loop
      vertex 41.44088900845311 80.91058285412302 1.6000000000000003
      vertex 41.49134456098645 81.0592201188381 1.6000000000000003
      vertex 41.49134456098645 81.0592201188381 2.4
    endloop
  endfacet
  facet normal 0.8968727415326844 -0.44228869021900913 5.600398724672131e-19
    outer loop
      vertex 41.49134456098645 81.0592201188381 1.6000000000000003
      vertex 41.56076951545867 81.19999999999999 1.6000000000000003
      vertex 41.56076951545867 81.19999999999999 2.4
    endloop
  endfacet
  facet normal 0.831469612302565 -0.555570233019573 7.989210770248942e-19
    outer loop
      vertex 41.56076951545867 81.19999999999999 1.6000000000000003
      vertex 41.64797599165051 81.33051371481046 1.6000000000000003
      vertex 41.64797599165051 81.33051371481046 2.4
    endloop
  endfacet
  facet normal 0.9469301294951059 -0.32143946530316114 0
    outer loop
      vertex 41.44088900845311 80.91058285412302 1.6000000000000003
      vertex 41.49134456098645 81.0592201188381 2.4
      vertex 41.44088900845311 80.91058285412302 2.4
    endloop
  endfacet
  facet normal 0.8968727415326844 -0.44228869021900913 0
    outer loop
      vertex 41.49134456098645 81.0592201188381 1.6000000000000003
      vertex 41.56076951545867 81.19999999999999 2.4
      vertex 41.49134456098645 81.0592201188381 2.4
    endloop
  endfacet
  facet normal 0.831469612302565 -0.555570233019573 0
    outer loop
      vertex 41.56076951545867 81.19999999999999 1.6000000000000003
      vertex 41.64797599165051 81.33051371481046 2.4
      vertex 41.56076951545867 81.19999999999999 2.4
    endloop
  endfacet
  facet normal 0.7518398074789501 0.6593458151001 0
    outer loop
      vertex 41.64797599165051 79.86948628518952 1.6000000000000003
      vertex 41.64797599165051 79.86948628518952 2.4
      vertex 41.75147186257614 79.75147186257614 1.6000000000000003
    endloop
  endfacet
  facet normal 0.6593458151000776 0.7518398074789696 0
    outer loop
      vertex 41.75147186257614 79.75147186257614 1.6000000000000003
      vertex 41.75147186257614 79.75147186257614 2.4
      vertex 41.86948628518953 79.64797599165051 1.6000000000000003
    endloop
  endfacet
  facet normal 0.5555702330195834 0.8314696123025579 -1.080335616022336e-18
    outer loop
      vertex 41.99999999999999 79.56076951545867 1.6000000000000003
      vertex 41.86948628518953 79.64797599165051 1.6000000000000003
      vertex 41.86948628518953 79.64797599165051 2.4
    endloop
  endfacet
  facet normal 0.7518398074789501 0.6593458151001 0
    outer loop
      vertex 41.75147186257614 79.75147186257614 1.6000000000000003
      vertex 41.64797599165051 79.86948628518952 2.4
      vertex 41.75147186257614 79.75147186257614 2.4
    endloop
  endfacet
  facet normal 0.6593458151000776 0.7518398074789696 0
    outer loop
      vertex 41.86948628518953 79.64797599165051 1.6000000000000003
      vertex 41.75147186257614 79.75147186257614 2.4
      vertex 41.86948628518953 79.64797599165051 2.4
    endloop
  endfacet
  facet normal 0.5555702330195834 0.8314696123025579 0
    outer loop
      vertex 41.99999999999999 79.56076951545867 1.6000000000000003
      vertex 41.86948628518953 79.64797599165051 2.4
      vertex 41.99999999999999 79.56076951545867 2.4
    endloop
  endfacet
  facet normal 0.44228869021904554 0.8968727415326666 0
    outer loop
      vertex 41.99999999999999 79.56076951545867 1.6000000000000003
      vertex 41.99999999999999 79.56076951545867 2.4
      vertex 42.14077988116188 79.49134456098645 1.6000000000000003
    endloop
  endfacet
  facet normal 0.32143946530314726 0.9469301294951105 0
    outer loop
      vertex 42.14077988116188 79.49134456098645 1.6000000000000003
      vertex 42.14077988116188 79.49134456098645 2.4
      vertex 42.28941714587697 79.44088900845311 1.6000000000000003
    endloop
  endfacet
  facet normal 0.19509032201614016 0.980785280403228 0
    outer loop
      vertex 42.28941714587697 79.44088900845311 1.6000000000000003
      vertex 42.28941714587697 79.44088900845311 2.4
      vertex 42.44336856933593 79.41026616635142 1.6000000000000003
    endloop
  endfacet
  facet normal 0.44228869021904554 0.8968727415326666 0
    outer loop
      vertex 42.14077988116188 79.49134456098645 1.6000000000000003
      vertex 41.99999999999999 79.56076951545867 2.4
      vertex 42.14077988116188 79.49134456098645 2.4
    endloop
  endfacet
  facet normal 0.32143946530314726 0.9469301294951105 0
    outer loop
      vertex 42.28941714587697 79.44088900845311 1.6000000000000003
      vertex 42.14077988116188 79.49134456098645 2.4
      vertex 42.28941714587697 79.44088900845311 2.4
    endloop
  endfacet
  facet normal 0.19509032201614016 0.980785280403228 0
    outer loop
      vertex 42.44336856933593 79.41026616635142 1.6000000000000003
      vertex 42.28941714587697 79.44088900845311 2.4
      vertex 42.44336856933593 79.41026616635142 2.4
    endloop
  endfacet
  facet normal 0.06540312923014743 0.9978589232386033 0
    outer loop
      vertex 42.44336856933593 79.41026616635142 1.6000000000000003
      vertex 42.44336856933593 79.41026616635142 2.4
      vertex 42.599999999999994 79.39999999999999 1.6000000000000003
    endloop
  endfacet
  facet normal -0.06540312923014743 0.9978589232386033 0
    outer loop
      vertex 42.599999999999994 79.39999999999999 1.6000000000000003
      vertex 42.599999999999994 79.39999999999999 2.4
      vertex 42.75663143066406 79.41026616635142 1.6000000000000003
    endloop
  endfacet
  facet normal 0.06540312923014743 0.9978589232386033 0
    outer loop
      vertex 42.599999999999994 79.39999999999999 1.6000000000000003
      vertex 42.44336856933593 79.41026616635142 2.4
      vertex 42.599999999999994 79.39999999999999 2.4
    endloop
  endfacet
  facet normal -0.06540312923014743 0.9978589232386033 0
    outer loop
      vertex 42.75663143066406 79.41026616635142 1.6000000000000003
      vertex 42.599999999999994 79.39999999999999 2.4
      vertex 42.75663143066406 79.41026616635142 2.4
    endloop
  endfacet
  facet normal -0.19509032201614016 0.980785280403228 0
    outer loop
      vertex 42.75663143066406 79.41026616635142 1.6000000000000003
      vertex 42.75663143066406 79.41026616635142 2.4
      vertex 42.91058285412302 79.44088900845311 1.6000000000000003
    endloop
  endfacet
  facet normal -0.32143946530314726 0.9469301294951105 0
    outer loop
      vertex 42.91058285412302 79.44088900845311 1.6000000000000003
      vertex 42.91058285412302 79.44088900845311 2.4
      vertex 43.059220118838105 79.49134456098645 1.6000000000000003
    endloop
  endfacet
  facet normal -0.44228869021904554 0.8968727415326666 0
    outer loop
      vertex 43.059220118838105 79.49134456098645 1.6000000000000003
      vertex 43.059220118838105 79.49134456098645 2.4
      vertex 43.199999999999996 79.56076951545867 1.6000000000000003
    endloop
  endfacet
  facet normal -0.19509032201614016 0.980785280403228 0
    outer loop
      vertex 42.91058285412302 79.44088900845311 1.6000000000000003
      vertex 42.75663143066406 79.41026616635142 2.4
      vertex 42.91058285412302 79.44088900845311 2.4
    endloop
  endfacet
  facet normal -0.32143946530314726 0.9469301294951105 0
    outer loop
      vertex 43.059220118838105 79.49134456098645 1.6000000000000003
      vertex 42.91058285412302 79.44088900845311 2.4
      vertex 43.059220118838105 79.49134456098645 2.4
    endloop
  endfacet
  facet normal -0.44228869021904554 0.8968727415326666 0
    outer loop
      vertex 43.199999999999996 79.56076951545867 1.6000000000000003
      vertex 43.059220118838105 79.49134456098645 2.4
      vertex 43.199999999999996 79.56076951545867 2.4
    endloop
  endfacet
  facet normal -0.5555702330195834 0.8314696123025579 0
    outer loop
      vertex 43.199999999999996 79.56076951545867 1.6000000000000003
      vertex 43.199999999999996 79.56076951545867 2.4
      vertex 43.33051371481046 79.64797599165051 1.6000000000000003
    endloop
  endfacet
  facet normal -0.6593458151000776 0.7518398074789696 0
    outer loop
      vertex 43.33051371481046 79.64797599165051 1.6000000000000003
      vertex 43.33051371481046 79.64797599165051 2.4
      vertex 43.44852813742385 79.75147186257614 1.6000000000000003
    endloop
  endfacet
  facet normal -0.7518398074789501 0.6593458151001 0
    outer loop
      vertex 43.44852813742385 79.75147186257614 1.6000000000000003
      vertex 43.44852813742385 79.75147186257614 2.4
      vertex 43.55202400834948 79.86948628518952 1.6000000000000003
    endloop
  endfacet
  facet normal -0.5555702330195834 0.8314696123025579 0
    outer loop
      vertex 43.33051371481046 79.64797599165051 1.6000000000000003
      vertex 43.199999999999996 79.56076951545867 2.4
      vertex 43.33051371481046 79.64797599165051 2.4
    endloop
  endfacet
  facet normal -0.6593458151000776 0.7518398074789696 0
    outer loop
      vertex 43.44852813742385 79.75147186257614 1.6000000000000003
      vertex 43.33051371481046 79.64797599165051 2.4
      vertex 43.44852813742385 79.75147186257614 2.4
    endloop
  endfacet
  facet normal -0.831469612302565 0.555570233019573 0
    outer loop
      vertex 43.55202400834948 79.86948628518952 1.6000000000000003
      vertex 43.55202400834948 79.86948628518952 2.4
      vertex 43.63923048454132 80 1.6000000000000003
    endloop
  endfacet
  facet normal -0.8968727415326844 0.44228869021900913 0
    outer loop
      vertex 43.63923048454132 80 1.6000000000000003
      vertex 43.63923048454132 80 2.4
      vertex 43.70865543901354 80.14077988116189 1.6000000000000003
    endloop
  endfacet
  facet normal -0.9469301294951059 0.32143946530316114 0
    outer loop
      vertex 43.70865543901354 80.14077988116189 1.6000000000000003
      vertex 43.70865543901354 80.14077988116189 2.4
      vertex 43.759110991546876 80.28941714587697 1.6000000000000003
    endloop
  endfacet
  facet normal -0.7518398074789501 0.6593458151001 0
    outer loop
      vertex 43.55202400834948 79.86948628518952 1.6000000000000003
      vertex 43.44852813742385 79.75147186257614 2.4
      vertex 43.55202400834948 79.86948628518952 2.4
    endloop
  endfacet
  facet normal -0.831469612302565 0.555570233019573 0
    outer loop
      vertex 43.63923048454132 80 1.6000000000000003
      vertex 43.55202400834948 79.86948628518952 2.4
      vertex 43.63923048454132 80 2.4
    endloop
  endfacet
  facet normal -0.8968727415326844 0.44228869021900913 0
    outer loop
      vertex 43.70865543901354 80.14077988116189 1.6000000000000003
      vertex 43.63923048454132 80 2.4
      vertex 43.70865543901354 80.14077988116189 2.4
    endloop
  endfacet
  facet normal -0.9469301294951059 0.32143946530316114 0
    outer loop
      vertex 43.759110991546876 80.28941714587697 1.6000000000000003
      vertex 43.70865543901354 80.14077988116189 2.4
      vertex 43.759110991546876 80.28941714587697 2.4
    endloop
  endfacet
  facet normal 0.7518398074789501 -0.6593458151001 6.114975973918653e-18
    outer loop
      vertex 41.64797599165051 81.33051371481046 1.6000000000000003
      vertex 41.75147186257614 81.44852813742385 1.6000000000000003
      vertex 41.75147186257614 81.44852813742385 2.4
    endloop
  endfacet
  facet normal 0.6593458151000776 -0.7518398074789696 4.997219659763579e-18
    outer loop
      vertex 41.75147186257614 81.44852813742385 1.6000000000000003
      vertex 41.86948628518953 81.55202400834948 1.6000000000000003
      vertex 41.86948628518953 81.55202400834948 2.4
    endloop
  endfacet
  facet normal 0.7518398074789501 -0.6593458151001 0
    outer loop
      vertex 41.64797599165051 81.33051371481046 1.6000000000000003
      vertex 41.75147186257614 81.44852813742385 2.4
      vertex 41.64797599165051 81.33051371481046 2.4
    endloop
  endfacet
  facet normal 0.6593458151000776 -0.7518398074789696 0
    outer loop
      vertex 41.75147186257614 81.44852813742385 1.6000000000000003
      vertex 41.86948628518953 81.55202400834948 2.4
      vertex 41.75147186257614 81.44852813742385 2.4
    endloop
  endfacet
  facet normal 0.5555702330195834 -0.8314696123025579 0
    outer loop
      vertex 41.86948628518953 81.55202400834948 1.6000000000000003
      vertex 41.99999999999999 81.63923048454132 2.4
      vertex 41.86948628518953 81.55202400834948 2.4
    endloop
  endfacet
  facet normal 0.5555702330195834 -0.8314696123025579 1.080335616022336e-18
    outer loop
      vertex 41.86948628518953 81.55202400834948 1.6000000000000003
      vertex 41.99999999999999 81.63923048454132 1.6000000000000003
      vertex 41.99999999999999 81.63923048454132 2.4
    endloop
  endfacet
  facet normal 0.44228869021904554 -0.8968727415326666 -4.490580399911752e-18
    outer loop
      vertex 41.99999999999999 81.63923048454132 1.6000000000000003
      vertex 42.14077988116188 81.70865543901354 1.6000000000000003
      vertex 42.14077988116188 81.70865543901354 2.4
    endloop
  endfacet
  facet normal 0.32143946530314726 -0.9469301294951105 2.4230794814173293e-18
    outer loop
      vertex 42.14077988116188 81.70865543901354 1.6000000000000003
      vertex 42.28941714587697 81.75911099154688 1.6000000000000003
      vertex 42.28941714587697 81.75911099154688 2.4
    endloop
  endfacet
  facet normal 0.19509032201614016 -0.980785280403228 -2.026511416320034e-18
    outer loop
      vertex 42.28941714587697 81.75911099154688 1.6000000000000003
      vertex 42.44336856933593 81.78973383364857 1.6000000000000003
      vertex 42.44336856933593 81.78973383364857 2.4
    endloop
  endfacet
  facet normal 0.44228869021904554 -0.8968727415326666 0
    outer loop
      vertex 41.99999999999999 81.63923048454132 1.6000000000000003
      vertex 42.14077988116188 81.70865543901354 2.4
      vertex 41.99999999999999 81.63923048454132 2.4
    endloop
  endfacet
  facet normal 0.32143946530314726 -0.9469301294951105 0
    outer loop
      vertex 42.14077988116188 81.70865543901354 1.6000000000000003
      vertex 42.28941714587697 81.75911099154688 2.4
      vertex 42.14077988116188 81.70865543901354 2.4
    endloop
  endfacet
  facet normal 0.19509032201614016 -0.980785280403228 0
    outer loop
      vertex 42.28941714587697 81.75911099154688 1.6000000000000003
      vertex 42.44336856933593 81.78973383364857 2.4
      vertex 42.28941714587697 81.75911099154688 2.4
    endloop
  endfacet
  facet normal 0.06540312923014743 -0.9978589232386033 -8.170610160817058e-19
    outer loop
      vertex 42.44336856933593 81.78973383364857 1.6000000000000003
      vertex 42.599999999999994 81.8 1.6000000000000003
      vertex 42.599999999999994 81.8 2.4
    endloop
  endfacet
  facet normal -0.06540312923014743 -0.9978589232386033 8.170610160817058e-19
    outer loop
      vertex 42.599999999999994 81.8 1.6000000000000003
      vertex 42.75663143066406 81.78973383364857 1.6000000000000003
      vertex 42.75663143066406 81.78973383364857 2.4
    endloop
  endfacet
  facet normal 0.06540312923014743 -0.9978589232386033 0
    outer loop
      vertex 42.44336856933593 81.78973383364857 1.6000000000000003
      vertex 42.599999999999994 81.8 2.4
      vertex 42.44336856933593 81.78973383364857 2.4
    endloop
  endfacet
  facet normal -0.06540312923014743 -0.9978589232386033 0
    outer loop
      vertex 42.599999999999994 81.8 1.6000000000000003
      vertex 42.75663143066406 81.78973383364857 2.4
      vertex 42.599999999999994 81.8 2.4
    endloop
  endfacet
  facet normal -0.19509032201614016 -0.980785280403228 2.026511416320034e-18
    outer loop
      vertex 42.75663143066406 81.78973383364857 1.6000000000000003
      vertex 42.91058285412302 81.75911099154688 1.6000000000000003
      vertex 42.91058285412302 81.75911099154688 2.4
    endloop
  endfacet
  facet normal -0.32143946530314726 -0.9469301294951105 -2.4230794814173293e-18
    outer loop
      vertex 42.91058285412302 81.75911099154688 1.6000000000000003
      vertex 43.059220118838105 81.70865543901354 1.6000000000000003
      vertex 43.059220118838105 81.70865543901354 2.4
    endloop
  endfacet
  facet normal -0.19509032201614016 -0.980785280403228 0
    outer loop
      vertex 42.75663143066406 81.78973383364857 1.6000000000000003
      vertex 42.91058285412302 81.75911099154688 2.4
      vertex 42.75663143066406 81.78973383364857 2.4
    endloop
  endfacet
  facet normal -0.32143946530314726 -0.9469301294951105 0
    outer loop
      vertex 42.91058285412302 81.75911099154688 1.6000000000000003
      vertex 43.059220118838105 81.70865543901354 2.4
      vertex 42.91058285412302 81.75911099154688 2.4
    endloop
  endfacet
  facet normal -0.44228869021904554 -0.8968727415326666 0
    outer loop
      vertex 43.059220118838105 81.70865543901354 1.6000000000000003
      vertex 43.199999999999996 81.63923048454132 2.4
      vertex 43.059220118838105 81.70865543901354 2.4
    endloop
  endfacet
  facet normal -0.5555702330195834 -0.8314696123025579 -1.080335616022336e-18
    outer loop
      vertex 43.199999999999996 81.63923048454132 1.6000000000000003
      vertex 43.33051371481046 81.55202400834948 1.6000000000000003
      vertex 43.33051371481046 81.55202400834948 2.4
    endloop
  endfacet
  facet normal -0.6593458151000776 -0.7518398074789696 -4.997219659763579e-18
    outer loop
      vertex 43.33051371481046 81.55202400834948 1.6000000000000003
      vertex 43.44852813742385 81.44852813742385 1.6000000000000003
      vertex 43.44852813742385 81.44852813742385 2.4
    endloop
  endfacet
  facet normal -0.6593458151000776 -0.7518398074789696 0
    outer loop
      vertex 43.33051371481046 81.55202400834948 1.6000000000000003
      vertex 43.44852813742385 81.44852813742385 2.4
      vertex 43.33051371481046 81.55202400834948 2.4
    endloop
  endfacet
  facet normal -0.7518398074789501 -0.6593458151001 0
    outer loop
      vertex 43.44852813742385 81.44852813742385 1.6000000000000003
      vertex 43.55202400834948 81.33051371481046 2.4
      vertex 43.44852813742385 81.44852813742385 2.4
    endloop
  endfacet
  facet normal -0.980785280403228 0.19509032201614016 0
    outer loop
      vertex 43.759110991546876 80.28941714587697 1.6000000000000003
      vertex 43.759110991546876 80.28941714587697 2.4
      vertex 43.78973383364857 80.44336856933593 1.6000000000000003
    endloop
  endfacet
  facet normal -0.9978589232386033 0.06540312923014743 0
    outer loop
      vertex 43.78973383364857 80.44336856933593 1.6000000000000003
      vertex 43.78973383364857 80.44336856933593 2.4
      vertex 43.8 80.6 1.6000000000000003
    endloop
  endfacet
  facet normal -0.980785280403228 -0.19509032201614016 0
    outer loop
      vertex 43.78973383364857 80.75663143066406 1.6000000000000003
      vertex 43.78973383364857 80.75663143066406 2.4
      vertex 43.759110991546876 80.91058285412302 1.6000000000000003
    endloop
  endfacet
  facet normal -0.9978589232386033 -0.06540312923014743 0
    outer loop
      vertex 43.8 80.6 1.6000000000000003
      vertex 43.8 80.6 2.4
      vertex 43.78973383364857 80.75663143066406 1.6000000000000003
    endloop
  endfacet
  facet normal -0.980785280403228 0.19509032201614016 0
    outer loop
      vertex 43.78973383364857 80.44336856933593 1.6000000000000003
      vertex 43.759110991546876 80.28941714587697 2.4
      vertex 43.78973383364857 80.44336856933593 2.4
    endloop
  endfacet
  facet normal -0.9978589232386033 0.06540312923014743 0
    outer loop
      vertex 43.8 80.6 1.6000000000000003
      vertex 43.78973383364857 80.44336856933593 2.4
      vertex 43.8 80.6 2.4
    endloop
  endfacet
  facet normal -0.980785280403228 -0.19509032201614016 0
    outer loop
      vertex 43.759110991546876 80.91058285412302 1.6000000000000003
      vertex 43.78973383364857 80.75663143066406 2.4
      vertex 43.759110991546876 80.91058285412302 2.4
    endloop
  endfacet
  facet normal -0.9978589232386033 -0.06540312923014743 0
    outer loop
      vertex 43.78973383364857 80.75663143066406 1.6000000000000003
      vertex 43.8 80.6 2.4
      vertex 43.78973383364857 80.75663143066406 2.4
    endloop
  endfacet
  facet normal -0.831469612302565 -0.555570233019573 -7.989210770248942e-19
    outer loop
      vertex 43.55202400834948 81.33051371481046 1.6000000000000003
      vertex 43.63923048454132 81.19999999999999 1.6000000000000003
      vertex 43.63923048454132 81.19999999999999 2.4
    endloop
  endfacet
  facet normal -0.8968727415326844 -0.44228869021900913 0
    outer loop
      vertex 43.70865543901354 81.0592201188381 1.6000000000000003
      vertex 43.70865543901354 81.0592201188381 2.4
      vertex 43.63923048454132 81.19999999999999 1.6000000000000003
    endloop
  endfacet
  facet normal -0.7518398074789501 -0.6593458151001 -6.114975973918653e-18
    outer loop
      vertex 43.44852813742385 81.44852813742385 1.6000000000000003
      vertex 43.55202400834948 81.33051371481046 1.6000000000000003
      vertex 43.55202400834948 81.33051371481046 2.4
    endloop
  endfacet
  facet normal -0.9469301294951059 -0.32143946530316114 -1.3068212678868502e-19
    outer loop
      vertex 43.70865543901354 81.0592201188381 1.6000000000000003
      vertex 43.759110991546876 80.91058285412302 1.6000000000000003
      vertex 43.759110991546876 80.91058285412302 2.4
    endloop
  endfacet
  facet normal -0.8968727415326844 -0.44228869021900913 0
    outer loop
      vertex 43.63923048454132 81.19999999999999 1.6000000000000003
      vertex 43.70865543901354 81.0592201188381 2.4
      vertex 43.63923048454132 81.19999999999999 2.4
    endloop
  endfacet
  facet normal -0.831469612302565 -0.555570233019573 0
    outer loop
      vertex 43.55202400834948 81.33051371481046 1.6000000000000003
      vertex 43.63923048454132 81.19999999999999 2.4
      vertex 43.55202400834948 81.33051371481046 2.4
    endloop
  endfacet
  facet normal -0.9469301294951059 -0.32143946530316114 0
    outer loop
      vertex 43.70865543901354 81.0592201188381 1.6000000000000003
      vertex 43.759110991546876 80.91058285412302 2.4
      vertex 43.70865543901354 81.0592201188381 2.4
    endloop
  endfacet
  facet normal -0.44228869021904554 -0.8968727415326666 4.490580399911752e-18
    outer loop
      vertex 43.059220118838105 81.70865543901354 1.6000000000000003
      vertex 43.199999999999996 81.63923048454132 1.6000000000000003
      vertex 43.199999999999996 81.63923048454132 2.4
    endloop
  endfacet
  facet normal -0.5555702330195834 -0.8314696123025579 0
    outer loop
      vertex 43.199999999999996 81.63923048454132 1.6000000000000003
      vertex 43.33051371481046 81.55202400834948 2.4
      vertex 43.199999999999996 81.63923048454132 2.4
    endloop
  endfacet
  facet normal 0.8314696123025478 0.5555702330195983 0
    outer loop
      vertex 40.781346652052676 79.55 1.6000000000000003
      vertex 40.9339579853884 79.32160099908168 0
      vertex 40.781346652052676 79.55 0
    endloop
  endfacet
  facet normal 0.8968727415326742 0.4422886902190299 0
    outer loop
      vertex 40.65985298172629 79.7963647920333 1.6000000000000003
      vertex 40.781346652052676 79.55 0
      vertex 40.65985298172629 79.7963647920333 0
    endloop
  endfacet
  facet normal 0.9469301294951059 0.32143946530316087 0
    outer loop
      vertex 40.57155576479295 80.0564800052847 1.6000000000000003
      vertex 40.65985298172629 79.7963647920333 0
      vertex 40.57155576479295 80.0564800052847 0
    endloop
  endfacet
  facet normal 0.9807852804032301 0.19509032201613022 0
    outer loop
      vertex 40.51796579111499 80.32589499633788 1.6000000000000003
      vertex 40.57155576479295 80.0564800052847 0
      vertex 40.51796579111499 80.32589499633788 0
    endloop
  endfacet
  facet normal 0.5555702330195983 0.8314696123025478 0
    outer loop
      vertex 41.32160099908168 78.9339579853884 1.6000000000000003
      vertex 41.55 78.78134665205268 0
      vertex 41.32160099908168 78.9339579853884 0
    endloop
  endfacet
  facet normal 0.4422886902190197 0.8968727415326794 0
    outer loop
      vertex 41.55 78.78134665205268 1.6000000000000003
      vertex 41.79636479203331 78.65985298172629 0
      vertex 41.55 78.78134665205268 0
    endloop
  endfacet
  facet normal 0.7518398074789855 0.6593458151000599 0
    outer loop
      vertex 40.9339579853884 79.32160099908168 1.6000000000000003
      vertex 41.115075759508244 79.11507575950824 0
      vertex 40.9339579853884 79.32160099908168 0
    endloop
  endfacet
  facet normal 0.6593458151000599 0.7518398074789855 0
    outer loop
      vertex 41.115075759508244 79.11507575950824 1.6000000000000003
      vertex 41.32160099908168 78.9339579853884 0
      vertex 41.115075759508244 79.11507575950824 0
    endloop
  endfacet
  facet normal 0.8314696123025478 0.5555702330195983 -1.9497272027114768e-18
    outer loop
      vertex 40.781346652052676 79.55 1.6000000000000003
      vertex 40.9339579853884 79.32160099908168 1.6000000000000003
      vertex 40.9339579853884 79.32160099908168 0
    endloop
  endfacet
  facet normal 0.9469301294951059 0.32143946530316087 -4.6585333757717e-19
    outer loop
      vertex 40.57155576479295 80.0564800052847 1.6000000000000003
      vertex 40.65985298172629 79.7963647920333 1.6000000000000003
      vertex 40.65985298172629 79.7963647920333 0
    endloop
  endfacet
  facet normal 0.9807852804032301 0.19509032201613022 0
    outer loop
      vertex 40.57155576479295 80.0564800052847 1.6000000000000003
      vertex 40.57155576479295 80.0564800052847 0
      vertex 40.51796579111499 80.32589499633788 1.6000000000000003
    endloop
  endfacet
  facet normal 0.8968727415326742 0.4422886902190299 -2.763894093811881e-18
    outer loop
      vertex 40.65985298172629 79.7963647920333 1.6000000000000003
      vertex 40.781346652052676 79.55 1.6000000000000003
      vertex 40.781346652052676 79.55 0
    endloop
  endfacet
  facet normal 0 0 -1
    outer loop
      vertex 40.781346652052676 79.55 1.6000000000000003
      vertex 40.781346652052676 81.64999999999999 1.6000000000000003
      vertex 40.9339579853884 79.32160099908168 1.6000000000000003
    endloop
  endfacet
  facet normal 0.5555702330195983 0.8314696123025478 -1.9497272027114768e-18
    outer loop
      vertex 41.32160099908168 78.9339579853884 1.6000000000000003
      vertex 41.55 78.78134665205268 1.6000000000000003
      vertex 41.55 78.78134665205268 0
    endloop
  endfacet
  facet normal 0.7518398074789855 0.6593458151000599 3.127759626688392e-18
    outer loop
      vertex 40.9339579853884 79.32160099908168 1.6000000000000003
      vertex 41.115075759508244 79.11507575950824 1.6000000000000003
      vertex 41.115075759508244 79.11507575950824 0
    endloop
  endfacet
  facet normal 0.6593458151000599 0.7518398074789855 0
    outer loop
      vertex 41.32160099908168 78.9339579853884 1.6000000000000003
      vertex 41.32160099908168 78.9339579853884 0
      vertex 41.115075759508244 79.11507575950824 1.6000000000000003
    endloop
  endfacet
  facet normal 0 0 -1
    outer loop
      vertex 40.9339579853884 79.32160099908168 1.6000000000000003
      vertex 40.9339579853884 81.87839900091831 1.6000000000000003
      vertex 41.115075759508244 79.11507575950824 1.6000000000000003
    endloop
  endfacet
  facet normal 0 0 -1
    outer loop
      vertex 41.32160099908168 78.9339579853884 1.6000000000000003
      vertex 41.115075759508244 79.11507575950824 1.6000000000000003
      vertex 41.115075759508244 82.08492424049174 1.6000000000000003
    endloop
  endfacet
  facet normal 0 0 -1
    outer loop
      vertex 41.32160099908168 78.9339579853884 1.6000000000000003
      vertex 41.49134456098645 80.14077988116189 1.6000000000000003
      vertex 41.55 78.78134665205268 1.6000000000000003
    endloop
  endfacet
  facet normal 0 0 -1
    outer loop
      vertex 41.55 78.78134665205268 1.6000000000000003
      vertex 41.56076951545867 80 1.6000000000000003
      vertex 41.64797599165051 79.86948628518952 1.6000000000000003
    endloop
  endfacet
  facet normal 0 0 -1
    outer loop
      vertex 41.55 78.78134665205268 1.6000000000000003
      vertex 41.64797599165051 79.86948628518952 1.6000000000000003
      vertex 41.75147186257614 79.75147186257614 1.6000000000000003
    endloop
  endfacet
  facet normal 0 0 -1
    outer loop
      vertex 41.32160099908168 78.9339579853884 1.6000000000000003
      vertex 41.41026616635142 80.44336856933593 1.6000000000000003
      vertex 41.44088900845311 80.28941714587697 1.6000000000000003
    endloop
  endfacet
  facet normal 0 0 -1
    outer loop
      vertex 41.32160099908168 78.9339579853884 1.6000000000000003
      vertex 41.44088900845311 80.28941714587697 1.6000000000000003
      vertex 41.49134456098645 80.14077988116189 1.6000000000000003
    endloop
  endfacet
  facet normal 0 0 -1
    outer loop
      vertex 41.32160099908168 78.9339579853884 1.6000000000000003
      vertex 41.39999999999999 80.6 1.6000000000000003
      vertex 41.41026616635142 80.44336856933593 1.6000000000000003
    endloop
  endfacet
  facet normal 0 0 -1
    outer loop
      vertex 41.55 78.78134665205268 1.6000000000000003
      vertex 41.49134456098645 80.14077988116189 1.6000000000000003
      vertex 41.56076951545867 80 1.6000000000000003
    endloop
  endfacet
  facet normal 0.9978589232386041 0.0654031292301337 0
    outer loop
      vertex 40.49999999999999 80.6 1.6000000000000003
      vertex 40.51796579111499 80.32589499633788 0
      vertex 40.49999999999999 80.6 0
    endloop
  endfacet
  facet normal 0.9978589232386041 -0.0654031292301337 0
    outer loop
      vertex 40.51796579111499 80.87410500366211 1.6000000000000003
      vertex 40.49999999999999 80.6 0
      vertex 40.51796579111499 80.87410500366211 0
    endloop
  endfacet
  facet normal 0.9807852804032301 -0.19509032201613022 0
    outer loop
      vertex 40.57155576479295 81.14351999471529 1.6000000000000003
      vertex 40.51796579111499 80.87410500366211 0
      vertex 40.57155576479295 81.14351999471529 0
    endloop
  endfacet
  facet normal 0.9469301294951059 -0.32143946530316087 0
    outer loop
      vertex 40.65985298172629 81.40363520796669 1.6000000000000003
      vertex 40.57155576479295 81.14351999471529 0
      vertex 40.65985298172629 81.40363520796669 0
    endloop
  endfacet
  facet normal 0.8968727415326742 -0.4422886902190299 0
    outer loop
      vertex 40.781346652052676 81.64999999999999 1.6000000000000003
      vertex 40.65985298172629 81.40363520796669 0
      vertex 40.781346652052676 81.64999999999999 0
    endloop
  endfacet
  facet normal 0.8314696123025478 -0.5555702330195983 0
    outer loop
      vertex 40.9339579853884 81.87839900091831 1.6000000000000003
      vertex 40.781346652052676 81.64999999999999 0
      vertex 40.9339579853884 81.87839900091831 0
    endloop
  endfacet
  facet normal 0.7518398074789855 -0.6593458151000599 0
    outer loop
      vertex 41.115075759508244 82.08492424049174 1.6000000000000003
      vertex 40.9339579853884 81.87839900091831 0
      vertex 41.115075759508244 82.08492424049174 0
    endloop
  endfacet
  facet normal 0.6593458151000599 -0.7518398074789855 0
    outer loop
      vertex 41.32160099908168 82.26604201461159 1.6000000000000003
      vertex 41.115075759508244 82.08492424049174 0
      vertex 41.32160099908168 82.26604201461159 0
    endloop
  endfacet
  facet normal 0.5555702330195983 -0.8314696123025478 0
    outer loop
      vertex 41.55 82.41865334794731 1.6000000000000003
      vertex 41.32160099908168 82.26604201461159 0
      vertex 41.55 82.41865334794731 0
    endloop
  endfacet
  facet normal 0.9978589232386041 0.0654031292301337 0
    outer loop
      vertex 40.51796579111499 80.32589499633788 1.6000000000000003
      vertex 40.51796579111499 80.32589499633788 0
      vertex 40.49999999999999 80.6 1.6000000000000003
    endloop
  endfacet
  facet normal 0.9978589232386041 -0.0654031292301337 0
    outer loop
      vertex 40.49999999999999 80.6 1.6000000000000003
      vertex 40.49999999999999 80.6 0
      vertex 40.51796579111499 80.87410500366211 1.6000000000000003
    endloop
  endfacet
  facet normal 0.9807852804032301 -0.19509032201613022 0
    outer loop
      vertex 40.51796579111499 80.87410500366211 1.6000000000000003
      vertex 40.51796579111499 80.87410500366211 0
      vertex 40.57155576479295 81.14351999471529 1.6000000000000003
    endloop
  endfacet
  facet normal 0.9469301294951059 -0.32143946530316087 0
    outer loop
      vertex 40.57155576479295 81.14351999471529 1.6000000000000003
      vertex 40.57155576479295 81.14351999471529 0
      vertex 40.65985298172629 81.40363520796669 1.6000000000000003
    endloop
  endfacet
  facet normal 0.8968727415326742 -0.4422886902190299 0
    outer loop
      vertex 40.65985298172629 81.40363520796669 1.6000000000000003
      vertex 40.65985298172629 81.40363520796669 0
      vertex 40.781346652052676 81.64999999999999 1.6000000000000003
    endloop
  endfacet
  facet normal 0 0 -1
    outer loop
      vertex 40.51796579111499 80.32589499633788 1.6000000000000003
      vertex 40.49999999999999 80.6 1.6000000000000003
      vertex 40.51796579111499 80.87410500366211 1.6000000000000003
    endloop
  endfacet
  facet normal 0 0 -1
    outer loop
      vertex 40.57155576479295 80.0564800052847 1.6000000000000003
      vertex 40.57155576479295 81.14351999471529 1.6000000000000003
      vertex 40.65985298172629 79.7963647920333 1.6000000000000003
    endloop
  endfacet
  facet normal 0 0 -1
    outer loop
      vertex 40.57155576479295 80.0564800052847 1.6000000000000003
      vertex 40.51796579111499 80.32589499633788 1.6000000000000003
      vertex 40.51796579111499 80.87410500366211 1.6000000000000003
    endloop
  endfacet
  facet normal 0 0 -1
    outer loop
      vertex 40.65985298172629 79.7963647920333 1.6000000000000003
      vertex 40.65985298172629 81.40363520796669 1.6000000000000003
      vertex 40.781346652052676 79.55 1.6000000000000003
    endloop
  endfacet
  facet normal 0 0 -1
    outer loop
      vertex 40.57155576479295 80.0564800052847 1.6000000000000003
      vertex 40.51796579111499 80.87410500366211 1.6000000000000003
      vertex 40.57155576479295 81.14351999471529 1.6000000000000003
    endloop
  endfacet
  facet normal 0 0 -1
    outer loop
      vertex 40.65985298172629 79.7963647920333 1.6000000000000003
      vertex 40.57155576479295 81.14351999471529 1.6000000000000003
      vertex 40.65985298172629 81.40363520796669 1.6000000000000003
    endloop
  endfacet
  facet normal 0 0 -1
    outer loop
      vertex 40.65985298172629 81.40363520796669 1.6000000000000003
      vertex 40.781346652052676 81.64999999999999 1.6000000000000003
      vertex 40.781346652052676 79.55 1.6000000000000003
    endloop
  endfacet
  facet normal 0 0 -1
    outer loop
      vertex 40.9339579853884 79.32160099908168 1.6000000000000003
      vertex 40.781346652052676 81.64999999999999 1.6000000000000003
      vertex 40.9339579853884 81.87839900091831 1.6000000000000003
    endloop
  endfacet
  facet normal 0.8314696123025478 -0.5555702330195983 0
    outer loop
      vertex 40.781346652052676 81.64999999999999 1.6000000000000003
      vertex 40.781346652052676 81.64999999999999 0
      vertex 40.9339579853884 81.87839900091831 1.6000000000000003
    endloop
  endfacet
  facet normal 0 0 -1
    outer loop
      vertex 41.115075759508244 79.11507575950824 1.6000000000000003
      vertex 40.9339579853884 81.87839900091831 1.6000000000000003
      vertex 41.115075759508244 82.08492424049174 1.6000000000000003
    endloop
  endfacet
  facet normal 0 0 -1
    outer loop
      vertex 41.32160099908168 78.9339579853884 1.6000000000000003
      vertex 41.115075759508244 82.08492424049174 1.6000000000000003
      vertex 41.32160099908168 82.26604201461159 1.6000000000000003
    endloop
  endfacet
  facet normal 0 0 -1
    outer loop
      vertex 41.32160099908168 78.9339579853884 1.6000000000000003
      vertex 41.32160099908168 82.26604201461159 1.6000000000000003
      vertex 41.39999999999999 80.6 1.6000000000000003
    endloop
  endfacet
  facet normal 0 0 -1
    outer loop
      vertex 41.39999999999999 80.6 1.6000000000000003
      vertex 41.32160099908168 82.26604201461159 1.6000000000000003
      vertex 41.41026616635142 80.75663143066406 1.6000000000000003
    endloop
  endfacet
  facet normal 0 0 -1
    outer loop
      vertex 41.41026616635142 80.75663143066406 1.6000000000000003
      vertex 41.32160099908168 82.26604201461159 1.6000000000000003
      vertex 41.44088900845311 80.91058285412302 1.6000000000000003
    endloop
  endfacet
  facet normal 0 0 -1
    outer loop
      vertex 41.32160099908168 82.26604201461159 1.6000000000000003
      vertex 41.49134456098645 81.0592201188381 1.6000000000000003
      vertex 41.44088900845311 80.91058285412302 1.6000000000000003
    endloop
  endfacet
  facet normal 0 0 -1
    outer loop
      vertex 41.49134456098645 81.0592201188381 1.6000000000000003
      vertex 41.55 82.41865334794731 1.6000000000000003
      vertex 41.56076951545867 81.19999999999999 1.6000000000000003
    endloop
  endfacet
  facet normal 0.7518398074789855 -0.6593458151000599 0
    outer loop
      vertex 40.9339579853884 81.87839900091831 1.6000000000000003
      vertex 40.9339579853884 81.87839900091831 0
      vertex 41.115075759508244 82.08492424049174 1.6000000000000003
    endloop
  endfacet
  facet normal 0.6593458151000599 -0.7518398074789855 0
    outer loop
      vertex 41.115075759508244 82.08492424049174 1.6000000000000003
      vertex 41.115075759508244 82.08492424049174 0
      vertex 41.32160099908168 82.26604201461159 1.6000000000000003
    endloop
  endfacet
  facet normal 0.5555702330195983 -0.8314696123025478 0
    outer loop
      vertex 41.32160099908168 82.26604201461159 1.6000000000000003
      vertex 41.32160099908168 82.26604201461159 0
      vertex 41.55 82.41865334794731 1.6000000000000003
    endloop
  endfacet
  facet normal 0.4422886902190197 -0.8968727415326794 0
    outer loop
      vertex 41.55 82.41865334794731 1.6000000000000003
      vertex 41.55 82.41865334794731 0
      vertex 41.79636479203331 82.5401470182737 1.6000000000000003
    endloop
  endfacet
  facet normal 0 0 -1
    outer loop
      vertex 41.32160099908168 82.26604201461159 1.6000000000000003
      vertex 41.55 82.41865334794731 1.6000000000000003
      vertex 41.49134456098645 81.0592201188381 1.6000000000000003
    endloop
  endfacet
  facet normal 0 0 -1
    outer loop
      vertex 41.56076951545867 81.19999999999999 1.6000000000000003
      vertex 41.55 82.41865334794731 1.6000000000000003
      vertex 41.64797599165051 81.33051371481046 1.6000000000000003
    endloop
  endfacet
  facet normal 0 0 -1
    outer loop
      vertex 41.64797599165051 81.33051371481046 1.6000000000000003
      vertex 41.55 82.41865334794731 1.6000000000000003
      vertex 41.75147186257614 81.44852813742385 1.6000000000000003
    endloop
  endfacet
  facet normal 0.32143946530316875 0.9469301294951032 0
    outer loop
      vertex 41.79636479203331 78.65985298172629 1.6000000000000003
      vertex 42.0564800052847 78.57155576479295 0
      vertex 41.79636479203331 78.65985298172629 0
    endloop
  endfacet
  facet normal 0.19509032201612525 0.9807852804032311 0
    outer loop
      vertex 42.0564800052847 78.57155576479295 1.6000000000000003
      vertex 42.32589499633789 78.51796579111499 0
      vertex 42.0564800052847 78.57155576479295 0
    endloop
  endfacet
  facet normal 0.06540312923010963 0.9978589232386057 0
    outer loop
      vertex 42.32589499633789 78.51796579111499 1.6000000000000003
      vertex 42.599999999999994 78.5 0
      vertex 42.32589499633789 78.51796579111499 0
    endloop
  endfacet
  facet normal -0.06540312923010963 0.9978589232386057 0
    outer loop
      vertex 42.599999999999994 78.5 1.6000000000000003
      vertex 42.8741050036621 78.51796579111499 0
      vertex 42.599999999999994 78.5 0
    endloop
  endfacet
  facet normal -0.19509032201612525 0.9807852804032311 0
    outer loop
      vertex 42.8741050036621 78.51796579111499 1.6000000000000003
      vertex 43.14351999471529 78.57155576479295 0
      vertex 42.8741050036621 78.51796579111499 0
    endloop
  endfacet
  facet normal 0.4422886902190197 0.8968727415326794 -1.3353861830009517e-18
    outer loop
      vertex 41.55 78.78134665205268 1.6000000000000003
      vertex 41.79636479203331 78.65985298172629 1.6000000000000003
      vertex 41.79636479203331 78.65985298172629 0
    endloop
  endfacet
  facet normal 0.32143946530316875 0.9469301294951032 -1.786503126019532e-18
    outer loop
      vertex 41.79636479203331 78.65985298172629 1.6000000000000003
      vertex 42.0564800052847 78.57155576479295 1.6000000000000003
      vertex 42.0564800052847 78.57155576479295 0
    endloop
  endfacet
  facet normal 0.19509032201612525 0.9807852804032311 -1.3956742734696015e-18
    outer loop
      vertex 42.0564800052847 78.57155576479295 1.6000000000000003
      vertex 42.32589499633789 78.51796579111499 1.6000000000000003
      vertex 42.32589499633789 78.51796579111499 0
    endloop
  endfacet
  facet normal 0 0 -1
    outer loop
      vertex 42.0564800052847 78.57155576479295 1.6000000000000003
      vertex 42.28941714587697 79.44088900845311 1.6000000000000003
      vertex 42.32589499633789 78.51796579111499 1.6000000000000003
    endloop
  endfacet
  facet normal 0 0 -1
    outer loop
      vertex 41.55 78.78134665205268 1.6000000000000003
      vertex 41.75147186257614 79.75147186257614 1.6000000000000003
      vertex 41.79636479203331 78.65985298172629 1.6000000000000003
    endloop
  endfacet
  facet normal 0 0 -1
    outer loop
      vertex 41.79636479203331 78.65985298172629 1.6000000000000003
      vertex 41.75147186257614 79.75147186257614 1.6000000000000003
      vertex 41.86948628518953 79.64797599165051 1.6000000000000003
    endloop
  endfacet
  facet normal 0 0 -1
    outer loop
      vertex 41.79636479203331 78.65985298172629 1.6000000000000003
      vertex 41.99999999999999 79.56076951545867 1.6000000000000003
      vertex 42.0564800052847 78.57155576479295 1.6000000000000003
    endloop
  endfacet
  facet normal 0 0 -1
    outer loop
      vertex 41.79636479203331 78.65985298172629 1.6000000000000003
      vertex 41.86948628518953 79.64797599165051 1.6000000000000003
      vertex 41.99999999999999 79.56076951545867 1.6000000000000003
    endloop
  endfacet
  facet normal 0 0 -1
    outer loop
      vertex 42.0564800052847 78.57155576479295 1.6000000000000003
      vertex 41.99999999999999 79.56076951545867 1.6000000000000003
      vertex 42.14077988116188 79.49134456098645 1.6000000000000003
    endloop
  endfacet
  facet normal 0 0 -1
    outer loop
      vertex 42.0564800052847 78.57155576479295 1.6000000000000003
      vertex 42.14077988116188 79.49134456098645 1.6000000000000003
      vertex 42.28941714587697 79.44088900845311 1.6000000000000003
    endloop
  endfacet
  facet normal 0 0 -1
    outer loop
      vertex 42.32589499633789 78.51796579111499 1.6000000000000003
      vertex 42.28941714587697 79.44088900845311 1.6000000000000003
      vertex 42.44336856933593 79.41026616635142 1.6000000000000003
    endloop
  endfacet
  facet normal 0.06540312923010963 0.9978589232386057 6.091803322756167e-19
    outer loop
      vertex 42.32589499633789 78.51796579111499 1.6000000000000003
      vertex 42.599999999999994 78.5 1.6000000000000003
      vertex 42.599999999999994 78.5 0
    endloop
  endfacet
  facet normal -0.06540312923010963 0.9978589232386057 -6.091803322756167e-19
    outer loop
      vertex 42.599999999999994 78.5 1.6000000000000003
      vertex 42.8741050036621 78.51796579111499 1.6000000000000003
      vertex 42.8741050036621 78.51796579111499 0
    endloop
  endfacet
  facet normal -0.19509032201612525 0.9807852804032311 1.3956742734696015e-18
    outer loop
      vertex 42.8741050036621 78.51796579111499 1.6000000000000003
      vertex 43.14351999471529 78.57155576479295 1.6000000000000003
      vertex 43.14351999471529 78.57155576479295 0
    endloop
  endfacet
  facet normal 0 0 -1
    outer loop
      vertex 42.32589499633789 78.51796579111499 1.6000000000000003
      vertex 42.599999999999994 79.39999999999999 1.6000000000000003
      vertex 42.599999999999994 78.5 1.6000000000000003
    endloop
  endfacet
  facet normal 0 0 -1
    outer loop
      vertex 42.599999999999994 78.5 1.6000000000000003
      vertex 42.75663143066406 79.41026616635142 1.6000000000000003
      vertex 42.8741050036621 78.51796579111499 1.6000000000000003
    endloop
  endfacet
  facet normal 0 0 -1
    outer loop
      vertex 42.8741050036621 78.51796579111499 1.6000000000000003
      vertex 42.91058285412302 79.44088900845311 1.6000000000000003
      vertex 43.14351999471529 78.57155576479295 1.6000000000000003
    endloop
  endfacet
  facet normal 0 0 -1
    outer loop
      vertex 42.32589499633789 78.51796579111499 1.6000000000000003
      vertex 42.44336856933593 79.41026616635142 1.6000000000000003
      vertex 42.599999999999994 79.39999999999999 1.6000000000000003
    endloop
  endfacet
  facet normal 0 0 -1
    outer loop
      vertex 42.599999999999994 78.5 1.6000000000000003
      vertex 42.599999999999994 79.39999999999999 1.6000000000000003
      vertex 42.75663143066406 79.41026616635142 1.6000000000000003
    endloop
  endfacet
  facet normal 0 0 -1
    outer loop
      vertex 42.8741050036621 78.51796579111499 1.6000000000000003
      vertex 42.75663143066406 79.41026616635142 1.6000000000000003
      vertex 42.91058285412302 79.44088900845311 1.6000000000000003
    endloop
  endfacet
  facet normal 0 0 -1
    outer loop
      vertex 43.14351999471529 78.57155576479295 1.6000000000000003
      vertex 42.91058285412302 79.44088900845311 1.6000000000000003
      vertex 43.059220118838105 79.49134456098645 1.6000000000000003
    endloop
  endfacet
  facet normal 0 0 -1
    outer loop
      vertex 43.14351999471529 78.57155576479295 1.6000000000000003
      vertex 43.059220118838105 79.49134456098645 1.6000000000000003
      vertex 43.199999999999996 79.56076951545867 1.6000000000000003
    endloop
  endfacet
  facet normal -0.32143946530316875 0.9469301294951032 0
    outer loop
      vertex 43.14351999471529 78.57155576479295 1.6000000000000003
      vertex 43.40363520796668 78.65985298172629 0
      vertex 43.14351999471529 78.57155576479295 0
    endloop
  endfacet
  facet normal -0.4422886902190197 0.8968727415326794 0
    outer loop
      vertex 43.40363520796668 78.65985298172629 1.6000000000000003
      vertex 43.64999999999999 78.78134665205268 0
      vertex 43.40363520796668 78.65985298172629 0
    endloop
  endfacet
  facet normal -0.5555702330195983 0.8314696123025478 0
    outer loop
      vertex 43.64999999999999 78.78134665205268 1.6000000000000003
      vertex 43.87839900091831 78.9339579853884 0
      vertex 43.64999999999999 78.78134665205268 0
    endloop
  endfacet
  facet normal -0.6593458151000599 0.7518398074789855 0
    outer loop
      vertex 43.87839900091831 78.9339579853884 1.6000000000000003
      vertex 44.084924240491745 79.11507575950824 0
      vertex 43.87839900091831 78.9339579853884 0
    endloop
  endfacet
  facet normal -0.7518398074789855 0.6593458151000599 0
    outer loop
      vertex 44.084924240491745 79.11507575950824 1.6000000000000003
      vertex 44.266042014611585 79.32160099908168 0
      vertex 44.084924240491745 79.11507575950824 0
    endloop
  endfacet
  facet normal -0.8314696123025478 0.5555702330195983 0
    outer loop
      vertex 44.266042014611585 79.32160099908168 1.6000000000000003
      vertex 44.41865334794731 79.55 0
      vertex 44.266042014611585 79.32160099908168 0
    endloop
  endfacet
  facet normal -0.8968727415326742 0.4422886902190299 0
    outer loop
      vertex 44.41865334794731 79.55 1.6000000000000003
      vertex 44.5401470182737 79.7963647920333 0
      vertex 44.41865334794731 79.55 0
    endloop
  endfacet
  facet normal -0.9469301294951059 0.32143946530316087 0
    outer loop
      vertex 44.5401470182737 79.7963647920333 1.6000000000000003
      vertex 44.62844423520704 80.0564800052847 0
      vertex 44.5401470182737 79.7963647920333 0
    endloop
  endfacet
  facet normal -0.32143946530316875 0.9469301294951032 1.786503126019532e-18
    outer loop
      vertex 43.14351999471529 78.57155576479295 1.6000000000000003
      vertex 43.40363520796668 78.65985298172629 1.6000000000000003
      vertex 43.40363520796668 78.65985298172629 0
    endloop
  endfacet
  facet normal -0.4422886902190197 0.8968727415326794 1.3353861830009517e-18
    outer loop
      vertex 43.40363520796668 78.65985298172629 1.6000000000000003
      vertex 43.64999999999999 78.78134665205268 1.6000000000000003
      vertex 43.64999999999999 78.78134665205268 0
    endloop
  endfacet
  facet normal -0.5555702330195983 0.8314696123025478 1.9497272027114768e-18
    outer loop
      vertex 43.64999999999999 78.78134665205268 1.6000000000000003
      vertex 43.87839900091831 78.9339579853884 1.6000000000000003
      vertex 43.87839900091831 78.9339579853884 0
    endloop
  endfacet
  facet normal 0 0 -1
    outer loop
      vertex 43.14351999471529 78.57155576479295 1.6000000000000003
      vertex 43.199999999999996 79.56076951545867 1.6000000000000003
      vertex 43.40363520796668 78.65985298172629 1.6000000000000003
    endloop
  endfacet
  facet normal 0 0 -1
    outer loop
      vertex 43.199999999999996 79.56076951545867 1.6000000000000003
      vertex 43.33051371481046 79.64797599165051 1.6000000000000003
      vertex 43.40363520796668 78.65985298172629 1.6000000000000003
    endloop
  endfacet
  facet normal 0 0 -1
    outer loop
      vertex 43.40363520796668 78.65985298172629 1.6000000000000003
      vertex 43.44852813742385 79.75147186257614 1.6000000000000003
      vertex 43.64999999999999 78.78134665205268 1.6000000000000003
    endloop
  endfacet
  facet normal 0 0 -1
    outer loop
      vertex 43.33051371481046 79.64797599165051 1.6000000000000003
      vertex 43.44852813742385 79.75147186257614 1.6000000000000003
      vertex 43.40363520796668 78.65985298172629 1.6000000000000003
    endloop
  endfacet
  facet normal 0 0 -1
    outer loop
      vertex 43.64999999999999 78.78134665205268 1.6000000000000003
      vertex 43.44852813742385 79.75147186257614 1.6000000000000003
      vertex 43.55202400834948 79.86948628518952 1.6000000000000003
    endloop
  endfacet
  facet normal 0 0 -1
    outer loop
      vertex 43.64999999999999 78.78134665205268 1.6000000000000003
      vertex 43.55202400834948 79.86948628518952 1.6000000000000003
      vertex 43.63923048454132 80 1.6000000000000003
    endloop
  endfacet
  facet normal 0 0 -1
    outer loop
      vertex 43.64999999999999 78.78134665205268 1.6000000000000003
      vertex 43.70865543901354 80.14077988116189 1.6000000000000003
      vertex 43.87839900091831 78.9339579853884 1.6000000000000003
    endloop
  endfacet
  facet normal 0 0 -1
    outer loop
      vertex 43.64999999999999 78.78134665205268 1.6000000000000003
      vertex 43.63923048454132 80 1.6000000000000003
      vertex 43.70865543901354 80.14077988116189 1.6000000000000003
    endloop
  endfacet
  facet normal 0 0 -1
    outer loop
      vertex 43.87839900091831 78.9339579853884 1.6000000000000003
      vertex 43.70865543901354 80.14077988116189 1.6000000000000003
      vertex 43.759110991546876 80.28941714587697 1.6000000000000003
    endloop
  endfacet
  facet normal 0 0 -1
    outer loop
      vertex 43.87839900091831 78.9339579853884 1.6000000000000003
      vertex 43.759110991546876 80.28941714587697 1.6000000000000003
      vertex 43.78973383364857 80.44336856933593 1.6000000000000003
    endloop
  endfacet
  facet normal 0 0 -1
    outer loop
      vertex 43.87839900091831 78.9339579853884 1.6000000000000003
      vertex 43.78973383364857 80.44336856933593 1.6000000000000003
      vertex 43.8 80.6 1.6000000000000003
    endloop
  endfacet
  facet normal -0.6593458151000599 0.7518398074789855 -3.127759626688392e-18
    outer loop
      vertex 43.87839900091831 78.9339579853884 1.6000000000000003
      vertex 44.084924240491745 79.11507575950824 1.6000000000000003
      vertex 44.084924240491745 79.11507575950824 0
    endloop
  endfacet
  facet normal -0.7518398074789855 0.6593458151000599 -3.127759626688392e-18
    outer loop
      vertex 44.084924240491745 79.11507575950824 1.6000000000000003
      vertex 44.266042014611585 79.32160099908168 1.6000000000000003
      vertex 44.266042014611585 79.32160099908168 0
    endloop
  endfacet
  facet normal -0.8314696123025478 0.5555702330195983 1.9497272027114768e-18
    outer loop
      vertex 44.266042014611585 79.32160099908168 1.6000000000000003
      vertex 44.41865334794731 79.55 1.6000000000000003
      vertex 44.41865334794731 79.55 0
    endloop
  endfacet
  facet normal -0.8968727415326742 0.4422886902190299 2.763894093811881e-18
    outer loop
      vertex 44.41865334794731 79.55 1.6000000000000003
      vertex 44.5401470182737 79.7963647920333 1.6000000000000003
      vertex 44.5401470182737 79.7963647920333 0
    endloop
  endfacet
  facet normal -0.9469301294951059 0.32143946530316087 4.6585333757717e-19
    outer loop
      vertex 44.5401470182737 79.7963647920333 1.6000000000000003
      vertex 44.62844423520704 80.0564800052847 1.6000000000000003
      vertex 44.62844423520704 80.0564800052847 0
    endloop
  endfacet
  facet normal 0 0 -1
    outer loop
      vertex 43.87839900091831 78.9339579853884 1.6000000000000003
      vertex 43.87839900091831 82.26604201461159 1.6000000000000003
      vertex 44.084924240491745 79.11507575950824 1.6000000000000003
    endloop
  endfacet
  facet normal 0 0 -1
    outer loop
      vertex 44.084924240491745 79.11507575950824 1.6000000000000003
      vertex 44.084924240491745 82.08492424049174 1.6000000000000003
      vertex 44.266042014611585 79.32160099908168 1.6000000000000003
    endloop
  endfacet
  facet normal 0.4422886902190197 -0.8968727415326794 0
    outer loop
      vertex 41.79636479203331 82.5401470182737 1.6000000000000003
      vertex 41.55 82.41865334794731 0
      vertex 41.79636479203331 82.5401470182737 0
    endloop
  endfacet
  facet normal 0.32143946530316875 -0.9469301294951032 0
    outer loop
      vertex 42.0564800052847 82.62844423520704 1.6000000000000003
      vertex 41.79636479203331 82.5401470182737 0
      vertex 42.0564800052847 82.62844423520704 0
    endloop
  endfacet
  facet normal 0.19509032201612525 -0.9807852804032311 0
    outer loop
      vertex 42.32589499633789 82.682034208885 1.6000000000000003
      vertex 42.0564800052847 82.62844423520704 0
      vertex 42.32589499633789 82.682034208885 0
    endloop
  endfacet
  facet normal 0.06540312923010963 -0.9978589232386057 0
    outer loop
      vertex 42.599999999999994 82.69999999999999 1.6000000000000003
      vertex 42.32589499633789 82.682034208885 0
      vertex 42.599999999999994 82.69999999999999 0
    endloop
  endfacet
  facet normal -0.06540312923010963 -0.9978589232386057 0
    outer loop
      vertex 42.8741050036621 82.682034208885 1.6000000000000003
      vertex 42.599999999999994 82.69999999999999 0
      vertex 42.8741050036621 82.682034208885 0
    endloop
  endfacet
  facet normal -0.19509032201612525 -0.9807852804032311 0
    outer loop
      vertex 43.14351999471529 82.62844423520704 1.6000000000000003
      vertex 42.8741050036621 82.682034208885 0
      vertex 43.14351999471529 82.62844423520704 0
    endloop
  endfacet
  facet normal 0.32143946530316875 -0.9469301294951032 0
    outer loop
      vertex 41.79636479203331 82.5401470182737 1.6000000000000003
      vertex 41.79636479203331 82.5401470182737 0
      vertex 42.0564800052847 82.62844423520704 1.6000000000000003
    endloop
  endfacet
  facet normal 0.19509032201612525 -0.9807852804032311 0
    outer loop
      vertex 42.0564800052847 82.62844423520704 1.6000000000000003
      vertex 42.0564800052847 82.62844423520704 0
      vertex 42.32589499633789 82.682034208885 1.6000000000000003
    endloop
  endfacet
  facet normal 0 0 -1
    outer loop
      vertex 41.75147186257614 81.44852813742385 1.6000000000000003
      vertex 41.79636479203331 82.5401470182737 1.6000000000000003
      vertex 41.86948628518953 81.55202400834948 1.6000000000000003
    endloop
  endfacet
  facet normal 0 0 -1
    outer loop
      vertex 41.75147186257614 81.44852813742385 1.6000000000000003
      vertex 41.55 82.41865334794731 1.6000000000000003
      vertex 41.79636479203331 82.5401470182737 1.6000000000000003
    endloop
  endfacet
  facet normal 0 0 -1
    outer loop
      vertex 41.86948628518953 81.55202400834948 1.6000000000000003
      vertex 41.79636479203331 82.5401470182737 1.6000000000000003
      vertex 41.99999999999999 81.63923048454132 1.6000000000000003
    endloop
  endfacet
  facet normal 0 0 -1
    outer loop
      vertex 41.99999999999999 81.63923048454132 1.6000000000000003
      vertex 41.79636479203331 82.5401470182737 1.6000000000000003
      vertex 42.0564800052847 82.62844423520704 1.6000000000000003
    endloop
  endfacet
  facet normal 0 0 -1
    outer loop
      vertex 41.99999999999999 81.63923048454132 1.6000000000000003
      vertex 42.0564800052847 82.62844423520704 1.6000000000000003
      vertex 42.14077988116188 81.70865543901354 1.6000000000000003
    endloop
  endfacet
  facet normal 0 0 -1
    outer loop
      vertex 42.0564800052847 82.62844423520704 1.6000000000000003
      vertex 42.28941714587697 81.75911099154688 1.6000000000000003
      vertex 42.14077988116188 81.70865543901354 1.6000000000000003
    endloop
  endfacet
  facet normal 0 0 -1
    outer loop
      vertex 42.28941714587697 81.75911099154688 1.6000000000000003
      vertex 42.32589499633789 82.682034208885 1.6000000000000003
      vertex 42.44336856933593 81.78973383364857 1.6000000000000003
    endloop
  endfacet
  facet normal 0 0 -1
    outer loop
      vertex 42.0564800052847 82.62844423520704 1.6000000000000003
      vertex 42.32589499633789 82.682034208885 1.6000000000000003
      vertex 42.28941714587697 81.75911099154688 1.6000000000000003
    endloop
  endfacet
  facet normal 0.06540312923010963 -0.9978589232386057 0
    outer loop
      vertex 42.32589499633789 82.682034208885 1.6000000000000003
      vertex 42.32589499633789 82.682034208885 0
      vertex 42.599999999999994 82.69999999999999 1.6000000000000003
    endloop
  endfacet
  facet normal -0.06540312923010963 -0.9978589232386057 0
    outer loop
      vertex 42.599999999999994 82.69999999999999 1.6000000000000003
      vertex 42.599999999999994 82.69999999999999 0
      vertex 42.8741050036621 82.682034208885 1.6000000000000003
    endloop
  endfacet
  facet normal -0.19509032201612525 -0.9807852804032311 0
    outer loop
      vertex 42.8741050036621 82.682034208885 1.6000000000000003
      vertex 42.8741050036621 82.682034208885 0
      vertex 43.14351999471529 82.62844423520704 1.6000000000000003
    endloop
  endfacet
  facet normal 0 0 -1
    outer loop
      vertex 42.44336856933593 81.78973383364857 1.6000000000000003
      vertex 42.599999999999994 82.69999999999999 1.6000000000000003
      vertex 42.599999999999994 81.8 1.6000000000000003
    endloop
  endfacet
  facet normal 0 0 -1
    outer loop
      vertex 42.599999999999994 81.8 1.6000000000000003
      vertex 42.8741050036621 82.682034208885 1.6000000000000003
      vertex 42.75663143066406 81.78973383364857 1.6000000000000003
    endloop
  endfacet
  facet normal 0 0 -1
    outer loop
      vertex 42.32589499633789 82.682034208885 1.6000000000000003
      vertex 42.599999999999994 82.69999999999999 1.6000000000000003
      vertex 42.44336856933593 81.78973383364857 1.6000000000000003
    endloop
  endfacet
  facet normal 0 0 -1
    outer loop
      vertex 42.599999999999994 81.8 1.6000000000000003
      vertex 42.599999999999994 82.69999999999999 1.6000000000000003
      vertex 42.8741050036621 82.682034208885 1.6000000000000003
    endloop
  endfacet
  facet normal 0 0 -1
    outer loop
      vertex 42.75663143066406 81.78973383364857 1.6000000000000003
      vertex 42.8741050036621 82.682034208885 1.6000000000000003
      vertex 42.91058285412302 81.75911099154688 1.6000000000000003
    endloop
  endfacet
  facet normal 0 0 -1
    outer loop
      vertex 42.91058285412302 81.75911099154688 1.6000000000000003
      vertex 43.14351999471529 82.62844423520704 1.6000000000000003
      vertex 43.059220118838105 81.70865543901354 1.6000000000000003
    endloop
  endfacet
  facet normal 0 0 -1
    outer loop
      vertex 43.059220118838105 81.70865543901354 1.6000000000000003
      vertex 43.14351999471529 82.62844423520704 1.6000000000000003
      vertex 43.199999999999996 81.63923048454132 1.6000000000000003
    endloop
  endfacet
  facet normal 0 0 -1
    outer loop
      vertex 42.91058285412302 81.75911099154688 1.6000000000000003
      vertex 42.8741050036621 82.682034208885 1.6000000000000003
      vertex 43.14351999471529 82.62844423520704 1.6000000000000003
    endloop
  endfacet
  facet normal -0.32143946530316875 -0.9469301294951032 0
    outer loop
      vertex 43.40363520796668 82.5401470182737 1.6000000000000003
      vertex 43.14351999471529 82.62844423520704 0
      vertex 43.40363520796668 82.5401470182737 0
    endloop
  endfacet
  facet normal -0.4422886902190197 -0.8968727415326794 0
    outer loop
      vertex 43.64999999999999 82.41865334794731 1.6000000000000003
      vertex 43.40363520796668 82.5401470182737 0
      vertex 43.64999999999999 82.41865334794731 0
    endloop
  endfacet
  facet normal -0.5555702330195983 -0.8314696123025478 0
    outer loop
      vertex 43.87839900091831 82.26604201461159 1.6000000000000003
      vertex 43.64999999999999 82.41865334794731 0
      vertex 43.87839900091831 82.26604201461159 0
    endloop
  endfacet
  facet normal -0.9469301294951059 -0.32143946530316087 0
    outer loop
      vertex 44.62844423520704 81.14351999471529 1.6000000000000003
      vertex 44.5401470182737 81.40363520796669 0
      vertex 44.62844423520704 81.14351999471529 0
    endloop
  endfacet
  facet normal -0.8968727415326742 -0.4422886902190299 0
    outer loop
      vertex 44.5401470182737 81.40363520796669 1.6000000000000003
      vertex 44.41865334794731 81.64999999999999 0
      vertex 44.5401470182737 81.40363520796669 0
    endloop
  endfacet
  facet normal -0.6593458151000599 -0.7518398074789855 0
    outer loop
      vertex 44.084924240491745 82.08492424049174 1.6000000000000003
      vertex 43.87839900091831 82.26604201461159 0
      vertex 44.084924240491745 82.08492424049174 0
    endloop
  endfacet
  facet normal -0.7518398074789855 -0.6593458151000599 0
    outer loop
      vertex 44.266042014611585 81.87839900091831 1.6000000000000003
      vertex 44.084924240491745 82.08492424049174 0
      vertex 44.266042014611585 81.87839900091831 0
    endloop
  endfacet
  facet normal -0.8314696123025478 -0.5555702330195983 0
    outer loop
      vertex 44.41865334794731 81.64999999999999 1.6000000000000003
      vertex 44.266042014611585 81.87839900091831 0
      vertex 44.41865334794731 81.64999999999999 0
    endloop
  endfacet
  facet normal 0 0 -1
    outer loop
      vertex 43.87839900091831 78.9339579853884 1.6000000000000003
      vertex 43.8 80.6 1.6000000000000003
      vertex 43.87839900091831 82.26604201461159 1.6000000000000003
    endloop
  endfacet
  facet normal 0 0 -1
    outer loop
      vertex 43.70865543901354 81.0592201188381 1.6000000000000003
      vertex 43.63923048454132 81.19999999999999 1.6000000000000003
      vertex 43.64999999999999 82.41865334794731 1.6000000000000003
    endloop
  endfacet
  facet normal 0 0 -1
    outer loop
      vertex 43.8 80.6 1.6000000000000003
      vertex 43.78973383364857 80.75663143066406 1.6000000000000003
      vertex 43.87839900091831 82.26604201461159 1.6000000000000003
    endloop
  endfacet
  facet normal 0 0 -1
    outer loop
      vertex 43.70865543901354 81.0592201188381 1.6000000000000003
      vertex 43.87839900091831 82.26604201461159 1.6000000000000003
      vertex 43.759110991546876 80.91058285412302 1.6000000000000003
    endloop
  endfacet
  facet normal 0 0 -1
    outer loop
      vertex 43.78973383364857 80.75663143066406 1.6000000000000003
      vertex 43.759110991546876 80.91058285412302 1.6000000000000003
      vertex 43.87839900091831 82.26604201461159 1.6000000000000003
    endloop
  endfacet
  facet normal -0.32143946530316875 -0.9469301294951032 0
    outer loop
      vertex 43.14351999471529 82.62844423520704 1.6000000000000003
      vertex 43.14351999471529 82.62844423520704 0
      vertex 43.40363520796668 82.5401470182737 1.6000000000000003
    endloop
  endfacet
  facet normal -0.4422886902190197 -0.8968727415326794 0
    outer loop
      vertex 43.40363520796668 82.5401470182737 1.6000000000000003
      vertex 43.40363520796668 82.5401470182737 0
      vertex 43.64999999999999 82.41865334794731 1.6000000000000003
    endloop
  endfacet
  facet normal -0.5555702330195983 -0.8314696123025478 0
    outer loop
      vertex 43.64999999999999 82.41865334794731 1.6000000000000003
      vertex 43.64999999999999 82.41865334794731 0
      vertex 43.87839900091831 82.26604201461159 1.6000000000000003
    endloop
  endfacet
  facet normal 0 0 -1
    outer loop
      vertex 43.199999999999996 81.63923048454132 1.6000000000000003
      vertex 43.40363520796668 82.5401470182737 1.6000000000000003
      vertex 43.33051371481046 81.55202400834948 1.6000000000000003
    endloop
  endfacet
  facet normal 0 0 -1
    outer loop
      vertex 43.33051371481046 81.55202400834948 1.6000000000000003
      vertex 43.40363520796668 82.5401470182737 1.6000000000000003
      vertex 43.44852813742385 81.44852813742385 1.6000000000000003
    endloop
  endfacet
  facet normal 0 0 -1
    outer loop
      vertex 43.44852813742385 81.44852813742385 1.6000000000000003
      vertex 43.40363520796668 82.5401470182737 1.6000000000000003
      vertex 43.64999999999999 82.41865334794731 1.6000000000000003
    endloop
  endfacet
  facet normal 0 0 -1
    outer loop
      vertex 43.199999999999996 81.63923048454132 1.6000000000000003
      vertex 43.14351999471529 82.62844423520704 1.6000000000000003
      vertex 43.40363520796668 82.5401470182737 1.6000000000000003
    endloop
  endfacet
  facet normal 0 0 -1
    outer loop
      vertex 43.44852813742385 81.44852813742385 1.6000000000000003
      vertex 43.64999999999999 82.41865334794731 1.6000000000000003
      vertex 43.55202400834948 81.33051371481046 1.6000000000000003
    endloop
  endfacet
  facet normal 0 0 -1
    outer loop
      vertex 43.55202400834948 81.33051371481046 1.6000000000000003
      vertex 43.64999999999999 82.41865334794731 1.6000000000000003
      vertex 43.63923048454132 81.19999999999999 1.6000000000000003
    endloop
  endfacet
  facet normal 0 0 -1
    outer loop
      vertex 43.70865543901354 81.0592201188381 1.6000000000000003
      vertex 43.64999999999999 82.41865334794731 1.6000000000000003
      vertex 43.87839900091831 82.26604201461159 1.6000000000000003
    endloop
  endfacet
  facet normal -0.8968727415326742 -0.4422886902190299 -2.763894093811881e-18
    outer loop
      vertex 44.5401470182737 81.40363520796669 1.6000000000000003
      vertex 44.41865334794731 81.64999999999999 1.6000000000000003
      vertex 44.41865334794731 81.64999999999999 0
    endloop
  endfacet
  facet normal -0.9469301294951059 -0.32143946530316087 0
    outer loop
      vertex 44.5401470182737 81.40363520796669 1.6000000000000003
      vertex 44.5401470182737 81.40363520796669 0
      vertex 44.62844423520704 81.14351999471529 1.6000000000000003
    endloop
  endfacet
  facet normal 0 0 -1
    outer loop
      vertex 44.084924240491745 79.11507575950824 1.6000000000000003
      vertex 43.87839900091831 82.26604201461159 1.6000000000000003
      vertex 44.084924240491745 82.08492424049174 1.6000000000000003
    endloop
  endfacet
  facet normal 0 0 -1
    outer loop
      vertex 44.266042014611585 79.32160099908168 1.6000000000000003
      vertex 44.084924240491745 82.08492424049174 1.6000000000000003
      vertex 44.266042014611585 81.87839900091831 1.6000000000000003
    endloop
  endfacet
  facet normal 0 0 -1
    outer loop
      vertex 44.266042014611585 79.32160099908168 1.6000000000000003
      vertex 44.266042014611585 81.87839900091831 1.6000000000000003
      vertex 44.41865334794731 79.55 1.6000000000000003
    endloop
  endfacet
  facet normal 0 0 -1
    outer loop
      vertex 44.41865334794731 79.55 1.6000000000000003
      vertex 44.41865334794731 81.64999999999999 1.6000000000000003
      vertex 44.5401470182737 79.7963647920333 1.6000000000000003
    endloop
  endfacet
  facet normal 0 0 -1
    outer loop
      vertex 44.5401470182737 79.7963647920333 1.6000000000000003
      vertex 44.5401470182737 81.40363520796669 1.6000000000000003
      vertex 44.62844423520704 80.0564800052847 1.6000000000000003
    endloop
  endfacet
  facet normal 0 0 -1
    outer loop
      vertex 44.62844423520704 80.0564800052847 1.6000000000000003
      vertex 44.5401470182737 81.40363520796669 1.6000000000000003
      vertex 44.62844423520704 81.14351999471529 1.6000000000000003
    endloop
  endfacet
  facet normal 0 0 -1
    outer loop
      vertex 44.41865334794731 79.55 1.6000000000000003
      vertex 44.266042014611585 81.87839900091831 1.6000000000000003
      vertex 44.41865334794731 81.64999999999999 1.6000000000000003
    endloop
  endfacet
  facet normal 0 0 -1
    outer loop
      vertex 44.5401470182737 79.7963647920333 1.6000000000000003
      vertex 44.41865334794731 81.64999999999999 1.6000000000000003
      vertex 44.5401470182737 81.40363520796669 1.6000000000000003
    endloop
  endfacet
  facet normal -0.6593458151000599 -0.7518398074789855 0
    outer loop
      vertex 43.87839900091831 82.26604201461159 1.6000000000000003
      vertex 43.87839900091831 82.26604201461159 0
      vertex 44.084924240491745 82.08492424049174 1.6000000000000003
    endloop
  endfacet
  facet normal -0.7518398074789855 -0.6593458151000599 3.127759626688392e-18
    outer loop
      vertex 44.266042014611585 81.87839900091831 1.6000000000000003
      vertex 44.084924240491745 82.08492424049174 1.6000000000000003
      vertex 44.084924240491745 82.08492424049174 0
    endloop
  endfacet
  facet normal -0.8314696123025478 -0.5555702330195983 0
    outer loop
      vertex 44.266042014611585 81.87839900091831 1.6000000000000003
      vertex 44.266042014611585 81.87839900091831 0
      vertex 44.41865334794731 81.64999999999999 1.6000000000000003
    endloop
  endfacet
  facet normal -0.9807852804032301 0.19509032201613022 0
    outer loop
      vertex 44.62844423520704 80.0564800052847 1.6000000000000003
      vertex 44.682034208885 80.32589499633788 0
      vertex 44.62844423520704 80.0564800052847 0
    endloop
  endfacet
  facet normal -0.9807852804032301 0.19509032201613022 -5.956928406384113e-19
    outer loop
      vertex 44.62844423520704 80.0564800052847 1.6000000000000003
      vertex 44.682034208885 80.32589499633788 1.6000000000000003
      vertex 44.682034208885 80.32589499633788 0
    endloop
  endfacet
  facet normal -0.9978589232386041 0.0654031292301337 0
    outer loop
      vertex 44.682034208885 80.32589499633788 1.6000000000000003
      vertex 44.699999999999996 80.6 0
      vertex 44.682034208885 80.32589499633788 0
    endloop
  endfacet
  facet normal -0.9978589232386041 -0.0654031292301337 0
    outer loop
      vertex 44.699999999999996 80.6 1.6000000000000003
      vertex 44.682034208885 80.87410500366211 0
      vertex 44.699999999999996 80.6 0
    endloop
  endfacet
  facet normal -0.9807852804032301 -0.19509032201613022 0
    outer loop
      vertex 44.682034208885 80.87410500366211 1.6000000000000003
      vertex 44.62844423520704 81.14351999471529 0
      vertex 44.682034208885 80.87410500366211 0
    endloop
  endfacet
  facet normal -0.9978589232386041 0.0654031292301337 6.616429298480221e-19
    outer loop
      vertex 44.682034208885 80.32589499633788 1.6000000000000003
      vertex 44.699999999999996 80.6 1.6000000000000003
      vertex 44.699999999999996 80.6 0
    endloop
  endfacet
  facet normal -0.9978589232386041 -0.0654031292301337 -6.616429298480221e-19
    outer loop
      vertex 44.699999999999996 80.6 1.6000000000000003
      vertex 44.682034208885 80.87410500366211 1.6000000000000003
      vertex 44.682034208885 80.87410500366211 0
    endloop
  endfacet
  facet normal -0.9807852804032301 -0.19509032201613022 5.956928406384113e-19
    outer loop
      vertex 44.682034208885 80.87410500366211 1.6000000000000003
      vertex 44.62844423520704 81.14351999471529 1.6000000000000003
      vertex 44.62844423520704 81.14351999471529 0
    endloop
  endfacet
  facet normal 0 0 -1
    outer loop
      vertex 44.62844423520704 80.0564800052847 1.6000000000000003
      vertex 44.62844423520704 81.14351999471529 1.6000000000000003
      vertex 44.682034208885 80.32589499633788 1.6000000000000003
    endloop
  endfacet
  facet normal 0 0 -1
    outer loop
      vertex 44.682034208885 80.32589499633788 1.6000000000000003
      vertex 44.682034208885 80.87410500366211 1.6000000000000003
      vertex 44.699999999999996 80.6 1.6000000000000003
    endloop
  endfacet
  facet normal 0 0 -1
    outer loop
      vertex 44.682034208885 80.32589499633788 1.6000000000000003
      vertex 44.62844423520704 81.14351999471529 1.6000000000000003
      vertex 44.682034208885 80.87410500366211 1.6000000000000003
    endloop
  endfacet
  facet normal 0.8968727415326885 0.442288690219001 0
    outer loop
      vertex 4.304481869954853 21.26926627053964 0.8000000000000003
      vertex 4.535898384862246 20.799999999999997 0
      vertex 4.304481869954853 21.26926627053964 0
    endloop
  endfacet
  facet normal 0.8968727415326885 0.442288690219001 -6.554679580767761e-18
    outer loop
      vertex 4.304481869954853 21.26926627053964 0.8000000000000003
      vertex 4.535898384862246 20.799999999999997 0.8000000000000003
      vertex 4.535898384862246 20.799999999999997 0
    endloop
  endfacet
  facet normal 0.8314696123025449 0.5555702330196026 0
    outer loop
      vertex 4.535898384862246 20.799999999999997 0.8000000000000003
      vertex 4.826586638835059 20.364954283965115 0
      vertex 4.535898384862246 20.799999999999997 0
    endloop
  endfacet
  facet normal 0.7518398074789792 0.659345815100067 0
    outer loop
      vertex 4.826586638835059 20.364954283965115 0.8000000000000003
      vertex 5.17157287525381 19.971572875253806 0
      vertex 4.826586638835059 20.364954283965115 0
    endloop
  endfacet
  facet normal 0.8314696123025449 0.5555702330196026 -1.721993962222313e-17
    outer loop
      vertex 4.535898384862246 20.799999999999997 0.8000000000000003
      vertex 4.826586638835059 20.364954283965115 0.8000000000000003
      vertex 4.826586638835059 20.364954283965115 0
    endloop
  endfacet
  facet normal 0.7518398074789792 0.659345815100067 0
    outer loop
      vertex 5.17157287525381 19.971572875253806 0.8000000000000003
      vertex 5.17157287525381 19.971572875253806 0
      vertex 4.826586638835059 20.364954283965115 0.8000000000000003
    endloop
  endfacet
  facet normal 0.6593458151000665 0.7518398074789795 0
    outer loop
      vertex 5.17157287525381 19.971572875253806 0.8000000000000003
      vertex 5.564954283965117 19.626586638835057 0
      vertex 5.17157287525381 19.971572875253806 0
    endloop
  endfacet
  facet normal 0.5555702330196018 0.8314696123025455 0
    outer loop
      vertex 5.564954283965117 19.626586638835057 0.8000000000000003
      vertex 6 19.335898384862244 0
      vertex 5.564954283965117 19.626586638835057 0
    endloop
  endfacet
  facet normal 0.6593458151000665 0.7518398074789795 4.4262592943341766e-18
    outer loop
      vertex 5.17157287525381 19.971572875253806 0.8000000000000003
      vertex 5.564954283965117 19.626586638835057 0.8000000000000003
      vertex 5.564954283965117 19.626586638835057 0
    endloop
  endfacet
  facet normal 0.5555702330196018 0.8314696123025455 2.9062063493879e-17
    outer loop
      vertex 5.564954283965117 19.626586638835057 0.8000000000000003
      vertex 6 19.335898384862244 0.8000000000000003
      vertex 6 19.335898384862244 0
    endloop
  endfacet
  facet normal 0.4422886902190044 0.8968727415326868 0
    outer loop
      vertex 6 19.335898384862244 0.8000000000000003
      vertex 6.469266270539641 19.10448186995485 0
      vertex 6 19.335898384862244 0
    endloop
  endfacet
  facet normal 0.3214394653031624 0.9469301294951054 0
    outer loop
      vertex 6.469266270539641 19.10448186995485 0.8000000000000003
      vertex 6.964723819589917 18.936296694843723 0
      vertex 6.469266270539641 19.10448186995485 0
    endloop
  endfacet
  facet normal 0.4422886902190044 0.8968727415326868 -1.5023175660520952e-17
    outer loop
      vertex 6 19.335898384862244 0.8000000000000003
      vertex 6.469266270539641 19.10448186995485 0.8000000000000003
      vertex 6.469266270539641 19.10448186995485 0
    endloop
  endfacet
  facet normal 0.19509032201612297 0.9807852804032314 0
    outer loop
      vertex 6.964723819589917 18.936296694843723 0.8000000000000003
      vertex 7.477895231119794 18.834220554504757 0
      vertex 6.964723819589917 18.936296694843723 0
    endloop
  endfacet
  facet normal 0.3214394653031624 0.9469301294951054 -5.726555870412586e-18
    outer loop
      vertex 6.469266270539641 19.10448186995485 0.8000000000000003
      vertex 6.964723819589917 18.936296694843723 0.8000000000000003
      vertex 6.964723819589917 18.936296694843723 0
    endloop
  endfacet
  facet normal 0.19509032201612297 0.9807852804032314 -1.6175122379632324e-19
    outer loop
      vertex 6.964723819589917 18.936296694843723 0.8000000000000003
      vertex 7.477895231119794 18.834220554504757 0.8000000000000003
      vertex 7.477895231119794 18.834220554504757 0
    endloop
  endfacet
  facet normal 0.06540312923014582 0.9978589232386034 0
    outer loop
      vertex 7.477895231119794 18.834220554504757 0.8000000000000003
      vertex 8 18.799999999999997 0
      vertex 7.477895231119794 18.834220554504757 0
    endloop
  endfacet
  facet normal -0.06540312923014582 0.9978589232386034 0
    outer loop
      vertex 8 18.799999999999997 0.8000000000000003
      vertex 8.522104768880206 18.834220554504757 0
      vertex 8 18.799999999999997 0
    endloop
  endfacet
  facet normal 0.06540312923014582 0.9978589232386034 -1.4476648081295734e-18
    outer loop
      vertex 7.477895231119794 18.834220554504757 0.8000000000000003
      vertex 8 18.799999999999997 0.8000000000000003
      vertex 8 18.799999999999997 0
    endloop
  endfacet
  facet normal -0.19509032201612297 0.9807852804032314 0
    outer loop
      vertex 8.522104768880206 18.834220554504757 0.8000000000000003
      vertex 9.035276180410083 18.936296694843723 0
      vertex 8.522104768880206 18.834220554504757 0
    endloop
  endfacet
  facet normal -0.06540312923014582 0.9978589232386034 1.4476648081295734e-18
    outer loop
      vertex 8 18.799999999999997 0.8000000000000003
      vertex 8.522104768880206 18.834220554504757 0.8000000000000003
      vertex 8.522104768880206 18.834220554504757 0
    endloop
  endfacet
  facet normal -0.19509032201612297 0.9807852804032314 1.6175122379632324e-19
    outer loop
      vertex 8.522104768880206 18.834220554504757 0.8000000000000003
      vertex 9.035276180410083 18.936296694843723 0.8000000000000003
      vertex 9.035276180410083 18.936296694843723 0
    endloop
  endfacet
  facet normal -0.321439465303163 0.9469301294951052 0
    outer loop
      vertex 9.035276180410083 18.936296694843723 0.8000000000000003
      vertex 9.530733729460358 19.10448186995485 0
      vertex 9.035276180410083 18.936296694843723 0
    endloop
  endfacet
  facet normal -0.321439465303163 0.9469301294951052 1.3555937653597296e-17
    outer loop
      vertex 9.035276180410083 18.936296694843723 0.8000000000000003
      vertex 9.530733729460358 19.10448186995485 0.8000000000000003
      vertex 9.530733729460358 19.10448186995485 0
    endloop
  endfacet
  facet normal -0.4422886902190037 0.896872741532687 0
    outer loop
      vertex 9.530733729460358 19.10448186995485 0.8000000000000003
      vertex 10 19.335898384862244 0
      vertex 9.530733729460358 19.10448186995485 0
    endloop
  endfacet
  facet normal -0.5555702330196026 0.8314696123025449 0
    outer loop
      vertex 10 19.335898384862244 0.8000000000000003
      vertex 10.435045716034882 19.626586638835057 0
      vertex 10 19.335898384862244 0
    endloop
  endfacet
  facet normal -0.4422886902190037 0.896872741532687 8.745612364842873e-18
    outer loop
      vertex 9.530733729460358 19.10448186995485 0.8000000000000003
      vertex 10 19.335898384862244 0.8000000000000003
      vertex 10 19.335898384862244 0
    endloop
  endfacet
  facet normal -0.5555702330196026 0.8314696123025449 1.721993962222313e-17
    outer loop
      vertex 10 19.335898384862244 0.8000000000000003
      vertex 10.435045716034882 19.626586638835057 0.8000000000000003
      vertex 10.435045716034882 19.626586638835057 0
    endloop
  endfacet
  facet normal -0.6593458151000657 0.7518398074789802 0
    outer loop
      vertex 10.435045716034882 19.626586638835057 0.8000000000000003
      vertex 10.82842712474619 19.971572875253806 0
      vertex 10.435045716034882 19.626586638835057 0
    endloop
  endfacet
  facet normal -0.6593458151000657 0.7518398074789802 -1.8031085519118467e-18
    outer loop
      vertex 10.435045716034882 19.626586638835057 0.8000000000000003
      vertex 10.82842712474619 19.971572875253806 0.8000000000000003
      vertex 10.82842712474619 19.971572875253806 0
    endloop
  endfacet
  facet normal -0.7518398074789799 0.659345815100066 0
    outer loop
      vertex 10.82842712474619 19.971572875253806 0.8000000000000003
      vertex 11.17341336116494 20.364954283965115 0
      vertex 10.82842712474619 19.971572875253806 0
    endloop
  endfacet
  facet normal -0.7518398074789799 0.659345815100066 1.5140754091685352e-17
    outer loop
      vertex 10.82842712474619 19.971572875253806 0.8000000000000003
      vertex 11.17341336116494 20.364954283965115 0.8000000000000003
      vertex 11.17341336116494 20.364954283965115 0
    endloop
  endfacet
  facet normal -0.8314696123025449 0.5555702330196026 0
    outer loop
      vertex 11.17341336116494 20.364954283965115 0.8000000000000003
      vertex 11.464101615137753 20.799999999999997 0
      vertex 11.17341336116494 20.364954283965115 0
    endloop
  endfacet
  facet normal -0.896872741532687 0.4422886902190037 0
    outer loop
      vertex 11.464101615137753 20.799999999999997 0.8000000000000003
      vertex 11.695518130045148 21.26926627053964 0
      vertex 11.464101615137753 20.799999999999997 0
    endloop
  endfacet
  facet normal -0.8314696123025449 0.5555702330196026 1.721993962222313e-17
    outer loop
      vertex 11.17341336116494 20.364954283965115 0.8000000000000003
      vertex 11.464101615137753 20.799999999999997 0.8000000000000003
      vertex 11.464101615137753 20.799999999999997 0
    endloop
  endfacet
  facet normal -0.896872741532687 0.4422886902190037 8.745612364842873e-18
    outer loop
      vertex 11.464101615137753 20.799999999999997 0.8000000000000003
      vertex 11.695518130045148 21.26926627053964 0.8000000000000003
      vertex 11.695518130045148 21.26926627053964 0
    endloop
  endfacet
  facet normal 0.9807852804032303 0.19509032201612886 0
    outer loop
      vertex 4.034220554504758 22.277895231119793 0.8000000000000003
      vertex 4.136296694843727 21.764723819589914 0
      vertex 4.034220554504758 22.277895231119793 0
    endloop
  endfacet
  facet normal 0.9978589232386036 0.06540312923014267 0
    outer loop
      vertex 4 22.799999999999997 0.8000000000000003
      vertex 4.034220554504758 22.277895231119793 0
      vertex 4 22.799999999999997 0
    endloop
  endfacet
  facet normal 0.9469301294951058 0.3214394653031615 0
    outer loop
      vertex 4.136296694843727 21.764723819589914 0.8000000000000003
      vertex 4.304481869954853 21.26926627053964 0
      vertex 4.136296694843727 21.764723819589914 0
    endloop
  endfacet
  facet normal 0.9978589232386036 0.06540312923014267 0
    outer loop
      vertex 4.034220554504758 22.277895231119793 0.8000000000000003
      vertex 4.034220554504758 22.277895231119793 0
      vertex 4 22.799999999999997 0.8000000000000003
    endloop
  endfacet
  facet normal 0 0 -1
    outer loop
      vertex 4.136296694843727 21.764723819589914 0.8000000000000003
      vertex 4.034220554504758 22.277895231119793 0.8000000000000003
      vertex 4.034220554504758 23.3221047688802 0.8000000000000003
    endloop
  endfacet
  facet normal 0.9469301294951058 0.3214394653031615 9.95995002636635e-18
    outer loop
      vertex 4.136296694843727 21.764723819589914 0.8000000000000003
      vertex 4.304481869954853 21.26926627053964 0.8000000000000003
      vertex 4.304481869954853 21.26926627053964 0
    endloop
  endfacet
  facet normal 0.9807852804032303 0.19509032201612886 0
    outer loop
      vertex 4.136296694843727 21.764723819589914 0.8000000000000003
      vertex 4.136296694843727 21.764723819589914 0
      vertex 4.034220554504758 22.277895231119793 0.8000000000000003
    endloop
  endfacet
  facet normal 0 0 -1
    outer loop
      vertex 4.136296694843727 21.764723819589914 0.8000000000000003
      vertex 4.136296694843727 23.83527618041008 0.8000000000000003
      vertex 4.304481869954853 21.26926627053964 0.8000000000000003
    endloop
  endfacet
  facet normal 0 0 -1
    outer loop
      vertex 4.304481869954853 21.26926627053964 0.8000000000000003
      vertex 4.304481869954853 24.330733729460356 0.8000000000000003
      vertex 4.535898384862246 20.799999999999997 0.8000000000000003
    endloop
  endfacet
  facet normal 0.9978589232386036 -0.06540312923014267 0
    outer loop
      vertex 4.034220554504758 23.3221047688802 0.8000000000000003
      vertex 4 22.799999999999997 0
      vertex 4.034220554504758 23.3221047688802 0
    endloop
  endfacet
  facet normal 0.9807852804032303 -0.19509032201612886 0
    outer loop
      vertex 4.136296694843727 23.83527618041008 0.8000000000000003
      vertex 4.034220554504758 23.3221047688802 0
      vertex 4.136296694843727 23.83527618041008 0
    endloop
  endfacet
  facet normal 0.9978589232386036 -0.06540312923014267 0
    outer loop
      vertex 4 22.799999999999997 0.8000000000000003
      vertex 4 22.799999999999997 0
      vertex 4.034220554504758 23.3221047688802 0.8000000000000003
    endloop
  endfacet
  facet normal 0 0 -1
    outer loop
      vertex 4.034220554504758 22.277895231119793 0.8000000000000003
      vertex 4 22.799999999999997 0.8000000000000003
      vertex 4.034220554504758 23.3221047688802 0.8000000000000003
    endloop
  endfacet
  facet normal 0.9807852804032303 -0.19509032201612886 0
    outer loop
      vertex 4.034220554504758 23.3221047688802 0.8000000000000003
      vertex 4.034220554504758 23.3221047688802 0
      vertex 4.136296694843727 23.83527618041008 0.8000000000000003
    endloop
  endfacet
  facet normal 0 0 -1
    outer loop
      vertex 4.136296694843727 21.764723819589914 0.8000000000000003
      vertex 4.034220554504758 23.3221047688802 0.8000000000000003
      vertex 4.136296694843727 23.83527618041008 0.8000000000000003
    endloop
  endfacet
  facet normal 0 0 -1
    outer loop
      vertex 4.304481869954853 21.26926627053964 0.8000000000000003
      vertex 4.136296694843727 23.83527618041008 0.8000000000000003
      vertex 4.304481869954853 24.330733729460356 0.8000000000000003
    endloop
  endfacet
  facet normal 0 0 -1
    outer loop
      vertex 4.535898384862246 20.799999999999997 0.8000000000000003
      vertex 4.304481869954853 24.330733729460356 0.8000000000000003
      vertex 4.535898384862246 24.799999999999997 0.8000000000000003
    endloop
  endfacet
  facet normal 0.9469301294951058 -0.3214394653031615 0
    outer loop
      vertex 4.136296694843727 23.83527618041008 0.8000000000000003
      vertex 4.136296694843727 23.83527618041008 0
      vertex 4.304481869954853 24.330733729460356 0.8000000000000003
    endloop
  endfacet
  facet normal 0.9469301294951058 -0.3214394653031615 0
    outer loop
      vertex 4.304481869954853 24.330733729460356 0.8000000000000003
      vertex 4.136296694843727 23.83527618041008 0
      vertex 4.304481869954853 24.330733729460356 0
    endloop
  endfacet
  facet normal 0.8968727415326885 -0.442288690219001 0
    outer loop
      vertex 4.535898384862246 24.799999999999997 0.8000000000000003
      vertex 4.304481869954853 24.330733729460356 0
      vertex 4.535898384862246 24.799999999999997 0
    endloop
  endfacet
  facet normal 0.8968727415326885 -0.442288690219001 0
    outer loop
      vertex 4.304481869954853 24.330733729460356 0.8000000000000003
      vertex 4.304481869954853 24.330733729460356 0
      vertex 4.535898384862246 24.799999999999997 0.8000000000000003
    endloop
  endfacet
  facet normal 0 0 -1
    outer loop
      vertex 4.535898384862246 20.799999999999997 0.8000000000000003
      vertex 4.535898384862246 24.799999999999997 0.8000000000000003
      vertex 4.826586638835059 20.364954283965115 0.8000000000000003
    endloop
  endfacet
  facet normal 0 0 -1
    outer loop
      vertex 5.17157287525381 19.971572875253806 0.8000000000000003
      vertex 4.826586638835059 20.364954283965115 0.8000000000000003
      vertex 4.826586638835059 25.23504571603488 0.8000000000000003
    endloop
  endfacet
  facet normal 0 0 -1
    outer loop
      vertex 4.826586638835059 20.364954283965115 0.8000000000000003
      vertex 4.535898384862246 24.799999999999997 0.8000000000000003
      vertex 4.826586638835059 25.23504571603488 0.8000000000000003
    endloop
  endfacet
  facet normal 0 0 -1
    outer loop
      vertex 5.17157287525381 19.971572875253806 0.8000000000000003
      vertex 4.826586638835059 25.23504571603488 0.8000000000000003
      vertex 5.17157287525381 25.62842712474619 0.8000000000000003
    endloop
  endfacet
  facet normal 0 0 -1
    outer loop
      vertex 5.17157287525381 19.971572875253806 0.8000000000000003
      vertex 5.17157287525381 25.62842712474619 0.8000000000000003
      vertex 5.564954283965117 19.626586638835057 0.8000000000000003
    endloop
  endfacet
  facet normal 0 0 -1
    outer loop
      vertex 5.564954283965117 19.626586638835057 0.8000000000000003
      vertex 5.564954283965117 25.973413361164937 0.8000000000000003
      vertex 6 19.335898384862244 0.8000000000000003
    endloop
  endfacet
  facet normal 0 0 -1
    outer loop
      vertex 5.564954283965117 19.626586638835057 0.8000000000000003
      vertex 5.17157287525381 25.62842712474619 0.8000000000000003
      vertex 5.564954283965117 25.973413361164937 0.8000000000000003
    endloop
  endfacet
  facet normal 0 0 -1
    outer loop
      vertex 6 19.335898384862244 0.8000000000000003
      vertex 5.564954283965117 25.973413361164937 0.8000000000000003
      vertex 6 26.26410161513775 0.8000000000000003
    endloop
  endfacet
  facet normal 0.8314696123025449 -0.5555702330196026 0
    outer loop
      vertex 4.826586638835059 25.23504571603488 0.8000000000000003
      vertex 4.535898384862246 24.799999999999997 0
      vertex 4.826586638835059 25.23504571603488 0
    endloop
  endfacet
  facet normal 0.8314696123025449 -0.5555702330196026 0
    outer loop
      vertex 4.535898384862246 24.799999999999997 0.8000000000000003
      vertex 4.535898384862246 24.799999999999997 0
      vertex 4.826586638835059 25.23504571603488 0.8000000000000003
    endloop
  endfacet
  facet normal 0.7518398074789792 -0.659345815100067 0
    outer loop
      vertex 4.826586638835059 25.23504571603488 0.8000000000000003
      vertex 4.826586638835059 25.23504571603488 0
      vertex 5.17157287525381 25.62842712474619 0.8000000000000003
    endloop
  endfacet
  facet normal 0.7518398074789792 -0.659345815100067 0
    outer loop
      vertex 5.17157287525381 25.62842712474619 0.8000000000000003
      vertex 4.826586638835059 25.23504571603488 0
      vertex 5.17157287525381 25.62842712474619 0
    endloop
  endfacet
  facet normal 0.6593458151000665 -0.7518398074789795 0
    outer loop
      vertex 5.564954283965117 25.973413361164937 0.8000000000000003
      vertex 5.17157287525381 25.62842712474619 0
      vertex 5.564954283965117 25.973413361164937 0
    endloop
  endfacet
  facet normal 0.5555702330196018 -0.8314696123025455 0
    outer loop
      vertex 6 26.26410161513775 0.8000000000000003
      vertex 5.564954283965117 25.973413361164937 0
      vertex 6 26.26410161513775 0
    endloop
  endfacet
  facet normal 0.6593458151000665 -0.7518398074789795 0
    outer loop
      vertex 5.17157287525381 25.62842712474619 0.8000000000000003
      vertex 5.17157287525381 25.62842712474619 0
      vertex 5.564954283965117 25.973413361164937 0.8000000000000003
    endloop
  endfacet
  facet normal 0.5555702330196018 -0.8314696123025455 0
    outer loop
      vertex 5.564954283965117 25.973413361164937 0.8000000000000003
      vertex 5.564954283965117 25.973413361164937 0
      vertex 6 26.26410161513775 0.8000000000000003
    endloop
  endfacet
  facet normal 0 0 -1
    outer loop
      vertex 6 19.335898384862244 0.8000000000000003
      vertex 6 26.26410161513775 0.8000000000000003
      vertex 6.469266270539641 19.10448186995485 0.8000000000000003
    endloop
  endfacet
  facet normal 0 0 -1
    outer loop
      vertex 6.469266270539641 19.10448186995485 0.8000000000000003
      vertex 6.469266270539641 26.495518130045145 0.8000000000000003
      vertex 6.964723819589917 18.936296694843723 0.8000000000000003
    endloop
  endfacet
  facet normal 0 0 -1
    outer loop
      vertex 6.469266270539641 19.10448186995485 0.8000000000000003
      vertex 6 26.26410161513775 0.8000000000000003
      vertex 6.469266270539641 26.495518130045145 0.8000000000000003
    endloop
  endfacet
  facet normal 0 0 -1
    outer loop
      vertex 6.964723819589917 18.936296694843723 0.8000000000000003
      vertex 6.964723819589917 26.66370330515627 0.8000000000000003
      vertex 7.477895231119794 18.834220554504757 0.8000000000000003
    endloop
  endfacet
  facet normal 0 0 -1
    outer loop
      vertex 6.964723819589917 18.936296694843723 0.8000000000000003
      vertex 6.469266270539641 26.495518130045145 0.8000000000000003
      vertex 6.964723819589917 26.66370330515627 0.8000000000000003
    endloop
  endfacet
  facet normal 0.4422886902190044 -0.8968727415326868 0
    outer loop
      vertex 6.469266270539641 26.495518130045145 0.8000000000000003
      vertex 6 26.26410161513775 0
      vertex 6.469266270539641 26.495518130045145 0
    endloop
  endfacet
  facet normal 0.4422886902190044 -0.8968727415326868 0
    outer loop
      vertex 6 26.26410161513775 0.8000000000000003
      vertex 6 26.26410161513775 0
      vertex 6.469266270539641 26.495518130045145 0.8000000000000003
    endloop
  endfacet
  facet normal 0.3214394653031624 -0.9469301294951054 0
    outer loop
      vertex 6.469266270539641 26.495518130045145 0.8000000000000003
      vertex 6.469266270539641 26.495518130045145 0
      vertex 6.964723819589917 26.66370330515627 0.8000000000000003
    endloop
  endfacet
  facet normal 0 0 -1
    outer loop
      vertex 7.477895231119794 18.834220554504757 0.8000000000000003
      vertex 6.964723819589917 26.66370330515627 0.8000000000000003
      vertex 7.477895231119794 26.765779445495237 0.8000000000000003
    endloop
  endfacet
  facet normal 0.3214394653031624 -0.9469301294951054 0
    outer loop
      vertex 6.964723819589917 26.66370330515627 0.8000000000000003
      vertex 6.469266270539641 26.495518130045145 0
      vertex 6.964723819589917 26.66370330515627 0
    endloop
  endfacet
  facet normal 0.19509032201612297 -0.9807852804032314 0
    outer loop
      vertex 7.477895231119794 26.765779445495237 0.8000000000000003
      vertex 6.964723819589917 26.66370330515627 0
      vertex 7.477895231119794 26.765779445495237 0
    endloop
  endfacet
  facet normal 0.19509032201612297 -0.9807852804032314 0
    outer loop
      vertex 6.964723819589917 26.66370330515627 0.8000000000000003
      vertex 6.964723819589917 26.66370330515627 0
      vertex 7.477895231119794 26.765779445495237 0.8000000000000003
    endloop
  endfacet
  facet normal 0 0 -1
    outer loop
      vertex 7.477895231119794 18.834220554504757 0.8000000000000003
      vertex 7.477895231119794 26.765779445495237 0.8000000000000003
      vertex 8 18.799999999999997 0.8000000000000003
    endloop
  endfacet
  facet normal 0 0 -1
    outer loop
      vertex 8 18.799999999999997 0.8000000000000003
      vertex 8 26.799999999999997 0.8000000000000003
      vertex 8.522104768880206 18.834220554504757 0.8000000000000003
    endloop
  endfacet
  facet normal 0 0 -1
    outer loop
      vertex 8.522104768880206 18.834220554504757 0.8000000000000003
      vertex 8.522104768880206 26.765779445495237 0.8000000000000003
      vertex 9.035276180410083 18.936296694843723 0.8000000000000003
    endloop
  endfacet
  facet normal 0 0 -1
    outer loop
      vertex 8 18.799999999999997 0.8000000000000003
      vertex 7.477895231119794 26.765779445495237 0.8000000000000003
      vertex 8 26.799999999999997 0.8000000000000003
    endloop
  endfacet
  facet normal 0 0 -1
    outer loop
      vertex 8.522104768880206 18.834220554504757 0.8000000000000003
      vertex 8 26.799999999999997 0.8000000000000003
      vertex 8.522104768880206 26.765779445495237 0.8000000000000003
    endloop
  endfacet
  facet normal 0 0 -1
    outer loop
      vertex 9.035276180410083 18.936296694843723 0.8000000000000003
      vertex 8.522104768880206 26.765779445495237 0.8000000000000003
      vertex 9.035276180410083 26.66370330515627 0.8000000000000003
    endloop
  endfacet
  facet normal -0.19509032201612297 -0.9807852804032314 0
    outer loop
      vertex 9.035276180410083 26.66370330515627 0.8000000000000003
      vertex 8.522104768880206 26.765779445495237 0
      vertex 9.035276180410083 26.66370330515627 0
    endloop
  endfacet
  facet normal -0.19509032201612297 -0.9807852804032314 0
    outer loop
      vertex 8.522104768880206 26.765779445495237 0.8000000000000003
      vertex 8.522104768880206 26.765779445495237 0
      vertex 9.035276180410083 26.66370330515627 0.8000000000000003
    endloop
  endfacet
  facet normal 0.06540312923014582 -0.9978589232386034 0
    outer loop
      vertex 8 26.799999999999997 0.8000000000000003
      vertex 7.477895231119794 26.765779445495237 0
      vertex 8 26.799999999999997 0
    endloop
  endfacet
  facet normal 0.06540312923014582 -0.9978589232386034 0
    outer loop
      vertex 7.477895231119794 26.765779445495237 0.8000000000000003
      vertex 7.477895231119794 26.765779445495237 0
      vertex 8 26.799999999999997 0.8000000000000003
    endloop
  endfacet
  facet normal -0.06540312923014582 -0.9978589232386034 0
    outer loop
      vertex 8 26.799999999999997 0.8000000000000003
      vertex 8 26.799999999999997 0
      vertex 8.522104768880206 26.765779445495237 0.8000000000000003
    endloop
  endfacet
  facet normal -0.06540312923014582 -0.9978589232386034 0
    outer loop
      vertex 8.522104768880206 26.765779445495237 0.8000000000000003
      vertex 8 26.799999999999997 0
      vertex 8.522104768880206 26.765779445495237 0
    endloop
  endfacet
  facet normal 0 0 -1
    outer loop
      vertex 9.035276180410083 18.936296694843723 0.8000000000000003
      vertex 9.035276180410083 26.66370330515627 0.8000000000000003
      vertex 9.530733729460358 19.10448186995485 0.8000000000000003
    endloop
  endfacet
  facet normal 0 0 -1
    outer loop
      vertex 9.530733729460358 19.10448186995485 0.8000000000000003
      vertex 9.530733729460358 26.495518130045145 0.8000000000000003
      vertex 10 19.335898384862244 0.8000000000000003
    endloop
  endfacet
  facet normal 0 0 -1
    outer loop
      vertex 10 19.335898384862244 0.8000000000000003
      vertex 10 26.26410161513775 0.8000000000000003
      vertex 10.435045716034882 19.626586638835057 0.8000000000000003
    endloop
  endfacet
  facet normal 0 0 -1
    outer loop
      vertex 10 19.335898384862244 0.8000000000000003
      vertex 9.530733729460358 26.495518130045145 0.8000000000000003
      vertex 10 26.26410161513775 0.8000000000000003
    endloop
  endfacet
  facet normal 0 0 -1
    outer loop
      vertex 10.435045716034882 19.626586638835057 0.8000000000000003
      vertex 10 26.26410161513775 0.8000000000000003
      vertex 10.435045716034882 25.973413361164937 0.8000000000000003
    endloop
  endfacet
  facet normal 0 0 -1
    outer loop
      vertex 9.530733729460358 19.10448186995485 0.8000000000000003
      vertex 9.035276180410083 26.66370330515627 0.8000000000000003
      vertex 9.530733729460358 26.495518130045145 0.8000000000000003
    endloop
  endfacet
  facet normal -0.321439465303163 -0.9469301294951052 0
    outer loop
      vertex 9.530733729460358 26.495518130045145 0.8000000000000003
      vertex 9.035276180410083 26.66370330515627 0
      vertex 9.530733729460358 26.495518130045145 0
    endloop
  endfacet
  facet normal -0.321439465303163 -0.9469301294951052 0
    outer loop
      vertex 9.035276180410083 26.66370330515627 0.8000000000000003
      vertex 9.035276180410083 26.66370330515627 0
      vertex 9.530733729460358 26.495518130045145 0.8000000000000003
    endloop
  endfacet
  facet normal -0.4422886902190037 -0.896872741532687 0
    outer loop
      vertex 10 26.26410161513775 0.8000000000000003
      vertex 9.530733729460358 26.495518130045145 0
      vertex 10 26.26410161513775 0
    endloop
  endfacet
  facet normal -0.5555702330196026 -0.8314696123025449 0
    outer loop
      vertex 10.435045716034882 25.973413361164937 0.8000000000000003
      vertex 10 26.26410161513775 0
      vertex 10.435045716034882 25.973413361164937 0
    endloop
  endfacet
  facet normal -0.4422886902190037 -0.896872741532687 0
    outer loop
      vertex 9.530733729460358 26.495518130045145 0.8000000000000003
      vertex 9.530733729460358 26.495518130045145 0
      vertex 10 26.26410161513775 0.8000000000000003
    endloop
  endfacet
  facet normal -0.5555702330196026 -0.8314696123025449 0
    outer loop
      vertex 10 26.26410161513775 0.8000000000000003
      vertex 10 26.26410161513775 0
      vertex 10.435045716034882 25.973413361164937 0.8000000000000003
    endloop
  endfacet
  facet normal 0 0 -1
    outer loop
      vertex 10.435045716034882 19.626586638835057 0.8000000000000003
      vertex 10.435045716034882 25.973413361164937 0.8000000000000003
      vertex 10.82842712474619 19.971572875253806 0.8000000000000003
    endloop
  endfacet
  facet normal 0 0 -1
    outer loop
      vertex 10.82842712474619 19.971572875253806 0.8000000000000003
      vertex 10.82842712474619 25.62842712474619 0.8000000000000003
      vertex 11.17341336116494 20.364954283965115 0.8000000000000003
    endloop
  endfacet
  facet normal 0 0 -1
    outer loop
      vertex 10.82842712474619 19.971572875253806 0.8000000000000003
      vertex 10.435045716034882 25.973413361164937 0.8000000000000003
      vertex 10.82842712474619 25.62842712474619 0.8000000000000003
    endloop
  endfacet
  facet normal 0 0 -1
    outer loop
      vertex 11.17341336116494 20.364954283965115 0.8000000000000003
      vertex 10.82842712474619 25.62842712474619 0.8000000000000003
      vertex 11.17341336116494 25.23504571603488 0.8000000000000003
    endloop
  endfacet
  facet normal -0.9469301294951062 0.3214394653031599 0
    outer loop
      vertex 11.695518130045148 21.26926627053964 0.8000000000000003
      vertex 11.863703305156273 21.764723819589914 0
      vertex 11.695518130045148 21.26926627053964 0
    endloop
  endfacet
  facet normal -0.9807852804032303 0.19509032201612886 0
    outer loop
      vertex 11.863703305156273 21.764723819589914 0.8000000000000003
      vertex 11.965779445495242 22.277895231119793 0
      vertex 11.863703305156273 21.764723819589914 0
    endloop
  endfacet
  facet normal 0 0 -1
    outer loop
      vertex 11.17341336116494 20.364954283965115 0.8000000000000003
      vertex 11.17341336116494 25.23504571603488 0.8000000000000003
      vertex 11.464101615137753 20.799999999999997 0.8000000000000003
    endloop
  endfacet
  facet normal -0.9469301294951062 0.3214394653031599 -3.2139432578859914e-19
    outer loop
      vertex 11.695518130045148 21.26926627053964 0.8000000000000003
      vertex 11.863703305156273 21.764723819589914 0.8000000000000003
      vertex 11.863703305156273 21.764723819589914 0
    endloop
  endfacet
  facet normal 0 0 -1
    outer loop
      vertex 11.464101615137753 20.799999999999997 0.8000000000000003
      vertex 11.464101615137753 24.799999999999997 0.8000000000000003
      vertex 11.695518130045148 21.26926627053964 0.8000000000000003
    endloop
  endfacet
  facet normal 0 0 -1
    outer loop
      vertex 11.695518130045148 21.26926627053964 0.8000000000000003
      vertex 11.695518130045148 24.330733729460356 0.8000000000000003
      vertex 11.863703305156273 21.764723819589914 0.8000000000000003
    endloop
  endfacet
  facet normal 0 0 -1
    outer loop
      vertex 11.863703305156273 21.764723819589914 0.8000000000000003
      vertex 11.863703305156273 23.83527618041008 0.8000000000000003
      vertex 11.965779445495242 22.277895231119793 0.8000000000000003
    endloop
  endfacet
  facet normal -0.9469301294951062 -0.3214394653031599 0
    outer loop
      vertex 11.863703305156273 23.83527618041008 0.8000000000000003
      vertex 11.695518130045148 24.330733729460356 0
      vertex 11.863703305156273 23.83527618041008 0
    endloop
  endfacet
  facet normal 0 0 -1
    outer loop
      vertex 11.464101615137753 20.799999999999997 0.8000000000000003
      vertex 11.17341336116494 25.23504571603488 0.8000000000000003
      vertex 11.464101615137753 24.799999999999997 0.8000000000000003
    endloop
  endfacet
  facet normal 0 0 -1
    outer loop
      vertex 11.863703305156273 21.764723819589914 0.8000000000000003
      vertex 11.695518130045148 24.330733729460356 0.8000000000000003
      vertex 11.863703305156273 23.83527618041008 0.8000000000000003
    endloop
  endfacet
  facet normal -0.9807852804032303 -0.19509032201612886 1.9061804283190524e-18
    outer loop
      vertex 11.965779445495242 23.3221047688802 0.8000000000000003
      vertex 11.863703305156273 23.83527618041008 0.8000000000000003
      vertex 11.863703305156273 23.83527618041008 0
    endloop
  endfacet
  facet normal 0 0 -1
    outer loop
      vertex 11.695518130045148 21.26926627053964 0.8000000000000003
      vertex 11.464101615137753 24.799999999999997 0.8000000000000003
      vertex 11.695518130045148 24.330733729460356 0.8000000000000003
    endloop
  endfacet
  facet normal -0.7518398074789799 -0.659345815100066 0
    outer loop
      vertex 11.17341336116494 25.23504571603488 0.8000000000000003
      vertex 10.82842712474619 25.62842712474619 0
      vertex 11.17341336116494 25.23504571603488 0
    endloop
  endfacet
  facet normal -0.6593458151000657 -0.7518398074789802 0
    outer loop
      vertex 10.82842712474619 25.62842712474619 0.8000000000000003
      vertex 10.435045716034882 25.973413361164937 0
      vertex 10.82842712474619 25.62842712474619 0
    endloop
  endfacet
  facet normal -0.6593458151000657 -0.7518398074789802 0
    outer loop
      vertex 10.435045716034882 25.973413361164937 0.8000000000000003
      vertex 10.435045716034882 25.973413361164937 0
      vertex 10.82842712474619 25.62842712474619 0.8000000000000003
    endloop
  endfacet
  facet normal -0.7518398074789799 -0.659345815100066 -1.5140754091685352e-17
    outer loop
      vertex 11.17341336116494 25.23504571603488 0.8000000000000003
      vertex 10.82842712474619 25.62842712474619 0.8000000000000003
      vertex 10.82842712474619 25.62842712474619 0
    endloop
  endfacet
  facet normal -0.8314696123025449 -0.5555702330196026 0
    outer loop
      vertex 11.464101615137753 24.799999999999997 0.8000000000000003
      vertex 11.17341336116494 25.23504571603488 0
      vertex 11.464101615137753 24.799999999999997 0
    endloop
  endfacet
  facet normal -0.896872741532687 -0.4422886902190037 0
    outer loop
      vertex 11.695518130045148 24.330733729460356 0.8000000000000003
      vertex 11.464101615137753 24.799999999999997 0
      vertex 11.695518130045148 24.330733729460356 0
    endloop
  endfacet
  facet normal -0.8314696123025449 -0.5555702330196026 0
    outer loop
      vertex 11.17341336116494 25.23504571603488 0.8000000000000003
      vertex 11.17341336116494 25.23504571603488 0
      vertex 11.464101615137753 24.799999999999997 0.8000000000000003
    endloop
  endfacet
  facet normal -0.896872741532687 -0.4422886902190037 -8.745612364842873e-18
    outer loop
      vertex 11.695518130045148 24.330733729460356 0.8000000000000003
      vertex 11.464101615137753 24.799999999999997 0.8000000000000003
      vertex 11.464101615137753 24.799999999999997 0
    endloop
  endfacet
  facet normal -0.9469301294951062 -0.3214394653031599 3.2139432578859914e-19
    outer loop
      vertex 11.863703305156273 23.83527618041008 0.8000000000000003
      vertex 11.695518130045148 24.330733729460356 0.8000000000000003
      vertex 11.695518130045148 24.330733729460356 0
    endloop
  endfacet
  facet normal -0.9978589232386036 0.06540312923014267 0
    outer loop
      vertex 11.965779445495242 22.277895231119793 0.8000000000000003
      vertex 12 22.799999999999997 0
      vertex 11.965779445495242 22.277895231119793 0
    endloop
  endfacet
  facet normal -0.9807852804032303 0.19509032201612886 -1.9061804283190524e-18
    outer loop
      vertex 11.863703305156273 21.764723819589914 0.8000000000000003
      vertex 11.965779445495242 22.277895231119793 0.8000000000000003
      vertex 11.965779445495242 22.277895231119793 0
    endloop
  endfacet
  facet normal -0.9978589232386036 0.06540312923014267 2.7857319496967736e-18
    outer loop
      vertex 11.965779445495242 22.277895231119793 0.8000000000000003
      vertex 12 22.799999999999997 0.8000000000000003
      vertex 12 22.799999999999997 0
    endloop
  endfacet
  facet normal -0.9978589232386036 -0.06540312923014267 0
    outer loop
      vertex 12 22.799999999999997 0.8000000000000003
      vertex 11.965779445495242 23.3221047688802 0
      vertex 12 22.799999999999997 0
    endloop
  endfacet
  facet normal -0.9807852804032303 -0.19509032201612886 0
    outer loop
      vertex 11.965779445495242 23.3221047688802 0.8000000000000003
      vertex 11.863703305156273 23.83527618041008 0
      vertex 11.965779445495242 23.3221047688802 0
    endloop
  endfacet
  facet normal -0.9978589232386036 -0.06540312923014267 -2.7857319496967736e-18
    outer loop
      vertex 12 22.799999999999997 0.8000000000000003
      vertex 11.965779445495242 23.3221047688802 0.8000000000000003
      vertex 11.965779445495242 23.3221047688802 0
    endloop
  endfacet
  facet normal 0 0 -1
    outer loop
      vertex 11.965779445495242 22.277895231119793 0.8000000000000003
      vertex 11.965779445495242 23.3221047688802 0.8000000000000003
      vertex 12 22.799999999999997 0.8000000000000003
    endloop
  endfacet
  facet normal 0 0 -1
    outer loop
      vertex 11.965779445495242 22.277895231119793 0.8000000000000003
      vertex 11.863703305156273 23.83527618041008 0.8000000000000003
      vertex 11.965779445495242 23.3221047688802 0.8000000000000003
    endloop
  endfacet
  facet normal 0.8968727415326885 0.442288690219001 0
    outer loop
      vertex 4.304481869954853 61.26926627053964 0.8000000000000003
      vertex 4.535898384862246 60.8 0
      vertex 4.304481869954853 61.26926627053964 0
    endloop
  endfacet
  facet normal 0.9469301294951064 0.32143946530315937 8.123033778571248e-18
    outer loop
      vertex 4.136296694843727 61.76472381958992 0.8000000000000003
      vertex 4.304481869954853 61.26926627053964 0.8000000000000003
      vertex 4.304481869954853 61.26926627053964 0
    endloop
  endfacet
  facet normal 0.8968727415326885 0.442288690219001 -6.554679580767761e-18
    outer loop
      vertex 4.304481869954853 61.26926627053964 0.8000000000000003
      vertex 4.535898384862246 60.8 0.8000000000000003
      vertex 4.535898384862246 60.8 0
    endloop
  endfacet
  facet normal 0.9807852804032301 0.19509032201613016 0
    outer loop
      vertex 4.034220554504758 62.27789523111979 0.8000000000000003
      vertex 4.136296694843727 61.76472381958992 0
      vertex 4.034220554504758 62.27789523111979 0
    endloop
  endfacet
  facet normal 0.9978589232386036 0.06540312923014267 0
    outer loop
      vertex 4 62.8 0.8000000000000003
      vertex 4.034220554504758 62.27789523111979 0
      vertex 4 62.8 0
    endloop
  endfacet
  facet normal 0.9469301294951064 0.32143946530315937 0
    outer loop
      vertex 4.136296694843727 61.76472381958992 0.8000000000000003
      vertex 4.304481869954853 61.26926627053964 0
      vertex 4.136296694843727 61.76472381958992 0
    endloop
  endfacet
  facet normal 0.9978589232386036 0.06540312923014267 0
    outer loop
      vertex 4.034220554504758 62.27789523111979 0.8000000000000003
      vertex 4.034220554504758 62.27789523111979 0
      vertex 4 62.8 0.8000000000000003
    endloop
  endfacet
  facet normal 0 0 -1
    outer loop
      vertex 4.136296694843727 61.76472381958992 0.8000000000000003
      vertex 4.034220554504758 62.27789523111979 0.8000000000000003
      vertex 4.034220554504758 63.3221047688802 0.8000000000000003
    endloop
  endfacet
  facet normal 0 0 -1
    outer loop
      vertex 4.034220554504758 62.27789523111979 0.8000000000000003
      vertex 4 62.8 0.8000000000000003
      vertex 4.034220554504758 63.3221047688802 0.8000000000000003
    endloop
  endfacet
  facet normal 0.9807852804032301 0.19509032201613016 0
    outer loop
      vertex 4.136296694843727 61.76472381958992 0.8000000000000003
      vertex 4.136296694843727 61.76472381958992 0
      vertex 4.034220554504758 62.27789523111979 0.8000000000000003
    endloop
  endfacet
  facet normal 0 0 -1
    outer loop
      vertex 4.304481869954853 61.26926627053964 0.8000000000000003
      vertex 4.304481869954853 64.33073372946036 0.8000000000000003
      vertex 4.535898384862246 60.8 0.8000000000000003
    endloop
  endfacet
  facet normal 0 0 -1
    outer loop
      vertex 4.136296694843727 61.76472381958992 0.8000000000000003
      vertex 4.136296694843727 63.83527618041008 0.8000000000000003
      vertex 4.304481869954853 61.26926627053964 0.8000000000000003
    endloop
  endfacet
  facet normal 0.9978589232386036 -0.06540312923014267 0
    outer loop
      vertex 4.034220554504758 63.3221047688802 0.8000000000000003
      vertex 4 62.8 0
      vertex 4.034220554504758 63.3221047688802 0
    endloop
  endfacet
  facet normal 0.9807852804032301 -0.19509032201613016 0
    outer loop
      vertex 4.136296694843727 63.83527618041008 0.8000000000000003
      vertex 4.034220554504758 63.3221047688802 0
      vertex 4.136296694843727 63.83527618041008 0
    endloop
  endfacet
  facet normal 0.9469301294951077 -0.3214394653031552 0
    outer loop
      vertex 4.304481869954853 64.33073372946036 0.8000000000000003
      vertex 4.136296694843727 63.83527618041008 0
      vertex 4.304481869954853 64.33073372946036 0
    endloop
  endfacet
  facet normal 0.9978589232386036 -0.06540312923014267 0
    outer loop
      vertex 4 62.8 0.8000000000000003
      vertex 4 62.8 0
      vertex 4.034220554504758 63.3221047688802 0.8000000000000003
    endloop
  endfacet
  facet normal 0.9807852804032301 -0.19509032201613016 0
    outer loop
      vertex 4.034220554504758 63.3221047688802 0.8000000000000003
      vertex 4.034220554504758 63.3221047688802 0
      vertex 4.136296694843727 63.83527618041008 0.8000000000000003
    endloop
  endfacet
  facet normal 0 0 -1
    outer loop
      vertex 4.136296694843727 61.76472381958992 0.8000000000000003
      vertex 4.034220554504758 63.3221047688802 0.8000000000000003
      vertex 4.136296694843727 63.83527618041008 0.8000000000000003
    endloop
  endfacet
  facet normal 0 0 -1
    outer loop
      vertex 4.304481869954853 61.26926627053964 0.8000000000000003
      vertex 4.136296694843727 63.83527618041008 0.8000000000000003
      vertex 4.304481869954853 64.33073372946036 0.8000000000000003
    endloop
  endfacet
  facet normal 0 0 -1
    outer loop
      vertex 4.535898384862246 60.8 0.8000000000000003
      vertex 4.304481869954853 64.33073372946036 0.8000000000000003
      vertex 4.535898384862246 64.8 0.8000000000000003
    endloop
  endfacet
  facet normal 0.9469301294951077 -0.3214394653031552 0
    outer loop
      vertex 4.136296694843727 63.83527618041008 0.8000000000000003
      vertex 4.136296694843727 63.83527618041008 0
      vertex 4.304481869954853 64.33073372946036 0.8000000000000003
    endloop
  endfacet
  facet normal 0.7518398074789762 0.6593458151000703 0
    outer loop
      vertex 5.17157287525381 59.971572875253806 0.8000000000000003
      vertex 5.17157287525381 59.971572875253806 0
      vertex 4.826586638835059 60.36495428396511 0.8000000000000003
    endloop
  endfacet
  facet normal 0.831469612302547 0.5555702330195995 0
    outer loop
      vertex 4.535898384862246 60.8 0.8000000000000003
      vertex 4.826586638835059 60.36495428396511 0
      vertex 4.535898384862246 60.8 0
    endloop
  endfacet
  facet normal 0.7518398074789762 0.6593458151000703 0
    outer loop
      vertex 4.826586638835059 60.36495428396511 0.8000000000000003
      vertex 5.17157287525381 59.971572875253806 0
      vertex 4.826586638835059 60.36495428396511 0
    endloop
  endfacet
  facet normal 0.831469612302547 0.5555702330195995 -3.101858744106275e-17
    outer loop
      vertex 4.535898384862246 60.8 0.8000000000000003
      vertex 4.826586638835059 60.36495428396511 0.8000000000000003
      vertex 4.826586638835059 60.36495428396511 0
    endloop
  endfacet
  facet normal 0.6593458151000665 0.7518398074789795 0
    outer loop
      vertex 5.17157287525381 59.971572875253806 0.8000000000000003
      vertex 5.564954283965117 59.62658663883506 0
      vertex 5.17157287525381 59.971572875253806 0
    endloop
  endfacet
  facet normal 0.5555702330196066 0.8314696123025423 0
    outer loop
      vertex 5.564954283965117 59.62658663883506 0.8000000000000003
      vertex 6 59.33589838486224 0
      vertex 5.564954283965117 59.62658663883506 0
    endloop
  endfacet
  facet normal 0.6593458151000665 0.7518398074789795 4.4262592943341766e-18
    outer loop
      vertex 5.17157287525381 59.971572875253806 0.8000000000000003
      vertex 5.564954283965117 59.62658663883506 0.8000000000000003
      vertex 5.564954283965117 59.62658663883506 0
    endloop
  endfacet
  facet normal 0.5555702330196066 0.8314696123025423 -1.6415996064322487e-17
    outer loop
      vertex 5.564954283965117 59.62658663883506 0.8000000000000003
      vertex 6 59.33589838486224 0.8000000000000003
      vertex 6 59.33589838486224 0
    endloop
  endfacet
  facet normal 0 0 -1
    outer loop
      vertex 4.535898384862246 60.8 0.8000000000000003
      vertex 4.535898384862246 64.8 0.8000000000000003
      vertex 4.826586638835059 60.36495428396511 0.8000000000000003
    endloop
  endfacet
  facet normal 0 0 -1
    outer loop
      vertex 5.17157287525381 59.971572875253806 0.8000000000000003
      vertex 4.826586638835059 60.36495428396511 0.8000000000000003
      vertex 4.826586638835059 65.23504571603488 0.8000000000000003
    endloop
  endfacet
  facet normal 0 0 -1
    outer loop
      vertex 4.826586638835059 60.36495428396511 0.8000000000000003
      vertex 4.535898384862246 64.8 0.8000000000000003
      vertex 4.826586638835059 65.23504571603488 0.8000000000000003
    endloop
  endfacet
  facet normal 0 0 -1
    outer loop
      vertex 5.17157287525381 59.971572875253806 0.8000000000000003
      vertex 4.826586638835059 65.23504571603488 0.8000000000000003
      vertex 5.17157287525381 65.62842712474618 0.8000000000000003
    endloop
  endfacet
  facet normal 0 0 -1
    outer loop
      vertex 5.17157287525381 59.971572875253806 0.8000000000000003
      vertex 5.17157287525381 65.62842712474618 0.8000000000000003
      vertex 5.564954283965117 59.62658663883506 0.8000000000000003
    endloop
  endfacet
  facet normal 0 0 -1
    outer loop
      vertex 5.564954283965117 59.62658663883506 0.8000000000000003
      vertex 5.564954283965117 65.97341336116494 0.8000000000000003
      vertex 6 59.33589838486224 0.8000000000000003
    endloop
  endfacet
  facet normal 0 0 -1
    outer loop
      vertex 5.564954283965117 59.62658663883506 0.8000000000000003
      vertex 5.17157287525381 65.62842712474618 0.8000000000000003
      vertex 5.564954283965117 65.97341336116494 0.8000000000000003
    endloop
  endfacet
  facet normal 0 0 -1
    outer loop
      vertex 6 59.33589838486224 0.8000000000000003
      vertex 5.564954283965117 65.97341336116494 0.8000000000000003
      vertex 6 66.26410161513775 0.8000000000000003
    endloop
  endfacet
  facet normal 0.06540312923013906 0.9978589232386037 0
    outer loop
      vertex 7.477895231119794 58.83422055450475 0.8000000000000003
      vertex 8 58.8 0
      vertex 7.477895231119794 58.83422055450475 0
    endloop
  endfacet
  facet normal -0.06540312923013906 0.9978589232386037 0
    outer loop
      vertex 8 58.8 0.8000000000000003
      vertex 8.522104768880206 58.83422055450475 0
      vertex 8 58.8 0
    endloop
  endfacet
  facet normal 0.06540312923013906 0.9978589232386037 3.817951518253512e-18
    outer loop
      vertex 7.477895231119794 58.83422055450475 0.8000000000000003
      vertex 8 58.8 0.8000000000000003
      vertex 8 58.8 0
    endloop
  endfacet
  facet normal -0.06540312923013906 0.9978589232386037 -3.817951518253512e-18
    outer loop
      vertex 8 58.8 0.8000000000000003
      vertex 8.522104768880206 58.83422055450475 0.8000000000000003
      vertex 8.522104768880206 58.83422055450475 0
    endloop
  endfacet
  facet normal 0.4422886902189935 0.8968727415326921 0
    outer loop
      vertex 6 59.33589838486224 0.8000000000000003
      vertex 6.469266270539641 59.10448186995485 0
      vertex 6 59.33589838486224 0
    endloop
  endfacet
  facet normal 0.3214394653031624 0.9469301294951054 0
    outer loop
      vertex 6.469266270539641 59.10448186995485 0.8000000000000003
      vertex 6.964723819589917 58.936296694843726 0
      vertex 6.469266270539641 59.10448186995485 0
    endloop
  endfacet
  facet normal 0.4422886902189935 0.8968727415326921 -6.259444524235563e-18
    outer loop
      vertex 6 59.33589838486224 0.8000000000000003
      vertex 6.469266270539641 59.10448186995485 0.8000000000000003
      vertex 6.469266270539641 59.10448186995485 0
    endloop
  endfacet
  facet normal 0 0 -1
    outer loop
      vertex 6.469266270539641 59.10448186995485 0.8000000000000003
      vertex 6.469266270539641 66.49551813004514 0.8000000000000003
      vertex 6.964723819589917 58.936296694843726 0.8000000000000003
    endloop
  endfacet
  facet normal 0.19509032201613605 0.9807852804032289 0
    outer loop
      vertex 6.964723819589917 58.936296694843726 0.8000000000000003
      vertex 7.477895231119794 58.83422055450475 0
      vertex 6.964723819589917 58.936296694843726 0
    endloop
  endfacet
  facet normal 0.3214394653031624 0.9469301294951054 -5.726555870412586e-18
    outer loop
      vertex 6.469266270539641 59.10448186995485 0.8000000000000003
      vertex 6.964723819589917 58.936296694843726 0.8000000000000003
      vertex 6.964723819589917 58.936296694843726 0
    endloop
  endfacet
  facet normal 0.19509032201613605 0.9807852804032289 -8.243567968539497e-18
    outer loop
      vertex 6.964723819589917 58.936296694843726 0.8000000000000003
      vertex 7.477895231119794 58.83422055450475 0.8000000000000003
      vertex 7.477895231119794 58.83422055450475 0
    endloop
  endfacet
  facet normal 0 0 -1
    outer loop
      vertex 6.964723819589917 58.936296694843726 0.8000000000000003
      vertex 6.964723819589917 66.66370330515628 0.8000000000000003
      vertex 7.477895231119794 58.83422055450475 0.8000000000000003
    endloop
  endfacet
  facet normal 0 0 -1
    outer loop
      vertex 6 59.33589838486224 0.8000000000000003
      vertex 6 66.26410161513775 0.8000000000000003
      vertex 6.469266270539641 59.10448186995485 0.8000000000000003
    endloop
  endfacet
  facet normal 0 0 -1
    outer loop
      vertex 6.469266270539641 59.10448186995485 0.8000000000000003
      vertex 6 66.26410161513775 0.8000000000000003
      vertex 6.469266270539641 66.49551813004514 0.8000000000000003
    endloop
  endfacet
  facet normal 0 0 -1
    outer loop
      vertex 6.964723819589917 58.936296694843726 0.8000000000000003
      vertex 6.469266270539641 66.49551813004514 0.8000000000000003
      vertex 6.964723819589917 66.66370330515628 0.8000000000000003
    endloop
  endfacet
  facet normal 0 0 -1
    outer loop
      vertex 7.477895231119794 58.83422055450475 0.8000000000000003
      vertex 6.964723819589917 66.66370330515628 0.8000000000000003
      vertex 7.477895231119794 66.76577944549524 0.8000000000000003
    endloop
  endfacet
  facet normal 0 0 -1
    outer loop
      vertex 7.477895231119794 58.83422055450475 0.8000000000000003
      vertex 7.477895231119794 66.76577944549524 0.8000000000000003
      vertex 8 58.8 0.8000000000000003
    endloop
  endfacet
  facet normal 0 0 -1
    outer loop
      vertex 8 58.8 0.8000000000000003
      vertex 8 66.8 0.8000000000000003
      vertex 8.522104768880206 58.83422055450475 0.8000000000000003
    endloop
  endfacet
  facet normal -0.19509032201613605 0.9807852804032289 0
    outer loop
      vertex 8.522104768880206 58.83422055450475 0.8000000000000003
      vertex 9.035276180410083 58.936296694843726 0
      vertex 8.522104768880206 58.83422055450475 0
    endloop
  endfacet
  facet normal -0.19509032201613605 0.9807852804032289 8.243567968539497e-18
    outer loop
      vertex 8.522104768880206 58.83422055450475 0.8000000000000003
      vertex 9.035276180410083 58.936296694843726 0.8000000000000003
      vertex 9.035276180410083 58.936296694843726 0
    endloop
  endfacet
  facet normal 0 0 -1
    outer loop
      vertex 8.522104768880206 58.83422055450475 0.8000000000000003
      vertex 8.522104768880206 66.76577944549524 0.8000000000000003
      vertex 9.035276180410083 58.936296694843726 0.8000000000000003
    endloop
  endfacet
  facet normal 0 0 -1
    outer loop
      vertex 8 58.8 0.8000000000000003
      vertex 7.477895231119794 66.76577944549524 0.8000000000000003
      vertex 8 66.8 0.8000000000000003
    endloop
  endfacet
  facet normal 0 0 -1
    outer loop
      vertex 8.522104768880206 58.83422055450475 0.8000000000000003
      vertex 8 66.8 0.8000000000000003
      vertex 8.522104768880206 66.76577944549524 0.8000000000000003
    endloop
  endfacet
  facet normal 0 0 -1
    outer loop
      vertex 9.035276180410083 58.936296694843726 0.8000000000000003
      vertex 8.522104768880206 66.76577944549524 0.8000000000000003
      vertex 9.035276180410083 66.66370330515628 0.8000000000000003
    endloop
  endfacet
  facet normal -0.321439465303163 0.9469301294951052 0
    outer loop
      vertex 9.035276180410083 58.936296694843726 0.8000000000000003
      vertex 9.530733729460358 59.10448186995485 0
      vertex 9.035276180410083 58.936296694843726 0
    endloop
  endfacet
  facet normal -0.321439465303163 0.9469301294951052 1.3555937653597296e-17
    outer loop
      vertex 9.035276180410083 58.936296694843726 0.8000000000000003
      vertex 9.530733729460358 59.10448186995485 0.8000000000000003
      vertex 9.530733729460358 59.10448186995485 0
    endloop
  endfacet
  facet normal -0.4422886902189928 0.8968727415326926 0
    outer loop
      vertex 9.530733729460358 59.10448186995485 0.8000000000000003
      vertex 10 59.33589838486224 0
      vertex 9.530733729460358 59.10448186995485 0
    endloop
  endfacet
  facet normal -0.5555702330196073 0.8314696123025417 0
    outer loop
      vertex 10 59.33589838486224 0.8000000000000003
      vertex 10.435045716034882 59.62658663883506 0
      vertex 10 59.33589838486224 0
    endloop
  endfacet
  facet normal -0.4422886902189928 0.8968727415326926 -1.811877145761678e-20
    outer loop
      vertex 9.530733729460358 59.10448186995485 0.8000000000000003
      vertex 10 59.33589838486224 0.8000000000000003
      vertex 10 59.33589838486224 0
    endloop
  endfacet
  facet normal -0.5555702330196073 0.8314696123025417 -3.610887580665606e-18
    outer loop
      vertex 10 59.33589838486224 0.8000000000000003
      vertex 10.435045716034882 59.62658663883506 0.8000000000000003
      vertex 10.435045716034882 59.62658663883506 0
    endloop
  endfacet
  facet normal 0 0 -1
    outer loop
      vertex 9.035276180410083 58.936296694843726 0.8000000000000003
      vertex 9.035276180410083 66.66370330515628 0.8000000000000003
      vertex 9.530733729460358 59.10448186995485 0.8000000000000003
    endloop
  endfacet
  facet normal 0 0 -1
    outer loop
      vertex 9.530733729460358 59.10448186995485 0.8000000000000003
      vertex 9.035276180410083 66.66370330515628 0.8000000000000003
      vertex 9.530733729460358 66.49551813004514 0.8000000000000003
    endloop
  endfacet
  facet normal 0 0 -1
    outer loop
      vertex 9.530733729460358 59.10448186995485 0.8000000000000003
      vertex 9.530733729460358 66.49551813004514 0.8000000000000003
      vertex 10 59.33589838486224 0.8000000000000003
    endloop
  endfacet
  facet normal 0 0 -1
    outer loop
      vertex 10 59.33589838486224 0.8000000000000003
      vertex 10 66.26410161513775 0.8000000000000003
      vertex 10.435045716034882 59.62658663883506 0.8000000000000003
    endloop
  endfacet
  facet normal 0 0 -1
    outer loop
      vertex 10 59.33589838486224 0.8000000000000003
      vertex 9.530733729460358 66.49551813004514 0.8000000000000003
      vertex 10 66.26410161513775 0.8000000000000003
    endloop
  endfacet
  facet normal 0 0 -1
    outer loop
      vertex 10.435045716034882 59.62658663883506 0.8000000000000003
      vertex 10 66.26410161513775 0.8000000000000003
      vertex 10.435045716034882 65.97341336116494 0.8000000000000003
    endloop
  endfacet
  facet normal -0.6593458151000657 0.7518398074789802 0
    outer loop
      vertex 10.435045716034882 59.62658663883506 0.8000000000000003
      vertex 10.82842712474619 59.971572875253806 0
      vertex 10.435045716034882 59.62658663883506 0
    endloop
  endfacet
  facet normal -0.7518398074789769 0.6593458151000693 0
    outer loop
      vertex 10.82842712474619 59.971572875253806 0.8000000000000003
      vertex 11.17341336116494 60.36495428396511 0
      vertex 10.82842712474619 59.971572875253806 0
    endloop
  endfacet
  facet normal -0.6593458151000657 0.7518398074789802 -1.8031085519118467e-18
    outer loop
      vertex 10.435045716034882 59.62658663883506 0.8000000000000003
      vertex 10.82842712474619 59.971572875253806 0.8000000000000003
      vertex 10.82842712474619 59.971572875253806 0
    endloop
  endfacet
  facet normal -0.7518398074789769 0.6593458151000693 4.6481511219810515e-18
    outer loop
      vertex 10.82842712474619 59.971572875253806 0.8000000000000003
      vertex 11.17341336116494 60.36495428396511 0.8000000000000003
      vertex 11.17341336116494 60.36495428396511 0
    endloop
  endfacet
  facet normal -0.831469612302547 0.5555702330195995 0
    outer loop
      vertex 11.17341336116494 60.36495428396511 0.8000000000000003
      vertex 11.464101615137753 60.8 0
      vertex 11.17341336116494 60.36495428396511 0
    endloop
  endfacet
  facet normal -0.896872741532687 0.4422886902190037 0
    outer loop
      vertex 11.464101615137753 60.8 0.8000000000000003
      vertex 11.695518130045148 61.26926627053964 0
      vertex 11.464101615137753 60.8 0
    endloop
  endfacet
  facet normal -0.9469301294951069 0.3214394653031578 0
    outer loop
      vertex 11.695518130045148 61.26926627053964 0.8000000000000003
      vertex 11.863703305156273 61.76472381958992 0
      vertex 11.695518130045148 61.26926627053964 0
    endloop
  endfacet
  facet normal -0.831469612302547 0.5555702330195995 3.101858744106275e-17
    outer loop
      vertex 11.17341336116494 60.36495428396511 0.8000000000000003
      vertex 11.464101615137753 60.8 0.8000000000000003
      vertex 11.464101615137753 60.8 0
    endloop
  endfacet
  facet normal -0.896872741532687 0.4422886902190037 8.745612364842873e-18
    outer loop
      vertex 11.464101615137753 60.8 0.8000000000000003
      vertex 11.695518130045148 61.26926627053964 0.8000000000000003
      vertex 11.695518130045148 61.26926627053964 0
    endloop
  endfacet
  facet normal 0 0 -1
    outer loop
      vertex 10.435045716034882 59.62658663883506 0.8000000000000003
      vertex 10.435045716034882 65.97341336116494 0.8000000000000003
      vertex 10.82842712474619 59.971572875253806 0.8000000000000003
    endloop
  endfacet
  facet normal 0 0 -1
    outer loop
      vertex 10.82842712474619 59.971572875253806 0.8000000000000003
      vertex 10.82842712474619 65.62842712474618 0.8000000000000003
      vertex 11.17341336116494 60.36495428396511 0.8000000000000003
    endloop
  endfacet
  facet normal 0 0 -1
    outer loop
      vertex 10.82842712474619 59.971572875253806 0.8000000000000003
      vertex 10.435045716034882 65.97341336116494 0.8000000000000003
      vertex 10.82842712474619 65.62842712474618 0.8000000000000003
    endloop
  endfacet
  facet normal 0 0 -1
    outer loop
      vertex 11.17341336116494 60.36495428396511 0.8000000000000003
      vertex 10.82842712474619 65.62842712474618 0.8000000000000003
      vertex 11.17341336116494 65.23504571603488 0.8000000000000003
    endloop
  endfacet
  facet normal -0.9807852804032301 0.19509032201613016 0
    outer loop
      vertex 11.863703305156273 61.76472381958992 0.8000000000000003
      vertex 11.965779445495242 62.27789523111979 0
      vertex 11.863703305156273 61.76472381958992 0
    endloop
  endfacet
  facet normal 0 0 -1
    outer loop
      vertex 11.17341336116494 60.36495428396511 0.8000000000000003
      vertex 11.17341336116494 65.23504571603488 0.8000000000000003
      vertex 11.464101615137753 60.8 0.8000000000000003
    endloop
  endfacet
  facet normal -0.9469301294951069 0.3214394653031578 1.5155219219989005e-18
    outer loop
      vertex 11.695518130045148 61.26926627053964 0.8000000000000003
      vertex 11.863703305156273 61.76472381958992 0.8000000000000003
      vertex 11.863703305156273 61.76472381958992 0
    endloop
  endfacet
  facet normal 0 0 -1
    outer loop
      vertex 11.464101615137753 60.8 0.8000000000000003
      vertex 11.464101615137753 64.8 0.8000000000000003
      vertex 11.695518130045148 61.26926627053964 0.8000000000000003
    endloop
  endfacet
  facet normal 0 0 -1
    outer loop
      vertex 11.695518130045148 61.26926627053964 0.8000000000000003
      vertex 11.695518130045148 64.33073372946036 0.8000000000000003
      vertex 11.863703305156273 61.76472381958992 0.8000000000000003
    endloop
  endfacet
  facet normal 0 0 -1
    outer loop
      vertex 11.863703305156273 61.76472381958992 0.8000000000000003
      vertex 11.863703305156273 63.83527618041008 0.8000000000000003
      vertex 11.965779445495242 62.27789523111979 0.8000000000000003
    endloop
  endfacet
  facet normal -0.9469301294951084 -0.3214394653031537 0
    outer loop
      vertex 11.863703305156273 63.83527618041008 0.8000000000000003
      vertex 11.695518130045148 64.33073372946036 0
      vertex 11.863703305156273 63.83527618041008 0
    endloop
  endfacet
  facet normal 0 0 -1
    outer loop
      vertex 11.464101615137753 60.8 0.8000000000000003
      vertex 11.17341336116494 65.23504571603488 0.8000000000000003
      vertex 11.464101615137753 64.8 0.8000000000000003
    endloop
  endfacet
  facet normal 0 0 -1
    outer loop
      vertex 11.695518130045148 61.26926627053964 0.8000000000000003
      vertex 11.464101615137753 64.8 0.8000000000000003
      vertex 11.695518130045148 64.33073372946036 0.8000000000000003
    endloop
  endfacet
  facet normal 0 0 -1
    outer loop
      vertex 11.863703305156273 61.76472381958992 0.8000000000000003
      vertex 11.695518130045148 64.33073372946036 0.8000000000000003
      vertex 11.863703305156273 63.83527618041008 0.8000000000000003
    endloop
  endfacet
  facet normal -0.9807852804032301 -0.19509032201613016 6.265722069615808e-18
    outer loop
      vertex 11.965779445495242 63.3221047688802 0.8000000000000003
      vertex 11.863703305156273 63.83527618041008 0.8000000000000003
      vertex 11.863703305156273 63.83527618041008 0
    endloop
  endfacet
  facet normal -0.9469301294951084 -0.3214394653031537 -5.189354417573829e-18
    outer loop
      vertex 11.863703305156273 63.83527618041008 0.8000000000000003
      vertex 11.695518130045148 64.33073372946036 0.8000000000000003
      vertex 11.695518130045148 64.33073372946036 0
    endloop
  endfacet
  facet normal 0.8968727415326858 -0.4422886902190064 0
    outer loop
      vertex 4.535898384862246 64.8 0.8000000000000003
      vertex 4.304481869954853 64.33073372946036 0
      vertex 4.535898384862246 64.8 0
    endloop
  endfacet
  facet normal 0.8968727415326858 -0.4422886902190064 0
    outer loop
      vertex 4.304481869954853 64.33073372946036 0.8000000000000003
      vertex 4.304481869954853 64.33073372946036 0
      vertex 4.535898384862246 64.8 0.8000000000000003
    endloop
  endfacet
  facet normal 0.8314696123025429 -0.5555702330196058 0
    outer loop
      vertex 4.826586638835059 65.23504571603488 0.8000000000000003
      vertex 4.535898384862246 64.8 0
      vertex 4.826586638835059 65.23504571603488 0
    endloop
  endfacet
  facet normal 0.7518398074789762 -0.6593458151000703 0
    outer loop
      vertex 5.17157287525381 65.62842712474618 0.8000000000000003
      vertex 4.826586638835059 65.23504571603488 0
      vertex 5.17157287525381 65.62842712474618 0
    endloop
  endfacet
  facet normal 0.8314696123025429 -0.5555702330196058 0
    outer loop
      vertex 4.535898384862246 64.8 0.8000000000000003
      vertex 4.535898384862246 64.8 0
      vertex 4.826586638835059 65.23504571603488 0.8000000000000003
    endloop
  endfacet
  facet normal 0.7518398074789762 -0.6593458151000703 0
    outer loop
      vertex 4.826586638835059 65.23504571603488 0.8000000000000003
      vertex 4.826586638835059 65.23504571603488 0
      vertex 5.17157287525381 65.62842712474618 0.8000000000000003
    endloop
  endfacet
  facet normal 0.6593458151000818 -0.751839807478966 0
    outer loop
      vertex 5.564954283965117 65.97341336116494 0.8000000000000003
      vertex 5.17157287525381 65.62842712474618 0
      vertex 5.564954283965117 65.97341336116494 0
    endloop
  endfacet
  facet normal 0.5555702330195879 -0.8314696123025549 0
    outer loop
      vertex 6 66.26410161513775 0.8000000000000003
      vertex 5.564954283965117 65.97341336116494 0
      vertex 6 66.26410161513775 0
    endloop
  endfacet
  facet normal 0.6593458151000818 -0.751839807478966 0
    outer loop
      vertex 5.17157287525381 65.62842712474618 0.8000000000000003
      vertex 5.17157287525381 65.62842712474618 0
      vertex 5.564954283965117 65.97341336116494 0.8000000000000003
    endloop
  endfacet
  facet normal 0.5555702330195879 -0.8314696123025549 0
    outer loop
      vertex 5.564954283965117 65.97341336116494 0.8000000000000003
      vertex 5.564954283965117 65.97341336116494 0
      vertex 6 66.26410161513775 0.8000000000000003
    endloop
  endfacet
  facet normal 0.4422886902190044 -0.8968727415326868 0
    outer loop
      vertex 6.469266270539641 66.49551813004514 0.8000000000000003
      vertex 6 66.26410161513775 0
      vertex 6.469266270539641 66.49551813004514 0
    endloop
  endfacet
  facet normal 0.4422886902190044 -0.8968727415326868 0
    outer loop
      vertex 6 66.26410161513775 0.8000000000000003
      vertex 6 66.26410161513775 0
      vertex 6.469266270539641 66.49551813004514 0.8000000000000003
    endloop
  endfacet
  facet normal 0.3214394653031746 -0.9469301294951012 0
    outer loop
      vertex 6.469266270539641 66.49551813004514 0.8000000000000003
      vertex 6.469266270539641 66.49551813004514 0
      vertex 6.964723819589917 66.66370330515628 0.8000000000000003
    endloop
  endfacet
  facet normal 0.3214394653031746 -0.9469301294951012 0
    outer loop
      vertex 6.964723819589917 66.66370330515628 0.8000000000000003
      vertex 6.469266270539641 66.49551813004514 0
      vertex 6.964723819589917 66.66370330515628 0
    endloop
  endfacet
  facet normal 0.19509032201612297 -0.9807852804032314 0
    outer loop
      vertex 7.477895231119794 66.76577944549524 0.8000000000000003
      vertex 6.964723819589917 66.66370330515628 0
      vertex 7.477895231119794 66.76577944549524 0
    endloop
  endfacet
  facet normal 0.19509032201612297 -0.9807852804032314 0
    outer loop
      vertex 6.964723819589917 66.66370330515628 0.8000000000000003
      vertex 6.964723819589917 66.66370330515628 0
      vertex 7.477895231119794 66.76577944549524 0.8000000000000003
    endloop
  endfacet
  facet normal 0.06540312923013906 -0.9978589232386037 0
    outer loop
      vertex 8 66.8 0.8000000000000003
      vertex 7.477895231119794 66.76577944549524 0
      vertex 8 66.8 0
    endloop
  endfacet
  facet normal 0.06540312923013906 -0.9978589232386037 0
    outer loop
      vertex 7.477895231119794 66.76577944549524 0.8000000000000003
      vertex 7.477895231119794 66.76577944549524 0
      vertex 8 66.8 0.8000000000000003
    endloop
  endfacet
  facet normal -0.06540312923013906 -0.9978589232386037 0
    outer loop
      vertex 8 66.8 0.8000000000000003
      vertex 8 66.8 0
      vertex 8.522104768880206 66.76577944549524 0.8000000000000003
    endloop
  endfacet
  facet normal -0.06540312923013906 -0.9978589232386037 0
    outer loop
      vertex 8.522104768880206 66.76577944549524 0.8000000000000003
      vertex 8 66.8 0
      vertex 8.522104768880206 66.76577944549524 0
    endloop
  endfacet
  facet normal -0.19509032201612297 -0.9807852804032314 0
    outer loop
      vertex 9.035276180410083 66.66370330515628 0.8000000000000003
      vertex 8.522104768880206 66.76577944549524 0
      vertex 9.035276180410083 66.66370330515628 0
    endloop
  endfacet
  facet normal -0.19509032201612297 -0.9807852804032314 0
    outer loop
      vertex 8.522104768880206 66.76577944549524 0.8000000000000003
      vertex 8.522104768880206 66.76577944549524 0
      vertex 9.035276180410083 66.66370330515628 0.8000000000000003
    endloop
  endfacet
  facet normal -0.32143946530317513 -0.9469301294951011 0
    outer loop
      vertex 9.530733729460358 66.49551813004514 0.8000000000000003
      vertex 9.035276180410083 66.66370330515628 0
      vertex 9.530733729460358 66.49551813004514 0
    endloop
  endfacet
  facet normal -0.32143946530317513 -0.9469301294951011 0
    outer loop
      vertex 9.035276180410083 66.66370330515628 0.8000000000000003
      vertex 9.035276180410083 66.66370330515628 0
      vertex 9.530733729460358 66.49551813004514 0.8000000000000003
    endloop
  endfacet
  facet normal -0.4422886902190037 -0.896872741532687 0
    outer loop
      vertex 10 66.26410161513775 0.8000000000000003
      vertex 9.530733729460358 66.49551813004514 0
      vertex 10 66.26410161513775 0
    endloop
  endfacet
  facet normal -0.5555702330195886 -0.8314696123025545 0
    outer loop
      vertex 10.435045716034882 65.97341336116494 0.8000000000000003
      vertex 10 66.26410161513775 0
      vertex 10.435045716034882 65.97341336116494 0
    endloop
  endfacet
  facet normal -0.4422886902190037 -0.896872741532687 -8.745612364842873e-18
    outer loop
      vertex 10 66.26410161513775 0.8000000000000003
      vertex 9.530733729460358 66.49551813004514 0.8000000000000003
      vertex 9.530733729460358 66.49551813004514 0
    endloop
  endfacet
  facet normal -0.5555702330195886 -0.8314696123025545 0
    outer loop
      vertex 10 66.26410161513775 0.8000000000000003
      vertex 10 66.26410161513775 0
      vertex 10.435045716034882 65.97341336116494 0.8000000000000003
    endloop
  endfacet
  facet normal -0.7518398074789769 -0.6593458151000693 0
    outer loop
      vertex 11.17341336116494 65.23504571603488 0.8000000000000003
      vertex 10.82842712474619 65.62842712474618 0
      vertex 11.17341336116494 65.23504571603488 0
    endloop
  endfacet
  facet normal -0.7518398074789769 -0.6593458151000693 -4.6481511219810515e-18
    outer loop
      vertex 11.17341336116494 65.23504571603488 0.8000000000000003
      vertex 10.82842712474619 65.62842712474618 0.8000000000000003
      vertex 10.82842712474619 65.62842712474618 0
    endloop
  endfacet
  facet normal -0.6593458151000811 -0.7518398074789667 0
    outer loop
      vertex 10.82842712474619 65.62842712474618 0.8000000000000003
      vertex 10.435045716034882 65.97341336116494 0
      vertex 10.82842712474619 65.62842712474618 0
    endloop
  endfacet
  facet normal -0.6593458151000811 -0.7518398074789667 0
    outer loop
      vertex 10.435045716034882 65.97341336116494 0.8000000000000003
      vertex 10.435045716034882 65.97341336116494 0
      vertex 10.82842712474619 65.62842712474618 0.8000000000000003
    endloop
  endfacet
  facet normal -0.8314696123025429 -0.5555702330196058 0
    outer loop
      vertex 11.464101615137753 64.8 0.8000000000000003
      vertex 11.17341336116494 65.23504571603488 0
      vertex 11.464101615137753 64.8 0
    endloop
  endfacet
  facet normal -0.8968727415326844 -0.4422886902190091 0
    outer loop
      vertex 11.695518130045148 64.33073372946036 0.8000000000000003
      vertex 11.464101615137753 64.8 0
      vertex 11.695518130045148 64.33073372946036 0
    endloop
  endfacet
  facet normal -0.8314696123025429 -0.5555702330196058 0
    outer loop
      vertex 11.17341336116494 65.23504571603488 0.8000000000000003
      vertex 11.17341336116494 65.23504571603488 0
      vertex 11.464101615137753 64.8 0.8000000000000003
    endloop
  endfacet
  facet normal -0.8968727415326844 -0.4422886902190091 7.342768030815313e-18
    outer loop
      vertex 11.695518130045148 64.33073372946036 0.8000000000000003
      vertex 11.464101615137753 64.8 0.8000000000000003
      vertex 11.464101615137753 64.8 0
    endloop
  endfacet
  facet normal -0.9978589232386036 0.06540312923014267 0
    outer loop
      vertex 11.965779445495242 62.27789523111979 0.8000000000000003
      vertex 12 62.8 0
      vertex 11.965779445495242 62.27789523111979 0
    endloop
  endfacet
  facet normal -0.9807852804032301 0.19509032201613016 -6.265722069615808e-18
    outer loop
      vertex 11.863703305156273 61.76472381958992 0.8000000000000003
      vertex 11.965779445495242 62.27789523111979 0.8000000000000003
      vertex 11.965779445495242 62.27789523111979 0
    endloop
  endfacet
  facet normal -0.9978589232386036 0.06540312923014267 2.7857319496967736e-18
    outer loop
      vertex 11.965779445495242 62.27789523111979 0.8000000000000003
      vertex 12 62.8 0.8000000000000003
      vertex 12 62.8 0
    endloop
  endfacet
  facet normal 0 0 -1
    outer loop
      vertex 11.965779445495242 62.27789523111979 0.8000000000000003
      vertex 11.965779445495242 63.3221047688802 0.8000000000000003
      vertex 12 62.8 0.8000000000000003
    endloop
  endfacet
  facet normal -0.9978589232386036 -0.06540312923014267 0
    outer loop
      vertex 12 62.8 0.8000000000000003
      vertex 11.965779445495242 63.3221047688802 0
      vertex 12 62.8 0
    endloop
  endfacet
  facet normal -0.9807852804032301 -0.19509032201613016 0
    outer loop
      vertex 11.965779445495242 63.3221047688802 0.8000000000000003
      vertex 11.863703305156273 63.83527618041008 0
      vertex 11.965779445495242 63.3221047688802 0
    endloop
  endfacet
  facet normal -0.9978589232386036 -0.06540312923014267 -2.7857319496967736e-18
    outer loop
      vertex 12 62.8 0.8000000000000003
      vertex 11.965779445495242 63.3221047688802 0.8000000000000003
      vertex 11.965779445495242 63.3221047688802 0
    endloop
  endfacet
  facet normal 0 0 -1
    outer loop
      vertex 11.965779445495242 62.27789523111979 0.8000000000000003
      vertex 11.863703305156273 63.83527618041008 0.8000000000000003
      vertex 11.965779445495242 63.3221047688802 0.8000000000000003
    endloop
  endfacet
  facet normal 0.9807852804032291 0.1950903220161354 0
    outer loop
      vertex 35.63422055450475 22.277895231119793 0.8000000000000003
      vertex 35.73629669484372 21.764723819589914 0
      vertex 35.63422055450475 22.277895231119793 0
    endloop
  endfacet
  facet normal 0.9978589232386037 0.06540312923013929 0
    outer loop
      vertex 35.599999999999994 22.799999999999997 0.8000000000000003
      vertex 35.63422055450475 22.277895231119793 0
      vertex 35.599999999999994 22.799999999999997 0
    endloop
  endfacet
  facet normal 0.9978589232386037 0.06540312923013929 0
    outer loop
      vertex 35.63422055450475 22.277895231119793 0.8000000000000003
      vertex 35.63422055450475 22.277895231119793 0
      vertex 35.599999999999994 22.799999999999997 0.8000000000000003
    endloop
  endfacet
  facet normal 0 0 -1
    outer loop
      vertex 35.73629669484372 21.764723819589914 0.8000000000000003
      vertex 35.63422055450475 22.277895231119793 0.8000000000000003
      vertex 35.63422055450475 23.3221047688802 0.8000000000000003
    endloop
  endfacet
  facet normal 0.9978589232386037 -0.06540312923013929 0
    outer loop
      vertex 35.63422055450475 23.3221047688802 0.8000000000000003
      vertex 35.599999999999994 22.799999999999997 0
      vertex 35.63422055450475 23.3221047688802 0
    endloop
  endfacet
  facet normal 0.9978589232386037 -0.06540312923013929 0
    outer loop
      vertex 35.599999999999994 22.799999999999997 0.8000000000000003
      vertex 35.599999999999994 22.799999999999997 0
      vertex 35.63422055450475 23.3221047688802 0.8000000000000003
    endloop
  endfacet
  facet normal 0 0 -1
    outer loop
      vertex 35.63422055450475 22.277895231119793 0.8000000000000003
      vertex 35.599999999999994 22.799999999999997 0.8000000000000003
      vertex 35.63422055450475 23.3221047688802 0.8000000000000003
    endloop
  endfacet
  facet normal 0.9807852804032291 -0.1950903220161354 0
    outer loop
      vertex 35.63422055450475 23.3221047688802 0.8000000000000003
      vertex 35.63422055450475 23.3221047688802 0
      vertex 35.73629669484372 23.83527618041008 0.8000000000000003
    endloop
  endfacet
  facet normal 0.8968727415326926 0.4422886902189928 0
    outer loop
      vertex 35.90448186995485 21.26926627053964 0.8000000000000003
      vertex 36.13589838486224 20.799999999999997 0
      vertex 35.90448186995485 21.26926627053964 0
    endloop
  endfacet
  facet normal 0.8314696123025417 0.5555702330196073 0
    outer loop
      vertex 36.13589838486224 20.799999999999997 0.8000000000000003
      vertex 36.426586638835055 20.364954283965115 0
      vertex 36.13589838486224 20.799999999999997 0
    endloop
  endfacet
  facet normal 0.8968727415326926 0.4422886902189928 0
    outer loop
      vertex 36.13589838486224 20.799999999999997 0.8000000000000003
      vertex 36.13589838486224 20.799999999999997 0
      vertex 35.90448186995485 21.26926627053964 0.8000000000000003
    endloop
  endfacet
  facet normal 0.8314696123025417 0.5555702330196073 3.610887580665606e-18
    outer loop
      vertex 36.13589838486224 20.799999999999997 0.8000000000000003
      vertex 36.426586638835055 20.364954283965115 0.8000000000000003
      vertex 36.426586638835055 20.364954283965115 0
    endloop
  endfacet
  facet normal 0.6593458151000674 0.7518398074789787 0
    outer loop
      vertex 36.7715728752538 19.971572875253806 0.8000000000000003
      vertex 37.16495428396511 19.626586638835057 0
      vertex 36.7715728752538 19.971572875253806 0
    endloop
  endfacet
  facet normal 0.6593458151000674 0.7518398074789787 7.049410036756513e-18
    outer loop
      vertex 36.7715728752538 19.971572875253806 0.8000000000000003
      vertex 37.16495428396511 19.626586638835057 0.8000000000000003
      vertex 37.16495428396511 19.626586638835057 0
    endloop
  endfacet
  facet normal 0.7518398074789817 0.6593458151000641 0
    outer loop
      vertex 36.426586638835055 20.364954283965115 0.8000000000000003
      vertex 36.7715728752538 19.971572875253806 0
      vertex 36.426586638835055 20.364954283965115 0
    endloop
  endfacet
  facet normal 0.7518398074789817 0.6593458151000641 0
    outer loop
      vertex 36.7715728752538 19.971572875253806 0.8000000000000003
      vertex 36.7715728752538 19.971572875253806 0
      vertex 36.426586638835055 20.364954283965115 0.8000000000000003
    endloop
  endfacet
  facet normal 0.5555702330195995 0.831469612302547 0
    outer loop
      vertex 37.16495428396511 19.626586638835057 0.8000000000000003
      vertex 37.599999999999994 19.335898384862244 0
      vertex 37.16495428396511 19.626586638835057 0
    endloop
  endfacet
  facet normal 0.4422886902190037 0.896872741532687 0
    outer loop
      vertex 37.599999999999994 19.335898384862244 0.8000000000000003
      vertex 38.069266270539636 19.10448186995485 0
      vertex 37.599999999999994 19.335898384862244 0
    endloop
  endfacet
  facet normal 0.5555702330195995 0.831469612302547 -3.101858744106275e-17
    outer loop
      vertex 37.16495428396511 19.626586638835057 0.8000000000000003
      vertex 37.599999999999994 19.335898384862244 0.8000000000000003
      vertex 37.599999999999994 19.335898384862244 0
    endloop
  endfacet
  facet normal 0.4422886902190037 0.896872741532687 0
    outer loop
      vertex 38.069266270539636 19.10448186995485 0.8000000000000003
      vertex 38.069266270539636 19.10448186995485 0
      vertex 37.599999999999994 19.335898384862244 0.8000000000000003
    endloop
  endfacet
  facet normal 0.3214394653031608 0.9469301294951059 0
    outer loop
      vertex 38.069266270539636 19.10448186995485 0.8000000000000003
      vertex 38.564723819589915 18.936296694843723 0
      vertex 38.069266270539636 19.10448186995485 0
    endloop
  endfacet
  facet normal 0.3214394653031608 0.9469301294951059 -1.5392853901399778e-17
    outer loop
      vertex 38.069266270539636 19.10448186995485 0.8000000000000003
      vertex 38.564723819589915 18.936296694843723 0.8000000000000003
      vertex 38.564723819589915 18.936296694843723 0
    endloop
  endfacet
  facet normal 0.1950903220161236 0.9807852804032314 0
    outer loop
      vertex 38.564723819589915 18.936296694843723 0.8000000000000003
      vertex 39.07789523111979 18.834220554504757 0
      vertex 38.564723819589915 18.936296694843723 0
    endloop
  endfacet
  facet normal 0.06540312923014605 0.9978589232386033 0
    outer loop
      vertex 39.07789523111979 18.834220554504757 0.8000000000000003
      vertex 39.599999999999994 18.799999999999997 0
      vertex 39.07789523111979 18.834220554504757 0
    endloop
  endfacet
  facet normal 0.1950903220161236 0.9807852804032314 2.018019596836974e-18
    outer loop
      vertex 38.564723819589915 18.936296694843723 0.8000000000000003
      vertex 39.07789523111979 18.834220554504757 0.8000000000000003
      vertex 39.07789523111979 18.834220554504757 0
    endloop
  endfacet
  facet normal -0.06540312923014605 0.9978589232386033 0
    outer loop
      vertex 39.599999999999994 18.799999999999997 0.8000000000000003
      vertex 40.1221047688802 18.834220554504757 0
      vertex 39.599999999999994 18.799999999999997 0
    endloop
  endfacet
  facet normal 0.06540312923014605 0.9978589232386033 2.870070732254583e-18
    outer loop
      vertex 39.07789523111979 18.834220554504757 0.8000000000000003
      vertex 39.599999999999994 18.799999999999997 0.8000000000000003
      vertex 39.599999999999994 18.799999999999997 0
    endloop
  endfacet
  facet normal -0.06540312923014605 0.9978589232386033 -2.870070732254583e-18
    outer loop
      vertex 39.599999999999994 18.799999999999997 0.8000000000000003
      vertex 40.1221047688802 18.834220554504757 0.8000000000000003
      vertex 40.1221047688802 18.834220554504757 0
    endloop
  endfacet
  facet normal -0.1950903220161236 0.9807852804032314 0
    outer loop
      vertex 40.1221047688802 18.834220554504757 0.8000000000000003
      vertex 40.635276180410074 18.936296694843723 0
      vertex 40.1221047688802 18.834220554504757 0
    endloop
  endfacet
  facet normal -0.3214394653031608 0.9469301294951059 0
    outer loop
      vertex 40.635276180410074 18.936296694843723 0.8000000000000003
      vertex 41.13073372946035 19.10448186995485 0
      vertex 40.635276180410074 18.936296694843723 0
    endloop
  endfacet
  facet normal -0.1950903220161236 0.9807852804032314 -2.018019596836974e-18
    outer loop
      vertex 40.1221047688802 18.834220554504757 0.8000000000000003
      vertex 40.635276180410074 18.936296694843723 0.8000000000000003
      vertex 40.635276180410074 18.936296694843723 0
    endloop
  endfacet
  facet normal -0.4422886902190037 0.896872741532687 0
    outer loop
      vertex 41.13073372946035 19.10448186995485 0.8000000000000003
      vertex 41.599999999999994 19.335898384862244 0
      vertex 41.13073372946035 19.10448186995485 0
    endloop
  endfacet
  facet normal -0.3214394653031608 0.9469301294951059 1.5392853901399778e-17
    outer loop
      vertex 40.635276180410074 18.936296694843723 0.8000000000000003
      vertex 41.13073372946035 19.10448186995485 0.8000000000000003
      vertex 41.13073372946035 19.10448186995485 0
    endloop
  endfacet
  facet normal -0.4422886902190037 0.896872741532687 8.745612364842873e-18
    outer loop
      vertex 41.13073372946035 19.10448186995485 0.8000000000000003
      vertex 41.599999999999994 19.335898384862244 0.8000000000000003
      vertex 41.599999999999994 19.335898384862244 0
    endloop
  endfacet
  facet normal -0.5555702330195995 0.831469612302547 0
    outer loop
      vertex 41.599999999999994 19.335898384862244 0.8000000000000003
      vertex 42.03504571603488 19.626586638835057 0
      vertex 41.599999999999994 19.335898384862244 0
    endloop
  endfacet
  facet normal -0.6593458151000674 0.7518398074789787 0
    outer loop
      vertex 42.03504571603488 19.626586638835057 0.8000000000000003
      vertex 42.428427124746186 19.971572875253806 0
      vertex 42.03504571603488 19.626586638835057 0
    endloop
  endfacet
  facet normal -0.5555702330195995 0.831469612302547 3.101858744106275e-17
    outer loop
      vertex 41.599999999999994 19.335898384862244 0.8000000000000003
      vertex 42.03504571603488 19.626586638835057 0.8000000000000003
      vertex 42.03504571603488 19.626586638835057 0
    endloop
  endfacet
  facet normal -0.6593458151000674 0.7518398074789787 -7.049410036756513e-18
    outer loop
      vertex 42.03504571603488 19.626586638835057 0.8000000000000003
      vertex 42.428427124746186 19.971572875253806 0.8000000000000003
      vertex 42.428427124746186 19.971572875253806 0
    endloop
  endfacet
  facet normal -0.7518398074789817 0.6593458151000641 0
    outer loop
      vertex 42.428427124746186 19.971572875253806 0.8000000000000003
      vertex 42.773413361164934 20.364954283965115 0
      vertex 42.428427124746186 19.971572875253806 0
    endloop
  endfacet
  facet normal -0.8314696123025417 0.5555702330196073 0
    outer loop
      vertex 42.773413361164934 20.364954283965115 0.8000000000000003
      vertex 43.06410161513775 20.799999999999997 0
      vertex 42.773413361164934 20.364954283965115 0
    endloop
  endfacet
  facet normal -0.7518398074789817 0.6593458151000641 3.4431929329327937e-18
    outer loop
      vertex 42.428427124746186 19.971572875253806 0.8000000000000003
      vertex 42.773413361164934 20.364954283965115 0.8000000000000003
      vertex 42.773413361164934 20.364954283965115 0
    endloop
  endfacet
  facet normal -0.8314696123025417 0.5555702330196073 -3.610887580665606e-18
    outer loop
      vertex 42.773413361164934 20.364954283965115 0.8000000000000003
      vertex 43.06410161513775 20.799999999999997 0.8000000000000003
      vertex 43.06410161513775 20.799999999999997 0
    endloop
  endfacet
  facet normal -0.8968727415326926 0.4422886902189928 0
    outer loop
      vertex 43.06410161513775 20.799999999999997 0.8000000000000003
      vertex 43.29551813004514 21.26926627053964 0
      vertex 43.06410161513775 20.799999999999997 0
    endloop
  endfacet
  facet normal -0.8968727415326926 0.4422886902189928 -1.811877145761678e-20
    outer loop
      vertex 43.06410161513775 20.799999999999997 0.8000000000000003
      vertex 43.29551813004514 21.26926627053964 0.8000000000000003
      vertex 43.29551813004514 21.26926627053964 0
    endloop
  endfacet
  facet normal 0.9469301294951052 0.321439465303163 0
    outer loop
      vertex 35.73629669484372 21.764723819589914 0.8000000000000003
      vertex 35.90448186995485 21.26926627053964 0
      vertex 35.73629669484372 21.764723819589914 0
    endloop
  endfacet
  facet normal 0.9469301294951052 0.321439465303163 0
    outer loop
      vertex 35.90448186995485 21.26926627053964 0.8000000000000003
      vertex 35.90448186995485 21.26926627053964 0
      vertex 35.73629669484372 21.764723819589914 0.8000000000000003
    endloop
  endfacet
  facet normal 0.9807852804032291 0.1950903220161354 0
    outer loop
      vertex 35.73629669484372 21.764723819589914 0.8000000000000003
      vertex 35.73629669484372 21.764723819589914 0
      vertex 35.63422055450475 22.277895231119793 0.8000000000000003
    endloop
  endfacet
  facet normal 0 0 -1
    outer loop
      vertex 35.90448186995485 21.26926627053964 0.8000000000000003
      vertex 35.73629669484372 21.764723819589914 0.8000000000000003
      vertex 35.73629669484372 23.83527618041008 0.8000000000000003
    endloop
  endfacet
  facet normal 0 0 -1
    outer loop
      vertex 36.13589838486224 20.799999999999997 0.8000000000000003
      vertex 35.90448186995485 21.26926627053964 0.8000000000000003
      vertex 35.90448186995485 24.330733729460356 0.8000000000000003
    endloop
  endfacet
  facet normal 0 0 -1
    outer loop
      vertex 36.13589838486224 20.799999999999997 0.8000000000000003
      vertex 36.13589838486224 24.799999999999997 0.8000000000000003
      vertex 36.426586638835055 20.364954283965115 0.8000000000000003
    endloop
  endfacet
  facet normal 0.9807852804032291 -0.1950903220161354 0
    outer loop
      vertex 35.73629669484372 23.83527618041008 0.8000000000000003
      vertex 35.63422055450475 23.3221047688802 0
      vertex 35.73629669484372 23.83527618041008 0
    endloop
  endfacet
  facet normal 0 0 -1
    outer loop
      vertex 35.73629669484372 21.764723819589914 0.8000000000000003
      vertex 35.63422055450475 23.3221047688802 0.8000000000000003
      vertex 35.73629669484372 23.83527618041008 0.8000000000000003
    endloop
  endfacet
  facet normal 0 0 -1
    outer loop
      vertex 35.90448186995485 21.26926627053964 0.8000000000000003
      vertex 35.73629669484372 23.83527618041008 0.8000000000000003
      vertex 35.90448186995485 24.330733729460356 0.8000000000000003
    endloop
  endfacet
  facet normal 0 0 -1
    outer loop
      vertex 36.13589838486224 20.799999999999997 0.8000000000000003
      vertex 35.90448186995485 24.330733729460356 0.8000000000000003
      vertex 36.13589838486224 24.799999999999997 0.8000000000000003
    endloop
  endfacet
  facet normal 0.9469301294951052 -0.321439465303163 0
    outer loop
      vertex 35.73629669484372 23.83527618041008 0.8000000000000003
      vertex 35.73629669484372 23.83527618041008 0
      vertex 35.90448186995485 24.330733729460356 0.8000000000000003
    endloop
  endfacet
  facet normal 0 0 -1
    outer loop
      vertex 36.426586638835055 20.364954283965115 0.8000000000000003
      vertex 36.13589838486224 24.799999999999997 0.8000000000000003
      vertex 36.426586638835055 25.23504571603488 0.8000000000000003
    endloop
  endfacet
  facet normal 0 0 -1
    outer loop
      vertex 36.7715728752538 19.971572875253806 0.8000000000000003
      vertex 36.426586638835055 20.364954283965115 0.8000000000000003
      vertex 36.426586638835055 25.23504571603488 0.8000000000000003
    endloop
  endfacet
  facet normal 0 0 -1
    outer loop
      vertex 36.7715728752538 19.971572875253806 0.8000000000000003
      vertex 36.7715728752538 25.62842712474619 0.8000000000000003
      vertex 37.16495428396511 19.626586638835057 0.8000000000000003
    endloop
  endfacet
  facet normal 0 0 -1
    outer loop
      vertex 36.7715728752538 19.971572875253806 0.8000000000000003
      vertex 36.426586638835055 25.23504571603488 0.8000000000000003
      vertex 36.7715728752538 25.62842712474619 0.8000000000000003
    endloop
  endfacet
  facet normal 0 0 -1
    outer loop
      vertex 37.16495428396511 19.626586638835057 0.8000000000000003
      vertex 36.7715728752538 25.62842712474619 0.8000000000000003
      vertex 37.16495428396511 25.973413361164937 0.8000000000000003
    endloop
  endfacet
  facet normal 0.9469301294951052 -0.321439465303163 0
    outer loop
      vertex 35.90448186995485 24.330733729460356 0.8000000000000003
      vertex 35.73629669484372 23.83527618041008 0
      vertex 35.90448186995485 24.330733729460356 0
    endloop
  endfacet
  facet normal 0.8968727415326926 -0.4422886902189928 0
    outer loop
      vertex 36.13589838486224 24.799999999999997 0.8000000000000003
      vertex 35.90448186995485 24.330733729460356 0
      vertex 36.13589838486224 24.799999999999997 0
    endloop
  endfacet
  facet normal 0.8314696123025417 -0.5555702330196073 0
    outer loop
      vertex 36.426586638835055 25.23504571603488 0.8000000000000003
      vertex 36.13589838486224 24.799999999999997 0
      vertex 36.426586638835055 25.23504571603488 0
    endloop
  endfacet
  facet normal 0.8968727415326926 -0.4422886902189928 0
    outer loop
      vertex 35.90448186995485 24.330733729460356 0.8000000000000003
      vertex 35.90448186995485 24.330733729460356 0
      vertex 36.13589838486224 24.799999999999997 0.8000000000000003
    endloop
  endfacet
  facet normal 0.8314696123025417 -0.5555702330196073 0
    outer loop
      vertex 36.13589838486224 24.799999999999997 0.8000000000000003
      vertex 36.13589838486224 24.799999999999997 0
      vertex 36.426586638835055 25.23504571603488 0.8000000000000003
    endloop
  endfacet
  facet normal 0.7518398074789817 -0.6593458151000641 0
    outer loop
      vertex 36.426586638835055 25.23504571603488 0.8000000000000003
      vertex 36.426586638835055 25.23504571603488 0
      vertex 36.7715728752538 25.62842712474619 0.8000000000000003
    endloop
  endfacet
  facet normal 0.7518398074789817 -0.6593458151000641 0
    outer loop
      vertex 36.7715728752538 25.62842712474619 0.8000000000000003
      vertex 36.426586638835055 25.23504571603488 0
      vertex 36.7715728752538 25.62842712474619 0
    endloop
  endfacet
  facet normal 0.6593458151000674 -0.7518398074789787 0
    outer loop
      vertex 37.16495428396511 25.973413361164937 0.8000000000000003
      vertex 36.7715728752538 25.62842712474619 0
      vertex 37.16495428396511 25.973413361164937 0
    endloop
  endfacet
  facet normal 0.6593458151000674 -0.7518398074789787 0
    outer loop
      vertex 36.7715728752538 25.62842712474619 0.8000000000000003
      vertex 36.7715728752538 25.62842712474619 0
      vertex 37.16495428396511 25.973413361164937 0.8000000000000003
    endloop
  endfacet
  facet normal 0 0 -1
    outer loop
      vertex 37.16495428396511 19.626586638835057 0.8000000000000003
      vertex 37.16495428396511 25.973413361164937 0.8000000000000003
      vertex 37.599999999999994 19.335898384862244 0.8000000000000003
    endloop
  endfacet
  facet normal 0 0 -1
    outer loop
      vertex 38.069266270539636 19.10448186995485 0.8000000000000003
      vertex 37.599999999999994 19.335898384862244 0.8000000000000003
      vertex 37.599999999999994 26.26410161513775 0.8000000000000003
    endloop
  endfacet
  facet normal 0 0 -1
    outer loop
      vertex 37.599999999999994 19.335898384862244 0.8000000000000003
      vertex 37.16495428396511 25.973413361164937 0.8000000000000003
      vertex 37.599999999999994 26.26410161513775 0.8000000000000003
    endloop
  endfacet
  facet normal 0 0 -1
    outer loop
      vertex 38.069266270539636 19.10448186995485 0.8000000000000003
      vertex 37.599999999999994 26.26410161513775 0.8000000000000003
      vertex 38.069266270539636 26.495518130045145 0.8000000000000003
    endloop
  endfacet
  facet normal 0 0 -1
    outer loop
      vertex 38.069266270539636 19.10448186995485 0.8000000000000003
      vertex 38.069266270539636 26.495518130045145 0.8000000000000003
      vertex 38.564723819589915 18.936296694843723 0.8000000000000003
    endloop
  endfacet
  facet normal 0 0 -1
    outer loop
      vertex 38.564723819589915 18.936296694843723 0.8000000000000003
      vertex 38.069266270539636 26.495518130045145 0.8000000000000003
      vertex 38.564723819589915 26.66370330515627 0.8000000000000003
    endloop
  endfacet
  facet normal 0.5555702330195995 -0.831469612302547 0
    outer loop
      vertex 37.599999999999994 26.26410161513775 0.8000000000000003
      vertex 37.16495428396511 25.973413361164937 0
      vertex 37.599999999999994 26.26410161513775 0
    endloop
  endfacet
  facet normal 0.4422886902190037 -0.896872741532687 0
    outer loop
      vertex 38.069266270539636 26.495518130045145 0.8000000000000003
      vertex 37.599999999999994 26.26410161513775 0
      vertex 38.069266270539636 26.495518130045145 0
    endloop
  endfacet
  facet normal 0.5555702330195995 -0.831469612302547 0
    outer loop
      vertex 37.16495428396511 25.973413361164937 0.8000000000000003
      vertex 37.16495428396511 25.973413361164937 0
      vertex 37.599999999999994 26.26410161513775 0.8000000000000003
    endloop
  endfacet
  facet normal 0.4422886902190037 -0.896872741532687 0
    outer loop
      vertex 37.599999999999994 26.26410161513775 0.8000000000000003
      vertex 37.599999999999994 26.26410161513775 0
      vertex 38.069266270539636 26.495518130045145 0.8000000000000003
    endloop
  endfacet
  facet normal 0.3214394653031608 -0.9469301294951059 0
    outer loop
      vertex 38.564723819589915 26.66370330515627 0.8000000000000003
      vertex 38.069266270539636 26.495518130045145 0
      vertex 38.564723819589915 26.66370330515627 0
    endloop
  endfacet
  facet normal 0.3214394653031608 -0.9469301294951059 0
    outer loop
      vertex 38.069266270539636 26.495518130045145 0.8000000000000003
      vertex 38.069266270539636 26.495518130045145 0
      vertex 38.564723819589915 26.66370330515627 0.8000000000000003
    endloop
  endfacet
  facet normal 0 0 -1
    outer loop
      vertex 38.564723819589915 18.936296694843723 0.8000000000000003
      vertex 38.564723819589915 26.66370330515627 0.8000000000000003
      vertex 39.07789523111979 18.834220554504757 0.8000000000000003
    endloop
  endfacet
  facet normal 0 0 -1
    outer loop
      vertex 39.07789523111979 18.834220554504757 0.8000000000000003
      vertex 39.07789523111979 26.765779445495237 0.8000000000000003
      vertex 39.599999999999994 18.799999999999997 0.8000000000000003
    endloop
  endfacet
  facet normal 0 0 -1
    outer loop
      vertex 39.599999999999994 18.799999999999997 0.8000000000000003
      vertex 39.599999999999994 26.799999999999997 0.8000000000000003
      vertex 40.1221047688802 18.834220554504757 0.8000000000000003
    endloop
  endfacet
  facet normal 0 0 -1
    outer loop
      vertex 39.07789523111979 18.834220554504757 0.8000000000000003
      vertex 38.564723819589915 26.66370330515627 0.8000000000000003
      vertex 39.07789523111979 26.765779445495237 0.8000000000000003
    endloop
  endfacet
  facet normal 0.1950903220161236 -0.9807852804032314 0
    outer loop
      vertex 39.07789523111979 26.765779445495237 0.8000000000000003
      vertex 38.564723819589915 26.66370330515627 0
      vertex 39.07789523111979 26.765779445495237 0
    endloop
  endfacet
  facet normal 0.1950903220161236 -0.9807852804032314 0
    outer loop
      vertex 38.564723819589915 26.66370330515627 0.8000000000000003
      vertex 38.564723819589915 26.66370330515627 0
      vertex 39.07789523111979 26.765779445495237 0.8000000000000003
    endloop
  endfacet
  facet normal 0 0 -1
    outer loop
      vertex 39.599999999999994 18.799999999999997 0.8000000000000003
      vertex 39.07789523111979 26.765779445495237 0.8000000000000003
      vertex 39.599999999999994 26.799999999999997 0.8000000000000003
    endloop
  endfacet
  facet normal 0 0 -1
    outer loop
      vertex 40.1221047688802 18.834220554504757 0.8000000000000003
      vertex 39.599999999999994 26.799999999999997 0.8000000000000003
      vertex 40.1221047688802 26.765779445495237 0.8000000000000003
    endloop
  endfacet
  facet normal 0 0 -1
    outer loop
      vertex 40.1221047688802 18.834220554504757 0.8000000000000003
      vertex 40.1221047688802 26.765779445495237 0.8000000000000003
      vertex 40.635276180410074 18.936296694843723 0.8000000000000003
    endloop
  endfacet
  facet normal 0 0 -1
    outer loop
      vertex 40.635276180410074 18.936296694843723 0.8000000000000003
      vertex 40.635276180410074 26.66370330515627 0.8000000000000003
      vertex 41.13073372946035 19.10448186995485 0.8000000000000003
    endloop
  endfacet
  facet normal 0 0 -1
    outer loop
      vertex 41.13073372946035 19.10448186995485 0.8000000000000003
      vertex 41.13073372946035 26.495518130045145 0.8000000000000003
      vertex 41.599999999999994 19.335898384862244 0.8000000000000003
    endloop
  endfacet
  facet normal 0 0 -1
    outer loop
      vertex 41.599999999999994 19.335898384862244 0.8000000000000003
      vertex 41.13073372946035 26.495518130045145 0.8000000000000003
      vertex 41.599999999999994 26.26410161513775 0.8000000000000003
    endloop
  endfacet
  facet normal 0 0 -1
    outer loop
      vertex 40.635276180410074 18.936296694843723 0.8000000000000003
      vertex 40.1221047688802 26.765779445495237 0.8000000000000003
      vertex 40.635276180410074 26.66370330515627 0.8000000000000003
    endloop
  endfacet
  facet normal -0.1950903220161236 -0.9807852804032314 0
    outer loop
      vertex 40.635276180410074 26.66370330515627 0.8000000000000003
      vertex 40.1221047688802 26.765779445495237 0
      vertex 40.635276180410074 26.66370330515627 0
    endloop
  endfacet
  facet normal -0.1950903220161236 -0.9807852804032314 0
    outer loop
      vertex 40.1221047688802 26.765779445495237 0.8000000000000003
      vertex 40.1221047688802 26.765779445495237 0
      vertex 40.635276180410074 26.66370330515627 0.8000000000000003
    endloop
  endfacet
  facet normal -0.3214394653031608 -0.9469301294951059 0
    outer loop
      vertex 40.635276180410074 26.66370330515627 0.8000000000000003
      vertex 40.635276180410074 26.66370330515627 0
      vertex 41.13073372946035 26.495518130045145 0.8000000000000003
    endloop
  endfacet
  facet normal 0 0 -1
    outer loop
      vertex 41.13073372946035 19.10448186995485 0.8000000000000003
      vertex 40.635276180410074 26.66370330515627 0.8000000000000003
      vertex 41.13073372946035 26.495518130045145 0.8000000000000003
    endloop
  endfacet
  facet normal -0.3214394653031608 -0.9469301294951059 0
    outer loop
      vertex 41.13073372946035 26.495518130045145 0.8000000000000003
      vertex 40.635276180410074 26.66370330515627 0
      vertex 41.13073372946035 26.495518130045145 0
    endloop
  endfacet
  facet normal -0.4422886902190037 -0.896872741532687 0
    outer loop
      vertex 41.599999999999994 26.26410161513775 0.8000000000000003
      vertex 41.13073372946035 26.495518130045145 0
      vertex 41.599999999999994 26.26410161513775 0
    endloop
  endfacet
  facet normal -0.4422886902190037 -0.896872741532687 0
    outer loop
      vertex 41.13073372946035 26.495518130045145 0.8000000000000003
      vertex 41.13073372946035 26.495518130045145 0
      vertex 41.599999999999994 26.26410161513775 0.8000000000000003
    endloop
  endfacet
  facet normal 0.06540312923014605 -0.9978589232386033 0
    outer loop
      vertex 39.07789523111979 26.765779445495237 0.8000000000000003
      vertex 39.07789523111979 26.765779445495237 0
      vertex 39.599999999999994 26.799999999999997 0.8000000000000003
    endloop
  endfacet
  facet normal 0.06540312923014605 -0.9978589232386033 0
    outer loop
      vertex 39.599999999999994 26.799999999999997 0.8000000000000003
      vertex 39.07789523111979 26.765779445495237 0
      vertex 39.599999999999994 26.799999999999997 0
    endloop
  endfacet
  facet normal -0.06540312923014605 -0.9978589232386033 0
    outer loop
      vertex 40.1221047688802 26.765779445495237 0.8000000000000003
      vertex 39.599999999999994 26.799999999999997 0
      vertex 40.1221047688802 26.765779445495237 0
    endloop
  endfacet
  facet normal -0.06540312923014605 -0.9978589232386033 0
    outer loop
      vertex 39.599999999999994 26.799999999999997 0.8000000000000003
      vertex 39.599999999999994 26.799999999999997 0
      vertex 40.1221047688802 26.765779445495237 0.8000000000000003
    endloop
  endfacet
  facet normal 0 0 -1
    outer loop
      vertex 41.599999999999994 19.335898384862244 0.8000000000000003
      vertex 41.599999999999994 26.26410161513775 0.8000000000000003
      vertex 42.03504571603488 19.626586638835057 0.8000000000000003
    endloop
  endfacet
  facet normal 0 0 -1
    outer loop
      vertex 42.03504571603488 19.626586638835057 0.8000000000000003
      vertex 42.03504571603488 25.973413361164937 0.8000000000000003
      vertex 42.428427124746186 19.971572875253806 0.8000000000000003
    endloop
  endfacet
  facet normal 0 0 -1
    outer loop
      vertex 42.03504571603488 19.626586638835057 0.8000000000000003
      vertex 41.599999999999994 26.26410161513775 0.8000000000000003
      vertex 42.03504571603488 25.973413361164937 0.8000000000000003
    endloop
  endfacet
  facet normal 0 0 -1
    outer loop
      vertex 42.428427124746186 19.971572875253806 0.8000000000000003
      vertex 42.03504571603488 25.973413361164937 0.8000000000000003
      vertex 42.428427124746186 25.62842712474619 0.8000000000000003
    endloop
  endfacet
  facet normal 0 0 -1
    outer loop
      vertex 42.428427124746186 19.971572875253806 0.8000000000000003
      vertex 42.428427124746186 25.62842712474619 0.8000000000000003
      vertex 42.773413361164934 20.364954283965115 0.8000000000000003
    endloop
  endfacet
  facet normal 0 0 -1
    outer loop
      vertex 42.773413361164934 20.364954283965115 0.8000000000000003
      vertex 42.773413361164934 25.23504571603488 0.8000000000000003
      vertex 43.06410161513775 20.799999999999997 0.8000000000000003
    endloop
  endfacet
  facet normal 0 0 -1
    outer loop
      vertex 42.773413361164934 20.364954283965115 0.8000000000000003
      vertex 42.428427124746186 25.62842712474619 0.8000000000000003
      vertex 42.773413361164934 25.23504571603488 0.8000000000000003
    endloop
  endfacet
  facet normal 0 0 -1
    outer loop
      vertex 43.06410161513775 20.799999999999997 0.8000000000000003
      vertex 42.773413361164934 25.23504571603488 0.8000000000000003
      vertex 43.06410161513775 24.799999999999997 0.8000000000000003
    endloop
  endfacet
  facet normal -0.5555702330195995 -0.831469612302547 0
    outer loop
      vertex 42.03504571603488 25.973413361164937 0.8000000000000003
      vertex 41.599999999999994 26.26410161513775 0
      vertex 42.03504571603488 25.973413361164937 0
    endloop
  endfacet
  facet normal -0.6593458151000674 -0.7518398074789787 0
    outer loop
      vertex 42.428427124746186 25.62842712474619 0.8000000000000003
      vertex 42.03504571603488 25.973413361164937 0
      vertex 42.428427124746186 25.62842712474619 0
    endloop
  endfacet
  facet normal -0.5555702330195995 -0.831469612302547 0
    outer loop
      vertex 41.599999999999994 26.26410161513775 0.8000000000000003
      vertex 41.599999999999994 26.26410161513775 0
      vertex 42.03504571603488 25.973413361164937 0.8000000000000003
    endloop
  endfacet
  facet normal -0.6593458151000674 -0.7518398074789787 0
    outer loop
      vertex 42.03504571603488 25.973413361164937 0.8000000000000003
      vertex 42.03504571603488 25.973413361164937 0
      vertex 42.428427124746186 25.62842712474619 0.8000000000000003
    endloop
  endfacet
  facet normal -0.7518398074789817 -0.6593458151000641 0
    outer loop
      vertex 42.773413361164934 25.23504571603488 0.8000000000000003
      vertex 42.428427124746186 25.62842712474619 0
      vertex 42.773413361164934 25.23504571603488 0
    endloop
  endfacet
  facet normal -0.8314696123025417 -0.5555702330196073 0
    outer loop
      vertex 43.06410161513775 24.799999999999997 0.8000000000000003
      vertex 42.773413361164934 25.23504571603488 0
      vertex 43.06410161513775 24.799999999999997 0
    endloop
  endfacet
  facet normal -0.8314696123025417 -0.5555702330196073 0
    outer loop
      vertex 42.773413361164934 25.23504571603488 0.8000000000000003
      vertex 42.773413361164934 25.23504571603488 0
      vertex 43.06410161513775 24.799999999999997 0.8000000000000003
    endloop
  endfacet
  facet normal -0.7518398074789817 -0.6593458151000641 -3.4431929329327937e-18
    outer loop
      vertex 42.773413361164934 25.23504571603488 0.8000000000000003
      vertex 42.428427124746186 25.62842712474619 0.8000000000000003
      vertex 42.428427124746186 25.62842712474619 0
    endloop
  endfacet
  facet normal -0.9469301294951052 0.321439465303163 0
    outer loop
      vertex 43.29551813004514 21.26926627053964 0.8000000000000003
      vertex 43.463703305156265 21.764723819589914 0
      vertex 43.29551813004514 21.26926627053964 0
    endloop
  endfacet
  facet normal -0.9807852804032291 0.1950903220161354 0
    outer loop
      vertex 43.463703305156265 21.764723819589914 0.8000000000000003
      vertex 43.56577944549524 22.277895231119793 0
      vertex 43.463703305156265 21.764723819589914 0
    endloop
  endfacet
  facet normal -0.9978589232386037 0.06540312923013929 0
    outer loop
      vertex 43.56577944549524 22.277895231119793 0.8000000000000003
      vertex 43.599999999999994 22.799999999999997 0
      vertex 43.56577944549524 22.277895231119793 0
    endloop
  endfacet
  facet normal -0.9469301294951052 0.321439465303163 1.3555937653597296e-17
    outer loop
      vertex 43.29551813004514 21.26926627053964 0.8000000000000003
      vertex 43.463703305156265 21.764723819589914 0.8000000000000003
      vertex 43.463703305156265 21.764723819589914 0
    endloop
  endfacet
  facet normal 0 0 -1
    outer loop
      vertex 43.06410161513775 20.799999999999997 0.8000000000000003
      vertex 43.06410161513775 24.799999999999997 0.8000000000000003
      vertex 43.29551813004514 21.26926627053964 0.8000000000000003
    endloop
  endfacet
  facet normal 0 0 -1
    outer loop
      vertex 43.29551813004514 21.26926627053964 0.8000000000000003
      vertex 43.29551813004514 24.330733729460356 0.8000000000000003
      vertex 43.463703305156265 21.764723819589914 0.8000000000000003
    endloop
  endfacet
  facet normal 0 0 -1
    outer loop
      vertex 43.463703305156265 21.764723819589914 0.8000000000000003
      vertex 43.463703305156265 23.83527618041008 0.8000000000000003
      vertex 43.56577944549524 22.277895231119793 0.8000000000000003
    endloop
  endfacet
  facet normal -0.9807852804032291 0.1950903220161354 -6.1538829010676996e-18
    outer loop
      vertex 43.463703305156265 21.764723819589914 0.8000000000000003
      vertex 43.56577944549524 22.277895231119793 0.8000000000000003
      vertex 43.56577944549524 22.277895231119793 0
    endloop
  endfacet
  facet normal -0.9978589232386037 0.06540312923013929 1.5292378651276062e-19
    outer loop
      vertex 43.56577944549524 22.277895231119793 0.8000000000000003
      vertex 43.599999999999994 22.799999999999997 0.8000000000000003
      vertex 43.599999999999994 22.799999999999997 0
    endloop
  endfacet
  facet normal -0.9469301294951052 -0.321439465303163 0
    outer loop
      vertex 43.463703305156265 23.83527618041008 0.8000000000000003
      vertex 43.29551813004514 24.330733729460356 0
      vertex 43.463703305156265 23.83527618041008 0
    endloop
  endfacet
  facet normal -0.9978589232386037 -0.06540312923013929 0
    outer loop
      vertex 43.599999999999994 22.799999999999997 0.8000000000000003
      vertex 43.56577944549524 23.3221047688802 0
      vertex 43.599999999999994 22.799999999999997 0
    endloop
  endfacet
  facet normal -0.9807852804032291 -0.1950903220161354 0
    outer loop
      vertex 43.56577944549524 23.3221047688802 0.8000000000000003
      vertex 43.463703305156265 23.83527618041008 0
      vertex 43.56577944549524 23.3221047688802 0
    endloop
  endfacet
  facet normal 0 0 -1
    outer loop
      vertex 43.463703305156265 21.764723819589914 0.8000000000000003
      vertex 43.29551813004514 24.330733729460356 0.8000000000000003
      vertex 43.463703305156265 23.83527618041008 0.8000000000000003
    endloop
  endfacet
  facet normal -0.9807852804032291 -0.1950903220161354 6.1538829010676996e-18
    outer loop
      vertex 43.56577944549524 23.3221047688802 0.8000000000000003
      vertex 43.463703305156265 23.83527618041008 0.8000000000000003
      vertex 43.463703305156265 23.83527618041008 0
    endloop
  endfacet
  facet normal 0 0 -1
    outer loop
      vertex 43.29551813004514 21.26926627053964 0.8000000000000003
      vertex 43.06410161513775 24.799999999999997 0.8000000000000003
      vertex 43.29551813004514 24.330733729460356 0.8000000000000003
    endloop
  endfacet
  facet normal -0.9978589232386037 -0.06540312923013929 -1.5292378651276062e-19
    outer loop
      vertex 43.599999999999994 22.799999999999997 0.8000000000000003
      vertex 43.56577944549524 23.3221047688802 0.8000000000000003
      vertex 43.56577944549524 23.3221047688802 0
    endloop
  endfacet
  facet normal 0 0 -1
    outer loop
      vertex 43.56577944549524 22.277895231119793 0.8000000000000003
      vertex 43.56577944549524 23.3221047688802 0.8000000000000003
      vertex 43.599999999999994 22.799999999999997 0.8000000000000003
    endloop
  endfacet
  facet normal 0 0 -1
    outer loop
      vertex 43.56577944549524 22.277895231119793 0.8000000000000003
      vertex 43.463703305156265 23.83527618041008 0.8000000000000003
      vertex 43.56577944549524 23.3221047688802 0.8000000000000003
    endloop
  endfacet
  facet normal -0.8968727415326926 -0.4422886902189928 0
    outer loop
      vertex 43.29551813004514 24.330733729460356 0.8000000000000003
      vertex 43.06410161513775 24.799999999999997 0
      vertex 43.29551813004514 24.330733729460356 0
    endloop
  endfacet
  facet normal -0.8968727415326926 -0.4422886902189928 0
    outer loop
      vertex 43.06410161513775 24.799999999999997 0.8000000000000003
      vertex 43.06410161513775 24.799999999999997 0
      vertex 43.29551813004514 24.330733729460356 0.8000000000000003
    endloop
  endfacet
  facet normal -0.9469301294951052 -0.321439465303163 0
    outer loop
      vertex 43.29551813004514 24.330733729460356 0.8000000000000003
      vertex 43.29551813004514 24.330733729460356 0
      vertex 43.463703305156265 23.83527618041008 0.8000000000000003
    endloop
  endfacet
  facet normal 0.9807852804032288 0.19509032201613669 0
    outer loop
      vertex 35.63422055450475 62.27789523111979 0.8000000000000003
      vertex 35.73629669484372 61.76472381958992 0
      vertex 35.63422055450475 62.27789523111979 0
    endloop
  endfacet
  facet normal 0.9978589232386037 0.06540312923013929 0
    outer loop
      vertex 35.599999999999994 62.8 0.8000000000000003
      vertex 35.63422055450475 62.27789523111979 0
      vertex 35.599999999999994 62.8 0
    endloop
  endfacet
  facet normal 0.9978589232386037 0.06540312923013929 0
    outer loop
      vertex 35.63422055450475 62.27789523111979 0.8000000000000003
      vertex 35.63422055450475 62.27789523111979 0
      vertex 35.599999999999994 62.8 0.8000000000000003
    endloop
  endfacet
  facet normal 0 0 -1
    outer loop
      vertex 35.73629669484372 61.76472381958992 0.8000000000000003
      vertex 35.63422055450475 62.27789523111979 0.8000000000000003
      vertex 35.63422055450475 63.3221047688802 0.8000000000000003
    endloop
  endfacet
  facet normal 0 0 -1
    outer loop
      vertex 35.63422055450475 62.27789523111979 0.8000000000000003
      vertex 35.599999999999994 62.8 0.8000000000000003
      vertex 35.63422055450475 63.3221047688802 0.8000000000000003
    endloop
  endfacet
  facet normal 0.9978589232386037 -0.06540312923013929 0
    outer loop
      vertex 35.63422055450475 63.3221047688802 0.8000000000000003
      vertex 35.599999999999994 62.8 0
      vertex 35.63422055450475 63.3221047688802 0
    endloop
  endfacet
  facet normal 0.9978589232386037 -0.06540312923013929 0
    outer loop
      vertex 35.599999999999994 62.8 0.8000000000000003
      vertex 35.599999999999994 62.8 0
      vertex 35.63422055450475 63.3221047688802 0.8000000000000003
    endloop
  endfacet
  facet normal 0.9807852804032288 -0.19509032201613669 0
    outer loop
      vertex 35.63422055450475 63.3221047688802 0.8000000000000003
      vertex 35.63422055450475 63.3221047688802 0
      vertex 35.73629669484372 63.83527618041008 0.8000000000000003
    endloop
  endfacet
  facet normal 0.8968727415326926 0.4422886902189928 0
    outer loop
      vertex 35.90448186995485 61.26926627053964 0.8000000000000003
      vertex 36.13589838486224 60.8 0
      vertex 35.90448186995485 61.26926627053964 0
    endloop
  endfacet
  facet normal 0.8314696123025439 0.5555702330196043 0
    outer loop
      vertex 36.13589838486224 60.8 0.8000000000000003
      vertex 36.426586638835055 60.36495428396511 0
      vertex 36.13589838486224 60.8 0
    endloop
  endfacet
  facet normal 0.9469301294951059 0.3214394653031608 0
    outer loop
      vertex 35.90448186995485 61.26926627053964 0.8000000000000003
      vertex 35.90448186995485 61.26926627053964 0
      vertex 35.73629669484372 61.76472381958992 0.8000000000000003
    endloop
  endfacet
  facet normal 0.8968727415326926 0.4422886902189928 0
    outer loop
      vertex 36.13589838486224 60.8 0.8000000000000003
      vertex 36.13589838486224 60.8 0
      vertex 35.90448186995485 61.26926627053964 0.8000000000000003
    endloop
  endfacet
  facet normal 0.8314696123025439 0.5555702330196043 -1.0187760238204231e-17
    outer loop
      vertex 36.13589838486224 60.8 0.8000000000000003
      vertex 36.426586638835055 60.36495428396511 0.8000000000000003
      vertex 36.426586638835055 60.36495428396511 0
    endloop
  endfacet
  facet normal 0.6593458151000674 0.7518398074789787 0
    outer loop
      vertex 36.7715728752538 59.971572875253806 0.8000000000000003
      vertex 37.16495428396511 59.62658663883506 0
      vertex 36.7715728752538 59.971572875253806 0
    endloop
  endfacet
  facet normal 0.7518398074789787 0.6593458151000674 0
    outer loop
      vertex 36.7715728752538 59.971572875253806 0.8000000000000003
      vertex 36.7715728752538 59.971572875253806 0
      vertex 36.426586638835055 60.36495428396511 0.8000000000000003
    endloop
  endfacet
  facet normal 0.6593458151000674 0.7518398074789787 7.049410036756513e-18
    outer loop
      vertex 36.7715728752538 59.971572875253806 0.8000000000000003
      vertex 37.16495428396511 59.62658663883506 0.8000000000000003
      vertex 37.16495428396511 59.62658663883506 0
    endloop
  endfacet
  facet normal 0.7518398074789787 0.6593458151000674 0
    outer loop
      vertex 36.426586638835055 60.36495428396511 0.8000000000000003
      vertex 36.7715728752538 59.971572875253806 0
      vertex 36.426586638835055 60.36495428396511 0
    endloop
  endfacet
  facet normal 0.9469301294951059 0.3214394653031608 0
    outer loop
      vertex 35.73629669484372 61.76472381958992 0.8000000000000003
      vertex 35.90448186995485 61.26926627053964 0
      vertex 35.73629669484372 61.76472381958992 0
    endloop
  endfacet
  facet normal 0.9807852804032288 0.19509032201613669 0
    outer loop
      vertex 35.73629669484372 61.76472381958992 0.8000000000000003
      vertex 35.73629669484372 61.76472381958992 0
      vertex 35.63422055450475 62.27789523111979 0.8000000000000003
    endloop
  endfacet
  facet normal 0 0 -1
    outer loop
      vertex 36.13589838486224 60.8 0.8000000000000003
      vertex 35.90448186995485 61.26926627053964 0.8000000000000003
      vertex 35.90448186995485 64.33073372946036 0.8000000000000003
    endloop
  endfacet
  facet normal 0 0 -1
    outer loop
      vertex 35.90448186995485 61.26926627053964 0.8000000000000003
      vertex 35.73629669484372 61.76472381958992 0.8000000000000003
      vertex 35.73629669484372 63.83527618041008 0.8000000000000003
    endloop
  endfacet
  facet normal 0 0 -1
    outer loop
      vertex 36.13589838486224 60.8 0.8000000000000003
      vertex 36.13589838486224 64.8 0.8000000000000003
      vertex 36.426586638835055 60.36495428396511 0.8000000000000003
    endloop
  endfacet
  facet normal 0.9807852804032288 -0.19509032201613669 0
    outer loop
      vertex 35.73629669484372 63.83527618041008 0.8000000000000003
      vertex 35.63422055450475 63.3221047688802 0
      vertex 35.73629669484372 63.83527618041008 0
    endloop
  endfacet
  facet normal 0.9469301294951072 -0.3214394653031567 0
    outer loop
      vertex 35.90448186995485 64.33073372946036 0.8000000000000003
      vertex 35.73629669484372 63.83527618041008 0
      vertex 35.90448186995485 64.33073372946036 0
    endloop
  endfacet
  facet normal 0 0 -1
    outer loop
      vertex 35.73629669484372 61.76472381958992 0.8000000000000003
      vertex 35.63422055450475 63.3221047688802 0.8000000000000003
      vertex 35.73629669484372 63.83527618041008 0.8000000000000003
    endloop
  endfacet
  facet normal 0 0 -1
    outer loop
      vertex 35.90448186995485 61.26926627053964 0.8000000000000003
      vertex 35.73629669484372 63.83527618041008 0.8000000000000003
      vertex 35.90448186995485 64.33073372946036 0.8000000000000003
    endloop
  endfacet
  facet normal 0 0 -1
    outer loop
      vertex 36.13589838486224 60.8 0.8000000000000003
      vertex 35.90448186995485 64.33073372946036 0.8000000000000003
      vertex 36.13589838486224 64.8 0.8000000000000003
    endloop
  endfacet
  facet normal 0.9469301294951072 -0.3214394653031567 0
    outer loop
      vertex 35.73629669484372 63.83527618041008 0.8000000000000003
      vertex 35.73629669484372 63.83527618041008 0
      vertex 35.90448186995485 64.33073372946036 0.8000000000000003
    endloop
  endfacet
  facet normal 0 0 -1
    outer loop
      vertex 36.426586638835055 60.36495428396511 0.8000000000000003
      vertex 36.13589838486224 64.8 0.8000000000000003
      vertex 36.426586638835055 65.23504571603488 0.8000000000000003
    endloop
  endfacet
  facet normal 0 0 -1
    outer loop
      vertex 36.7715728752538 59.971572875253806 0.8000000000000003
      vertex 36.426586638835055 60.36495428396511 0.8000000000000003
      vertex 36.426586638835055 65.23504571603488 0.8000000000000003
    endloop
  endfacet
  facet normal 0 0 -1
    outer loop
      vertex 36.7715728752538 59.971572875253806 0.8000000000000003
      vertex 36.7715728752538 65.62842712474618 0.8000000000000003
      vertex 37.16495428396511 59.62658663883506 0.8000000000000003
    endloop
  endfacet
  facet normal 0 0 -1
    outer loop
      vertex 36.7715728752538 59.971572875253806 0.8000000000000003
      vertex 36.426586638835055 65.23504571603488 0.8000000000000003
      vertex 36.7715728752538 65.62842712474618 0.8000000000000003
    endloop
  endfacet
  facet normal 0 0 -1
    outer loop
      vertex 37.16495428396511 59.62658663883506 0.8000000000000003
      vertex 36.7715728752538 65.62842712474618 0.8000000000000003
      vertex 37.16495428396511 65.97341336116494 0.8000000000000003
    endloop
  endfacet
  facet normal 0.5555702330196043 0.8314696123025439 0
    outer loop
      vertex 37.16495428396511 59.62658663883506 0.8000000000000003
      vertex 37.599999999999994 59.33589838486224 0
      vertex 37.16495428396511 59.62658663883506 0
    endloop
  endfacet
  facet normal 0.4422886902189928 0.8968727415326926 0
    outer loop
      vertex 37.599999999999994 59.33589838486224 0.8000000000000003
      vertex 38.069266270539636 59.10448186995485 0
      vertex 37.599999999999994 59.33589838486224 0
    endloop
  endfacet
  facet normal 0.5555702330196043 0.8314696123025439 -1.0187760238204231e-17
    outer loop
      vertex 37.16495428396511 59.62658663883506 0.8000000000000003
      vertex 37.599999999999994 59.33589838486224 0.8000000000000003
      vertex 37.599999999999994 59.33589838486224 0
    endloop
  endfacet
  facet normal 0.4422886902189928 0.8968727415326926 1.811877145761678e-20
    outer loop
      vertex 37.599999999999994 59.33589838486224 0.8000000000000003
      vertex 38.069266270539636 59.10448186995485 0.8000000000000003
      vertex 38.069266270539636 59.10448186995485 0
    endloop
  endfacet
  facet normal 0.3214394653031608 0.9469301294951059 0
    outer loop
      vertex 38.069266270539636 59.10448186995485 0.8000000000000003
      vertex 38.564723819589915 58.936296694843726 0
      vertex 38.069266270539636 59.10448186995485 0
    endloop
  endfacet
  facet normal 0.3214394653031608 0.9469301294951059 -1.5392853901399778e-17
    outer loop
      vertex 38.069266270539636 59.10448186995485 0.8000000000000003
      vertex 38.564723819589915 58.936296694843726 0.8000000000000003
      vertex 38.564723819589915 58.936296694843726 0
    endloop
  endfacet
  facet normal 0 0 -1
    outer loop
      vertex 38.069266270539636 59.10448186995485 0.8000000000000003
      vertex 38.069266270539636 66.49551813004514 0.8000000000000003
      vertex 38.564723819589915 58.936296694843726 0.8000000000000003
    endloop
  endfacet
  facet normal 0 0 -1
    outer loop
      vertex 37.16495428396511 59.62658663883506 0.8000000000000003
      vertex 37.16495428396511 65.97341336116494 0.8000000000000003
      vertex 37.599999999999994 59.33589838486224 0.8000000000000003
    endloop
  endfacet
  facet normal 0 0 -1
    outer loop
      vertex 37.599999999999994 59.33589838486224 0.8000000000000003
      vertex 37.599999999999994 66.26410161513775 0.8000000000000003
      vertex 38.069266270539636 59.10448186995485 0.8000000000000003
    endloop
  endfacet
  facet normal 0 0 -1
    outer loop
      vertex 37.599999999999994 59.33589838486224 0.8000000000000003
      vertex 37.16495428396511 65.97341336116494 0.8000000000000003
      vertex 37.599999999999994 66.26410161513775 0.8000000000000003
    endloop
  endfacet
  facet normal 0 0 -1
    outer loop
      vertex 38.069266270539636 59.10448186995485 0.8000000000000003
      vertex 37.599999999999994 66.26410161513775 0.8000000000000003
      vertex 38.069266270539636 66.49551813004514 0.8000000000000003
    endloop
  endfacet
  facet normal 0 0 -1
    outer loop
      vertex 38.564723819589915 58.936296694843726 0.8000000000000003
      vertex 38.069266270539636 66.49551813004514 0.8000000000000003
      vertex 38.564723819589915 66.66370330515628 0.8000000000000003
    endloop
  endfacet
  facet normal 0.06540312923013929 0.9978589232386037 0
    outer loop
      vertex 39.07789523111979 58.83422055450475 0.8000000000000003
      vertex 39.599999999999994 58.8 0
      vertex 39.07789523111979 58.83422055450475 0
    endloop
  endfacet
  facet normal -0.06540312923013929 0.9978589232386037 0
    outer loop
      vertex 39.599999999999994 58.8 0.8000000000000003
      vertex 40.1221047688802 58.83422055450475 0
      vertex 39.599999999999994 58.8 0
    endloop
  endfacet
  facet normal 0.06540312923013929 0.9978589232386037 -1.5292378651276062e-19
    outer loop
      vertex 39.07789523111979 58.83422055450475 0.8000000000000003
      vertex 39.599999999999994 58.8 0.8000000000000003
      vertex 39.599999999999994 58.8 0
    endloop
  endfacet
  facet normal -0.06540312923013929 0.9978589232386037 1.5292378651276062e-19
    outer loop
      vertex 39.599999999999994 58.8 0.8000000000000003
      vertex 40.1221047688802 58.83422055450475 0.8000000000000003
      vertex 40.1221047688802 58.83422055450475 0
    endloop
  endfacet
  facet normal 0.19509032201613669 0.9807852804032288 0
    outer loop
      vertex 38.564723819589915 58.936296694843726 0.8000000000000003
      vertex 39.07789523111979 58.83422055450475 0
      vertex 38.564723819589915 58.936296694843726 0
    endloop
  endfacet
  facet normal 0.19509032201613669 0.9807852804032288 -6.063797147876079e-18
    outer loop
      vertex 38.564723819589915 58.936296694843726 0.8000000000000003
      vertex 39.07789523111979 58.83422055450475 0.8000000000000003
      vertex 39.07789523111979 58.83422055450475 0
    endloop
  endfacet
  facet normal 0 0 -1
    outer loop
      vertex 38.564723819589915 58.936296694843726 0.8000000000000003
      vertex 38.564723819589915 66.66370330515628 0.8000000000000003
      vertex 39.07789523111979 58.83422055450475 0.8000000000000003
    endloop
  endfacet
  facet normal 0 0 -1
    outer loop
      vertex 39.07789523111979 58.83422055450475 0.8000000000000003
      vertex 39.07789523111979 66.76577944549524 0.8000000000000003
      vertex 39.599999999999994 58.8 0.8000000000000003
    endloop
  endfacet
  facet normal 0 0 -1
    outer loop
      vertex 39.599999999999994 58.8 0.8000000000000003
      vertex 39.599999999999994 66.8 0.8000000000000003
      vertex 40.1221047688802 58.83422055450475 0.8000000000000003
    endloop
  endfacet
  facet normal 0 0 -1
    outer loop
      vertex 39.07789523111979 58.83422055450475 0.8000000000000003
      vertex 38.564723819589915 66.66370330515628 0.8000000000000003
      vertex 39.07789523111979 66.76577944549524 0.8000000000000003
    endloop
  endfacet
  facet normal 0 0 -1
    outer loop
      vertex 39.599999999999994 58.8 0.8000000000000003
      vertex 39.07789523111979 66.76577944549524 0.8000000000000003
      vertex 39.599999999999994 66.8 0.8000000000000003
    endloop
  endfacet
  facet normal 0 0 -1
    outer loop
      vertex 40.1221047688802 58.83422055450475 0.8000000000000003
      vertex 39.599999999999994 66.8 0.8000000000000003
      vertex 40.1221047688802 66.76577944549524 0.8000000000000003
    endloop
  endfacet
  facet normal -0.19509032201613669 0.9807852804032288 0
    outer loop
      vertex 40.1221047688802 58.83422055450475 0.8000000000000003
      vertex 40.635276180410074 58.936296694843726 0
      vertex 40.1221047688802 58.83422055450475 0
    endloop
  endfacet
  facet normal -0.3214394653031608 0.9469301294951059 0
    outer loop
      vertex 40.635276180410074 58.936296694843726 0.8000000000000003
      vertex 41.13073372946035 59.10448186995485 0
      vertex 40.635276180410074 58.936296694843726 0
    endloop
  endfacet
  facet normal -0.19509032201613669 0.9807852804032288 6.063797147876079e-18
    outer loop
      vertex 40.1221047688802 58.83422055450475 0.8000000000000003
      vertex 40.635276180410074 58.936296694843726 0.8000000000000003
      vertex 40.635276180410074 58.936296694843726 0
    endloop
  endfacet
  facet normal 0 0 -1
    outer loop
      vertex 40.1221047688802 58.83422055450475 0.8000000000000003
      vertex 40.1221047688802 66.76577944549524 0.8000000000000003
      vertex 40.635276180410074 58.936296694843726 0.8000000000000003
    endloop
  endfacet
  facet normal -0.4422886902189928 0.8968727415326926 0
    outer loop
      vertex 41.13073372946035 59.10448186995485 0.8000000000000003
      vertex 41.599999999999994 59.33589838486224 0
      vertex 41.13073372946035 59.10448186995485 0
    endloop
  endfacet
  facet normal -0.3214394653031608 0.9469301294951059 1.5392853901399778e-17
    outer loop
      vertex 40.635276180410074 58.936296694843726 0.8000000000000003
      vertex 41.13073372946035 59.10448186995485 0.8000000000000003
      vertex 41.13073372946035 59.10448186995485 0
    endloop
  endfacet
  facet normal -0.4422886902189928 0.8968727415326926 -1.811877145761678e-20
    outer loop
      vertex 41.13073372946035 59.10448186995485 0.8000000000000003
      vertex 41.599999999999994 59.33589838486224 0.8000000000000003
      vertex 41.599999999999994 59.33589838486224 0
    endloop
  endfacet
  facet normal 0 0 -1
    outer loop
      vertex 40.635276180410074 58.936296694843726 0.8000000000000003
      vertex 40.635276180410074 66.66370330515628 0.8000000000000003
      vertex 41.13073372946035 59.10448186995485 0.8000000000000003
    endloop
  endfacet
  facet normal 0 0 -1
    outer loop
      vertex 40.635276180410074 58.936296694843726 0.8000000000000003
      vertex 40.1221047688802 66.76577944549524 0.8000000000000003
      vertex 40.635276180410074 66.66370330515628 0.8000000000000003
    endloop
  endfacet
  facet normal 0 0 -1
    outer loop
      vertex 41.13073372946035 59.10448186995485 0.8000000000000003
      vertex 41.13073372946035 66.49551813004514 0.8000000000000003
      vertex 41.599999999999994 59.33589838486224 0.8000000000000003
    endloop
  endfacet
  facet normal 0 0 -1
    outer loop
      vertex 41.13073372946035 59.10448186995485 0.8000000000000003
      vertex 40.635276180410074 66.66370330515628 0.8000000000000003
      vertex 41.13073372946035 66.49551813004514 0.8000000000000003
    endloop
  endfacet
  facet normal 0 0 -1
    outer loop
      vertex 41.599999999999994 59.33589838486224 0.8000000000000003
      vertex 41.13073372946035 66.49551813004514 0.8000000000000003
      vertex 41.599999999999994 66.26410161513775 0.8000000000000003
    endloop
  endfacet
  facet normal -0.5555702330196043 0.8314696123025439 0
    outer loop
      vertex 41.599999999999994 59.33589838486224 0.8000000000000003
      vertex 42.03504571603488 59.62658663883506 0
      vertex 41.599999999999994 59.33589838486224 0
    endloop
  endfacet
  facet normal -0.6593458151000674 0.7518398074789787 0
    outer loop
      vertex 42.03504571603488 59.62658663883506 0.8000000000000003
      vertex 42.428427124746186 59.971572875253806 0
      vertex 42.03504571603488 59.62658663883506 0
    endloop
  endfacet
  facet normal -0.5555702330196043 0.8314696123025439 1.0187760238204231e-17
    outer loop
      vertex 41.599999999999994 59.33589838486224 0.8000000000000003
      vertex 42.03504571603488 59.62658663883506 0.8000000000000003
      vertex 42.03504571603488 59.62658663883506 0
    endloop
  endfacet
  facet normal -0.6593458151000674 0.7518398074789787 -7.049410036756513e-18
    outer loop
      vertex 42.03504571603488 59.62658663883506 0.8000000000000003
      vertex 42.428427124746186 59.971572875253806 0.8000000000000003
      vertex 42.428427124746186 59.971572875253806 0
    endloop
  endfacet
  facet normal -0.7518398074789787 0.6593458151000674 0
    outer loop
      vertex 42.428427124746186 59.971572875253806 0.8000000000000003
      vertex 42.773413361164934 60.36495428396511 0
      vertex 42.428427124746186 59.971572875253806 0
    endloop
  endfacet
  facet normal -0.8314696123025439 0.5555702330196043 0
    outer loop
      vertex 42.773413361164934 60.36495428396511 0.8000000000000003
      vertex 43.06410161513775 60.8 0
      vertex 42.773413361164934 60.36495428396511 0
    endloop
  endfacet
  facet normal -0.7518398074789787 0.6593458151000674 -7.049410036756513e-18
    outer loop
      vertex 42.428427124746186 59.971572875253806 0.8000000000000003
      vertex 42.773413361164934 60.36495428396511 0.8000000000000003
      vertex 42.773413361164934 60.36495428396511 0
    endloop
  endfacet
  facet normal -0.8314696123025439 0.5555702330196043 1.0187760238204231e-17
    outer loop
      vertex 42.773413361164934 60.36495428396511 0.8000000000000003
      vertex 43.06410161513775 60.8 0.8000000000000003
      vertex 43.06410161513775 60.8 0
    endloop
  endfacet
  facet normal 0 0 -1
    outer loop
      vertex 41.599999999999994 59.33589838486224 0.8000000000000003
      vertex 41.599999999999994 66.26410161513775 0.8000000000000003
      vertex 42.03504571603488 59.62658663883506 0.8000000000000003
    endloop
  endfacet
  facet normal 0 0 -1
    outer loop
      vertex 42.03504571603488 59.62658663883506 0.8000000000000003
      vertex 42.03504571603488 65.97341336116494 0.8000000000000003
      vertex 42.428427124746186 59.971572875253806 0.8000000000000003
    endloop
  endfacet
  facet normal 0 0 -1
    outer loop
      vertex 42.03504571603488 59.62658663883506 0.8000000000000003
      vertex 41.599999999999994 66.26410161513775 0.8000000000000003
      vertex 42.03504571603488 65.97341336116494 0.8000000000000003
    endloop
  endfacet
  facet normal 0 0 -1
    outer loop
      vertex 42.428427124746186 59.971572875253806 0.8000000000000003
      vertex 42.03504571603488 65.97341336116494 0.8000000000000003
      vertex 42.428427124746186 65.62842712474618 0.8000000000000003
    endloop
  endfacet
  facet normal 0 0 -1
    outer loop
      vertex 42.428427124746186 59.971572875253806 0.8000000000000003
      vertex 42.428427124746186 65.62842712474618 0.8000000000000003
      vertex 42.773413361164934 60.36495428396511 0.8000000000000003
    endloop
  endfacet
  facet normal 0 0 -1
    outer loop
      vertex 42.773413361164934 60.36495428396511 0.8000000000000003
      vertex 42.773413361164934 65.23504571603488 0.8000000000000003
      vertex 43.06410161513775 60.8 0.8000000000000003
    endloop
  endfacet
  facet normal 0 0 -1
    outer loop
      vertex 42.773413361164934 60.36495428396511 0.8000000000000003
      vertex 42.428427124746186 65.62842712474618 0.8000000000000003
      vertex 42.773413361164934 65.23504571603488 0.8000000000000003
    endloop
  endfacet
  facet normal 0 0 -1
    outer loop
      vertex 43.06410161513775 60.8 0.8000000000000003
      vertex 42.773413361164934 65.23504571603488 0.8000000000000003
      vertex 43.06410161513775 64.8 0.8000000000000003
    endloop
  endfacet
  facet normal -0.8968727415326926 0.4422886902189928 0
    outer loop
      vertex 43.06410161513775 60.8 0.8000000000000003
      vertex 43.29551813004514 61.26926627053964 0
      vertex 43.06410161513775 60.8 0
    endloop
  endfacet
  facet normal -0.9469301294951059 0.3214394653031608 0
    outer loop
      vertex 43.29551813004514 61.26926627053964 0.8000000000000003
      vertex 43.463703305156265 61.76472381958992 0
      vertex 43.29551813004514 61.26926627053964 0
    endloop
  endfacet
  facet normal -0.8968727415326926 0.4422886902189928 -1.811877145761678e-20
    outer loop
      vertex 43.06410161513775 60.8 0.8000000000000003
      vertex 43.29551813004514 61.26926627053964 0.8000000000000003
      vertex 43.29551813004514 61.26926627053964 0
    endloop
  endfacet
  facet normal -0.9807852804032288 0.19509032201613669 0
    outer loop
      vertex 43.463703305156265 61.76472381958992 0.8000000000000003
      vertex 43.56577944549524 62.27789523111979 0
      vertex 43.463703305156265 61.76472381958992 0
    endloop
  endfacet
  facet normal -0.9978589232386037 0.06540312923013929 0
    outer loop
      vertex 43.56577944549524 62.27789523111979 0.8000000000000003
      vertex 43.599999999999994 62.8 0
      vertex 43.56577944549524 62.27789523111979 0
    endloop
  endfacet
  facet normal -0.9469301294951059 0.3214394653031608 1.5392853901399778e-17
    outer loop
      vertex 43.29551813004514 61.26926627053964 0.8000000000000003
      vertex 43.463703305156265 61.76472381958992 0.8000000000000003
      vertex 43.463703305156265 61.76472381958992 0
    endloop
  endfacet
  facet normal 0 0 -1
    outer loop
      vertex 43.06410161513775 60.8 0.8000000000000003
      vertex 43.06410161513775 64.8 0.8000000000000003
      vertex 43.29551813004514 61.26926627053964 0.8000000000000003
    endloop
  endfacet
  facet normal 0 0 -1
    outer loop
      vertex 43.29551813004514 61.26926627053964 0.8000000000000003
      vertex 43.29551813004514 64.33073372946036 0.8000000000000003
      vertex 43.463703305156265 61.76472381958992 0.8000000000000003
    endloop
  endfacet
  facet normal 0 0 -1
    outer loop
      vertex 43.463703305156265 61.76472381958992 0.8000000000000003
      vertex 43.463703305156265 63.83527618041008 0.8000000000000003
      vertex 43.56577944549524 62.27789523111979 0.8000000000000003
    endloop
  endfacet
  facet normal -0.9807852804032288 0.19509032201613669 6.063797147876079e-18
    outer loop
      vertex 43.463703305156265 61.76472381958992 0.8000000000000003
      vertex 43.56577944549524 62.27789523111979 0.8000000000000003
      vertex 43.56577944549524 62.27789523111979 0
    endloop
  endfacet
  facet normal -0.9978589232386037 0.06540312923013929 1.5292378651276062e-19
    outer loop
      vertex 43.56577944549524 62.27789523111979 0.8000000000000003
      vertex 43.599999999999994 62.8 0.8000000000000003
      vertex 43.599999999999994 62.8 0
    endloop
  endfacet
  facet normal 0 0 -1
    outer loop
      vertex 43.56577944549524 62.27789523111979 0.8000000000000003
      vertex 43.56577944549524 63.3221047688802 0.8000000000000003
      vertex 43.599999999999994 62.8 0.8000000000000003
    endloop
  endfacet
  facet normal -0.9469301294951072 -0.3214394653031567 0
    outer loop
      vertex 43.463703305156265 63.83527618041008 0.8000000000000003
      vertex 43.29551813004514 64.33073372946036 0
      vertex 43.463703305156265 63.83527618041008 0
    endloop
  endfacet
  facet normal -0.9978589232386037 -0.06540312923013929 0
    outer loop
      vertex 43.599999999999994 62.8 0.8000000000000003
      vertex 43.56577944549524 63.3221047688802 0
      vertex 43.599999999999994 62.8 0
    endloop
  endfacet
  facet normal -0.9807852804032288 -0.19509032201613669 0
    outer loop
      vertex 43.56577944549524 63.3221047688802 0.8000000000000003
      vertex 43.463703305156265 63.83527618041008 0
      vertex 43.56577944549524 63.3221047688802 0
    endloop
  endfacet
  facet normal 0 0 -1
    outer loop
      vertex 43.29551813004514 61.26926627053964 0.8000000000000003
      vertex 43.06410161513775 64.8 0.8000000000000003
      vertex 43.29551813004514 64.33073372946036 0.8000000000000003
    endloop
  endfacet
  facet normal 0 0 -1
    outer loop
      vertex 43.463703305156265 61.76472381958992 0.8000000000000003
      vertex 43.29551813004514 64.33073372946036 0.8000000000000003
      vertex 43.463703305156265 63.83527618041008 0.8000000000000003
    endloop
  endfacet
  facet normal -0.9807852804032288 -0.19509032201613669 -6.063797147876079e-18
    outer loop
      vertex 43.56577944549524 63.3221047688802 0.8000000000000003
      vertex 43.463703305156265 63.83527618041008 0.8000000000000003
      vertex 43.463703305156265 63.83527618041008 0
    endloop
  endfacet
  facet normal -0.9469301294951072 -0.3214394653031567 0
    outer loop
      vertex 43.29551813004514 64.33073372946036 0.8000000000000003
      vertex 43.29551813004514 64.33073372946036 0
      vertex 43.463703305156265 63.83527618041008 0.8000000000000003
    endloop
  endfacet
  facet normal -0.9978589232386037 -0.06540312923013929 -1.5292378651276062e-19
    outer loop
      vertex 43.599999999999994 62.8 0.8000000000000003
      vertex 43.56577944549524 63.3221047688802 0.8000000000000003
      vertex 43.56577944549524 63.3221047688802 0
    endloop
  endfacet
  facet normal 0 0 -1
    outer loop
      vertex 43.56577944549524 62.27789523111979 0.8000000000000003
      vertex 43.463703305156265 63.83527618041008 0.8000000000000003
      vertex 43.56577944549524 63.3221047688802 0.8000000000000003
    endloop
  endfacet
  facet normal 0.8968727415326898 -0.4422886902189982 0
    outer loop
      vertex 36.13589838486224 64.8 0.8000000000000003
      vertex 35.90448186995485 64.33073372946036 0
      vertex 36.13589838486224 64.8 0
    endloop
  endfacet
  facet normal 0.8314696123025397 -0.5555702330196105 0
    outer loop
      vertex 36.426586638835055 65.23504571603488 0.8000000000000003
      vertex 36.13589838486224 64.8 0
      vertex 36.426586638835055 65.23504571603488 0
    endloop
  endfacet
  facet normal 0.8968727415326898 -0.4422886902189982 0
    outer loop
      vertex 35.90448186995485 64.33073372946036 0.8000000000000003
      vertex 35.90448186995485 64.33073372946036 0
      vertex 36.13589838486224 64.8 0.8000000000000003
    endloop
  endfacet
  facet normal 0.8314696123025397 -0.5555702330196105 0
    outer loop
      vertex 36.13589838486224 64.8 0.8000000000000003
      vertex 36.13589838486224 64.8 0
      vertex 36.426586638835055 65.23504571603488 0.8000000000000003
    endloop
  endfacet
  facet normal 0.7518398074789787 -0.6593458151000674 0
    outer loop
      vertex 36.7715728752538 65.62842712474618 0.8000000000000003
      vertex 36.426586638835055 65.23504571603488 0
      vertex 36.7715728752538 65.62842712474618 0
    endloop
  endfacet
  facet normal 0.7518398074789787 -0.6593458151000674 0
    outer loop
      vertex 36.426586638835055 65.23504571603488 0.8000000000000003
      vertex 36.426586638835055 65.23504571603488 0
      vertex 36.7715728752538 65.62842712474618 0.8000000000000003
    endloop
  endfacet
  facet normal 0.6593458151000827 -0.7518398074789653 0
    outer loop
      vertex 37.16495428396511 65.97341336116494 0.8000000000000003
      vertex 36.7715728752538 65.62842712474618 0
      vertex 37.16495428396511 65.97341336116494 0
    endloop
  endfacet
  facet normal 0.6593458151000827 -0.7518398074789653 0
    outer loop
      vertex 36.7715728752538 65.62842712474618 0.8000000000000003
      vertex 36.7715728752538 65.62842712474618 0
      vertex 37.16495428396511 65.97341336116494 0.8000000000000003
    endloop
  endfacet
  facet normal 0.5555702330195854 -0.8314696123025564 0
    outer loop
      vertex 37.599999999999994 66.26410161513775 0.8000000000000003
      vertex 37.16495428396511 65.97341336116494 0
      vertex 37.599999999999994 66.26410161513775 0
    endloop
  endfacet
  facet normal 0.4422886902190037 -0.896872741532687 0
    outer loop
      vertex 38.069266270539636 66.49551813004514 0.8000000000000003
      vertex 37.599999999999994 66.26410161513775 0
      vertex 38.069266270539636 66.49551813004514 0
    endloop
  endfacet
  facet normal 0.5555702330195854 -0.8314696123025564 0
    outer loop
      vertex 37.16495428396511 65.97341336116494 0.8000000000000003
      vertex 37.16495428396511 65.97341336116494 0
      vertex 37.599999999999994 66.26410161513775 0.8000000000000003
    endloop
  endfacet
  facet normal 0.4422886902190037 -0.896872741532687 0
    outer loop
      vertex 37.599999999999994 66.26410161513775 0.8000000000000003
      vertex 37.599999999999994 66.26410161513775 0
      vertex 38.069266270539636 66.49551813004514 0.8000000000000003
    endloop
  endfacet
  facet normal 0.321439465303173 -0.9469301294951017 0
    outer loop
      vertex 38.564723819589915 66.66370330515628 0.8000000000000003
      vertex 38.069266270539636 66.49551813004514 0
      vertex 38.564723819589915 66.66370330515628 0
    endloop
  endfacet
  facet normal 0.321439465303173 -0.9469301294951017 0
    outer loop
      vertex 38.069266270539636 66.49551813004514 0.8000000000000003
      vertex 38.069266270539636 66.49551813004514 0
      vertex 38.564723819589915 66.66370330515628 0.8000000000000003
    endloop
  endfacet
  facet normal 0.1950903220161236 -0.9807852804032314 0
    outer loop
      vertex 39.07789523111979 66.76577944549524 0.8000000000000003
      vertex 38.564723819589915 66.66370330515628 0
      vertex 39.07789523111979 66.76577944549524 0
    endloop
  endfacet
  facet normal 0.1950903220161236 -0.9807852804032314 0
    outer loop
      vertex 38.564723819589915 66.66370330515628 0.8000000000000003
      vertex 38.564723819589915 66.66370330515628 0
      vertex 39.07789523111979 66.76577944549524 0.8000000000000003
    endloop
  endfacet
  facet normal 0.06540312923013929 -0.9978589232386037 0
    outer loop
      vertex 39.07789523111979 66.76577944549524 0.8000000000000003
      vertex 39.07789523111979 66.76577944549524 0
      vertex 39.599999999999994 66.8 0.8000000000000003
    endloop
  endfacet
  facet normal 0.06540312923013929 -0.9978589232386037 0
    outer loop
      vertex 39.599999999999994 66.8 0.8000000000000003
      vertex 39.07789523111979 66.76577944549524 0
      vertex 39.599999999999994 66.8 0
    endloop
  endfacet
  facet normal -0.06540312923013929 -0.9978589232386037 0
    outer loop
      vertex 40.1221047688802 66.76577944549524 0.8000000000000003
      vertex 39.599999999999994 66.8 0
      vertex 40.1221047688802 66.76577944549524 0
    endloop
  endfacet
  facet normal -0.06540312923013929 -0.9978589232386037 0
    outer loop
      vertex 39.599999999999994 66.8 0.8000000000000003
      vertex 39.599999999999994 66.8 0
      vertex 40.1221047688802 66.76577944549524 0.8000000000000003
    endloop
  endfacet
  facet normal -0.1950903220161236 -0.9807852804032314 0
    outer loop
      vertex 40.635276180410074 66.66370330515628 0.8000000000000003
      vertex 40.1221047688802 66.76577944549524 0
      vertex 40.635276180410074 66.66370330515628 0
    endloop
  endfacet
  facet normal -0.1950903220161236 -0.9807852804032314 0
    outer loop
      vertex 40.1221047688802 66.76577944549524 0.8000000000000003
      vertex 40.1221047688802 66.76577944549524 0
      vertex 40.635276180410074 66.66370330515628 0.8000000000000003
    endloop
  endfacet
  facet normal -0.321439465303173 -0.9469301294951017 0
    outer loop
      vertex 40.635276180410074 66.66370330515628 0.8000000000000003
      vertex 40.635276180410074 66.66370330515628 0
      vertex 41.13073372946035 66.49551813004514 0.8000000000000003
    endloop
  endfacet
  facet normal -0.321439465303173 -0.9469301294951017 0
    outer loop
      vertex 41.13073372946035 66.49551813004514 0.8000000000000003
      vertex 40.635276180410074 66.66370330515628 0
      vertex 41.13073372946035 66.49551813004514 0
    endloop
  endfacet
  facet normal -0.4422886902190037 -0.896872741532687 0
    outer loop
      vertex 41.599999999999994 66.26410161513775 0.8000000000000003
      vertex 41.13073372946035 66.49551813004514 0
      vertex 41.599999999999994 66.26410161513775 0
    endloop
  endfacet
  facet normal -0.4422886902190037 -0.896872741532687 0
    outer loop
      vertex 41.13073372946035 66.49551813004514 0.8000000000000003
      vertex 41.13073372946035 66.49551813004514 0
      vertex 41.599999999999994 66.26410161513775 0.8000000000000003
    endloop
  endfacet
  facet normal -0.5555702330195854 -0.8314696123025564 0
    outer loop
      vertex 42.03504571603488 65.97341336116494 0.8000000000000003
      vertex 41.599999999999994 66.26410161513775 0
      vertex 42.03504571603488 65.97341336116494 0
    endloop
  endfacet
  facet normal -0.6593458151000827 -0.7518398074789653 0
    outer loop
      vertex 42.428427124746186 65.62842712474618 0.8000000000000003
      vertex 42.03504571603488 65.97341336116494 0
      vertex 42.428427124746186 65.62842712474618 0
    endloop
  endfacet
  facet normal -0.5555702330195854 -0.8314696123025564 0
    outer loop
      vertex 41.599999999999994 66.26410161513775 0.8000000000000003
      vertex 41.599999999999994 66.26410161513775 0
      vertex 42.03504571603488 65.97341336116494 0.8000000000000003
    endloop
  endfacet
  facet normal -0.6593458151000827 -0.7518398074789653 0
    outer loop
      vertex 42.03504571603488 65.97341336116494 0.8000000000000003
      vertex 42.03504571603488 65.97341336116494 0
      vertex 42.428427124746186 65.62842712474618 0.8000000000000003
    endloop
  endfacet
  facet normal -0.7518398074789787 -0.6593458151000674 0
    outer loop
      vertex 42.773413361164934 65.23504571603488 0.8000000000000003
      vertex 42.428427124746186 65.62842712474618 0
      vertex 42.773413361164934 65.23504571603488 0
    endloop
  endfacet
  facet normal -0.8314696123025397 -0.5555702330196105 0
    outer loop
      vertex 43.06410161513775 64.8 0.8000000000000003
      vertex 42.773413361164934 65.23504571603488 0
      vertex 43.06410161513775 64.8 0
    endloop
  endfacet
  facet normal -0.7518398074789787 -0.6593458151000674 7.049410036756513e-18
    outer loop
      vertex 42.773413361164934 65.23504571603488 0.8000000000000003
      vertex 42.428427124746186 65.62842712474618 0.8000000000000003
      vertex 42.428427124746186 65.62842712474618 0
    endloop
  endfacet
  facet normal -0.8314696123025397 -0.5555702330196105 0
    outer loop
      vertex 42.773413361164934 65.23504571603488 0.8000000000000003
      vertex 42.773413361164934 65.23504571603488 0
      vertex 43.06410161513775 64.8 0.8000000000000003
    endloop
  endfacet
  facet normal -0.8968727415326898 -0.4422886902189982 0
    outer loop
      vertex 43.29551813004514 64.33073372946036 0.8000000000000003
      vertex 43.06410161513775 64.8 0
      vertex 43.29551813004514 64.33073372946036 0
    endloop
  endfacet
  facet normal -0.8968727415326898 -0.4422886902189982 0
    outer loop
      vertex 43.06410161513775 64.8 0.8000000000000003
      vertex 43.06410161513775 64.8 0
      vertex 43.29551813004514 64.33073372946036 0.8000000000000003
    endloop
  endfacet
endsolid OpenSCAD_Model
