solid OpenSCAD_Model
  facet normal 7.55102006486239e-16 -0.9063077870622704 0.4226182616857562
    outer loop
      vertex 0.6199399754405022 1.1737157106399536 18.517041459496088
      vertex 0.8786796554923058 0.8786796554923058 17.884334597331975
      vertex 8.24306404830343 3.9603681434455655 24.493036887648362
    endloop
  endfacet
  facet normal -2.0011554180303534e-17 -0.9063077870622701 0.4226182616857569
    outer loop
      vertex 1.1737157106399536 0.6199399754405022 17.329465562762632
      vertex 8.448217186114137 3.686362948497374 23.905430850733392
      vertex 0.8786796554923058 0.8786796554923058 17.884334597331975
    endloop
  endfacet
  facet normal -6.35738312314069e-15 -0.9063077870622679 0.42261826168576166
    outer loop
      vertex 0.8786796554923058 0.8786796554923058 17.884334597331975
      vertex 8.448217186114137 3.686362948497374 23.905430850733392
      vertex 8.396674414804544 3.7305343312739714 24.000156686801272
    endloop
  endfacet
  facet normal 3.628816423781391e-15 -0.906307787062271 0.4226182616857547
    outer loop
      vertex 0.8786796554923058 0.8786796554923058 17.884334597331975
      vertex 8.359214989453854 3.7771710642480505 24.10016948342997
      vertex 8.286933591820208 3.8671609217335585 24.293153355613857
    endloop
  endfacet
  facet normal 7.792174755397199e-16 -0.9063077870622707 0.4226182616857556
    outer loop
      vertex 0.8786796554923058 0.8786796554923058 17.884334597331975
      vertex 8.286933591820208 3.8671609217335585 24.293153355613857
      vertex 8.24306404830343 3.9603681434455655 24.493036887648362
    endloop
  endfacet
  facet normal -3.0337262537849893e-15 -0.9063077870622676 0.42261826168576233
    outer loop
      vertex 0.8786796554923058 0.8786796554923058 17.884334597331975
      vertex 8.396674414804544 3.7305343312739714 24.000156686801272
      vertex 8.359214989453854 3.7771710642480505 24.10016948342997
    endloop
  endfacet
  facet normal 5.199845315711396e-15 -0.9063077870622721 0.4226182616857526
    outer loop
      vertex 0.6199399754405022 1.1737157106399536 18.517041459496088
      vertex 8.24306404830343 3.9603681434455655 24.493036887648362
      vertex 8.220328910595414 4.008672256059881 24.59662539145523
    endloop
  endfacet
  facet normal -2.1811881292706963e-15 -0.9063077870622676 0.42261826168576233
    outer loop
      vertex 0.6199399754405022 1.1737157106399536 18.517041459496088
      vertex 8.220328910595414 4.008672256059881 24.59662539145523
      vertex 8.21270705825557 4.057817253963325 24.702017179584274
    endloop
  endfacet
  facet normal -2.1652949936990712e-16 -0.9063077870622703 0.42261826168575645
    outer loop
      vertex 0.6199399754405022 1.1737157106399536 18.517041459496088
      vertex 8.21270705825557 4.057817253963325 24.702017179584274
      vertex 8.197999996969994 4.152647040363342 24.90538031282174
    endloop
  endfacet
  facet normal -1 0 0
    outer loop
      vertex 0 3 22.433520757466464
      vertex 0 11.819163488005184 29.941186263865973
      vertex 0 18.616471890780062 26.771549300810726
    endloop
  endfacet
  facet normal 5.271437033757919e-15 -0.9063077870622727 0.42261826168575145
    outer loop
      vertex 1.1737157106399536 0.6199399754405022 17.329465562762632
      vertex 8.737347777424894 3.4811626920443244 23.46537748060984
      vertex 8.612417896858354 3.560179959709995 23.63483055798545
    endloop
  endfacet
  facet normal -6.542325059056637e-16 -0.9063077870622692 0.4226182616857587
    outer loop
      vertex 1.1737157106399536 0.6199399754405022 17.329465562762632
      vertex 8.885613455397866 3.4097129047819648 23.312152917332522
      vertex 8.737347777424894 3.4811626920443244 23.46537748060984
    endloop
  endfacet
  facet normal 4.657026152718732e-15 -0.9063077870622726 0.4226182616857517
    outer loop
      vertex 1.1737157106399536 0.6199399754405022 17.329465562762632
      vertex 9.21913266800154 3.2775515990996658 23.028732082628395
      vertex 9.05006806823451 3.3402113821847887 23.16310642111334
    endloop
  endfacet
  facet normal -1.07820968624664e-15 -0.9063077870622688 0.4226182616857596
    outer loop
      vertex 1.1737157106399536 0.6199399754405022 17.329465562762632
      vertex 9.05006806823451 3.3402113821847887 23.16310642111334
      vertex 8.962451301146935 3.3726844589846197 23.232745159051838
    endloop
  endfacet
  facet normal -7.674664773312654e-15 -0.9063077870622658 0.4226182616857664
    outer loop
      vertex 1.1737157106399536 0.6199399754405022 17.329465562762632
      vertex 8.962451301146935 3.3726844589846197 23.232745159051838
      vertex 8.885613455397866 3.4097129047819648 23.312152917332522
    endloop
  endfacet
  facet normal -2.697809156153756e-15 -0.9063077870622687 0.4226182616857602
    outer loop
      vertex 1.1737157106399536 0.6199399754405022 17.329465562762632
      vertex 9.406103451869505 3.2247539501525297 22.91550715905671
      vertex 9.21913266800154 3.2775515990996658 23.028732082628395
    endloop
  endfacet
  facet normal -5.430382980497284e-15 -0.9063077870622679 0.4226182616857615
    outer loop
      vertex 1.1737157106399536 0.6199399754405022 17.329465562762632
      vertex 8.612417896858354 3.560179959709995 23.63483055798545
      vertex 8.547673696282775 3.6011302099064273 23.722648652942194
    endloop
  endfacet
  facet normal 2.6878766220923577e-15 -0.906307787062271 0.42261826168575484
    outer loop
      vertex 1.1737157106399536 0.6199399754405022 17.329465562762632
      vertex 8.547673696282775 3.6011302099064273 23.722648652942194
      vertex 8.448217186114137 3.686362948497374 23.905430850733392
    endloop
  endfacet
  facet normal -9.489147315140539e-17 -0.9063077870622699 0.4226182616857571
    outer loop
      vertex 1.1737157106399536 0.6199399754405022 17.329465562762632
      vertex 9.502999998741805 3.1973918686519434 22.856828985909868
      vertex 9.406103451869505 3.2247539501525297 22.91550715905671
    endloop
  endfacet
  facet normal 4.39763826287053e-16 -0.90630778706227 0.4226182616857572
    outer loop
      vertex 1.1737157106399536 0.6199399754405022 17.329465562762632
      vertex 9.70467783974229 3.1553597312230712 22.766690776295576
      vertex 9.502999998741805 3.1973918686519434 22.856828985909868
    endloop
  endfacet
  facet normal 7.108168043028482e-15 -0.9063077870622739 0.4226182616857487
    outer loop
      vertex 1.1737157106399536 0.6199399754405022 17.329465562762632
      vertex 9.919548147067168 3.1177457775850397 22.686027392398323
      vertex 9.809196235631767 3.133576814810053 22.719977161291585
    endloop
  endfacet
  facet normal -3.699261116728094e-15 -0.9063077870622686 0.4226182616857601
    outer loop
      vertex 1.1737157106399536 0.6199399754405022 17.329465562762632
      vertex 9.809196235631767 3.133576814810053 22.719977161291585
      vertex 9.70467783974229 3.1553597312230712 22.766690776295576
    endloop
  endfacet
  facet normal -1.2598736381277079e-15 -0.9063077870622694 0.42261826168575833
    outer loop
      vertex 1.1737157106399536 0.6199399754405022 17.329465562762632
      vertex 10.132482290316188 3.087198338976688 22.620518198888504
      vertex 9.919548147067168 3.1177457775850397 22.686027392398323
    endloop
  endfacet
  facet normal -2.5782368346184237e-16 -0.9063077870622702 0.42261826168575684
    outer loop
      vertex 1.1737157106399536 0.6199399754405022 17.329465562762632
      vertex 10.353029365878959 3.0686582687651094 22.58075889000675
      vertex 10.132482290316188 3.087198338976688 22.620518198888504
    endloop
  endfacet
  facet normal 3.2397844996946843e-15 -0.9063077870622713 0.422618261685754
    outer loop
      vertex 1.1737157106399536 0.6199399754405022 17.329465562762632
      vertex 10.583613605558874 3.055828850404246 22.55324611354141
      vertex 10.467326633665508 3.059049984388734 22.560153857664126
    endloop
  endfacet
  facet normal 3.9373532974158427e-16 -0.9063077870622709 0.4226182616857552
    outer loop
      vertex 1.1737157106399536 0.6199399754405022 17.329465562762632
      vertex 10.467326633665508 3.059049984388734 22.560153857664126
      vertex 10.353029365878959 3.0686582687651094 22.58075889000675
    endloop
  endfacet
  facet normal -2.854959462144528e-15 -0.9063077870622678 0.4226182616857616
    outer loop
      vertex 1.1737157106399536 0.6199399754405022 17.329465562762632
      vertex 10.807999996244906 3.0496133777368213 22.53991698938977
      vertex 10.583613605558874 3.055828850404246 22.55324611354141
    endloop
  endfacet
  facet normal -1 0 0
    outer loop
      vertex 0 3 0
      vertex 0 3 22.433520757466464
      vertex 0 85.44211152940989 0
    endloop
  endfacet
  facet normal -1 0 0
    outer loop
      vertex 0 3 22.433520757466464
      vertex 0 18.616471890780062 26.771549300810726
      vertex 0 85.44211152940989 0
    endloop
  endfacet
  facet normal -1 0 0
    outer loop
      vertex 0 85.44211152940989 0
      vertex 0 18.616471890780062 26.771549300810726
      vertex 0 24.11050929340915 38.553550532287176
    endloop
  endfacet
  facet normal 0 -1 0
    outer loop
      vertex 3 0 0
      vertex 44.600000001490116 0 0
      vertex 3 0 15.4457633420825
    endloop
  endfacet
  facet normal 0 -0.9997620268553368 0.02181489532656054
    outer loop
      vertex 2.9636966527039172 0.0023794472217559814 15.55481181293726
      vertex 3 0 15.4457633420825
      vertex 44.6363033487862 0.0023794472217559814 15.55481181293726
    endloop
  endfacet
  facet normal 0 -0.9940563390612667 0.1088668671915941
    outer loop
      vertex 2.546508738633082 0.037980616092681885 15.879883788526058
      vertex 2.6084214225411415 0.025665417313575745 15.767434503183573
      vertex 45.05349126285704 0.037980616092681885 15.879883788526058
    endloop
  endfacet
  facet normal 3.895842803277414e-18 -0.9940563390612668 0.10886686719159264
    outer loop
      vertex 2.6084214225411415 0.025665417313575745 15.767434503183573
      vertex 2.9636966527039172 0.0023794472217559814 15.55481181293726
      vertex 45.05349126285704 0.037980616092681885 15.879883788526058
    endloop
  endfacet
  facet normal 4.729530096114107e-18 -0.9713420699477244 0.2376858917766675
    outer loop
      vertex 2.2235428616404533 0.10222252458333969 16.142418800193223
      vertex 2.546508738633082 0.037980616092681885 15.879883788526058
      vertex 45.416182953026414 0.11570762097835541 16.197527840733528
    endloop
  endfacet
  facet normal 0 -0.9713420699477238 0.23768589177667102
    outer loop
      vertex 2.1838170484637 0.11570762097835541 16.197527840733528
      vertex 2.2235428616404533 0.10222252458333969 16.142418800193223
      vertex 45.416182953026414 0.11570762097835541 16.197527840733528
    endloop
  endfacet
  facet normal -2.0469717727070286e-21 -0.9320078654792482 0.3624380480645146
    outer loop
      vertex 1.8519496992230415 0.22836140543222427 16.48721655787484
      vertex 45.75995171607712 0.23423053324222565 16.50230899453163
      vertex 1.8400482854129965 0.23423053324222565 16.50230899453163
    endloop
  endfacet
  facet normal 1.650309351450028e-19 -0.9063077870622706 0.42261826168575617
    outer loop
      vertex 1.8400482854129965 0.23423053324222565 16.50230899453163
      vertex 46.100000001490116 0.4019237905740738 16.86192834545949
      vertex 1.5 0.4019237905740738 16.86192834545949
    endloop
  endfacet
  facet normal 1.494776818443002e-18 -0.9320078654792497 0.3624380480645108
    outer loop
      vertex 1.8519496992230415 0.22836140543222427 16.48721655787484
      vertex 2.1838170484637 0.11570762097835541 16.197527840733528
      vertex 45.75995171607712 0.23423053324222565 16.50230899453163
    endloop
  endfacet
  facet normal -3.317914819665054e-17 -0.906307787062269 0.4226182616857592
    outer loop
      vertex 1.1737157106399536 0.6199399754405022 17.329465562762632
      vertex 1.5 0.4019237905740738 16.86192834545949
      vertex 46.42628429085016 0.6199399754405022 17.329465562762635
    endloop
  endfacet
  facet normal -7.600565069627312e-17 -0.90630778706227 0.4226182616857571
    outer loop
      vertex 1.1737157106399536 0.6199399754405022 17.329465562762632
      vertex 36.779999999105925 3.049613377736819 22.53991698938977
      vertex 10.807999996244906 3.0496133777368213 22.53991698938977
    endloop
  endfacet
  facet normal 2.285787203538236e-15 -0.9063077870622702 0.42261826168575667
    outer loop
      vertex 0.4019237905740738 1.5 19.216760376192997
      vertex 8.19799999511289 17.09913487025546 52.669213064712444
      vertex 0.22836140543222427 1.8519496992230415 19.971518941967528
    endloop
  endfacet
  facet normal -4.837605326877834e-15 -0.9063077870622697 0.422618261685758
    outer loop
      vertex 0.22836140543222427 1.8519496992230415 19.971518941967528
      vertex 8.19799999511289 17.09913487025546 52.669213064712444
      vertex 0.10222252458333969 2.2235428616404533 20.76840305051182
    endloop
  endfacet
  facet normal 5.617041083332004e-15 -0.9063077870622706 0.4226182616857559
    outer loop
      vertex 0.10222252458333969 2.2235428616404533 20.76840305051182
      vertex 8.19799999511289 17.09913487025546 52.669213064712444
      vertex 0.025665417313575745 2.6084214225411415 21.593777788049746
    endloop
  endfacet
  facet normal -9.405873937179565e-16 -0.90630778706227 0.4226182616857572
    outer loop
      vertex 0.025665417313575745 2.6084214225411415 21.593777788049746
      vertex 8.19799999511289 17.09913487025546 52.669213064712444
      vertex 0 3 22.433520757466464
    endloop
  endfacet
  facet normal -3.0068944074294093e-16 -0.90630778706227 0.4226182616857571
    outer loop
      vertex 0.6199399754405022 1.1737157106399536 18.517041459496088
      vertex 8.19799999511289 17.09913487025546 52.669213064712444
      vertex 0.4019237905740738 1.5 19.216760376192997
    endloop
  endfacet
  facet normal -6.685689118075986e-17 -0.90630778706227 0.4226182616857571
    outer loop
      vertex 0.6199399754405022 1.1737157106399536 18.517041459496088
      vertex 8.197999996969994 4.152647040363342 24.90538031282174
      vertex 8.19799999511289 17.09913487025546 52.669213064712444
    endloop
  endfacet
  facet normal -1 0 0
    outer loop
      vertex 0 3 22.433520757466464
      vertex 0 19.79391323775053 58.44818392395973
      vertex 0 11.819163488005184 29.941186263865973
    endloop
  endfacet
  facet normal -1 0 0
    outer loop
      vertex 0 19.79391323775053 58.44818392395973
      vertex 0 17.313200890634278 41.723187495342415
      vertex 0 11.819163488005184 29.941186263865973
    endloop
  endfacet
  facet normal 2.4737027701652034e-17 -0.90630778706227 0.42261826168575706
    outer loop
      vertex 0 3 22.433520757466464
      vertex 8.19799999511289 17.09913487025546 52.669213064712444
      vertex 0 19.79391323775053 58.44818392395973
    endloop
  endfacet
  facet normal -1 0 0
    outer loop
      vertex 0 19.79391323775053 58.44818392395973
      vertex 0 24.11050929340915 38.553550532287176
      vertex 0 17.313200890634278 41.723187495342415
    endloop
  endfacet
  facet normal -1 0 0
    outer loop
      vertex 0 19.80979399383068 58.481592766940594
      vertex 0 19.9713097140193 58.765937462449074
      vertex 0 23.433981895446777 59.48001126199961
    endloop
  endfacet
  facet normal -1 0 0
    outer loop
      vertex 0 19.9713097140193 58.765937462449074
      vertex 0 20.168558076024055 59.02676751464605
      vertex 0 23.149637199938297 59.641526982188225
    endloop
  endfacet
  facet normal -1 0 0
    outer loop
      vertex 0 20.168558076024055 59.02676751464605
      vertex 0 20.398164108395576 59.2596200555563
      vertex 0 22.846643082797527 59.76454647630453
    endloop
  endfacet
  facet normal -1 0 0
    outer loop
      vertex 0 20.398164108395576 59.2596200555563
      vertex 0 20.65619917958975 59.46051090955734
      vertex 0 22.530183851718903 59.84696486592293
    endloop
  endfacet
  facet normal -1 0 0
    outer loop
      vertex 0 20.65619917958975 59.46051090955734
      vertex 0 20.938248239457607 59.62600277364254
      vertex 0 22.205674223601818 59.88737192749977
    endloop
  endfacet
  facet normal -1 0 0
    outer loop
      vertex 0 20.938248239457607 59.62600277364254
      vertex 0 21.23948536068201 59.75326404720545
      vertex 0 21.878666631877422 59.88507629930973
    endloop
  endfacet
  facet normal -1 0 0
    outer loop
      vertex 0 21.23948536068201 59.75326404720545
      vertex 0 21.55475628376007 59.84011724591255
      vertex 0 21.878666631877422 59.88507629930973
    endloop
  endfacet
  facet normal -1 0 0
    outer loop
      vertex 0 20.938248239457607 59.62600277364254
      vertex 0 21.878666631877422 59.88507629930973
      vertex 0 22.205674223601818 59.88737192749977
    endloop
  endfacet
  facet normal -1 0 0
    outer loop
      vertex 0 20.398164108395576 59.2596200555563
      vertex 0 22.530183851718903 59.84696486592293
      vertex 0 22.846643082797527 59.76454647630453
    endloop
  endfacet
  facet normal -1 0 0
    outer loop
      vertex 0 20.168558076024055 59.02676751464605
      vertex 0 22.846643082797527 59.76454647630453
      vertex 0 23.149637199938297 59.641526982188225
    endloop
  endfacet
  facet normal -1 0 0
    outer loop
      vertex 0 20.65619917958975 59.46051090955734
      vertex 0 22.205674223601818 59.88737192749977
      vertex 0 22.530183851718903 59.84696486592293
    endloop
  endfacet
  facet normal 2.3298934363807344e-15 -0.906307787062269 0.4226182616857594
    outer loop
      vertex 0 19.79391323775053 58.44818392395973
      vertex 8.19799999511289 17.09913487025546 52.669213064712444
      vertex 8.212707056416688 17.19396465694841 52.8725761985781
    endloop
  endfacet
  facet normal -4.971861234071134e-15 -0.9063077870622737 0.4226182616857489
    outer loop
      vertex 0 19.79391323775053 58.44818392395973
      vertex 8.212707056416688 17.19396465694841 52.8725761985781
      vertex 8.220328908713245 17.243109654663645 52.97796798630353
    endloop
  endfacet
  facet normal 4.189132867934595e-15 -0.9063077870622671 0.4226182616857632
    outer loop
      vertex 0 19.79391323775053 58.44818392395973
      vertex 8.220328908713245 17.243109654663645 52.97796798630353
      vertex 8.243064046318795 17.291413767090212 53.08155648970777
    endloop
  endfacet
  facet normal -1.1212515454349473e-14 -0.9063077870622767 0.4226182616857426
    outer loop
      vertex 0 19.79391323775053 58.44818392395973
      vertex 8.243064046318795 17.291413767090212 53.08155648970777
      vertex 8.286933589947271 17.384620989097336 53.281440022375165
    endloop
  endfacet
  facet normal 4.445018000211424e-15 -0.9063077870622672 0.4226182616857633
    outer loop
      vertex 0 19.79391323775053 58.44818392395973
      vertex 8.286933589947271 17.384620989097336 53.281440022375165
      vertex 8.359214987788798 17.47461084687553 53.47442389518672
    endloop
  endfacet
  facet normal -7.044046910617772e-16 -0.9063077870622704 0.4226182616857563
    outer loop
      vertex 0 19.79391323775053 58.44818392395973
      vertex 8.359214987788798 17.47461084687553 53.47442389518672
      vertex 8.396674412976923 17.521247579664767 53.57443669141902
    endloop
  endfacet
  facet normal -3.1258092686058267e-15 -0.9063077870622719 0.422618261685753
    outer loop
      vertex 0 19.79391323775053 58.44818392395973
      vertex 8.396674412976923 17.521247579664767 53.57443669141902
      vertex 8.448217184065388 17.565418962263944 53.66916252710642
    endloop
  endfacet
  facet normal 1.4619511777573268e-15 -0.9063077870622693 0.4226182616857584
    outer loop
      vertex 0 19.79391323775053 58.44818392395973
      vertex 8.448217184065388 17.565418962263944 53.66916252710642
      vertex 8.547673694537448 17.650651701138234 53.85194472550525
    endloop
  endfacet
  facet normal -8.362679587519502e-16 -0.9063077870622698 0.42261826168575745
    outer loop
      vertex 0 19.79391323775053 58.44818392395973
      vertex 8.547673694537448 17.650651701138234 53.85194472550525
      vertex 8.612417894835014 17.69160195116774 53.93976282010402
    endloop
  endfacet
  facet normal 3.0818746473942477e-15 -0.9063077870622673 0.42261826168576283
    outer loop
      vertex 0 19.79391323775053 58.44818392395973
      vertex 8.612417894835014 17.69160195116774 53.93976282010402
      vertex 8.73734777579872 17.770619219101825 54.10921589805524
    endloop
  endfacet
  facet normal -2.635828845363891e-15 -0.9063077870622721 0.4226182616857525
    outer loop
      vertex 0 19.79391323775053 58.44818392395973
      vertex 8.73734777579872 17.770619219101825 54.10921589805524
      vertex 8.885613454258621 17.842069006611947 54.26244046186389
    endloop
  endfacet
  facet normal -7.758649164358954e-15 -0.9063077870622767 0.4226182616857429
    outer loop
      vertex 0 19.79391323775053 58.44818392395973
      vertex 8.885613454258621 17.842069006611947 54.26244046186389
      vertex 8.96245129967554 17.87909745225602 54.34184821981589
    endloop
  endfacet
  facet normal 1.0013609516829803e-14 -0.9063077870622609 0.42261826168577665
    outer loop
      vertex 0 19.79391323775053 58.44818392395973
      vertex 8.96245129967554 17.87909745225602 54.34184821981589
      vertex 9.05006806638278 17.911570528920116 54.411486957463296
    endloop
  endfacet
  facet normal -7.090970059735807e-16 -0.9063077870622711 0.42261826168575484
    outer loop
      vertex 0 19.79391323775053 58.44818392395973
      vertex 9.05006806638278 17.911570528920116 54.411486957463296
      vertex 9.219132666718174 17.974230312225973 54.545861296421606
    endloop
  endfacet
  facet normal -1.8285090997326195e-15 -0.9063077870622719 0.42261826168575317
    outer loop
      vertex 0 19.79391323775053 58.44818392395973
      vertex 9.219132666718174 17.974230312225973 54.545861296421606
      vertex 9.40610345122773 18.027027961361966 54.6590862203983
    endloop
  endfacet
  facet normal -1.256400862819384e-15 -0.9063077870622716 0.42261826168575395
    outer loop
      vertex 0 19.79391323775053 58.44818392395973
      vertex 9.40610345122773 18.027027961361966 54.6590862203983
      vertex 9.502999997676227 18.054390042746856 54.71776439329703
    endloop
  endfacet
  facet normal -1.7824492884657946e-15 -0.9063077870622714 0.4226182616857539
    outer loop
      vertex 0 19.79391323775053 58.44818392395973
      vertex 9.502999997676227 18.054390042746856 54.71776439329703
      vertex 9.70467783937927 18.09642218032782 54.80790260323749
    endloop
  endfacet
  facet normal 1.4962058429496944e-14 -0.9063077870622545 0.4226182616857905
    outer loop
      vertex 0 19.79391323775053 58.44818392395973
      vertex 9.70467783937927 18.09642218032782 54.80790260323749
      vertex 9.809196234809201 18.118205096648005 54.85461621804239
    endloop
  endfacet
  facet normal -4.9912439753015795e-15 -0.9063077870622763 0.4226182616857438
    outer loop
      vertex 0 19.79391323775053 58.44818392395973
      vertex 9.809196234809201 18.118205096648005 54.85461621804239
      vertex 9.919548145757764 18.1340361338052 54.88856598679021
    endloop
  endfacet
  facet normal -2.6092809200535987e-15 -0.9063077870622721 0.42261826168575267
    outer loop
      vertex 0 19.79391323775053 58.44818392395973
      vertex 9.919548145757764 18.1340361338052 54.88856598679021
      vertex 10.132482289756421 18.164583572524997 54.95407518053903
    endloop
  endfacet
  facet normal -5.5538654184186554e-15 -0.9063077870622765 0.42261826168574324
    outer loop
      vertex 0 19.79391323775053 58.44818392395973
      vertex 10.132482289756421 18.164583572524997 54.95407518053903
      vertex 10.353029366101694 18.18312364280464 54.99383448956676
    endloop
  endfacet
  facet normal 2.324248842195315e-15 -0.9063077870622678 0.422618261685762
    outer loop
      vertex 0 19.79391323775053 58.44818392395973
      vertex 10.353029366101694 18.18312364280464 54.99383448956676
      vertex 10.467326633382156 18.192731927139658 55.014439521820684
    endloop
  endfacet
  facet normal 4.376865952335773e-15 -0.9063077870622638 0.42261826168577016
    outer loop
      vertex 0 19.79391323775053 58.44818392395973
      vertex 10.467326633382156 18.192731927139658 55.014439521820684
      vertex 10.583613604759995 18.195953061110256 55.02134726591361
    endloop
  endfacet
  facet normal -6.781325724904332e-15 -0.9063077870622768 0.42261826168574235
    outer loop
      vertex 0 19.79391323775053 58.44818392395973
      vertex 10.583613604759995 18.195953061110256 55.02134726591361
      vertex 10.807999996244906 18.202168533800563 55.03467639011433
    endloop
  endfacet
  facet normal -1 0 0
    outer loop
      vertex 0 19.79391323775053 58.44818392395973
      vertex 0 85.44211152940989 0
      vertex 0 24.11050929340915 38.553550532287176
    endloop
  endfacet
  facet normal -1 0 0
    outer loop
      vertex 0 19.79391323775053 58.44818392395973
      vertex 0 19.80979399383068 58.481592766940594
      vertex 0 85.44211152940989 0
    endloop
  endfacet
  facet normal -1 0 0
    outer loop
      vertex 0 19.80979399383068 58.481592766940594
      vertex 0 23.433981895446777 59.48001126199961
      vertex 0 85.44211152940989 0
    endloop
  endfacet
  facet normal -1 0 0
    outer loop
      vertex 0 19.9713097140193 58.765937462449074
      vertex 0 23.149637199938297 59.641526982188225
      vertex 0 23.433981895446777 59.48001126199961
    endloop
  endfacet
  facet normal -2.114404895135351e-18 -0.9063077870622698 0.4226182616857577
    outer loop
      vertex 0 19.79391323775053 58.44818392395973
      vertex 10.807999996244906 18.202168533800563 55.03467639011433
      vertex 36.779999999105925 18.202168533800563 55.03467639011433
    endloop
  endfacet
  facet normal 0 -0.90315639953697 0.4293116792907188
    outer loop
      vertex 0 19.79391323775053 58.44818392395973
      vertex 47.599999999999994 19.80979399383068 58.481592766940594
      vertex 0 19.80979399383068 58.481592766940594
    endloop
  endfacet
  facet normal 0 -0.8695140359582132 0.49390823162978276
    outer loop
      vertex 0 19.80979399383068 58.481592766940594
      vertex 47.599999999999994 19.9713097140193 58.765937462449074
      vertex 0 19.9713097140193 58.765937462449074
    endloop
  endfacet
  facet normal 0 -0.797607257439777 0.6031771405477807
    outer loop
      vertex 0 19.9713097140193 58.765937462449074
      vertex 47.599999999999994 20.168558076024055 59.02676751464605
      vertex 0 20.168558076024055 59.02676751464605
    endloop
  endfacet
  facet normal 0 -0.7120532008034158 0.7021255152931065
    outer loop
      vertex 0 20.168558076024055 59.02676751464605
      vertex 47.599999999999994 20.398164108395576 59.2596200555563
      vertex 0 20.398164108395576 59.2596200555563
    endloop
  endfacet
  facet normal 0 -0.6143157247290953 0.7890603211102218
    outer loop
      vertex 0 20.398164108395576 59.2596200555563
      vertex 47.599999999999994 20.65619917958975 59.46051090955734
      vertex 0 20.65619917958975 59.46051090955734
    endloop
  endfacet
  facet normal 0 -0.5060671218660968 0.8624940974674349
    outer loop
      vertex 0 20.65619917958975 59.46051090955734
      vertex 47.599999999999994 20.938248239457607 59.62600277364254
      vertex 0 20.938248239457607 59.62600277364254
    endloop
  endfacet
  facet normal 0 -0.3891595824128117 0.9211703530923506
    outer loop
      vertex 0 20.938248239457607 59.62600277364254
      vertex 47.599999999999994 21.23948536068201 59.75326404720545
      vertex 0 21.23948536068201 59.75326404720545
    endloop
  endfacet
  facet normal 0 -0.26559340396490505 0.9640851330511921
    outer loop
      vertex 0 21.23948536068201 59.75326404720545
      vertex 47.599999999999994 21.55475628376007 59.84011724591255
      vertex 0 21.55475628376007 59.84011724591255
    endloop
  endfacet
  facet normal 0 -0.13748288346362617 0.9905041427245658
    outer loop
      vertex 0 21.55475628376007 59.84011724591255
      vertex 47.599999999999994 21.878666631877422 59.88507629930973
      vertex 0 21.878666631877422 59.88507629930973
    endloop
  endfacet
  facet normal 0 -0.0070199337378336465 0.9999753599615925
    outer loop
      vertex 0 21.878666631877422 59.88507629930973
      vertex 47.599999999999994 22.205674223601818 59.88737192749977
      vertex 0 22.205674223601818 59.88737192749977
    endloop
  endfacet
  facet normal 0 0.12356308545606358 0.9923367190185888
    outer loop
      vertex 0 22.205674223601818 59.88737192749977
      vertex 47.599999999999994 22.530183851718903 59.84696486592293
      vertex 0 22.530183851718903 59.84696486592293
    endloop
  endfacet
  facet normal 0 0.25203194223692305 0.9677189158491656
    outer loop
      vertex 0 22.530183851718903 59.84696486592293
      vertex 47.599999999999994 22.846643082797527 59.76454647630453
      vertex 0 22.846643082797527 59.76454647630453
    endloop
  endfacet
  facet normal 0 0.37618840762385775 0.9265431894787346
    outer loop
      vertex 0 22.846643082797527 59.76454647630453
      vertex 47.599999999999994 23.149637199938297 59.641526982188225
      vertex 0 23.149637199938297 59.641526982188225
    endloop
  endfacet
  facet normal 0 0.49390823162978276 0.8695140359582132
    outer loop
      vertex 0 23.149637199938297 59.641526982188225
      vertex 47.599999999999994 23.433981895446777 59.48001126199961
      vertex 0 23.433981895446777 59.48001126199961
    endloop
  endfacet
  facet normal -1 0 0
    outer loop
      vertex 0 23.433981895446777 59.48001126199961
      vertex 0 85.44211152940989 18.674215140486716
      vertex 0 85.44211152940989 0
    endloop
  endfacet
  facet normal 0 1 0
    outer loop
      vertex 3 88.44211152940989 0
      vertex 3 88.44211152940989 15.35241886973381
      vertex 44.600000001490116 88.44211152940989 15.35241886973381
    endloop
  endfacet
  facet normal 4.2214540436942464e-17 0.8314696154835649 0.5555702282588698
    outer loop
      vertex 1.3283500001105535 87.92549487948418 16.874322444200516
      vertex 45.964163198402936 88.10717503726482 16.60241886973381
      vertex 1.5 88.04018773883581 16.702672447830697
    endloop
  endfacet
  facet normal -6.341881454445522e-17 0.5497196761726438 0.8353491950248373
    outer loop
      vertex 0.4019237905740738 86.94211152940989 17.68710757017961
      vertex 0.22836140543222427 86.59016183018684 17.918715711826525
      vertex 47.19807621091604 86.94211152940989 17.687107570179613
    endloop
  endfacet
  facet normal -5.203075506101449e-17 0.5497196761726438 0.8353491950248373
    outer loop
      vertex 0.10222252458333969 86.21856866776943 18.163250660957583
      vertex 0.025665417313575745 85.83369010686874 18.416528355033567
      vertex 47.19807621091604 86.94211152940989 17.687107570179613
    endloop
  endfacet
  facet normal 7.039935758828054e-17 0.5497196761726402 0.8353491950248397
    outer loop
      vertex 0 85.44211152940989 18.674215140486716
      vertex 47.19807621091604 86.94211152940989 17.687107570179613
      vertex 0.025665417313575745 85.83369010686874 18.416528355033567
    endloop
  endfacet
  facet normal -7.50770386453934e-17 0.5497196761726448 0.8353491950248365
    outer loop
      vertex 0.10222252458333969 86.21856866776943 18.163250660957583
      vertex 47.19807621091604 86.94211152940989 17.687107570179613
      vertex 0.22836140543222427 86.59016183018684 17.918715711826525
    endloop
  endfacet
  facet normal -3.551364522949642e-17 0.6593458183838117 0.7518398045992122
    outer loop
      vertex 0.8786796554923058 87.56343187391758 17.24861605168723
      vertex 0.7914934868075449 87.46401510387659 17.3358022198081
      vertex 46.55432999682726 87.70987848192453 17.12018582224846
    endloop
  endfacet
  facet normal -1.522963454759496e-19 0.6593458183838053 0.7518398045992176
    outer loop
      vertex 0.8786796554923058 87.56343187391758 17.24861605168723
      vertex 46.55432999682726 87.70987848192453 17.12018582224846
      vertex 1.0456700046628504 87.70987848192453 17.12018582224846
    endloop
  endfacet
  facet normal -1.4386110058415252e-19 0.549719676172641 0.8353491950248393
    outer loop
      vertex 0.4019237905740738 86.94211152940989 17.68710757017961
      vertex 46.980060026049614 87.26839581876993 17.472389108779893
      vertex 0.6199399754405022 87.26839581876993 17.472389108779893
    endloop
  endfacet
  facet normal -2.0898096118241522e-20 0.5497196761726423 0.8353491950248383
    outer loop
      vertex 0.6199399754405022 87.26839581876993 17.472389108779893
      vertex 46.93795208684909 87.31641072034836 17.440791860222816
      vertex 0.6620479146410305 87.31641072034836 17.440791860222816
    endloop
  endfacet
  facet normal 0 0.5796210327356303 0.8148861628537335
    outer loop
      vertex 0.6620479146410305 87.31641072034836 17.440791860222816
      vertex 46.80850651468257 87.46401510387659 17.3358022198081
      vertex 0.7914934868075449 87.46401510387659 17.3358022198081
    endloop
  endfacet
  facet normal -8.414264338608154e-17 0.7518398045992232 0.6593458183837991
    outer loop
      vertex 1.0456700046628504 87.70987848192453 17.12018582224846
      vertex 46.27165000137956 87.92549487948418 16.874322444200516
      vertex 1.1737157106399536 87.82217155396938 16.9921401154432
    endloop
  endfacet
  facet normal 1.118643088869215e-19 0.7518398045992072 0.6593458183838175
    outer loop
      vertex 1.1737157106399536 87.82217155396938 16.9921401154432
      vertex 46.27165000137956 87.92549487948418 16.874322444200516
      vertex 1.3283500001105535 87.92549487948418 16.874322444200516
    endloop
  endfacet
  facet normal -2.5658311896418447e-18 0.9807852815296796 0.1950903163530861
    outer loop
      vertex 2.6084214225411415 88.41644611209631 15.700239154699108
      vertex 2.309194113571209 88.35692609846592 15.999466478824615
      vertex 44.926315444814534 88.4207236841321 15.678734347224236
    endloop
  endfacet
  facet normal 0 0.9978589234555669 0.06540312591992285
    outer loop
      vertex 2.6736845566755805 88.4207236841321 15.678734347224236
      vertex 44.600000001490116 88.44211152940989 15.35241886973381
      vertex 3 88.44211152940989 15.35241886973381
    endloop
  endfacet
  facet normal 7.142906398841444e-21 0.9807852815296786 0.19509031635309093
    outer loop
      vertex 2.6084214225411415 88.41644611209631 15.700239154699108
      vertex 44.926315444814534 88.4207236841321 15.678734347224236
      vertex 2.6736845566755805 88.4207236841321 15.678734347224236
    endloop
  endfacet
  facet normal 1.4229689873820616e-17 0.946930123886493 0.3214394818256013
    outer loop
      vertex 1.964071530703535 88.2518103569746 16.30912744998932
      vertex 45.29080588791891 88.35692609846592 15.999466478824615
      vertex 2.2235428616404533 88.33988900482655 16.049656135362675
    endloop
  endfacet
  facet normal 5.624868296013487e-20 0.8968727444820785 0.4422886842382293
    outer loop
      vertex 1.8519496992230415 88.21375012397766 16.386305968997522
      vertex 45.63592847078658 88.2518103569746 16.30912744998932
      vertex 1.964071530703535 88.2518103569746 16.30912744998932
    endloop
  endfacet
  facet normal 1.245564214601067e-20 0.9469301238864967 0.3214394818255903
    outer loop
      vertex 2.2235428616404533 88.33988900482655 16.049656135362675
      vertex 45.29080588791891 88.35692609846592 15.999466478824615
      vertex 2.309194113571209 88.35692609846592 15.999466478824615
    endloop
  endfacet
  facet normal 2.1359690230451985e-20 0.8314696154835736 0.5555702282588569
    outer loop
      vertex 1.5 88.04018773883581 16.702672447830697
      vertex 45.964163198402936 88.10717503726482 16.60241886973381
      vertex 1.6358368030871817 88.10717503726482 16.60241886973381
    endloop
  endfacet
  facet normal -1.7085693284174282e-17 0.8968727444820824 0.4422886842382215
    outer loop
      vertex 1.6358368030871817 88.10717503726482 16.60241886973381
      vertex 45.63592847078658 88.2518103569746 16.30912744998932
      vertex 1.8519496992230415 88.21375012397766 16.386305968997522
    endloop
  endfacet
  facet normal -4.0094399073347847e-17 0.5497196761726427 0.835349195024838
    outer loop
      vertex 0 23.433981895446777 59.48001126199961
      vertex 47.19807621091604 86.94211152940989 17.687107570179613
      vertex 0 85.44211152940989 18.674215140486716
    endloop
  endfacet
  facet normal 0 -1 0
    outer loop
      vertex 3 0 15.4457633420825
      vertex 44.600000001490116 0 0
      vertex 44.600000001490116 0 15.4457633420825
    endloop
  endfacet
  facet normal 7.260500902493715e-17 -0.9063077870622704 0.4226182616857562
    outer loop
      vertex 1.1737157106399536 0.6199399754405022 17.329465562762632
      vertex 47.599999999999994 2.999999977265136 22.43352070871139
      vertex 36.779999999105925 3.049613377736819 22.53991698938977
    endloop
  endfacet
  facet normal 0 -0.9997620268553369 0.021814895326560543
    outer loop
      vertex 3 0 15.4457633420825
      vertex 44.600000001490116 0 15.4457633420825
      vertex 44.6363033487862 0.0023794472217559814 15.55481181293726
    endloop
  endfacet
  facet normal 0 -0.9940563390612668 0.10886686719159354
    outer loop
      vertex 2.9636966527039172 0.0023794472217559814 15.55481181293726
      vertex 44.6363033487862 0.0023794472217559814 15.55481181293726
      vertex 44.991578578948975 0.025665417313575745 15.767434503183571
    endloop
  endfacet
  facet normal 5.854346549539765e-18 -0.9940563390612669 0.10886686719159237
    outer loop
      vertex 2.9636966527039172 0.0023794472217559814 15.55481181293726
      vertex 44.991578578948975 0.025665417313575745 15.767434503183571
      vertex 45.05349126285704 0.037980616092681885 15.879883788526058
    endloop
  endfacet
  facet normal 0 -0.9713420699477238 0.23768589177667054
    outer loop
      vertex 2.546508738633082 0.037980616092681885 15.879883788526058
      vertex 45.05349126285704 0.037980616092681885 15.879883788526058
      vertex 45.37645713984966 0.10222252458333969 16.14241880019322
    endloop
  endfacet
  facet normal 9.178363867935335e-17 -0.9713420699477273 0.23768589177665655
    outer loop
      vertex 2.546508738633082 0.037980616092681885 15.879883788526058
      vertex 45.37645713984966 0.10222252458333969 16.14241880019322
      vertex 45.416182953026414 0.11570762097835541 16.197527840733528
    endloop
  endfacet
  facet normal 0 -0.9320078654792499 0.3624380480645108
    outer loop
      vertex 2.1838170484637 0.11570762097835541 16.197527840733528
      vertex 45.416182953026414 0.11570762097835541 16.197527840733528
      vertex 45.748050302267075 0.22836140543222427 16.48721655787484
    endloop
  endfacet
  facet normal -2.9663675367880854e-17 -0.9320078654792482 0.3624380480645147
    outer loop
      vertex 2.1838170484637 0.11570762097835541 16.197527840733528
      vertex 45.748050302267075 0.22836140543222427 16.48721655787484
      vertex 45.75995171607712 0.23423053324222565 16.50230899453163
    endloop
  endfacet
  facet normal 0 -0.9063077870622704 0.42261826168575606
    outer loop
      vertex 1.8400482854129965 0.23423053324222565 16.50230899453163
      vertex 45.75995171607712 0.23423053324222565 16.50230899453163
      vertex 46.100000001490116 0.4019237905740738 16.86192834545949
    endloop
  endfacet
  facet normal 0 -0.9063077870622703 0.42261826168575667
    outer loop
      vertex 1.5 0.4019237905740738 16.86192834545949
      vertex 46.100000001490116 0.4019237905740738 16.86192834545949
      vertex 46.42628429085016 0.6199399754405022 17.329465562762635
    endloop
  endfacet
  facet normal -3.317914819665036e-17 -0.9063077870622701 0.4226182616857569
    outer loop
      vertex 1.1737157106399536 0.6199399754405022 17.329465562762632
      vertex 46.42628429085016 0.6199399754405022 17.329465562762635
      vertex 46.72132034599781 0.8786796554923058 17.88433459733198
    endloop
  endfacet
  facet normal -4.7641207702894914e-17 -0.9063077870622696 0.42261826168575795
    outer loop
      vertex 1.1737157106399536 0.6199399754405022 17.329465562762632
      vertex 46.72132034599781 0.8786796554923058 17.88433459733198
      vertex 46.980060026049614 1.1737157106399536 18.517041459496088
    endloop
  endfacet
  facet normal -2.424902171447435e-17 -0.9063077870622698 0.4226182616857572
    outer loop
      vertex 1.1737157106399536 0.6199399754405022 17.329465562762632
      vertex 46.980060026049614 1.1737157106399536 18.517041459496088
      vertex 47.19807621091604 1.5 19.216760376192997
    endloop
  endfacet
  facet normal 1.9724132082237505e-17 -0.9063077870622704 0.4226182616857562
    outer loop
      vertex 1.1737157106399536 0.6199399754405022 17.329465562762632
      vertex 47.19807621091604 1.5 19.216760376192997
      vertex 47.37163859605789 1.8519496992230415 19.971518941967528
    endloop
  endfacet
  facet normal -4.362308138252016e-17 -0.90630778706227 0.4226182616857571
    outer loop
      vertex 1.1737157106399536 0.6199399754405022 17.329465562762632
      vertex 47.37163859605789 1.8519496992230415 19.971518941967528
      vertex 47.497777476906776 2.2235428616404533 20.768403050511825
    endloop
  endfacet
  facet normal -1.4499708900370492e-17 -0.90630778706227 0.422618261685757
    outer loop
      vertex 1.1737157106399536 0.6199399754405022 17.329465562762632
      vertex 47.497777476906776 2.2235428616404533 20.768403050511825
      vertex 47.57433458417654 2.6084214225411415 21.593777788049746
    endloop
  endfacet
  facet normal -3.683627392540832e-17 -0.90630778706227 0.42261826168575706
    outer loop
      vertex 1.1737157106399536 0.6199399754405022 17.329465562762632
      vertex 47.57433458417654 2.6084214225411415 21.593777788049746
      vertex 47.599999999999994 2.999999977265136 22.43352070871139
    endloop
  endfacet
  facet normal 4.1493338183832926e-16 -0.9063077870622567 0.42261826168578553
    outer loop
      vertex 47.599999999999994 2.999999977265136 22.43352070871139
      vertex 37.00438638979196 3.055828850404244 22.55324611354141
      vertex 36.779999999105925 3.049613377736819 22.53991698938977
    endloop
  endfacet
  facet normal -9.333363443874843e-17 -0.9063077870622737 0.4226182616857492
    outer loop
      vertex 47.599999999999994 2.999999977265136 22.43352070871139
      vertex 37.12067336168532 3.059049984388732 22.560153857664126
      vertex 37.00438638979196 3.055828850404244 22.55324611354141
    endloop
  endfacet
  facet normal 1.4453641561274744e-16 -0.9063077870622662 0.42261826168576505
    outer loop
      vertex 47.599999999999994 2.999999977265136 22.43352070871139
      vertex 37.23497062947187 3.068658268765108 22.58075889000675
      vertex 37.12067336168532 3.059049984388732 22.560153857664126
    endloop
  endfacet
  facet normal 5.028263636911776e-17 -0.9063077870622688 0.4226182616857598
    outer loop
      vertex 47.599999999999994 2.999999977265136 22.43352070871139
      vertex 37.455517705034644 3.0871983389766866 22.620518198888504
      vertex 37.23497062947187 3.068658268765108 22.58075889000675
    endloop
  endfacet
  facet normal 1.1675925416820343e-16 -0.9063077870622673 0.4226182616857627
    outer loop
      vertex 47.599999999999994 2.999999977265136 22.43352070871139
      vertex 37.66845184828367 3.1177457775850383 22.686027392398323
      vertex 37.455517705034644 3.0871983389766866 22.620518198888504
    endloop
  endfacet
  facet normal -1.2467172808068352e-16 -0.906307787062271 0.42261826168575495
    outer loop
      vertex 47.599999999999994 2.999999977265136 22.43352070871139
      vertex 37.77880375971907 3.133576814810053 22.719977161291585
      vertex 37.66845184828367 3.1177457775850383 22.686027392398323
    endloop
  endfacet
  facet normal -2.0365920453918713e-16 -0.9063077870622721 0.42261826168575245
    outer loop
      vertex 47.599999999999994 2.999999977265136 22.43352070871139
      vertex 37.88332215560854 3.1553597312230703 22.766690776295576
      vertex 37.77880375971907 3.133576814810053 22.719977161291585
    endloop
  endfacet
  facet normal -1.8123707874905953e-16 -0.9063077870622719 0.4226182616857532
    outer loop
      vertex 47.599999999999994 2.999999977265136 22.43352070871139
      vertex 38.08499999660903 3.197391868651942 22.856828985909868
      vertex 37.88332215560854 3.1553597312230703 22.766690776295576
    endloop
  endfacet
  facet normal 2.8732111666884836e-16 -0.9063077870622676 0.42261826168576233
    outer loop
      vertex 47.599999999999994 2.999999977265136 22.43352070871139
      vertex 38.18189654348132 3.224753950152529 22.91550715905671
      vertex 38.08499999660903 3.197391868651942 22.856828985909868
    endloop
  endfacet
  facet normal 3.9317617975989653e-16 -0.906307787062267 0.42261826168576344
    outer loop
      vertex 47.599999999999994 2.999999977265136 22.43352070871139
      vertex 38.36886732734929 3.277551599099665 23.028732082628395
      vertex 38.18189654348132 3.224753950152529 22.91550715905671
    endloop
  endfacet
  facet normal -5.258294971211464e-16 -0.9063077870622724 0.4226182616857518
    outer loop
      vertex 47.599999999999994 2.999999977265136 22.43352070871139
      vertex 38.537931927116325 3.3402113821847887 23.16310642111334
      vertex 38.36886732734929 3.277551599099665 23.028732082628395
    endloop
  endfacet
  facet normal 2.0401963723323288e-16 -0.9063077870622691 0.4226182616857589
    outer loop
      vertex 47.599999999999994 2.999999977265136 22.43352070871139
      vertex 38.6255486942039 3.3726844589846197 23.232745159051838
      vertex 38.537931927116325 3.3402113821847887 23.16310642111334
    endloop
  endfacet
  facet normal -1.8633392068131601e-16 -0.9063077870622703 0.4226182616857561
    outer loop
      vertex 47.599999999999994 2.999999977265136 22.43352070871139
      vertex 38.70238653995297 3.409712904781963 23.312152917332522
      vertex 38.6255486942039 3.3726844589846197 23.232745159051838
    endloop
  endfacet
  facet normal 2.017800077210639e-17 -0.9063077870622698 0.4226182616857575
    outer loop
      vertex 47.599999999999994 2.999999977265136 22.43352070871139
      vertex 38.85065221792594 3.481162692044322 23.46537748060984
      vertex 38.70238653995297 3.409712904781963 23.312152917332522
    endloop
  endfacet
  facet normal -7.26891181042416e-16 -0.9063077870622723 0.42261826168575223
    outer loop
      vertex 47.599999999999994 2.999999977265136 22.43352070871139
      vertex 38.97558209849248 3.5601799597099935 23.63483055798545
      vertex 38.85065221792594 3.481162692044322 23.46537748060984
    endloop
  endfacet
  facet normal 1.609880037696786e-15 -0.9063077870622659 0.42261826168576605
    outer loop
      vertex 47.599999999999994 2.999999977265136 22.43352070871139
      vertex 39.040326299068056 3.6011302099064264 23.722648652942194
      vertex 38.97558209849248 3.5601799597099935 23.63483055798545
    endloop
  endfacet
  facet normal 3.2186923662695776e-16 -0.9063077870622691 0.42261826168575894
    outer loop
      vertex 47.599999999999994 2.999999977265136 22.43352070871139
      vertex 39.1397828092367 3.6863629484973726 23.90543085073339
      vertex 39.040326299068056 3.6011302099064264 23.722648652942194
    endloop
  endfacet
  facet normal -1.49022798540216e-15 -0.9063077870622731 0.4226182616857503
    outer loop
      vertex 47.599999999999994 2.999999977265136 22.43352070871139
      vertex 39.19132558054629 3.7305343312739696 24.000156686801272
      vertex 39.1397828092367 3.6863629484973726 23.90543085073339
    endloop
  endfacet
  facet normal -1.5881203125066024e-16 -0.9063077870622707 0.4226182616857556
    outer loop
      vertex 47.599999999999994 2.999999977265136 22.43352070871139
      vertex 39.22878500589698 3.777171064248048 24.10016948342997
      vertex 39.19132558054629 3.7305343312739696 24.000156686801272
    endloop
  endfacet
  facet normal 9.022030474452765e-16 -0.9063077870622684 0.42261826168576044
    outer loop
      vertex 47.599999999999994 2.999999977265136 22.43352070871139
      vertex 39.301066403530626 3.867160921733558 24.293153355613857
      vertex 39.22878500589698 3.777171064248048 24.10016948342997
    endloop
  endfacet
  facet normal 3.328426001488773e-16 -0.9063077870622694 0.42261826168575833
    outer loop
      vertex 47.599999999999994 2.999999977265136 22.43352070871139
      vertex 39.344935947047404 3.960368143445566 24.493036887648362
      vertex 39.301066403530626 3.867160921733558 24.293153355613857
    endloop
  endfacet
  facet normal -5.71870563414882e-16 -0.9063077870622703 0.4226182616857562
    outer loop
      vertex 47.599999999999994 2.999999977265136 22.43352070871139
      vertex 39.367671084755415 4.0086722560598815 24.59662539145523
      vertex 39.344935947047404 3.960368143445566 24.493036887648362
    endloop
  endfacet
  facet normal 9.430931500863206e-16 -0.9063077870622684 0.42261826168576033
    outer loop
      vertex 47.599999999999994 2.999999977265136 22.43352070871139
      vertex 39.37529293709526 4.057817253963326 24.702017179584274
      vertex 39.367671084755415 4.0086722560598815 24.59662539145523
    endloop
  endfacet
  facet normal -1.4877945897441091e-15 -0.9063077870622718 0.4226182616857535
    outer loop
      vertex 47.599999999999994 2.999999977265136 22.43352070871139
      vertex 39.38999999838084 4.152647040363342 24.90538031282174
      vertex 39.37529293709526 4.057817253963326 24.702017179584274
    endloop
  endfacet
  facet normal 1 0 0
    outer loop
      vertex 47.599999999999994 2.999999977265136 22.43352070871139
      vertex 47.599999999999994 12.767348708718368 25.869775947076825
      vertex 47.599999999999994 12.685918162051292 26.00396933481604
    endloop
  endfacet
  facet normal 1 0 0
    outer loop
      vertex 47.599999999999994 2.999999977265136 22.43352070871139
      vertex 47.599999999999994 12.97898603024131 25.63881433895531
      vertex 47.599999999999994 12.86559835769301 25.747359421559292
    endloop
  endfacet
  facet normal 1 0 0
    outer loop
      vertex 47.599999999999994 2.999999977265136 22.43352070871139
      vertex 47.599999999999994 12.86559835769301 25.747359421559292
      vertex 47.599999999999994 12.767348708718368 25.869775947076825
    endloop
  endfacet
  facet normal 1 0 0
    outer loop
      vertex 47.599999999999994 2.999999977265136 22.43352070871139
      vertex 47.599999999999994 12.685918162051292 26.00396933481604
      vertex 47.599999999999994 12.622700016922069 26.147643498707282
    endloop
  endfacet
  facet normal 1 0 0
    outer loop
      vertex 47.599999999999994 2.999999977265136 22.43352070871139
      vertex 47.599999999999994 12.622700016922069 26.147643498707282
      vertex 47.599999999999994 12.578775953321237 26.29834013397236
    endloop
  endfacet
  facet normal 1 0 0
    outer loop
      vertex 47.599999999999994 2.999999977265136 22.43352070871139
      vertex 47.599999999999994 12.578775953321237 26.29834013397236
      vertex 47.599999999999994 12.554897524155063 26.45348077940089
    endloop
  endfacet
  facet normal 1 0 0
    outer loop
      vertex 47.599999999999994 2.999999977265136 22.43352070871139
      vertex 47.599999999999994 12.554897524155063 26.45348077940089
      vertex 47.599999999999994 12.551473295966929 26.610410935536486
    endloop
  endfacet
  facet normal 1 0 0
    outer loop
      vertex 47.599999999999994 2.999999977265136 22.43352070871139
      vertex 47.599999999999994 12.551473295966929 26.610410935536486
      vertex 47.599999999999994 12.56856185825051 26.7664454838984
    endloop
  endfacet
  facet normal 1 0 0
    outer loop
      vertex 47.599999999999994 2.999999977265136 22.43352070871139
      vertex 47.599999999999994 12.56856185825051 26.7664454838984
      vertex 47.599999999999994 12.605870820967285 26.91891463010321
    endloop
  endfacet
  facet normal 1 0 0
    outer loop
      vertex 47.599999999999994 2.999999977265136 22.43352070871139
      vertex 47.599999999999994 12.605870820967285 26.91891463010321
      vertex 47.599999999999994 12.662761817421178 27.065209584786924
    endloop
  endfacet
  facet normal 1 0 0
    outer loop
      vertex 47.599999999999994 2.999999977265136 22.43352070871139
      vertex 47.599999999999994 12.662761817421178 27.065209584786924
      vertex 47.599999999999994 12.738261426889695 27.202827200714275
    endloop
  endfacet
  facet normal 1 0 0
    outer loop
      vertex 47.599999999999994 2.999999977265136 22.43352070871139
      vertex 47.599999999999994 12.738261426889695 27.202827200714275
      vertex 47.599999999999994 12.831077830122384 27.32941280232193
    endloop
  endfacet
  facet normal 1 0 0
    outer loop
      vertex 47.599999999999994 2.999999977265136 22.43352070871139
      vertex 47.599999999999994 12.831077830122384 27.32941280232193
      vertex 47.599999999999994 12.939622912726366 27.442800474870232
    endloop
  endfacet
  facet normal 1 0 0
    outer loop
      vertex 47.599999999999994 2.999999977265136 22.43352070871139
      vertex 47.599999999999994 13.105571631848969 25.545997935722625
      vertex 47.599999999999994 12.97898603024131 25.63881433895531
    endloop
  endfacet
  facet normal 1 0 0
    outer loop
      vertex 47.599999999999994 2.999999977265136 22.43352070871139
      vertex 47.599999999999994 13.24318924777632 25.470498326254106
      vertex 47.599999999999994 13.105571631848969 25.545997935722625
    endloop
  endfacet
  facet normal 1 0 0
    outer loop
      vertex 47.599999999999994 2.999999977265136 22.43352070871139
      vertex 47.599999999999994 13.38948420246003 25.413607329800215
      vertex 47.599999999999994 13.24318924777632 25.470498326254106
    endloop
  endfacet
  facet normal 1 0 0
    outer loop
      vertex 47.599999999999994 2.999999977265136 22.43352070871139
      vertex 47.599999999999994 13.541953348664842 25.376298367083436
      vertex 47.599999999999994 13.38948420246003 25.413607329800215
    endloop
  endfacet
  facet normal 1 0 0
    outer loop
      vertex 47.599999999999994 2.999999977265136 22.43352070871139
      vertex 47.599999999999994 13.697987897026755 25.359209804799853
      vertex 47.599999999999994 13.541953348664842 25.376298367083436
    endloop
  endfacet
  facet normal 1 0 0
    outer loop
      vertex 47.599999999999994 2.999999977265136 22.43352070871139
      vertex 47.599999999999994 13.854918053162345 25.362634032987987
      vertex 47.599999999999994 13.697987897026755 25.359209804799853
    endloop
  endfacet
  facet normal 1 0 0
    outer loop
      vertex 47.599999999999994 2.999999977265136 22.43352070871139
      vertex 47.599999999999994 14.010058698590882 25.386512462154165
      vertex 47.599999999999994 13.854918053162345 25.362634032987987
    endloop
  endfacet
  facet normal 1 0 0
    outer loop
      vertex 47.599999999999994 2.999999977265136 22.43352070871139
      vertex 47.599999999999994 12.939622912726366 27.442800474870232
      vertex 47.599999999999994 16.31700200807656 34.685613318033035
    endloop
  endfacet
  facet normal 1 0 0
    outer loop
      vertex 47.599999999999994 13.062039438243904 27.541050123844876
      vertex 47.599999999999994 16.31700200807656 34.685613318033035
      vertex 47.599999999999994 12.939622912726366 27.442800474870232
    endloop
  endfacet
  facet normal 1 0 0
    outer loop
      vertex 47.599999999999994 13.196232825983115 27.622480670511948
      vertex 47.599999999999994 16.320426236264694 34.52868316189745
      vertex 47.599999999999994 13.062039438243904 27.541050123844876
    endloop
  endfacet
  facet normal 1 0 0
    outer loop
      vertex 47.599999999999994 13.339906989874354 27.685698815641175
      vertex 47.599999999999994 16.34430466543087 34.373542516468916
      vertex 47.599999999999994 13.196232825983115 27.622480670511948
    endloop
  endfacet
  facet normal 1 0 0
    outer loop
      vertex 47.599999999999994 13.490603625139434 27.729622879242005
      vertex 47.599999999999994 16.388228729031702 34.22284588120383
      vertex 47.599999999999994 13.339906989874354 27.685698815641175
    endloop
  endfacet
  facet normal 1 0 0
    outer loop
      vertex 47.599999999999994 13.80267442670356 27.756925536596313
      vertex 47.599999999999994 16.532877420828 33.94497832957338
      vertex 47.599999999999994 13.645744270567969 27.75350130840818
    endloop
  endfacet
  facet normal 1 0 0
    outer loop
      vertex 47.599999999999994 13.645744270567969 27.75350130840818
      vertex 47.599999999999994 16.451446874160922 34.0791717173126
      vertex 47.599999999999994 13.490603625139434 27.729622879242005
    endloop
  endfacet
  facet normal 1 0 0
    outer loop
      vertex 47.599999999999994 13.958708975065475 27.73983697431273
      vertex 47.599999999999994 16.631127069802645 33.822561804055844
      vertex 47.599999999999994 13.80267442670356 27.756925536596313
    endloop
  endfacet
  facet normal 1 0 0
    outer loop
      vertex 47.599999999999994 14.257473075953998 27.645637015142064
      vertex 47.599999999999994 16.871100343958602 33.621200318219174
      vertex 47.599999999999994 14.111178121270285 27.702528011595955
    endloop
  endfacet
  facet normal 1 0 0
    outer loop
      vertex 47.599999999999994 13.958708975065475 27.73983697431273
      vertex 47.599999999999994 14.111178121270285 27.702528011595955
      vertex 47.599999999999994 16.744514742350944 33.71401672145186
    endloop
  endfacet
  facet normal 1 0 0
    outer loop
      vertex 47.599999999999994 14.635063966037306 27.368775919836875
      vertex 47.599999999999994 17.307482060774475 33.451500749579985
      vertex 47.599999999999994 14.521676293489005 27.477321002440856
    endloop
  endfacet
  facet normal 1 0 0
    outer loop
      vertex 47.599999999999994 14.877962306808246 26.968491842688884
      vertex 47.599999999999994 17.775587410700513 33.461714844650714
      vertex 47.599999999999994 14.814744161679025 27.112166006580125
    endloop
  endfacet
  facet normal 1 0 0
    outer loop
      vertex 47.599999999999994 14.733313615011948 27.24635939431934
      vertex 47.599999999999994 17.463516609136384 33.43441218729641
      vertex 47.599999999999994 14.635063966037306 27.368775919836875
    endloop
  endfacet
  facet normal 1 0 0
    outer loop
      vertex 47.599999999999994 14.814744161679025 27.112166006580125
      vertex 47.599999999999994 17.62044676527198 33.43783641548454
      vertex 47.599999999999994 14.733313615011948 27.24635939431934
    endloop
  endfacet
  facet normal 1 0 0
    outer loop
      vertex 47.599999999999994 14.395090691881345 27.570137405673545
      vertex 47.599999999999994 17.00871795988595 33.54570070875066
      vertex 47.599999999999994 14.257473075953998 27.645637015142064
    endloop
  endfacet
  facet normal 1 0 0
    outer loop
      vertex 47.599999999999994 14.521676293489005 27.477321002440856
      vertex 47.599999999999994 17.155012914569664 33.488809712296764
      vertex 47.599999999999994 14.395090691881345 27.570137405673545
    endloop
  endfacet
  facet normal 1 0 0
    outer loop
      vertex 47.599999999999994 2.999999977265136 0
      vertex 47.599999999999994 85.44211155214475 18.674215125525542
      vertex 47.599999999999994 2.999999977265136 22.43352070871139
    endloop
  endfacet
  facet normal 1 0 0
    outer loop
      vertex 47.599999999999994 2.999999977265136 22.43352070871139
      vertex 47.599999999999994 85.44211155214475 18.674215125525542
      vertex 47.599999999999994 14.010058698590882 25.386512462154165
    endloop
  endfacet
  facet normal 1 0 0
    outer loop
      vertex 47.599999999999994 85.44211155214475 18.674215125525542
      vertex 47.599999999999994 14.160755333855962 25.430436525754995
      vertex 47.599999999999994 14.010058698590882 25.386512462154165
    endloop
  endfacet
  facet normal 1 0 0
    outer loop
      vertex 47.599999999999994 85.44211155214475 18.674215125525542
      vertex 47.599999999999994 14.304429497747199 25.49365467088422
      vertex 47.599999999999994 14.160755333855962 25.430436525754995
    endloop
  endfacet
  facet normal 1 0 0
    outer loop
      vertex 47.599999999999994 85.44211155214475 18.674215125525542
      vertex 47.599999999999994 14.438622885486412 25.57508521755129
      vertex 47.599999999999994 14.304429497747199 25.49365467088422
    endloop
  endfacet
  facet normal 1 0 0
    outer loop
      vertex 47.599999999999994 85.44211155214475 18.674215125525542
      vertex 47.599999999999994 14.561039411003952 25.673334866525934
      vertex 47.599999999999994 14.438622885486412 25.57508521755129
    endloop
  endfacet
  facet normal 1 0 0
    outer loop
      vertex 47.599999999999994 85.44211155214475 18.674215125525542
      vertex 47.599999999999994 14.669584493607934 25.78672253907424
      vertex 47.599999999999994 14.561039411003952 25.673334866525934
    endloop
  endfacet
  facet normal 1 0 0
    outer loop
      vertex 47.599999999999994 85.44211155214475 18.674215125525542
      vertex 47.599999999999994 14.762400896840619 25.91330814068189
      vertex 47.599999999999994 14.669584493607934 25.78672253907424
    endloop
  endfacet
  facet normal 1 0 0
    outer loop
      vertex 47.599999999999994 85.44211155214475 18.674215125525542
      vertex 47.599999999999994 14.837900506309138 26.050925756609246
      vertex 47.599999999999994 14.762400896840619 25.91330814068189
    endloop
  endfacet
  facet normal 1 0 0
    outer loop
      vertex 47.599999999999994 85.44211155214475 18.674215125525542
      vertex 47.599999999999994 14.89479150276303 26.197220711292957
      vertex 47.599999999999994 14.837900506309138 26.050925756609246
    endloop
  endfacet
  facet normal 1 0 0
    outer loop
      vertex 47.599999999999994 85.44211155214475 18.674215125525542
      vertex 47.599999999999994 14.932100465479808 26.349689857497765
      vertex 47.599999999999994 14.89479150276303 26.197220711292957
    endloop
  endfacet
  facet normal 1 0 0
    outer loop
      vertex 47.599999999999994 85.44211155214475 18.674215125525542
      vertex 47.599999999999994 14.949189027763387 26.50572440585968
      vertex 47.599999999999994 14.932100465479808 26.349689857497765
    endloop
  endfacet
  facet normal 1 0 0
    outer loop
      vertex 47.599999999999994 85.44211155214475 18.674215125525542
      vertex 47.599999999999994 14.945764799575253 26.662654561995275
      vertex 47.599999999999994 14.949189027763387 26.50572440585968
    endloop
  endfacet
  facet normal 1 0 0
    outer loop
      vertex 47.599999999999994 85.44211155214475 18.674215125525542
      vertex 47.599999999999994 14.921886370409078 26.817795207423806
      vertex 47.599999999999994 14.945764799575253 26.662654561995275
    endloop
  endfacet
  facet normal 1 0 0
    outer loop
      vertex 47.599999999999994 85.44211155214475 18.674215125525542
      vertex 47.599999999999994 14.877962306808246 26.968491842688884
      vertex 47.599999999999994 14.921886370409078 26.817795207423806
    endloop
  endfacet
  facet normal 1 0 0
    outer loop
      vertex 47.599999999999994 85.44211155214475 18.674215125525542
      vertex 47.599999999999994 18.435113205717563 33.86192492157078
      vertex 47.599999999999994 14.877962306808246 26.968491842688884
    endloop
  endfacet
  facet normal 1 0 0
    outer loop
      vertex 47.599999999999994 85.44211155214475 18.674215125525542
      vertex 47.599999999999994 18.527929608950252 33.98851052317845
      vertex 47.599999999999994 18.435113205717563 33.86192492157078
    endloop
  endfacet
  facet normal 1 0 0
    outer loop
      vertex 47.599999999999994 85.44211155214475 18.674215125525542
      vertex 47.599999999999994 18.603429218418768 34.126128139105795
      vertex 47.599999999999994 18.527929608950252 33.98851052317845
    endloop
  endfacet
  facet normal 1 0 0
    outer loop
      vertex 47.599999999999994 85.44211155214475 18.674215125525542
      vertex 47.599999999999994 18.660320214872662 34.27242309378951
      vertex 47.599999999999994 18.603429218418768 34.126128139105795
    endloop
  endfacet
  facet normal 1 0 0
    outer loop
      vertex 47.599999999999994 85.44211155214475 18.674215125525542
      vertex 47.599999999999994 18.69762917758944 34.42489223999432
      vertex 47.599999999999994 18.660320214872662 34.27242309378951
    endloop
  endfacet
  facet normal 1 0 0
    outer loop
      vertex 47.599999999999994 85.44211155214475 18.674215125525542
      vertex 47.599999999999994 18.714717739873016 34.58092678835624
      vertex 47.599999999999994 18.69762917758944 34.42489223999432
    endloop
  endfacet
  facet normal 2.204385559837644e-14 -0.90630778706218 0.42261826168595007
    outer loop
      vertex 0 19.79391323775053 58.44818392395973
      vertex 36.779999999105925 18.202168533800563 55.03467639011433
      vertex 37.00438639059084 18.195953061110256 55.02134726591361
    endloop
  endfacet
  facet normal -1.896471008464794e-14 -0.9063077870623371 0.4226182616856131
    outer loop
      vertex 0 19.79391323775053 58.44818392395973
      vertex 37.00438639059084 18.195953061110256 55.02134726591361
      vertex 37.12067336196868 18.192731927139658 55.014439521820684
    endloop
  endfacet
  facet normal 0 -0.9063077870622699 0.4226182616857574
    outer loop
      vertex 0 19.79391323775053 58.44818392395973
      vertex 37.12067336196868 18.192731927139658 55.014439521820684
      vertex 47.599999999999994 19.79391323775053 58.44818392395973
    endloop
  endfacet
  facet normal 0 -0.90315639953697 0.4293116792907188
    outer loop
      vertex 0 19.79391323775053 58.44818392395973
      vertex 47.599999999999994 19.79391323775053 58.44818392395973
      vertex 47.599999999999994 19.80979399383068 58.481592766940594
    endloop
  endfacet
  facet normal 0 -0.8695140359582132 0.49390823162978276
    outer loop
      vertex 0 19.80979399383068 58.481592766940594
      vertex 47.599999999999994 19.80979399383068 58.481592766940594
      vertex 47.599999999999994 19.9713097140193 58.765937462449074
    endloop
  endfacet
  facet normal 0 -0.797607257439777 0.6031771405477807
    outer loop
      vertex 0 19.9713097140193 58.765937462449074
      vertex 47.599999999999994 19.9713097140193 58.765937462449074
      vertex 47.599999999999994 20.168558076024055 59.02676751464605
    endloop
  endfacet
  facet normal 0 -0.7120532008034158 0.7021255152931065
    outer loop
      vertex 0 20.168558076024055 59.02676751464605
      vertex 47.599999999999994 20.168558076024055 59.02676751464605
      vertex 47.599999999999994 20.398164108395576 59.2596200555563
    endloop
  endfacet
  facet normal 0 -0.6143157247290953 0.7890603211102218
    outer loop
      vertex 0 20.398164108395576 59.2596200555563
      vertex 47.599999999999994 20.398164108395576 59.2596200555563
      vertex 47.599999999999994 20.65619917958975 59.46051090955734
    endloop
  endfacet
  facet normal 0 -0.5060671218660968 0.8624940974674349
    outer loop
      vertex 0 20.65619917958975 59.46051090955734
      vertex 47.599999999999994 20.65619917958975 59.46051090955734
      vertex 47.599999999999994 20.938248239457607 59.62600277364254
    endloop
  endfacet
  facet normal 0 -0.3891595824128117 0.9211703530923506
    outer loop
      vertex 0 20.938248239457607 59.62600277364254
      vertex 47.599999999999994 20.938248239457607 59.62600277364254
      vertex 47.599999999999994 21.23948536068201 59.75326404720545
    endloop
  endfacet
  facet normal 0 -0.26559340396490505 0.9640851330511921
    outer loop
      vertex 0 21.23948536068201 59.75326404720545
      vertex 47.599999999999994 21.23948536068201 59.75326404720545
      vertex 47.599999999999994 21.55475628376007 59.84011724591255
    endloop
  endfacet
  facet normal 0 -0.13748288346362617 0.9905041427245658
    outer loop
      vertex 0 21.55475628376007 59.84011724591255
      vertex 47.599999999999994 21.55475628376007 59.84011724591255
      vertex 47.599999999999994 21.878666631877422 59.88507629930973
    endloop
  endfacet
  facet normal 0 -0.0070199337378336465 0.9999753599615925
    outer loop
      vertex 0 21.878666631877422 59.88507629930973
      vertex 47.599999999999994 21.878666631877422 59.88507629930973
      vertex 47.599999999999994 22.205674223601818 59.88737192749977
    endloop
  endfacet
  facet normal 0 0.12356308545606358 0.9923367190185888
    outer loop
      vertex 0 22.205674223601818 59.88737192749977
      vertex 47.599999999999994 22.205674223601818 59.88737192749977
      vertex 47.599999999999994 22.530183851718903 59.84696486592293
    endloop
  endfacet
  facet normal 0 0.25203194223692305 0.9677189158491656
    outer loop
      vertex 0 22.530183851718903 59.84696486592293
      vertex 47.599999999999994 22.530183851718903 59.84696486592293
      vertex 47.599999999999994 22.846643082797527 59.76454647630453
    endloop
  endfacet
  facet normal 0 0.37618840762385775 0.9265431894787346
    outer loop
      vertex 0 22.846643082797527 59.76454647630453
      vertex 47.599999999999994 22.846643082797527 59.76454647630453
      vertex 47.599999999999994 23.149637199938297 59.641526982188225
    endloop
  endfacet
  facet normal 0 0.49390823162978276 0.8695140359582132
    outer loop
      vertex 0 23.149637199938297 59.641526982188225
      vertex 47.599999999999994 23.149637199938297 59.641526982188225
      vertex 47.599999999999994 23.433981895446777 59.48001126199961
    endloop
  endfacet
  facet normal 0 0.5497196761726427 0.835349195024838
    outer loop
      vertex 0 23.433981895446777 59.48001126199961
      vertex 47.599999999999994 23.433981895446777 59.48001126199961
      vertex 47.599999999999994 85.44211155214475 18.674215125525542
    endloop
  endfacet
  facet normal -7.554491324559574e-17 -0.90630778706227 0.42261826168575695
    outer loop
      vertex 47.599999999999994 2.999999977265136 22.43352070871139
      vertex 47.599999999999994 19.79391323775053 58.44818392395973
      vertex 39.38999999838084 4.152647040363342 24.90538031282174
    endloop
  endfacet
  facet normal 1 0 0
    outer loop
      vertex 47.599999999999994 2.999999977265136 22.43352070871139
      vertex 47.599999999999994 16.31700200807656 34.685613318033035
      vertex 47.599999999999994 16.33409057036014 34.84164786639495
    endloop
  endfacet
  facet normal 1 0 0
    outer loop
      vertex 47.599999999999994 2.999999977265136 22.43352070871139
      vertex 47.599999999999994 16.33409057036014 34.84164786639495
      vertex 47.599999999999994 16.371399533076918 34.99411701259976
    endloop
  endfacet
  facet normal 1 0 0
    outer loop
      vertex 47.599999999999994 2.999999977265136 22.43352070871139
      vertex 47.599999999999994 16.371399533076918 34.99411701259976
      vertex 47.599999999999994 16.428290529530813 35.14041196728347
    endloop
  endfacet
  facet normal 1 0 0
    outer loop
      vertex 47.599999999999994 2.999999977265136 22.43352070871139
      vertex 47.599999999999994 16.428290529530813 35.14041196728347
      vertex 47.599999999999994 16.503790138999328 35.278029583210824
    endloop
  endfacet
  facet normal 1 0 0
    outer loop
      vertex 47.599999999999994 2.999999977265136 22.43352070871139
      vertex 47.599999999999994 16.503790138999328 35.278029583210824
      vertex 47.599999999999994 16.596606542232017 35.40461518481848
    endloop
  endfacet
  facet normal 1 0 0
    outer loop
      vertex 47.599999999999994 2.999999977265136 22.43352070871139
      vertex 47.599999999999994 16.596606542232017 35.40461518481848
      vertex 47.599999999999994 16.705151624836 35.51800285736678
    endloop
  endfacet
  facet normal 1 0 0
    outer loop
      vertex 47.599999999999994 2.999999977265136 22.43352070871139
      vertex 47.599999999999994 16.705151624836 35.51800285736678
      vertex 47.599999999999994 20.08595494837433 42.603885544394004
    endloop
  endfacet
  facet normal 1 0 0
    outer loop
      vertex 47.599999999999994 13.958708975065475 27.73983697431273
      vertex 47.599999999999994 16.744514742350944 33.71401672145186
      vertex 47.599999999999994 16.631127069802645 33.822561804055844
    endloop
  endfacet
  facet normal 1 0 0
    outer loop
      vertex 47.599999999999994 14.395090691881345 27.570137405673545
      vertex 47.599999999999994 17.155012914569664 33.488809712296764
      vertex 47.599999999999994 17.00871795988595 33.54570070875066
    endloop
  endfacet
  facet normal 1 0 0
    outer loop
      vertex 47.599999999999994 14.111178121270285 27.702528011595955
      vertex 47.599999999999994 16.871100343958602 33.621200318219174
      vertex 47.599999999999994 16.744514742350944 33.71401672145186
    endloop
  endfacet
  facet normal 1 0 0
    outer loop
      vertex 47.599999999999994 14.257473075953998 27.645637015142064
      vertex 47.599999999999994 17.00871795988595 33.54570070875066
      vertex 47.599999999999994 16.871100343958602 33.621200318219174
    endloop
  endfacet
  facet normal 1 0 0
    outer loop
      vertex 47.599999999999994 14.521676293489005 27.477321002440856
      vertex 47.599999999999994 17.307482060774475 33.451500749579985
      vertex 47.599999999999994 17.155012914569664 33.488809712296764
    endloop
  endfacet
  facet normal 1 0 0
    outer loop
      vertex 47.599999999999994 14.635063966037306 27.368775919836875
      vertex 47.599999999999994 17.463516609136384 33.43441218729641
      vertex 47.599999999999994 17.307482060774475 33.451500749579985
    endloop
  endfacet
  facet normal 1 0 0
    outer loop
      vertex 47.599999999999994 13.645744270567969 27.75350130840818
      vertex 47.599999999999994 16.532877420828 33.94497832957338
      vertex 47.599999999999994 16.451446874160922 34.0791717173126
    endloop
  endfacet
  facet normal 1 0 0
    outer loop
      vertex 47.599999999999994 13.490603625139434 27.729622879242005
      vertex 47.599999999999994 16.451446874160922 34.0791717173126
      vertex 47.599999999999994 16.388228729031702 34.22284588120383
    endloop
  endfacet
  facet normal 1 0 0
    outer loop
      vertex 47.599999999999994 13.339906989874354 27.685698815641175
      vertex 47.599999999999994 16.388228729031702 34.22284588120383
      vertex 47.599999999999994 16.34430466543087 34.373542516468916
    endloop
  endfacet
  facet normal 1 0 0
    outer loop
      vertex 47.599999999999994 13.196232825983115 27.622480670511948
      vertex 47.599999999999994 16.34430466543087 34.373542516468916
      vertex 47.599999999999994 16.320426236264694 34.52868316189745
    endloop
  endfacet
  facet normal 1 0 0
    outer loop
      vertex 47.599999999999994 13.062039438243904 27.541050123844876
      vertex 47.599999999999994 16.320426236264694 34.52868316189745
      vertex 47.599999999999994 16.31700200807656 34.685613318033035
    endloop
  endfacet
  facet normal 1 0 0
    outer loop
      vertex 47.599999999999994 13.80267442670356 27.756925536596313
      vertex 47.599999999999994 16.631127069802645 33.822561804055844
      vertex 47.599999999999994 16.532877420828 33.94497832957338
    endloop
  endfacet
  facet normal 1 0 0
    outer loop
      vertex 47.599999999999994 2.999999977265136 22.43352070871139
      vertex 47.599999999999994 20.08595494837433 42.603885544394004
      vertex 47.599999999999994 20.082530720186192 42.76081570052959
    endloop
  endfacet
  facet normal 1 0 0
    outer loop
      vertex 47.599999999999994 2.999999977265136 22.43352070871139
      vertex 47.599999999999994 20.082530720186192 42.76081570052959
      vertex 47.599999999999994 20.099619282469774 42.91685024889151
    endloop
  endfacet
  facet normal 1 0 0
    outer loop
      vertex 47.599999999999994 2.999999977265136 22.43352070871139
      vertex 47.599999999999994 20.099619282469774 42.91685024889151
      vertex 47.599999999999994 20.136928245186553 43.069319395096315
    endloop
  endfacet
  facet normal 1 0 0
    outer loop
      vertex 47.599999999999994 2.999999977265136 22.43352070871139
      vertex 47.599999999999994 20.136928245186553 43.069319395096315
      vertex 47.599999999999994 20.19381924164044 43.215614349780026
    endloop
  endfacet
  facet normal 1 0 0
    outer loop
      vertex 47.599999999999994 2.999999977265136 22.43352070871139
      vertex 47.599999999999994 20.19381924164044 43.215614349780026
      vertex 47.599999999999994 20.269318851108956 43.35323196570737
    endloop
  endfacet
  facet normal 1 0 0
    outer loop
      vertex 47.599999999999994 14.814744161679025 27.112166006580125
      vertex 47.599999999999994 17.775587410700513 33.461714844650714
      vertex 47.599999999999994 17.62044676527198 33.43783641548454
    endloop
  endfacet
  facet normal 1 0 0
    outer loop
      vertex 47.599999999999994 14.877962306808246 26.968491842688884
      vertex 47.599999999999994 17.926284045965595 33.50563890825154
      vertex 47.599999999999994 17.775587410700513 33.461714844650714
    endloop
  endfacet
  facet normal 1 0 0
    outer loop
      vertex 47.599999999999994 14.733313615011948 27.24635939431934
      vertex 47.599999999999994 17.62044676527198 33.43783641548454
      vertex 47.599999999999994 17.463516609136384 33.43441218729641
    endloop
  endfacet
  facet normal 1 0 0
    outer loop
      vertex 47.599999999999994 14.877962306808246 26.968491842688884
      vertex 47.599999999999994 18.06995820985683 33.56885705338077
      vertex 47.599999999999994 17.926284045965595 33.50563890825154
    endloop
  endfacet
  facet normal 1 0 0
    outer loop
      vertex 47.599999999999994 14.877962306808246 26.968491842688884
      vertex 47.599999999999994 18.204151597596045 33.65028760004785
      vertex 47.599999999999994 18.06995820985683 33.56885705338077
    endloop
  endfacet
  facet normal 1 0 0
    outer loop
      vertex 47.599999999999994 14.877962306808246 26.968491842688884
      vertex 47.599999999999994 18.32656812311358 33.74853724902249
      vertex 47.599999999999994 18.204151597596045 33.65028760004785
    endloop
  endfacet
  facet normal 1 0 0
    outer loop
      vertex 47.599999999999994 14.877962306808246 26.968491842688884
      vertex 47.599999999999994 18.435113205717563 33.86192492157078
      vertex 47.599999999999994 18.32656812311358 33.74853724902249
    endloop
  endfacet
  facet normal 1 0 0
    outer loop
      vertex 47.599999999999994 18.68741508251871 34.892997589920355
      vertex 47.599999999999994 21.691812758075223 41.5808412907481
      vertex 47.599999999999994 18.643491018917878 35.04369422518543
    endloop
  endfacet
  facet normal 1 0 0
    outer loop
      vertex 47.599999999999994 18.49884232712158 35.32156177681589
      vertex 47.599999999999994 21.22904532124602 41.50961456979296
      vertex 47.599999999999994 18.400592678146936 35.44397830233343
    endloop
  endfacet
  facet normal 1 0 0
    outer loop
      vertex 47.599999999999994 18.580272873788658 35.187368389076674
      vertex 47.599999999999994 21.385975477381614 41.513038797981096
      vertex 47.599999999999994 18.49884232712158 35.32156177681589
    endloop
  endfacet
  facet normal 1 0 0
    outer loop
      vertex 47.599999999999994 18.643491018917878 35.04369422518543
      vertex 47.599999999999994 21.541116122810145 41.53691722714726
      vertex 47.599999999999994 18.580272873788658 35.187368389076674
    endloop
  endfacet
  facet normal 1 0 0
    outer loop
      vertex 47.599999999999994 18.714717739873016 34.58092678835624
      vertex 47.599999999999994 21.96968030970568 41.7254899825444
      vertex 47.599999999999994 18.711293511684886 34.737856944491824
    endloop
  endfacet
  facet normal 1 0 0
    outer loop
      vertex 47.599999999999994 18.711293511684886 34.737856944491824
      vertex 47.599999999999994 21.835486921966464 41.644059435877324
      vertex 47.599999999999994 18.68741508251871 34.892997589920355
    endloop
  endfacet
  facet normal 1 0 0
    outer loop
      vertex 47.599999999999994 2.999999977265136 22.43352070871139
      vertex 47.599999999999994 20.269318851108956 43.35323196570737
      vertex 47.599999999999994 19.79391323775053 58.44818392395973
    endloop
  endfacet
  facet normal 1 0 0
    outer loop
      vertex 47.599999999999994 16.827568150353535 35.616252506341425
      vertex 47.599999999999994 20.08595494837433 42.603885544394004
      vertex 47.599999999999994 16.705151624836 35.51800285736678
    endloop
  endfacet
  facet normal 1 0 0
    outer loop
      vertex 47.599999999999994 16.961761538092745 35.697683053008504
      vertex 47.599999999999994 20.08595494837433 42.603885544394004
      vertex 47.599999999999994 16.827568150353535 35.616252506341425
    endloop
  endfacet
  facet normal 1 0 0
    outer loop
      vertex 47.599999999999994 17.568203138813196 35.83212791909286
      vertex 47.599999999999994 20.298406132937636 42.02018071206993
      vertex 47.599999999999994 17.411272982677602 35.82870369090473
    endloop
  endfacet
  facet normal 1 0 0
    outer loop
      vertex 47.599999999999994 17.724237687175105 35.81503935680929
      vertex 47.599999999999994 20.396655781912273 41.89776418655239
      vertex 47.599999999999994 17.568203138813196 35.83212791909286
    endloop
  endfacet
  facet normal 1 0 0
    outer loop
      vertex 47.599999999999994 17.105435701983986 35.76090119813772
      vertex 47.599999999999994 20.109833377540504 42.44874489896546
      vertex 47.599999999999994 16.961761538092745 35.697683053008504
    endloop
  endfacet
  facet normal 1 0 0
    outer loop
      vertex 47.599999999999994 17.256132337249063 35.80482526173856
      vertex 47.599999999999994 20.15375744114133 42.29804826370038
      vertex 47.599999999999994 17.105435701983986 35.76090119813772
    endloop
  endfacet
  facet normal 1 0 0
    outer loop
      vertex 47.599999999999994 17.411272982677602 35.82870369090473
      vertex 47.599999999999994 20.216975586270557 42.15437409980915
      vertex 47.599999999999994 17.256132337249063 35.80482526173856
    endloop
  endfacet
  facet normal 1 0 0
    outer loop
      vertex 47.599999999999994 18.160619403990978 35.6453397881701
      vertex 47.599999999999994 20.774246671995584 41.62090309124721
      vertex 47.599999999999994 18.02300178806363 35.72083939763861
    endloop
  endfacet
  facet normal 1 0 0
    outer loop
      vertex 47.599999999999994 17.87670683337992 35.77773039409251
      vertex 47.599999999999994 20.510043454460572 41.78921910394841
      vertex 47.599999999999994 17.724237687175105 35.81503935680929
    endloop
  endfacet
  facet normal 1 0 0
    outer loop
      vertex 47.599999999999994 18.02300178806363 35.72083939763861
      vertex 47.599999999999994 20.636629056068237 41.69640270071572
      vertex 47.599999999999994 17.87670683337992 35.77773039409251
    endloop
  endfacet
  facet normal 1 0 0
    outer loop
      vertex 47.599999999999994 18.287205005598636 35.55252338493741
      vertex 47.599999999999994 20.920541626679295 41.56401209479331
      vertex 47.599999999999994 18.160619403990978 35.6453397881701
    endloop
  endfacet
  facet normal 1 0 0
    outer loop
      vertex 47.599999999999994 18.400592678146936 35.44397830233343
      vertex 47.599999999999994 21.073010772884103 41.526703132076534
      vertex 47.599999999999994 18.287205005598636 35.55252338493741
    endloop
  endfacet
  facet normal 1 0 0
    outer loop
      vertex 47.599999999999994 17.411272982677602 35.82870369090473
      vertex 47.599999999999994 20.298406132937636 42.02018071206993
      vertex 47.599999999999994 20.216975586270557 42.15437409980915
    endloop
  endfacet
  facet normal 1 0 0
    outer loop
      vertex 47.599999999999994 17.105435701983986 35.76090119813772
      vertex 47.599999999999994 20.15375744114133 42.29804826370038
      vertex 47.599999999999994 20.109833377540504 42.44874489896546
    endloop
  endfacet
  facet normal 1 0 0
    outer loop
      vertex 47.599999999999994 17.256132337249063 35.80482526173856
      vertex 47.599999999999994 20.216975586270557 42.15437409980915
      vertex 47.599999999999994 20.15375744114133 42.29804826370038
    endloop
  endfacet
  facet normal 1 0 0
    outer loop
      vertex 47.599999999999994 16.961761538092745 35.697683053008504
      vertex 47.599999999999994 20.109833377540504 42.44874489896546
      vertex 47.599999999999994 20.08595494837433 42.603885544394004
    endloop
  endfacet
  facet normal 1 0 0
    outer loop
      vertex 47.599999999999994 17.87670683337992 35.77773039409251
      vertex 47.599999999999994 20.636629056068237 41.69640270071572
      vertex 47.599999999999994 20.510043454460572 41.78921910394841
    endloop
  endfacet
  facet normal 1 0 0
    outer loop
      vertex 47.599999999999994 18.02300178806363 35.72083939763861
      vertex 47.599999999999994 20.774246671995584 41.62090309124721
      vertex 47.599999999999994 20.636629056068237 41.69640270071572
    endloop
  endfacet
  facet normal 1 0 0
    outer loop
      vertex 47.599999999999994 20.774246671995584 41.62090309124721
      vertex 47.599999999999994 18.160619403990978 35.6453397881701
      vertex 47.599999999999994 20.920541626679295 41.56401209479331
    endloop
  endfacet
  facet normal 1 0 0
    outer loop
      vertex 47.599999999999994 17.568203138813196 35.83212791909286
      vertex 47.599999999999994 20.396655781912273 41.89776418655239
      vertex 47.599999999999994 20.298406132937636 42.02018071206993
    endloop
  endfacet
  facet normal 1 0 0
    outer loop
      vertex 47.599999999999994 17.724237687175105 35.81503935680929
      vertex 47.599999999999994 20.510043454460572 41.78921910394841
      vertex 47.599999999999994 20.396655781912273 41.89776418655239
    endloop
  endfacet
  facet normal 1 0 0
    outer loop
      vertex 47.599999999999994 21.073010772884103 41.526703132076534
      vertex 47.599999999999994 18.400592678146936 35.44397830233343
      vertex 47.599999999999994 21.22904532124602 41.50961456979296
    endloop
  endfacet
  facet normal 1 0 0
    outer loop
      vertex 47.599999999999994 21.22904532124602 41.50961456979296
      vertex 47.599999999999994 18.49884232712158 35.32156177681589
      vertex 47.599999999999994 21.385975477381614 41.513038797981096
    endloop
  endfacet
  facet normal 1 0 0
    outer loop
      vertex 47.599999999999994 20.920541626679295 41.56401209479331
      vertex 47.599999999999994 18.287205005598636 35.55252338493741
      vertex 47.599999999999994 21.073010772884103 41.526703132076534
    endloop
  endfacet
  facet normal 1 0 0
    outer loop
      vertex 47.599999999999994 21.385975477381614 41.513038797981096
      vertex 47.599999999999994 18.580272873788658 35.187368389076674
      vertex 47.599999999999994 21.541116122810145 41.53691722714726
    endloop
  endfacet
  facet normal 1 0 0
    outer loop
      vertex 47.599999999999994 21.541116122810145 41.53691722714726
      vertex 47.599999999999994 18.643491018917878 35.04369422518543
      vertex 47.599999999999994 21.691812758075223 41.5808412907481
    endloop
  endfacet
  facet normal 1 0 0
    outer loop
      vertex 47.599999999999994 21.691812758075223 41.5808412907481
      vertex 47.599999999999994 18.68741508251871 34.892997589920355
      vertex 47.599999999999994 21.835486921966464 41.644059435877324
    endloop
  endfacet
  facet normal 1 0 0
    outer loop
      vertex 47.599999999999994 21.835486921966464 41.644059435877324
      vertex 47.599999999999994 18.711293511684886 34.737856944491824
      vertex 47.599999999999994 21.96968030970568 41.7254899825444
    endloop
  endfacet
  facet normal 1 0 0
    outer loop
      vertex 47.599999999999994 21.96968030970568 41.7254899825444
      vertex 47.599999999999994 18.714717739873016 34.58092678835624
      vertex 47.599999999999994 22.092096835223217 41.82373963151904
    endloop
  endfacet
  facet normal 1 0 0
    outer loop
      vertex 47.599999999999994 22.092096835223217 41.82373963151904
      vertex 47.599999999999994 18.714717739873016 34.58092678835624
      vertex 47.599999999999994 22.2006419178272 41.937127304067346
    endloop
  endfacet
  facet normal 1 0 0
    outer loop
      vertex 47.599999999999994 22.2006419178272 41.937127304067346
      vertex 47.599999999999994 18.714717739873016 34.58092678835624
      vertex 47.599999999999994 22.293458321059887 42.063712905675
    endloop
  endfacet
  facet normal 1 0 0
    outer loop
      vertex 47.599999999999994 18.714717739873016 34.58092678835624
      vertex 47.599999999999994 22.368957930528403 42.201330521602344
      vertex 47.599999999999994 22.293458321059887 42.063712905675
    endloop
  endfacet
  facet normal 5.735225266446032e-15 -0.9063077870622768 0.42261826168574274
    outer loop
      vertex 47.599999999999994 19.79391323775053 58.44818392395973
      vertex 37.23497062924913 18.18312364280464 54.99383448956676
      vertex 37.45551770559441 18.164583572524997 54.95407518053903
    endloop
  endfacet
  facet normal 1.7741257007042562e-15 -0.9063077870622718 0.4226182616857534
    outer loop
      vertex 47.599999999999994 19.79391323775053 58.44818392395973
      vertex 37.88332215597156 18.09642218032782 54.80790260323749
      vertex 38.08499999767461 18.054390042746856 54.71776439329703
    endloop
  endfacet
  facet normal 2.663050661383029e-15 -0.9063077870622733 0.42261826168575006
    outer loop
      vertex 47.599999999999994 19.79391323775053 58.44818392395973
      vertex 37.45551770559441 18.164583572524997 54.95407518053903
      vertex 37.66845184959307 18.1340361338052 54.88856598679021
    endloop
  endfacet
  facet normal 5.10629542187667e-15 -0.9063077870622758 0.42261826168574473
    outer loop
      vertex 47.599999999999994 19.79391323775053 58.44818392395973
      vertex 37.66845184959307 18.1340361338052 54.88856598679021
      vertex 37.77880376054163 18.118205096648005 54.85461621804239
    endloop
  endfacet
  facet normal -1.4645759983489607e-14 -0.9063077870622542 0.4226182616857906
    outer loop
      vertex 47.599999999999994 19.79391323775053 58.44818392395973
      vertex 37.77880376054163 18.118205096648005 54.85461621804239
      vertex 37.88332215597156 18.09642218032782 54.80790260323749
    endloop
  endfacet
  facet normal 1.8776929952253616e-15 -0.9063077870622722 0.42261826168575234
    outer loop
      vertex 47.599999999999994 19.79391323775053 58.44818392395973
      vertex 38.1818965441231 18.027027961361966 54.6590862203983
      vertex 38.36886732863266 17.974230312225973 54.545861296421606
    endloop
  endfacet
  facet normal 1.0266229133871494e-15 -0.9063077870622723 0.4226182616857522
    outer loop
      vertex 47.599999999999994 19.79391323775053 58.44818392395973
      vertex 38.08499999767461 18.054390042746856 54.71776439329703
      vertex 38.1818965441231 18.027027961361966 54.6590862203983
    endloop
  endfacet
  facet normal 9.63970520685474e-16 -0.9063077870622709 0.4226182616857551
    outer loop
      vertex 47.599999999999994 19.79391323775053 58.44818392395973
      vertex 38.36886732863266 17.974230312225973 54.545861296421606
      vertex 38.53793192896805 17.911570528920116 54.411486957463296
    endloop
  endfacet
  facet normal -9.904269709183908e-15 -0.9063077870622607 0.42261826168577704
    outer loop
      vertex 47.599999999999994 19.79391323775053 58.44818392395973
      vertex 38.53793192896805 17.911570528920116 54.411486957463296
      vertex 38.62554869567529 17.87909745225602 54.34184821981589
    endloop
  endfacet
  facet normal 8.581886970853865e-15 -0.9063077870622771 0.4226182616857419
    outer loop
      vertex 47.599999999999994 19.79391323775053 58.44818392395973
      vertex 38.62554869567529 17.87909745225602 54.34184821981589
      vertex 38.70238654109221 17.842069006611947 54.26244046186389
    endloop
  endfacet
  facet normal -3.1064705323016063e-15 -0.9063077870622671 0.4226182616857632
    outer loop
      vertex 47.599999999999994 19.79391323775053 58.44818392395973
      vertex 37.12067336196868 18.192731927139658 55.014439521820684
      vertex 37.23497062924913 18.18312364280464 54.99383448956676
    endloop
  endfacet
  facet normal 6.530695425841031e-16 -0.9063077870622701 0.42261826168575695
    outer loop
      vertex 47.599999999999994 19.79391323775053 58.44818392395973
      vertex 39.39000000023795 17.099134870255455 52.669213064712444
      vertex 39.38999999838084 4.152647040363342 24.90538031282174
    endloop
  endfacet
  facet normal 1 0 0
    outer loop
      vertex 47.599999999999994 19.79391323775053 58.44818392395973
      vertex 47.599999999999994 20.269318851108956 43.35323196570737
      vertex 47.599999999999994 20.362135254341645 43.47981756731503
    endloop
  endfacet
  facet normal 1 0 0
    outer loop
      vertex 47.599999999999994 19.79391323775053 58.44818392395973
      vertex 47.599999999999994 20.362135254341645 43.47981756731503
      vertex 47.599999999999994 20.470680336945634 43.59320523986334
    endloop
  endfacet
  facet normal 1 0 0
    outer loop
      vertex 47.599999999999994 19.79391323775053 58.44818392395973
      vertex 47.599999999999994 20.470680336945634 43.59320523986334
      vertex 47.599999999999994 20.593096862463163 43.691454888837974
    endloop
  endfacet
  facet normal 1 0 0
    outer loop
      vertex 47.599999999999994 19.79391323775053 58.44818392395973
      vertex 47.599999999999994 20.593096862463163 43.691454888837974
      vertex 47.599999999999994 20.72729025020238 43.77288543550505
    endloop
  endfacet
  facet normal 1 0 0
    outer loop
      vertex 47.599999999999994 19.79391323775053 58.44818392395973
      vertex 47.599999999999994 21.78853050017326 43.79604178013517
      vertex 47.599999999999994 21.926148116100613 43.72054217066665
    endloop
  endfacet
  facet normal 1 0 0
    outer loop
      vertex 47.599999999999994 19.79391323775053 58.44818392395973
      vertex 47.599999999999994 22.16612139025657 43.519180684829976
      vertex 47.599999999999994 22.264371039231207 43.39676415931244
    endloop
  endfacet
  facet normal 1 0 0
    outer loop
      vertex 47.599999999999994 19.79391323775053 58.44818392395973
      vertex 47.599999999999994 22.05273371770827 43.62772576743396
      vertex 47.599999999999994 22.16612139025657 43.519180684829976
    endloop
  endfacet
  facet normal 1 0 0
    outer loop
      vertex 47.599999999999994 19.79391323775053 58.44818392395973
      vertex 47.599999999999994 21.926148116100613 43.72054217066665
      vertex 47.599999999999994 22.05273371770827 43.62772576743396
    endloop
  endfacet
  facet normal 1 0 0
    outer loop
      vertex 47.599999999999994 19.79391323775053 58.44818392395973
      vertex 47.599999999999994 22.409019731027513 43.11889660768199
      vertex 47.599999999999994 22.452943794628347 42.96819997241691
    endloop
  endfacet
  facet normal 1 0 0
    outer loop
      vertex 47.599999999999994 19.79391323775053 58.44818392395973
      vertex 47.599999999999994 22.345801585898293 43.26257077157322
      vertex 47.599999999999994 22.409019731027513 43.11889660768199
    endloop
  endfacet
  facet normal 1 0 0
    outer loop
      vertex 47.599999999999994 19.79391323775053 58.44818392395973
      vertex 47.599999999999994 22.264371039231207 43.39676415931244
      vertex 47.599999999999994 22.345801585898293 43.26257077157322
    endloop
  endfacet
  facet normal 1 0 0
    outer loop
      vertex 47.599999999999994 19.79391323775053 58.44818392395973
      vertex 47.599999999999994 20.72729025020238 43.77288543550505
      vertex 47.599999999999994 20.87096441409362 43.83610358063427
    endloop
  endfacet
  facet normal 1 0 0
    outer loop
      vertex 47.599999999999994 19.79391323775053 58.44818392395973
      vertex 47.599999999999994 20.87096441409362 43.83610358063427
      vertex 47.599999999999994 21.0216610493587 43.88002764423511
    endloop
  endfacet
  facet normal 1 0 0
    outer loop
      vertex 47.599999999999994 19.79391323775053 58.44818392395973
      vertex 47.599999999999994 21.0216610493587 43.88002764423511
      vertex 47.599999999999994 21.17680169478723 43.90390607340128
    endloop
  endfacet
  facet normal 1 0 0
    outer loop
      vertex 47.599999999999994 19.79391323775053 58.44818392395973
      vertex 47.599999999999994 21.17680169478723 43.90390607340128
      vertex 47.599999999999994 21.333731850922824 43.90733030158941
    endloop
  endfacet
  facet normal 1 0 0
    outer loop
      vertex 47.599999999999994 19.79391323775053 58.44818392395973
      vertex 47.599999999999994 21.333731850922824 43.90733030158941
      vertex 47.599999999999994 21.48976639928474 43.890241739305836
    endloop
  endfacet
  facet normal 1 0 0
    outer loop
      vertex 47.599999999999994 19.79391323775053 58.44818392395973
      vertex 47.599999999999994 21.48976639928474 43.890241739305836
      vertex 47.599999999999994 21.642235545489548 43.85293277658906
    endloop
  endfacet
  facet normal 1 0 0
    outer loop
      vertex 47.599999999999994 19.79391323775053 58.44818392395973
      vertex 47.599999999999994 21.642235545489548 43.85293277658906
      vertex 47.599999999999994 21.78853050017326 43.79604178013517
    endloop
  endfacet
  facet normal 1.435396240519901e-14 -0.9063077870622802 0.422618261685735
    outer loop
      vertex 47.599999999999994 19.79391323775053 58.44818392395973
      vertex 39.191325582373906 17.521247579664767 53.57443669141902
      vertex 39.22878500756203 17.47461084687553 53.47442389518671
    endloop
  endfacet
  facet normal -2.2919404431032925e-14 -0.9063077870622575 0.4226182616857839
    outer loop
      vertex 47.599999999999994 19.79391323775053 58.44818392395973
      vertex 39.37529293893414 17.19396465694841 52.8725761985781
      vertex 39.39000000023795 17.099134870255455 52.669213064712444
    endloop
  endfacet
  facet normal -1.4132534094296697e-14 -0.9063077870622618 0.4226182616857748
    outer loop
      vertex 47.599999999999994 19.79391323775053 58.44818392395973
      vertex 39.367671086637586 17.243109654663648 52.97796798630353
      vertex 39.37529293893414 17.19396465694841 52.8725761985781
    endloop
  endfacet
  facet normal 1.3161751884235507e-14 -0.9063077870622779 0.4226182616857399
    outer loop
      vertex 47.599999999999994 19.79391323775053 58.44818392395973
      vertex 39.344935949032035 17.291413767090212 53.08155648970777
      vertex 39.367671086637586 17.243109654663648 52.97796798630353
    endloop
  endfacet
  facet normal 1.1020698803632108e-14 -0.9063077870622771 0.42261826168574185
    outer loop
      vertex 47.599999999999994 19.79391323775053 58.44818392395973
      vertex 39.30106640540356 17.384620989097336 53.281440022375165
      vertex 39.344935949032035 17.291413767090212 53.08155648970777
    endloop
  endfacet
  facet normal -1.2104525985583177e-14 -0.9063077870622621 0.42261826168577404
    outer loop
      vertex 47.599999999999994 19.79391323775053 58.44818392395973
      vertex 39.22878500756203 17.47461084687553 53.47442389518671
      vertex 39.30106640540356 17.384620989097336 53.281440022375165
    endloop
  endfacet
  facet normal -3.6698501084018745e-15 -0.9063077870622672 0.4226182616857629
    outer loop
      vertex 47.599999999999994 19.79391323775053 58.44818392395973
      vertex 38.70238654109221 17.842069006611947 54.26244046186389
      vertex 38.85065221955211 17.770619219101825 54.10921589805525
    endloop
  endfacet
  facet normal 3.638337457711769e-15 -0.9063077870622722 0.4226182616857525
    outer loop
      vertex 47.599999999999994 19.79391323775053 58.44818392395973
      vertex 38.85065221955211 17.770619219101825 54.10921589805525
      vertex 38.975582100515815 17.69160195116774 53.93976282010402
    endloop
  endfacet
  facet normal 2.646509477373791e-15 -0.9063077870622723 0.422618261685752
    outer loop
      vertex 47.599999999999994 19.79391323775053 58.44818392395973
      vertex 39.13978281128544 17.565418962263944 53.66916252710642
      vertex 39.191325582373906 17.521247579664767 53.57443669141902
    endloop
  endfacet
  facet normal -1.2972777363207922e-15 -0.9063077870622691 0.4226182616857589
    outer loop
      vertex 47.599999999999994 19.79391323775053 58.44818392395973
      vertex 39.04032630081338 17.650651701138234 53.85194472550525
      vertex 39.13978281128544 17.565418962263944 53.66916252710642
    endloop
  endfacet
  facet normal 7.678078535468799e-16 -0.9063077870622706 0.4226182616857558
    outer loop
      vertex 47.599999999999994 19.79391323775053 58.44818392395973
      vertex 38.975582100515815 17.69160195116774 53.93976282010402
      vertex 39.04032630081338 17.650651701138234 53.85194472550525
    endloop
  endfacet
  facet normal 1 0 0
    outer loop
      vertex 47.599999999999994 19.80979399383068 58.481592766940594
      vertex 47.599999999999994 23.433981895446777 59.48001126199961
      vertex 47.599999999999994 19.9713097140193 58.765937462449074
    endloop
  endfacet
  facet normal 1 0 0
    outer loop
      vertex 47.599999999999994 19.9713097140193 58.765937462449074
      vertex 47.599999999999994 23.149637199938297 59.641526982188225
      vertex 47.599999999999994 20.168558076024055 59.02676751464605
    endloop
  endfacet
  facet normal 1 0 0
    outer loop
      vertex 47.599999999999994 20.168558076024055 59.02676751464605
      vertex 47.599999999999994 22.846643082797527 59.76454647630453
      vertex 47.599999999999994 20.398164108395576 59.2596200555563
    endloop
  endfacet
  facet normal 1 0 0
    outer loop
      vertex 47.599999999999994 20.398164108395576 59.2596200555563
      vertex 47.599999999999994 22.530183851718903 59.84696486592293
      vertex 47.599999999999994 20.65619917958975 59.46051090955734
    endloop
  endfacet
  facet normal 1 0 0
    outer loop
      vertex 47.599999999999994 20.65619917958975 59.46051090955734
      vertex 47.599999999999994 22.205674223601818 59.88737192749977
      vertex 47.599999999999994 20.938248239457607 59.62600277364254
    endloop
  endfacet
  facet normal 1 0 0
    outer loop
      vertex 47.599999999999994 20.938248239457607 59.62600277364254
      vertex 47.599999999999994 21.878666631877422 59.88507629930973
      vertex 47.599999999999994 21.23948536068201 59.75326404720545
    endloop
  endfacet
  facet normal 1 0 0
    outer loop
      vertex 47.599999999999994 21.23948536068201 59.75326404720545
      vertex 47.599999999999994 21.878666631877422 59.88507629930973
      vertex 47.599999999999994 21.55475628376007 59.84011724591255
    endloop
  endfacet
  facet normal 1 0 0
    outer loop
      vertex 47.599999999999994 20.938248239457607 59.62600277364254
      vertex 47.599999999999994 22.205674223601818 59.88737192749977
      vertex 47.599999999999994 21.878666631877422 59.88507629930973
    endloop
  endfacet
  facet normal 1 0 0
    outer loop
      vertex 47.599999999999994 20.398164108395576 59.2596200555563
      vertex 47.599999999999994 22.846643082797527 59.76454647630453
      vertex 47.599999999999994 22.530183851718903 59.84696486592293
    endloop
  endfacet
  facet normal 1 0 0
    outer loop
      vertex 47.599999999999994 20.168558076024055 59.02676751464605
      vertex 47.599999999999994 23.149637199938297 59.641526982188225
      vertex 47.599999999999994 22.846643082797527 59.76454647630453
    endloop
  endfacet
  facet normal 1 0 0
    outer loop
      vertex 47.599999999999994 20.65619917958975 59.46051090955734
      vertex 47.599999999999994 22.530183851718903 59.84696486592293
      vertex 47.599999999999994 22.205674223601818 59.88737192749977
    endloop
  endfacet
  facet normal 1 0 0
    outer loop
      vertex 47.599999999999994 85.44211155214475 18.674215125525542
      vertex 47.599999999999994 22.368957930528403 42.201330521602344
      vertex 47.599999999999994 18.714717739873016 34.58092678835624
    endloop
  endfacet
  facet normal 1 0 0
    outer loop
      vertex 47.599999999999994 85.44211155214475 18.674215125525542
      vertex 47.599999999999994 22.42584892698229 42.347625476286055
      vertex 47.599999999999994 22.368957930528403 42.201330521602344
    endloop
  endfacet
  facet normal 1 0 0
    outer loop
      vertex 47.599999999999994 85.44211155214475 18.674215125525542
      vertex 47.599999999999994 22.46315788969907 42.50009462249086
      vertex 47.599999999999994 22.42584892698229 42.347625476286055
    endloop
  endfacet
  facet normal 1 0 0
    outer loop
      vertex 47.599999999999994 85.44211155214475 18.674215125525542
      vertex 47.599999999999994 22.48024645198265 42.65612917085278
      vertex 47.599999999999994 22.46315788969907 42.50009462249086
    endloop
  endfacet
  facet normal 1 0 0
    outer loop
      vertex 47.599999999999994 85.44211155214475 18.674215125525542
      vertex 47.599999999999994 22.476822223794514 42.81305932698837
      vertex 47.599999999999994 22.48024645198265 42.65612917085278
    endloop
  endfacet
  facet normal 1 0 0
    outer loop
      vertex 47.599999999999994 85.44211155214475 18.674215125525542
      vertex 47.599999999999994 22.452943794628347 42.96819997241691
      vertex 47.599999999999994 22.476822223794514 42.81305932698837
    endloop
  endfacet
  facet normal 1 0 0
    outer loop
      vertex 47.599999999999994 19.79391323775053 58.44818392395973
      vertex 47.599999999999994 22.452943794628347 42.96819997241691
      vertex 47.599999999999994 85.44211155214475 18.674215125525542
    endloop
  endfacet
  facet normal 1 0 0
    outer loop
      vertex 47.599999999999994 19.9713097140193 58.765937462449074
      vertex 47.599999999999994 23.433981895446777 59.48001126199961
      vertex 47.599999999999994 23.149637199938297 59.641526982188225
    endloop
  endfacet
  facet normal 1 0 0
    outer loop
      vertex 47.599999999999994 19.79391323775053 58.44818392395973
      vertex 47.599999999999994 85.44211155214475 18.674215125525542
      vertex 47.599999999999994 19.80979399383068 58.481592766940594
    endloop
  endfacet
  facet normal 1 0 0
    outer loop
      vertex 47.599999999999994 19.80979399383068 58.481592766940594
      vertex 47.599999999999994 85.44211155214475 18.674215125525542
      vertex 47.599999999999994 23.433981895446777 59.48001126199961
    endloop
  endfacet
  facet normal 0 1 0
    outer loop
      vertex 3 88.44211152940989 0
      vertex 44.600000001490116 88.44211152940989 15.35241886973381
      vertex 44.600000001490116 88.44211152940989 0
    endloop
  endfacet
  facet normal 0 0.9978589234555667 0.06540312591992284
    outer loop
      vertex 2.6736845566755805 88.4207236841321 15.678734347224236
      vertex 44.926315444814534 88.4207236841321 15.678734347224236
      vertex 44.600000001490116 88.44211152940989 15.35241886973381
    endloop
  endfacet
  facet normal 2.2869016477560112e-15 0.9807852815296213 0.19509031635337892
    outer loop
      vertex 2.309194113571209 88.35692609846592 15.999466478824615
      vertex 44.991578578948975 88.41644611209631 15.700239154699075
      vertex 44.926315444814534 88.4207236841321 15.678734347224236
    endloop
  endfacet
  facet normal 0 0.9807852815296838 0.1950903163530649
    outer loop
      vertex 2.309194113571209 88.35692609846592 15.999466478824615
      vertex 45.29080588791891 88.35692609846592 15.999466478824615
      vertex 44.991578578948975 88.41644611209631 15.700239154699075
    endloop
  endfacet
  facet normal -5.537540354898313e-16 0.9469301238865173 0.3214394818255299
    outer loop
      vertex 1.964071530703535 88.2518103569746 16.30912744998932
      vertex 45.37645713984966 88.33988900482655 16.049656135362685
      vertex 45.29080588791891 88.35692609846592 15.999466478824615
    endloop
  endfacet
  facet normal 0 0.946930123886489 0.3214394818256131
    outer loop
      vertex 1.964071530703535 88.2518103569746 16.30912744998932
      vertex 45.63592847078658 88.2518103569746 16.30912744998932
      vertex 45.37645713984966 88.33988900482655 16.049656135362685
    endloop
  endfacet
  facet normal -3.557474494047514e-16 0.8968727444821027 0.44228868423818046
    outer loop
      vertex 1.6358368030871817 88.10717503726482 16.60241886973381
      vertex 45.748050302267075 88.21375012397766 16.386305968997533
      vertex 45.63592847078658 88.2518103569746 16.30912744998932
    endloop
  endfacet
  facet normal -3.0945594901445486e-16 0.8314696154835914 0.55557022825883
    outer loop
      vertex 1.3283500001105535 87.92549487948418 16.874322444200516
      vertex 46.100000001490116 88.04018773883581 16.702672447830704
      vertex 45.964163198402936 88.10717503726482 16.60241886973381
    endloop
  endfacet
  facet normal 0 0.8314696154835544 0.5555702282588857
    outer loop
      vertex 1.3283500001105535 87.92549487948418 16.874322444200516
      vertex 46.27165000137956 87.92549487948418 16.874322444200516
      vertex 46.100000001490116 88.04018773883581 16.702672447830704
    endloop
  endfacet
  facet normal 0 0.8968727444820738 0.44228868423823914
    outer loop
      vertex 1.6358368030871817 88.10717503726482 16.60241886973381
      vertex 45.964163198402936 88.10717503726482 16.60241886973381
      vertex 45.748050302267075 88.21375012397766 16.386305968997533
    endloop
  endfacet
  facet normal -6.341881454445506e-17 0.549719676172647 0.8353491950248351
    outer loop
      vertex 0.4019237905740738 86.94211152940989 17.68710757017961
      vertex 47.19807621091604 86.94211152940989 17.687107570179613
      vertex 46.980060026049614 87.26839581876993 17.472389108779893
    endloop
  endfacet
  facet normal 0 0.7518398045992051 0.6593458183838199
    outer loop
      vertex 1.0456700046628504 87.70987848192453 17.12018582224846
      vertex 46.55432999682726 87.70987848192453 17.12018582224846
      vertex 46.42628429085016 87.82217155396938 16.992140115443206
    endloop
  endfacet
  facet normal -7.350120270181672e-17 0.6593458183838157 0.7518398045992087
    outer loop
      vertex 0.7914934868075449 87.46401510387659 17.3358022198081
      vertex 46.72132034599781 87.56343187391758 17.248616051687232
      vertex 46.55432999682726 87.70987848192453 17.12018582224846
    endloop
  endfacet
  facet normal 0 0.6593458183837965 0.7518398045992256
    outer loop
      vertex 0.7914934868075449 87.46401510387659 17.3358022198081
      vertex 46.80850651468257 87.46401510387659 17.3358022198081
      vertex 46.72132034599781 87.56343187391758 17.248616051687232
    endloop
  endfacet
  facet normal 0 0.5796210327356301 0.8148861628537334
    outer loop
      vertex 0.6620479146410305 87.31641072034836 17.440791860222816
      vertex 46.93795208684909 87.31641072034836 17.440791860222816
      vertex 46.80850651468257 87.46401510387659 17.3358022198081
    endloop
  endfacet
  facet normal 0 0.5497196761726423 0.8353491950248383
    outer loop
      vertex 0.6199399754405022 87.26839581876993 17.472389108779893
      vertex 46.980060026049614 87.26839581876993 17.472389108779893
      vertex 46.93795208684909 87.31641072034836 17.440791860222816
    endloop
  endfacet
  facet normal -1.2443408847212262e-16 0.7518398045992267 0.659345818383795
    outer loop
      vertex 1.0456700046628504 87.70987848192453 17.12018582224846
      vertex 46.42628429085016 87.82217155396938 16.992140115443206
      vertex 46.27165000137956 87.92549487948418 16.874322444200516
    endloop
  endfacet
  facet normal 1 0 0
    outer loop
      vertex 47.599999999999994 2.999999977265136 0
      vertex 47.599999999999994 85.44211155214475 0
      vertex 47.599999999999994 85.44211155214475 18.674215125525542
    endloop
  endfacet
  facet normal -1.6603069289002834e-14 0.5497196761726522 0.8353491950248316
    outer loop
      vertex 0 23.433981895446777 59.48001126199961
      vertex 47.37163859605789 86.59016183018684 17.918715711826533
      vertex 47.19807621091604 86.94211152940989 17.687107570179613
    endloop
  endfacet
  facet normal -3.343651999912727e-15 0.5497196761726452 0.8353491950248364
    outer loop
      vertex 0 23.433981895446777 59.48001126199961
      vertex 47.599999999999994 85.44211155214475 18.674215125525542
      vertex 47.57433458417654 85.83369010686874 18.416528355033567
    endloop
  endfacet
  facet normal 9.043264523259603e-15 0.5497196761726293 0.8353491950248467
    outer loop
      vertex 0 23.433981895446777 59.48001126199961
      vertex 47.57433458417654 85.83369010686874 18.416528355033567
      vertex 47.497777476906776 86.21856866776943 18.163250660957583
    endloop
  endfacet
  facet normal 8.307557940367182e-15 0.5497196761726327 0.8353491950248446
    outer loop
      vertex 0 23.433981895446777 59.48001126199961
      vertex 47.497777476906776 86.21856866776943 18.163250660957583
      vertex 47.37163859605789 86.59016183018684 17.918715711826533
    endloop
  endfacet
  facet normal 0 0 -1
    outer loop
      vertex 0.6199399754405022 1.1737157106399536 0
      vertex 0.4019237905740738 1.5 0
      vertex 0.7000000000000002 1.0824247504890834 0
    endloop
  endfacet
  facet normal 0 0 -1
    outer loop
      vertex 0.22836140543222427 1.8519496992230415 0
      vertex 0.10222252458333969 2.2235428616404533 0
      vertex 0.7000000000000002 1.7000000000000002 0
    endloop
  endfacet
  facet normal 0 0 -1
    outer loop
      vertex 0.10222252458333969 2.2235428616404533 0
      vertex 0.025665417313575745 2.6084214225411415 0
      vertex 0.7000000000000002 1.7000000000000002 0
    endloop
  endfacet
  facet normal 0 0 -1
    outer loop
      vertex 0.025665417313575745 2.6084214225411415 0
      vertex 0 3 0
      vertex 0.7000000000000002 1.7000000000000002 0
    endloop
  endfacet
  facet normal 0 0 -1
    outer loop
      vertex 0.22836140543222427 1.8519496992230415 0
      vertex 0.7000000000000002 1.7000000000000002 0
      vertex 0.4019237905740738 1.5 0
    endloop
  endfacet
  facet normal 0 0 -1
    outer loop
      vertex 0.7000000000000002 1.0824247504890834 0
      vertex 0.4019237905740738 1.5 0
      vertex 0.7000000000000002 1.7000000000000002 0
    endloop
  endfacet
  facet normal 0 0 -1
    outer loop
      vertex 1.0824247504890836 0.7000000000000002 0
      vertex 1.7000000000000002 0.7000000000000002 0
      vertex 1.1737157106399536 0.6199399754405022 0
    endloop
  endfacet
  facet normal -0.751839802485251 -0.6593458207943226 -5.695921399081937e-20
    outer loop
      vertex 0.6199399754405022 1.1737157106399536 0
      vertex 0.7000000000000002 1.0824247504890834 0
      vertex 0.7000000000000002 1.0824247504890834 8
    endloop
  endfacet
  facet normal -0.8314696207458843 -0.5555702203832522 0
    outer loop
      vertex 0.6199399754405022 1.1737157106399536 0
      vertex 0.6199399754405022 1.1737157106399536 18.517041459496088
      vertex 0.4019237905740738 1.5 0
    endloop
  endfacet
  facet normal -0.8968727407473451 -0.44228869181151964 0
    outer loop
      vertex 0.22836140543222427 1.8519496992230415 0
      vertex 0.4019237905740738 1.5 0
      vertex 0.4019237905740738 1.5 19.216760376192997
    endloop
  endfacet
  facet normal -0.9469301300366788 -0.3214394637077385 0
    outer loop
      vertex 0.22836140543222427 1.8519496992230415 0
      vertex 0.22836140543222427 1.8519496992230415 19.971518941967528
      vertex 0.10222252458333969 2.2235428616404533 0
    endloop
  endfacet
  facet normal -0.980785279639006 -0.1950903258581441 0
    outer loop
      vertex 0.10222252458333969 2.2235428616404533 0
      vertex 0.10222252458333969 2.2235428616404533 20.76840305051182
      vertex 0.025665417313575745 2.6084214225411415 0
    endloop
  endfacet
  facet normal -0.5555702203832521 -0.8314696207458843 0
    outer loop
      vertex 1.1737157106399536 0.6199399754405022 0
      vertex 1.5 0.4019237905740738 0
      vertex 1.5 0.4019237905740738 16.86192834545949
    endloop
  endfacet
  facet normal -0.9978589230086541 -0.06540313273849395 0
    outer loop
      vertex 0.025665417313575745 2.6084214225411415 0
      vertex 0 3 22.433520757466464
      vertex 0 3 0
    endloop
  endfacet
  facet normal -0.4422886918115197 -0.8968727407473451 1.071508840266155e-18
    outer loop
      vertex 1.5 0.4019237905740738 0
      vertex 1.8519496992230415 0.22836140543222427 0
      vertex 1.8400482854129965 0.23423053324222565 16.50230899453163
    endloop
  endfacet
  facet normal -0.32143946370773846 -0.9469301300366788 0
    outer loop
      vertex 1.8519496992230415 0.22836140543222427 0
      vertex 2.2235428616404533 0.10222252458333969 0
      vertex 2.2235428616404533 0.10222252458333969 16.142418800193223
    endloop
  endfacet
  facet normal -0.1950903258581441 -0.9807852796390061 0
    outer loop
      vertex 2.2235428616404533 0.10222252458333969 0
      vertex 2.6084214225411415 0.025665417313575745 0
      vertex 2.6084214225411415 0.025665417313575745 15.767434503183573
    endloop
  endfacet
  facet normal -0.06540313273849395 -0.9978589230086542 0
    outer loop
      vertex 2.6084214225411415 0.025665417313575745 0
      vertex 3 0 0
      vertex 3 0 15.4457633420825
    endloop
  endfacet
  facet normal -0.751839802485251 -0.6593458207943225 0
    outer loop
      vertex 0.6199399754405022 1.1737157106399536 0
      vertex 0.7000000000000002 1.0824247504890834 8
      vertex 0.6199399754405022 1.1737157106399536 18.517041459496088
    endloop
  endfacet
  facet normal -0.44228869181151964 -0.8968727407473451 0
    outer loop
      vertex 1.5 0.4019237905740738 0
      vertex 1.8400482854129965 0.23423053324222565 16.50230899453163
      vertex 1.5 0.4019237905740738 16.86192834545949
    endloop
  endfacet
  facet normal -0.44228869181152053 -0.8968727407473447 0
    outer loop
      vertex 1.8519496992230415 0.22836140543222427 0
      vertex 1.8519496992230415 0.22836140543222427 16.48721655787484
      vertex 1.8400482854129965 0.23423053324222565 16.50230899453163
    endloop
  endfacet
  facet normal -0.32143946370773846 -0.9469301300366788 0
    outer loop
      vertex 1.8519496992230415 0.22836140543222427 0
      vertex 2.1838170484637 0.11570762097835541 16.197527840733528
      vertex 1.8519496992230415 0.22836140543222427 16.48721655787484
    endloop
  endfacet
  facet normal -0.32143946370773824 -0.9469301300366789 0
    outer loop
      vertex 1.8519496992230415 0.22836140543222427 0
      vertex 2.2235428616404533 0.10222252458333969 16.142418800193223
      vertex 2.1838170484637 0.11570762097835541 16.197527840733528
    endloop
  endfacet
  facet normal -0.1950903258581442 -0.980785279639006 0
    outer loop
      vertex 2.2235428616404533 0.10222252458333969 0
      vertex 2.546508738633082 0.037980616092681885 15.879883788526058
      vertex 2.2235428616404533 0.10222252458333969 16.142418800193223
    endloop
  endfacet
  facet normal -0.19509032585814348 -0.9807852796390061 -1.33510055778347e-17
    outer loop
      vertex 2.2235428616404533 0.10222252458333969 0
      vertex 2.6084214225411415 0.025665417313575745 15.767434503183573
      vertex 2.546508738633082 0.037980616092681885 15.879883788526058
    endloop
  endfacet
  facet normal -0.06540313273849391 -0.997858923008654 0
    outer loop
      vertex 2.6084214225411415 0.025665417313575745 0
      vertex 2.9636966527039172 0.0023794472217559814 15.55481181293726
      vertex 2.6084214225411415 0.025665417313575745 15.767434503183573
    endloop
  endfacet
  facet normal -0.8968727407473451 -0.4422886918115197 0
    outer loop
      vertex 0.22836140543222427 1.8519496992230415 0
      vertex 0.4019237905740738 1.5 19.216760376192997
      vertex 0.22836140543222427 1.8519496992230415 19.971518941967528
    endloop
  endfacet
  facet normal -0.8314696207458843 -0.5555702203832522 0
    outer loop
      vertex 0.4019237905740738 1.5 0
      vertex 0.6199399754405022 1.1737157106399536 18.517041459496088
      vertex 0.4019237905740738 1.5 19.216760376192997
    endloop
  endfacet
  facet normal -0.7518398024852506 -0.6593458207943229 3.8619961894407247e-19
    outer loop
      vertex 0.7000000000000002 1.0824247504890834 8
      vertex 0.8786796554923058 0.8786796554923058 8
      vertex 0.8786796554923058 0.8786796554923058 17.884334597331975
    endloop
  endfacet
  facet normal -0.5555702203832522 -0.8314696207458843 0
    outer loop
      vertex 1.1737157106399536 0.6199399754405022 0
      vertex 1.5 0.4019237905740738 16.86192834545949
      vertex 1.1737157106399536 0.6199399754405022 17.329465562762632
    endloop
  endfacet
  facet normal -0.7518398024852506 -0.6593458207943227 4.961695764032249e-18
    outer loop
      vertex 0.7000000000000002 1.0824247504890834 8
      vertex 0.8786796554923058 0.8786796554923058 17.884334597331975
      vertex 0.6199399754405022 1.1737157106399536 18.517041459496088
    endloop
  endfacet
  facet normal -0.9469301300366789 -0.3214394637077385 0
    outer loop
      vertex 0.10222252458333969 2.2235428616404533 0
      vertex 0.22836140543222427 1.8519496992230415 19.971518941967528
      vertex 0.10222252458333969 2.2235428616404533 20.76840305051182
    endloop
  endfacet
  facet normal -0.9807852796390059 -0.19509032585814406 0
    outer loop
      vertex 0.025665417313575745 2.6084214225411415 0
      vertex 0.10222252458333969 2.2235428616404533 20.76840305051182
      vertex 0.025665417313575745 2.6084214225411415 21.593777788049746
    endloop
  endfacet
  facet normal -0.9978589230086542 -0.06540313273849396 0
    outer loop
      vertex 0.025665417313575745 2.6084214225411415 0
      vertex 0.025665417313575745 2.6084214225411415 21.593777788049746
      vertex 0 3 22.433520757466464
    endloop
  endfacet
  facet normal -0.6593458207943228 -0.7518398024852506 0
    outer loop
      vertex 0.8786796554923058 0.8786796554923058 8
      vertex 1.1737157106399536 0.6199399754405022 17.329465562762632
      vertex 0.8786796554923058 0.8786796554923058 17.884334597331975
    endloop
  endfacet
  facet normal 0 0 -1
    outer loop
      vertex 0.7000000000000002 1.7000000000000002 0
      vertex 0 3 0
      vertex 0 85.44211152940989 0
    endloop
  endfacet
  facet normal 0 0 -1
    outer loop
      vertex 0.7000000000000002 1.7000000000000002 0
      vertex 2.4 82.89501214239701 0
      vertex 2.4 5.547099388705738 0
    endloop
  endfacet
  facet normal 0 0 -1
    outer loop
      vertex 1.1737157106399536 0.6199399754405022 0
      vertex 45.89999999999999 0.7000000000000002 0
      vertex 1.5 0.4019237905740738 0
    endloop
  endfacet
  facet normal 0 0 -1
    outer loop
      vertex 1.1737157106399536 0.6199399754405022 0
      vertex 1.7000000000000002 0.7000000000000002 0
      vertex 45.89999999999999 0.7000000000000002 0
    endloop
  endfacet
  facet normal 0 0 -1
    outer loop
      vertex 1.5 0.4019237905740738 0
      vertex 45.89999999999999 0.7000000000000002 0
      vertex 1.8519496992230415 0.22836140543222427 0
    endloop
  endfacet
  facet normal 0 0 -1
    outer loop
      vertex 1.8519496992230415 0.22836140543222427 0
      vertex 46.42628429085016 0.6199399754405022 0
      vertex 2.2235428616404533 0.10222252458333969 0
    endloop
  endfacet
  facet normal 0 0 -1
    outer loop
      vertex 2.2235428616404533 0.10222252458333969 0
      vertex 46.100000001490116 0.4019237905740738 0
      vertex 2.6084214225411415 0.025665417313575745 0
    endloop
  endfacet
  facet normal 0 0 -1
    outer loop
      vertex 2.6084214225411415 0.025665417313575745 0
      vertex 45.748050302267075 0.22836140543222427 0
      vertex 3 0 0
    endloop
  endfacet
  facet normal 0 0 -1
    outer loop
      vertex 1.7000000000000002 0.7000000000000002 0
      vertex 5.547099385333606 2.399999998509884 0
      vertex 45.89999999999999 0.7000000000000002 0
    endloop
  endfacet
  facet normal 0 0 -1
    outer loop
      vertex 0.7000000000000002 1.7000000000000002 0
      vertex 0 85.44211152940989 0
      vertex 2.4 82.89501214239701 0
    endloop
  endfacet
  facet normal 0 0 -1
    outer loop
      vertex 2.4 82.89501214239701 0
      vertex 0 85.44211152940989 0
      vertex 0.025665417313575745 85.83369010686874 0
    endloop
  endfacet
  facet normal 0 0 -1
    outer loop
      vertex 2.4 82.89501214239701 0
      vertex 0.025665417313575745 85.83369010686874 0
      vertex 0.10222252458333969 86.21856866776943 0
    endloop
  endfacet
  facet normal 0 0 -1
    outer loop
      vertex 2.4 82.89501214239701 0
      vertex 0.10222252458333969 86.21856866776943 0
      vertex 0.22836140543222427 86.59016183018684 0
    endloop
  endfacet
  facet normal 0 0 -1
    outer loop
      vertex 2.4 82.89501214239701 0
      vertex 0.22836140543222427 86.59016183018684 0
      vertex 0.7000000000000002 86.74211153110274 0
    endloop
  endfacet
  facet normal 0 0 -1
    outer loop
      vertex 0.22836140543222427 86.59016183018684 0
      vertex 0.4019237905740738 86.94211152940989 0
      vertex 0.7000000000000002 86.74211153110274 0
    endloop
  endfacet
  facet normal 0 0 -1
    outer loop
      vertex 0.4019237905740738 86.94211152940989 0
      vertex 0.6199399754405022 87.26839581876993 0
      vertex 0.7000000000000002 86.74211153110274 0
    endloop
  endfacet
  facet normal 0 0 -1
    outer loop
      vertex 0.7000000000000002 86.74211153110274 0
      vertex 0.6199399754405022 87.26839581876993 0
      vertex 0.7000000000000002 87.3596867789208 0
    endloop
  endfacet
  facet normal 0 0 -1
    outer loop
      vertex 1.0824247524194102 87.74211153110274 0
      vertex 1.1737157106399536 87.82217155396938 0
      vertex 1.7000000000000002 87.74211153110274 0
    endloop
  endfacet
  facet normal -0.7518398024852557 0.6593458207943171 3.213427602727325e-20
    outer loop
      vertex 0.6199399754405022 87.26839581876993 0
      vertex 0.7000000000000002 87.3596867789208 8
      vertex 0.7000000000000002 87.3596867789208 0
    endloop
  endfacet
  facet normal -0.6593458207943225 0.751839802485251 0
    outer loop
      vertex 1.0824247524194102 87.74211153110274 0
      vertex 1.0824247524194102 87.74211153110274 8
      vertex 1.1737157106399536 87.82217155396938 0
    endloop
  endfacet
  facet normal 0 0 -1
    outer loop
      vertex 2.2235428616404533 88.33988900482655 0
      vertex 2.6084214225411415 88.41644611209631 0
      vertex 3 88.44211152940989 0
    endloop
  endfacet
  facet normal -0.5555702203832521 0.8314696207458843 0
    outer loop
      vertex 1.1737157106399536 87.82217155396938 0
      vertex 1.5 88.04018773883581 16.702672447830697
      vertex 1.5 88.04018773883581 0
    endloop
  endfacet
  facet normal -0.980785279639006 0.1950903258581441 0
    outer loop
      vertex 0.025665417313575745 85.83369010686874 0
      vertex 0.10222252458333969 86.21856866776943 18.163250660957583
      vertex 0.10222252458333969 86.21856866776943 0
    endloop
  endfacet
  facet normal -0.9978589230086541 0.06540313273849395 0
    outer loop
      vertex 0 85.44211152940989 0
      vertex 0.025665417313575745 85.83369010686874 18.416528355033567
      vertex 0.025665417313575745 85.83369010686874 0
    endloop
  endfacet
  facet normal -0.9469301300366789 0.3214394637077385 0
    outer loop
      vertex 0.10222252458333969 86.21856866776943 0
      vertex 0.22836140543222427 86.59016183018684 17.918715711826525
      vertex 0.22836140543222427 86.59016183018684 0
    endloop
  endfacet
  facet normal -0.8968727407473451 0.44228869181151964 0
    outer loop
      vertex 0.22836140543222427 86.59016183018684 0
      vertex 0.4019237905740738 86.94211152940989 17.68710757017961
      vertex 0.4019237905740738 86.94211152940989 0
    endloop
  endfacet
  facet normal -0.8314696207458843 0.5555702203832521 0
    outer loop
      vertex 0.4019237905740738 86.94211152940989 0
      vertex 0.6199399754405022 87.26839581876993 17.472389108779893
      vertex 0.6199399754405022 87.26839581876993 0
    endloop
  endfacet
  facet normal -0.4422886918115197 0.8968727407473451 0
    outer loop
      vertex 1.5 88.04018773883581 0
      vertex 1.8519496992230415 88.21375012397766 16.386305968997522
      vertex 1.8519496992230415 88.21375012397766 0
    endloop
  endfacet
  facet normal -0.32143946370773846 0.9469301300366788 0
    outer loop
      vertex 1.8519496992230415 88.21375012397766 0
      vertex 2.2235428616404533 88.33988900482655 16.049656135362675
      vertex 2.2235428616404533 88.33988900482655 0
    endloop
  endfacet
  facet normal -0.19509032585814412 0.980785279639006 0
    outer loop
      vertex 2.2235428616404533 88.33988900482655 0
      vertex 2.6084214225411415 88.41644611209631 15.700239154699108
      vertex 2.6084214225411415 88.41644611209631 0
    endloop
  endfacet
  facet normal -0.06540313273849395 0.997858923008654 0
    outer loop
      vertex 2.6084214225411415 88.41644611209631 0
      vertex 3 88.44211152940989 15.35241886973381
      vertex 3 88.44211152940989 0
    endloop
  endfacet
  facet normal -0.7518398024856952 0.659345820793816 1.0046110364742348e-14
    outer loop
      vertex 0.6199399754405022 87.26839581876993 0
      vertex 0.7914934868075449 87.46401510387659 17.3358022198081
      vertex 0.7000000000000002 87.3596867789208 8
    endloop
  endfacet
  facet normal -0.6593458207943225 0.751839802485251 0
    outer loop
      vertex 1.1737157106399536 87.82217155396938 0
      vertex 1.0824247524194102 87.74211153110274 8
      vertex 1.1737157106399536 87.82217155396938 16.9921401154432
    endloop
  endfacet
  facet normal -0.7518398024852485 0.6593458207943255 -1.2612878206824e-18
    outer loop
      vertex 0.7000000000000002 87.3596867789208 8
      vertex 0.8786796554923058 87.56343187391758 17.24861605168723
      vertex 0.8786796554923058 87.56343187391758 8
    endloop
  endfacet
  facet normal -0.6593458207943229 0.7518398024852505 8.604186324565521e-18
    outer loop
      vertex 0.8786796554923058 87.56343187391758 8
      vertex 1.1737157106399536 87.82217155396938 16.9921401154432
      vertex 1.0824247524194102 87.74211153110274 8
    endloop
  endfacet
  facet normal -0.5555702203832521 0.8314696207458844 -3.295007286634321e-18
    outer loop
      vertex 1.1737157106399536 87.82217155396938 0
      vertex 1.3283500001105535 87.92549487948418 16.874322444200516
      vertex 1.5 88.04018773883581 16.702672447830697
    endloop
  endfacet
  facet normal -0.4422886918115196 0.8968727407473451 0
    outer loop
      vertex 1.5 88.04018773883581 0
      vertex 1.5 88.04018773883581 16.702672447830697
      vertex 1.6358368030871817 88.10717503726482 16.60241886973381
    endloop
  endfacet
  facet normal -0.4422886918115198 0.8968727407473452 1.1766453398273442e-18
    outer loop
      vertex 1.5 88.04018773883581 0
      vertex 1.6358368030871817 88.10717503726482 16.60241886973381
      vertex 1.8519496992230415 88.21375012397766 16.386305968997522
    endloop
  endfacet
  facet normal -0.32143946370773857 0.9469301300366789 0
    outer loop
      vertex 1.8519496992230415 88.21375012397766 0
      vertex 1.8519496992230415 88.21375012397766 16.386305968997522
      vertex 1.964071530703535 88.2518103569746 16.30912744998932
    endloop
  endfacet
  facet normal -0.3214394637077384 0.9469301300366789 -1.1551633572764026e-18
    outer loop
      vertex 1.8519496992230415 88.21375012397766 0
      vertex 1.964071530703535 88.2518103569746 16.30912744998932
      vertex 2.2235428616404533 88.33988900482655 16.049656135362675
    endloop
  endfacet
  facet normal -0.1950903258581442 0.9807852796390059 0
    outer loop
      vertex 2.2235428616404533 88.33988900482655 0
      vertex 2.2235428616404533 88.33988900482655 16.049656135362675
      vertex 2.309194113571209 88.35692609846592 15.999466478824615
    endloop
  endfacet
  facet normal -0.195090325858144 0.980785279639006 -1.0439902832532142e-18
    outer loop
      vertex 2.2235428616404533 88.33988900482655 0
      vertex 2.309194113571209 88.35692609846592 15.999466478824615
      vertex 2.6084214225411415 88.41644611209631 15.700239154699108
    endloop
  endfacet
  facet normal -0.0654031327384938 0.9978589230086541 0
    outer loop
      vertex 2.6084214225411415 88.41644611209631 0
      vertex 2.6084214225411415 88.41644611209631 15.700239154699108
      vertex 2.6736845566755805 88.4207236841321 15.678734347224236
    endloop
  endfacet
  facet normal -0.06540313273849398 0.9978589230086539 8.062331746448812e-19
    outer loop
      vertex 2.6084214225411415 88.41644611209631 0
      vertex 2.6736845566755805 88.4207236841321 15.678734347224236
      vertex 3 88.44211152940989 15.35241886973381
    endloop
  endfacet
  facet normal -0.9978589230086541 0.06540313273849395 0
    outer loop
      vertex 0 85.44211152940989 0
      vertex 0 85.44211152940989 18.674215140486716
      vertex 0.025665417313575745 85.83369010686874 18.416528355033567
    endloop
  endfacet
  facet normal -0.9469301300366788 0.32143946370773846 0
    outer loop
      vertex 0.10222252458333969 86.21856866776943 0
      vertex 0.10222252458333969 86.21856866776943 18.163250660957583
      vertex 0.22836140543222427 86.59016183018684 17.918715711826525
    endloop
  endfacet
  facet normal -0.8968727407473451 0.44228869181151964 0
    outer loop
      vertex 0.22836140543222427 86.59016183018684 0
      vertex 0.22836140543222427 86.59016183018684 17.918715711826525
      vertex 0.4019237905740738 86.94211152940989 17.68710757017961
    endloop
  endfacet
  facet normal -0.8314696207458843 0.5555702203832521 0
    outer loop
      vertex 0.4019237905740738 86.94211152940989 0
      vertex 0.4019237905740738 86.94211152940989 17.68710757017961
      vertex 0.6199399754405022 87.26839581876993 17.472389108779893
    endloop
  endfacet
  facet normal -0.980785279639006 0.1950903258581441 0
    outer loop
      vertex 0.025665417313575745 85.83369010686874 0
      vertex 0.025665417313575745 85.83369010686874 18.416528355033567
      vertex 0.10222252458333969 86.21856866776943 18.163250660957583
    endloop
  endfacet
  facet normal -0.7518398024852505 0.6593458207943231 0
    outer loop
      vertex 0.6199399754405022 87.26839581876993 0
      vertex 0.6199399754405022 87.26839581876993 17.472389108779893
      vertex 0.6620479146410305 87.31641072034836 17.440791860222816
    endloop
  endfacet
  facet normal -0.751839802485251 0.6593458207943226 2.7608807273396194e-18
    outer loop
      vertex 0.6199399754405022 87.26839581876993 0
      vertex 0.6620479146410305 87.31641072034836 17.440791860222816
      vertex 0.7914934868075449 87.46401510387659 17.3358022198081
    endloop
  endfacet
  facet normal -0.5555702203832522 0.8314696207458842 0
    outer loop
      vertex 1.1737157106399536 87.82217155396938 0
      vertex 1.1737157106399536 87.82217155396938 16.9921401154432
      vertex 1.3283500001105535 87.92549487948418 16.874322444200516
    endloop
  endfacet
  facet normal -0.7518398024852506 0.659345820794323 9.083562798565907e-17
    outer loop
      vertex 0.7000000000000002 87.3596867789208 8
      vertex 0.7914934868075449 87.46401510387659 17.3358022198081
      vertex 0.8786796554923058 87.56343187391758 17.24861605168723
    endloop
  endfacet
  facet normal -0.6593458207943229 0.7518398024852506 0
    outer loop
      vertex 0.8786796554923058 87.56343187391758 8
      vertex 0.8786796554923058 87.56343187391758 17.24861605168723
      vertex 1.0456700046628504 87.70987848192453 17.12018582224846
    endloop
  endfacet
  facet normal -0.6593458207943227 0.7518398024852508 -7.852376906485854e-18
    outer loop
      vertex 0.8786796554923058 87.56343187391758 8
      vertex 1.0456700046628504 87.70987848192453 17.12018582224846
      vertex 1.1737157106399536 87.82217155396938 16.9921401154432
    endloop
  endfacet
  facet normal 0 0 -1
    outer loop
      vertex 1.1737157106399536 87.82217155396938 0
      vertex 1.5 88.04018773883581 0
      vertex 45.37645713984966 88.33988900482655 0
    endloop
  endfacet
  facet normal 0 0 -1
    outer loop
      vertex 1.5 88.04018773883581 0
      vertex 1.8519496992230415 88.21375012397766 0
      vertex 44.991578578948975 88.41644611209631 0
    endloop
  endfacet
  facet normal 0 0 -1
    outer loop
      vertex 1.1737157106399536 87.82217155396938 0
      vertex 45.748050302267075 88.21375012397766 0
      vertex 1.7000000000000002 87.74211153110274 0
    endloop
  endfacet
  facet normal 0 0 -1
    outer loop
      vertex 1.8519496992230415 88.21375012397766 0
      vertex 2.2235428616404533 88.33988900482655 0
      vertex 44.600000001490116 88.44211152940989 0
    endloop
  endfacet
  facet normal 0 0 -1
    outer loop
      vertex 1.7000000000000002 87.74211153110274 0
      vertex 42.05290061083546 86.0421115309 0
      vertex 5.547099389164533 86.0421115309 0
    endloop
  endfacet
  facet normal 0 0 -1
    outer loop
      vertex 2.2235428616404533 88.33988900482655 0
      vertex 3 88.44211152940989 0
      vertex 44.600000001490116 88.44211152940989 0
    endloop
  endfacet
  facet normal 0 0 -1
    outer loop
      vertex 3 0 0
      vertex 45.37645713984966 0.10222252458333969 0
      vertex 44.600000001490116 0 0
    endloop
  endfacet
  facet normal 0 0 -1
    outer loop
      vertex 5.547099385333606 2.399999998509884 0
      vertex 42.052900614666385 2.399999998509884 0
      vertex 45.89999999999999 0.7000000000000002 0
    endloop
  endfacet
  facet normal 0 0 -1
    outer loop
      vertex 3 0 0
      vertex 45.748050302267075 0.22836140543222427 0
      vertex 45.37645713984966 0.10222252458333969 0
    endloop
  endfacet
  facet normal 0 0 -1
    outer loop
      vertex 1.8519496992230415 0.22836140543222427 0
      vertex 45.89999999999999 0.7000000000000002 0
      vertex 46.517575251001034 0.7000000000000002 0
    endloop
  endfacet
  facet normal 0 0 -1
    outer loop
      vertex 2.6084214225411415 0.025665417313575745 0
      vertex 46.100000001490116 0.4019237905740738 0
      vertex 45.748050302267075 0.22836140543222427 0
    endloop
  endfacet
  facet normal 0 0 -1
    outer loop
      vertex 2.2235428616404533 0.10222252458333969 0
      vertex 46.42628429085016 0.6199399754405022 0
      vertex 46.100000001490116 0.4019237905740738 0
    endloop
  endfacet
  facet normal 0 0 -1
    outer loop
      vertex 1.8519496992230415 0.22836140543222427 0
      vertex 46.517575251001034 0.7000000000000002 0
      vertex 46.42628429085016 0.6199399754405022 0
    endloop
  endfacet
  facet normal 0 0 -1
    outer loop
      vertex 44.600000001490116 0 0
      vertex 45.37645713984966 0.10222252458333969 0
      vertex 44.991578578948975 0.025665417313575745 0
    endloop
  endfacet
  facet normal 0 0 -1
    outer loop
      vertex 46.89999999999999 1.0824247487899221 0
      vertex 46.89999999999999 1.7000000000000002 0
      vertex 46.980060026049614 1.1737157106399536 0
    endloop
  endfacet
  facet normal 0 0 -1
    outer loop
      vertex 46.980060026049614 1.1737157106399536 0
      vertex 46.89999999999999 1.7000000000000002 0
      vertex 47.19807621091604 1.5 0
    endloop
  endfacet
  facet normal 0 0 -1
    outer loop
      vertex 46.89999999999999 1.7000000000000002 0
      vertex 47.37163859605789 1.8519496992230415 0
      vertex 47.19807621091604 1.5 0
    endloop
  endfacet
  facet normal 0 0 -1
    outer loop
      vertex 46.89999999999999 1.7000000000000002 0
      vertex 45.199999999999996 5.547099388705734 0
      vertex 47.37163859605789 1.8519496992230415 0
    endloop
  endfacet
  facet normal 0 0 -1
    outer loop
      vertex 47.37163859605789 1.8519496992230415 0
      vertex 45.199999999999996 5.547099388705734 0
      vertex 47.497777476906776 2.2235428616404533 0
    endloop
  endfacet
  facet normal 0 0 -1
    outer loop
      vertex 47.497777476906776 2.2235428616404533 0
      vertex 45.199999999999996 5.547099388705734 0
      vertex 47.57433458417654 2.6084214225411415 0
    endloop
  endfacet
  facet normal 0.06540313273849395 -0.9978589230086542 0
    outer loop
      vertex 44.600000001490116 0 0
      vertex 44.991578578948975 0.025665417313575745 0
      vertex 44.600000001490116 0 15.4457633420825
    endloop
  endfacet
  facet normal 0.19509032585814406 -0.9807852796390059 0
    outer loop
      vertex 44.991578578948975 0.025665417313575745 0
      vertex 45.37645713984966 0.10222252458333969 0
      vertex 44.991578578948975 0.025665417313575745 15.767434503183571
    endloop
  endfacet
  facet normal 0.3214394637077385 -0.9469301300366789 0
    outer loop
      vertex 45.37645713984966 0.10222252458333969 0
      vertex 45.748050302267075 0.22836140543222427 0
      vertex 45.37645713984966 0.10222252458333969 16.14241880019322
    endloop
  endfacet
  facet normal 0.4422886918115197 -0.8968727407473451 0
    outer loop
      vertex 45.748050302267075 0.22836140543222427 0
      vertex 46.100000001490116 0.4019237905740738 0
      vertex 45.748050302267075 0.22836140543222427 16.48721655787484
    endloop
  endfacet
  facet normal 0.5555702203832521 -0.8314696207458843 0
    outer loop
      vertex 46.100000001490116 0.4019237905740738 0
      vertex 46.42628429085016 0.6199399754405022 0
      vertex 46.100000001490116 0.4019237905740738 16.86192834545949
    endloop
  endfacet
  facet normal 0.7518398024852508 -0.6593458207943226 1.0251633107742867e-19
    outer loop
      vertex 46.89999999999999 1.0824247487899221 0
      vertex 46.980060026049614 1.1737157106399536 0
      vertex 46.980060026049614 1.1737157106399536 18.517041459496088
    endloop
  endfacet
  facet normal 0.8314696207458843 -0.5555702203832522 0
    outer loop
      vertex 46.980060026049614 1.1737157106399536 0
      vertex 47.19807621091604 1.5 0
      vertex 46.980060026049614 1.1737157106399536 18.517041459496088
    endloop
  endfacet
  facet normal 0.8968727407473451 -0.44228869181151964 0
    outer loop
      vertex 47.19807621091604 1.5 0
      vertex 47.37163859605789 1.8519496992230415 0
      vertex 47.19807621091604 1.5 19.216760376192997
    endloop
  endfacet
  facet normal 0.9469301300366788 -0.3214394637077385 0
    outer loop
      vertex 47.37163859605789 1.8519496992230415 0
      vertex 47.497777476906776 2.2235428616404533 0
      vertex 47.37163859605789 1.8519496992230415 19.971518941967528
    endloop
  endfacet
  facet normal 0.9807852796390061 -0.19509032585814412 0
    outer loop
      vertex 47.497777476906776 2.2235428616404533 0
      vertex 47.57433458417654 2.6084214225411415 0
      vertex 47.497777476906776 2.2235428616404533 20.768403050511825
    endloop
  endfacet
  facet normal 0.997858923008654 -0.06540313273849395 0
    outer loop
      vertex 47.57433458417654 2.6084214225411415 0
      vertex 47.599999999999994 2.999999977265136 0
      vertex 47.57433458417654 2.6084214225411415 21.593777788049746
    endloop
  endfacet
  facet normal 0.06540313273849277 -0.9978589230086541 -2.9965851322729424e-17
    outer loop
      vertex 44.991578578948975 0.025665417313575745 0
      vertex 44.6363033487862 0.0023794472217559814 15.55481181293726
      vertex 44.600000001490116 0 15.4457633420825
    endloop
  endfacet
  facet normal 0.06540313273849409 -0.9978589230086541 0
    outer loop
      vertex 44.991578578948975 0.025665417313575745 0
      vertex 44.991578578948975 0.025665417313575745 15.767434503183571
      vertex 44.6363033487862 0.0023794472217559814 15.55481181293726
    endloop
  endfacet
  facet normal 0.19509032585813588 -0.9807852796390076 -2.106033733947027e-16
    outer loop
      vertex 45.37645713984966 0.10222252458333969 0
      vertex 45.05349126285704 0.037980616092681885 15.879883788526058
      vertex 44.991578578948975 0.025665417313575745 15.767434503183571
    endloop
  endfacet
  facet normal 0.19509032585814576 -0.9807852796390056 0
    outer loop
      vertex 45.37645713984966 0.10222252458333969 0
      vertex 45.37645713984966 0.10222252458333969 16.14241880019322
      vertex 45.05349126285704 0.037980616092681885 15.879883788526058
    endloop
  endfacet
  facet normal 0.32143946370773696 -0.9469301300366794 0
    outer loop
      vertex 45.748050302267075 0.22836140543222427 0
      vertex 45.748050302267075 0.22836140543222427 16.48721655787484
      vertex 45.416182953026414 0.11570762097835541 16.197527840733528
    endloop
  endfacet
  facet normal 0.44228869181151853 -0.8968727407473458 0
    outer loop
      vertex 46.100000001490116 0.4019237905740738 0
      vertex 46.100000001490116 0.4019237905740738 16.86192834545949
      vertex 45.75995171607712 0.23423053324222565 16.50230899453163
    endloop
  endfacet
  facet normal 0.7518398024852508 -0.6593458207943226 0
    outer loop
      vertex 46.89999999999999 1.0824247487899221 0
      vertex 46.980060026049614 1.1737157106399536 18.517041459496088
      vertex 46.89999999999999 1.0824247487899221 8
    endloop
  endfacet
  facet normal 0.5555702203832522 -0.8314696207458843 0
    outer loop
      vertex 46.42628429085016 0.6199399754405022 0
      vertex 46.42628429085016 0.6199399754405022 17.329465562762635
      vertex 46.100000001490116 0.4019237905740738 16.86192834545949
    endloop
  endfacet
  facet normal 0.7518398024852506 -0.6593458207943229 0
    outer loop
      vertex 46.72132034599781 0.8786796554923058 8
      vertex 46.89999999999999 1.0824247487899221 8
      vertex 46.72132034599781 0.8786796554923058 17.88433459733198
    endloop
  endfacet
  facet normal 0.8314696207458843 -0.5555702203832522 0
    outer loop
      vertex 47.19807621091604 1.5 0
      vertex 47.19807621091604 1.5 19.216760376192997
      vertex 46.980060026049614 1.1737157106399536 18.517041459496088
    endloop
  endfacet
  facet normal 0.8968727407473451 -0.4422886918115197 0
    outer loop
      vertex 47.37163859605789 1.8519496992230415 0
      vertex 47.37163859605789 1.8519496992230415 19.971518941967528
      vertex 47.19807621091604 1.5 19.216760376192997
    endloop
  endfacet
  facet normal 0.6593458207943228 -0.7518398024852506 0
    outer loop
      vertex 46.72132034599781 0.8786796554923058 8
      vertex 46.72132034599781 0.8786796554923058 17.88433459733198
      vertex 46.42628429085016 0.6199399754405022 17.329465562762635
    endloop
  endfacet
  facet normal 0.7518398024852506 -0.6593458207943228 3.6712344523722604e-18
    outer loop
      vertex 46.89999999999999 1.0824247487899221 8
      vertex 46.980060026049614 1.1737157106399536 18.517041459496088
      vertex 46.72132034599781 0.8786796554923058 17.88433459733198
    endloop
  endfacet
  facet normal 0.9469301300366789 -0.32143946370773846 0
    outer loop
      vertex 47.497777476906776 2.2235428616404533 0
      vertex 47.497777476906776 2.2235428616404533 20.768403050511825
      vertex 47.37163859605789 1.8519496992230415 19.971518941967528
    endloop
  endfacet
  facet normal 0.9807852796390059 -0.19509032585814406 0
    outer loop
      vertex 47.57433458417654 2.6084214225411415 0
      vertex 47.57433458417654 2.6084214225411415 21.593777788049746
      vertex 47.497777476906776 2.2235428616404533 20.768403050511825
    endloop
  endfacet
  facet normal 0.997858923008654 -0.06540313273849396 0
    outer loop
      vertex 47.599999999999994 2.999999977265136 0
      vertex 47.599999999999994 2.999999977265136 22.43352070871139
      vertex 47.57433458417654 2.6084214225411415 21.593777788049746
    endloop
  endfacet
  facet normal 0 0 -1
    outer loop
      vertex 47.57433458417654 2.6084214225411415 0
      vertex 47.599999999999994 85.44211155214475 0
      vertex 47.599999999999994 2.999999977265136 0
    endloop
  endfacet
  facet normal 0 0 -1
    outer loop
      vertex 47.57433458417654 2.6084214225411415 0
      vertex 45.199999999999996 5.547099388705734 0
      vertex 46.89999999999999 86.74211153110274 0
    endloop
  endfacet
  facet normal 0 0 -1
    outer loop
      vertex 1.7000000000000002 87.74211153110274 0
      vertex 45.89999999999999 87.74211153110274 0
      vertex 42.05290061083546 86.0421115309 0
    endloop
  endfacet
  facet normal 0 0 -1
    outer loop
      vertex 1.8519496992230415 88.21375012397766 0
      vertex 44.600000001490116 88.44211152940989 0
      vertex 44.991578578948975 88.41644611209631 0
    endloop
  endfacet
  facet normal 0 0 -1
    outer loop
      vertex 1.5 88.04018773883581 0
      vertex 44.991578578948975 88.41644611209631 0
      vertex 45.37645713984966 88.33988900482655 0
    endloop
  endfacet
  facet normal 0 0 -1
    outer loop
      vertex 1.1737157106399536 87.82217155396938 0
      vertex 45.37645713984966 88.33988900482655 0
      vertex 45.748050302267075 88.21375012397766 0
    endloop
  endfacet
  facet normal 0 0 -1
    outer loop
      vertex 1.7000000000000002 87.74211153110274 0
      vertex 45.748050302267075 88.21375012397766 0
      vertex 46.100000001490116 88.04018773883581 0
    endloop
  endfacet
  facet normal 0 0 -1
    outer loop
      vertex 1.7000000000000002 87.74211153110274 0
      vertex 46.42628429085016 87.82217155396938 0
      vertex 45.89999999999999 87.74211153110274 0
    endloop
  endfacet
  facet normal 0 0 -1
    outer loop
      vertex 1.7000000000000002 87.74211153110274 0
      vertex 46.100000001490116 88.04018773883581 0
      vertex 46.42628429085016 87.82217155396938 0
    endloop
  endfacet
  facet normal 0 0 -1
    outer loop
      vertex 45.199999999999996 5.547099388705734 0
      vertex 45.199999999999996 82.89501214239701 0
      vertex 46.89999999999999 86.74211153110274 0
    endloop
  endfacet
  facet normal 0 0 -1
    outer loop
      vertex 47.57433458417654 2.6084214225411415 0
      vertex 46.89999999999999 86.74211153110274 0
      vertex 47.599999999999994 85.44211155214475 0
    endloop
  endfacet
  facet normal 0 0 -1
    outer loop
      vertex 45.89999999999999 87.74211153110274 0
      vertex 46.42628429085016 87.82217155396938 0
      vertex 46.5175752490707 87.74211153110274 0
    endloop
  endfacet
  facet normal 0 0 -1
    outer loop
      vertex 46.89999999999999 86.74211153110274 0
      vertex 46.89999999999999 87.35968678061997 0
      vertex 47.19807621091604 86.94211152940989 0
    endloop
  endfacet
  facet normal 0 0 -1
    outer loop
      vertex 46.89999999999999 86.74211153110274 0
      vertex 47.19807621091604 86.94211152940989 0
      vertex 47.37163859605789 86.59016183018684 0
    endloop
  endfacet
  facet normal 0 0 -1
    outer loop
      vertex 47.599999999999994 85.44211155214475 0
      vertex 46.89999999999999 86.74211153110274 0
      vertex 47.57433458417654 85.83369010686874 0
    endloop
  endfacet
  facet normal 0 0 -1
    outer loop
      vertex 46.89999999999999 86.74211153110274 0
      vertex 47.497777476906776 86.21856866776943 0
      vertex 47.57433458417654 85.83369010686874 0
    endloop
  endfacet
  facet normal 0 0 -1
    outer loop
      vertex 46.89999999999999 86.74211153110274 0
      vertex 47.37163859605789 86.59016183018684 0
      vertex 47.497777476906776 86.21856866776943 0
    endloop
  endfacet
  facet normal 0 0 -1
    outer loop
      vertex 47.19807621091604 86.94211152940989 0
      vertex 46.89999999999999 87.35968678061997 0
      vertex 46.980060026049614 87.26839581876993 0
    endloop
  endfacet
  facet normal 0.6593458207943361 0.7518398024852391 -1.210891708469108e-19
    outer loop
      vertex 46.42628429085016 87.82217155396938 0
      vertex 46.5175752490707 87.74211153110274 8
      vertex 46.5175752490707 87.74211153110274 0
    endloop
  endfacet
  facet normal 0.7518398024852636 0.659345820794308 0
    outer loop
      vertex 46.89999999999999 87.35968678061997 0
      vertex 46.89999999999999 87.35968678061997 8
      vertex 46.980060026049614 87.26839581876993 0
    endloop
  endfacet
  facet normal 0.06540313273849395 0.997858923008654 0
    outer loop
      vertex 44.600000001490116 88.44211152940989 0
      vertex 44.600000001490116 88.44211152940989 15.35241886973381
      vertex 44.991578578948975 88.41644611209631 0
    endloop
  endfacet
  facet normal 0.19509032585814406 0.980785279639006 0
    outer loop
      vertex 44.991578578948975 88.41644611209631 0
      vertex 44.991578578948975 88.41644611209631 15.700239154699075
      vertex 45.37645713984966 88.33988900482655 0
    endloop
  endfacet
  facet normal 0.32143946370773846 0.9469301300366788 0
    outer loop
      vertex 45.37645713984966 88.33988900482655 0
      vertex 45.37645713984966 88.33988900482655 16.049656135362685
      vertex 45.748050302267075 88.21375012397766 0
    endloop
  endfacet
  facet normal 0.4422886918115197 0.8968727407473452 0
    outer loop
      vertex 45.748050302267075 88.21375012397766 0
      vertex 45.748050302267075 88.21375012397766 16.386305968997533
      vertex 46.100000001490116 88.04018773883581 0
    endloop
  endfacet
  facet normal 0.997858923008654 0.06540313273849432 0
    outer loop
      vertex 47.599999999999994 85.44211155214475 0
      vertex 47.57433458417654 85.83369010686874 0
      vertex 47.599999999999994 85.44211155214475 18.674215125525542
    endloop
  endfacet
  facet normal 0.5555702203832521 0.8314696207458843 0
    outer loop
      vertex 46.100000001490116 88.04018773883581 0
      vertex 46.100000001490116 88.04018773883581 16.702672447830704
      vertex 46.42628429085016 87.82217155396938 0
    endloop
  endfacet
  facet normal 0.980785279639006 0.1950903258581441 0
    outer loop
      vertex 47.57433458417654 85.83369010686874 0
      vertex 47.497777476906776 86.21856866776943 0
      vertex 47.497777476906776 86.21856866776943 18.163250660957583
    endloop
  endfacet
  facet normal 0.9469301300366788 0.32143946370773846 0
    outer loop
      vertex 47.497777476906776 86.21856866776943 0
      vertex 47.37163859605789 86.59016183018684 0
      vertex 47.37163859605789 86.59016183018684 17.918715711826533
    endloop
  endfacet
  facet normal 0.8968727407473451 0.4422886918115197 0
    outer loop
      vertex 47.19807621091604 86.94211152940989 0
      vertex 47.19807621091604 86.94211152940989 17.687107570179613
      vertex 47.37163859605789 86.59016183018684 0
    endloop
  endfacet
  facet normal 0.8314696207458843 0.5555702203832521 0
    outer loop
      vertex 47.19807621091604 86.94211152940989 0
      vertex 46.980060026049614 87.26839581876993 0
      vertex 46.980060026049614 87.26839581876993 17.472389108779893
    endloop
  endfacet
  facet normal 0.06540313273849423 0.9978589230086539 7.454697767651761e-18
    outer loop
      vertex 44.991578578948975 88.41644611209631 0
      vertex 44.600000001490116 88.44211152940989 15.35241886973381
      vertex 44.926315444814534 88.4207236841321 15.678734347224236
    endloop
  endfacet
  facet normal 0.06540313273849245 0.9978589230086541 0
    outer loop
      vertex 44.991578578948975 88.41644611209631 0
      vertex 44.926315444814534 88.4207236841321 15.678734347224236
      vertex 44.991578578948975 88.41644611209631 15.700239154699075
    endloop
  endfacet
  facet normal 0.19509032585814404 0.980785279639006 -1.0604738861383392e-18
    outer loop
      vertex 45.37645713984966 88.33988900482655 0
      vertex 44.991578578948975 88.41644611209631 15.700239154699075
      vertex 45.29080588791891 88.35692609846592 15.999466478824615
    endloop
  endfacet
  facet normal 0.19509032585814423 0.9807852796390059 0
    outer loop
      vertex 45.37645713984966 88.33988900482655 0
      vertex 45.29080588791891 88.35692609846592 15.999466478824615
      vertex 45.37645713984966 88.33988900482655 16.049656135362685
    endloop
  endfacet
  facet normal 0.32143946370773846 0.9469301300366788 -1.156575192227853e-18
    outer loop
      vertex 45.748050302267075 88.21375012397766 0
      vertex 45.37645713984966 88.33988900482655 16.049656135362685
      vertex 45.63592847078658 88.2518103569746 16.30912744998932
    endloop
  endfacet
  facet normal 0.3214394637077386 0.9469301300366788 0
    outer loop
      vertex 45.748050302267075 88.21375012397766 0
      vertex 45.63592847078658 88.2518103569746 16.30912744998932
      vertex 45.748050302267075 88.21375012397766 16.386305968997533
    endloop
  endfacet
  facet normal 0.44228869181152364 0.8968727407473431 0
    outer loop
      vertex 46.100000001490116 88.04018773883581 0
      vertex 45.964163198402936 88.10717503726482 16.60241886973381
      vertex 46.100000001490116 88.04018773883581 16.702672447830704
    endloop
  endfacet
  facet normal 0.44228869181151725 0.8968727407473465 -6.537531394057739e-17
    outer loop
      vertex 46.100000001490116 88.04018773883581 0
      vertex 45.748050302267075 88.21375012397766 16.386305968997533
      vertex 45.964163198402936 88.10717503726482 16.60241886973381
    endloop
  endfacet
  facet normal 0.6593458207943361 0.7518398024852391 0
    outer loop
      vertex 46.42628429085016 87.82217155396938 0
      vertex 46.42628429085016 87.82217155396938 16.992140115443206
      vertex 46.5175752490707 87.74211153110274 8
    endloop
  endfacet
  facet normal 0.7518398024866244 0.6593458207927563 3.140105052417307e-14
    outer loop
      vertex 46.980060026049614 87.26839581876993 0
      vertex 46.89999999999999 87.35968678061997 8
      vertex 46.80850651468257 87.46401510387659 17.3358022198081
    endloop
  endfacet
  facet normal 0.5555702203832525 0.831469620745884 9.869037248952736e-18
    outer loop
      vertex 46.42628429085016 87.82217155396938 0
      vertex 46.100000001490116 88.04018773883581 16.702672447830704
      vertex 46.27165000137956 87.92549487948418 16.874322444200516
    endloop
  endfacet
  facet normal 0.6593458207943168 0.7518398024852558 -3.526708391030167e-17
    outer loop
      vertex 46.5175752490707 87.74211153110274 8
      vertex 46.55432999682726 87.70987848192453 17.12018582224846
      vertex 46.72132034599781 87.56343187391758 8
    endloop
  endfacet
  facet normal 0.751839802485245 0.6593458207943295 0
    outer loop
      vertex 46.72132034599781 87.56343187391758 8
      vertex 46.72132034599781 87.56343187391758 17.248616051687232
      vertex 46.89999999999999 87.35968678061997 8
    endloop
  endfacet
  facet normal 0.5555702203832517 0.8314696207458845 0
    outer loop
      vertex 46.42628429085016 87.82217155396938 0
      vertex 46.27165000137956 87.92549487948418 16.874322444200516
      vertex 46.42628429085016 87.82217155396938 16.992140115443206
    endloop
  endfacet
  facet normal 0.8314696207458843 0.5555702203832522 0
    outer loop
      vertex 47.19807621091604 86.94211152940989 0
      vertex 46.980060026049614 87.26839581876993 17.472389108779893
      vertex 47.19807621091604 86.94211152940989 17.687107570179613
    endloop
  endfacet
  facet normal 0.9469301300366788 0.32143946370773846 0
    outer loop
      vertex 47.497777476906776 86.21856866776943 0
      vertex 47.37163859605789 86.59016183018684 17.918715711826533
      vertex 47.497777476906776 86.21856866776943 18.163250660957583
    endloop
  endfacet
  facet normal 0.896872740747345 0.4422886918115197 0
    outer loop
      vertex 47.37163859605789 86.59016183018684 0
      vertex 47.19807621091604 86.94211152940989 17.687107570179613
      vertex 47.37163859605789 86.59016183018684 17.918715711826533
    endloop
  endfacet
  facet normal 0.997858923008654 0.06540313273849432 0
    outer loop
      vertex 47.57433458417654 85.83369010686874 0
      vertex 47.57433458417654 85.83369010686874 18.416528355033567
      vertex 47.599999999999994 85.44211155214475 18.674215125525542
    endloop
  endfacet
  facet normal 0.980785279639006 0.1950903258581441 0
    outer loop
      vertex 47.57433458417654 85.83369010686874 0
      vertex 47.497777476906776 86.21856866776943 18.163250660957583
      vertex 47.57433458417654 85.83369010686874 18.416528355033567
    endloop
  endfacet
  facet normal 0.7518398024852436 0.6593458207943308 -1.0460870012615607e-16
    outer loop
      vertex 46.980060026049614 87.26839581876993 0
      vertex 46.80850651468257 87.46401510387659 17.3358022198081
      vertex 46.93795208684909 87.31641072034836 17.440791860222816
    endloop
  endfacet
  facet normal 0.7518398024852624 0.6593458207943094 0
    outer loop
      vertex 46.980060026049614 87.26839581876993 0
      vertex 46.93795208684909 87.31641072034836 17.440791860222816
      vertex 46.980060026049614 87.26839581876993 17.472389108779893
    endloop
  endfacet
  facet normal 0.6593458207943179 0.7518398024852548 0
    outer loop
      vertex 46.72132034599781 87.56343187391758 8
      vertex 46.55432999682726 87.70987848192453 17.12018582224846
      vertex 46.72132034599781 87.56343187391758 17.248616051687232
    endloop
  endfacet
  facet normal 0.7518398024852553 0.6593458207943174 4.629522672744884e-16
    outer loop
      vertex 46.89999999999999 87.35968678061997 8
      vertex 46.72132034599781 87.56343187391758 17.248616051687232
      vertex 46.80850651468257 87.46401510387659 17.3358022198081
    endloop
  endfacet
  facet normal 0.6593458207943292 0.7518398024852451 -1.2316518577004913e-16
    outer loop
      vertex 46.5175752490707 87.74211153110274 8
      vertex 46.42628429085016 87.82217155396938 16.992140115443206
      vertex 46.55432999682726 87.70987848192453 17.12018582224846
    endloop
  endfacet
  facet normal 0 0 -1
    outer loop
      vertex 0.7000000000000002 1.0824247504890834 0
      vertex 1.7000000000000002 0.7000000000000002 0
      vertex 0.8786796554923058 0.8786796554923058 0
    endloop
  endfacet
  facet normal 0 0 -1
    outer loop
      vertex 0.7000000000000002 1.0824247504890834 0
      vertex 0.7000000000000002 1.7000000000000002 0
      vertex 1.7000000000000002 0.7000000000000002 0
    endloop
  endfacet
  facet normal 0 0 -1
    outer loop
      vertex 0.8786796554923058 0.8786796554923058 0
      vertex 1.7000000000000002 0.7000000000000002 0
      vertex 1.0824247504890836 0.7000000000000002 0
    endloop
  endfacet
  facet normal -0.7518398024852506 -0.659345820794323 0
    outer loop
      vertex 0.7000000000000002 1.0824247504890834 0
      vertex 0.8786796554923058 0.8786796554923058 0
      vertex 0.7000000000000002 1.0824247504890834 8
    endloop
  endfacet
  facet normal 0 0 -1
    outer loop
      vertex 0.7000000000000002 1.7000000000000002 0
      vertex 2.4 5.547099388705738 0
      vertex 1.7000000000000002 0.7000000000000002 0
    endloop
  endfacet
  facet normal -0.7518398024852506 -0.659345820794323 0
    outer loop
      vertex 0.8786796554923058 0.8786796554923058 0
      vertex 0.8786796554923058 0.8786796554923058 8
      vertex 0.7000000000000002 1.0824247504890834 8
    endloop
  endfacet
  facet normal -0.6593458207943226 -0.751839802485251 -8.496723409509242e-18
    outer loop
      vertex 0.8786796554923058 0.8786796554923058 0
      vertex 1.0824247504890836 0.7000000000000002 0
      vertex 1.1737157106399536 0.6199399754405022 17.329465562762632
    endloop
  endfacet
  facet normal -0.6593458207943235 -0.7518398024852501 1.7789743076624056e-19
    outer loop
      vertex 1.0824247504890836 0.7000000000000002 0
      vertex 1.1737157106399536 0.6199399754405022 0
      vertex 1.1737157106399536 0.6199399754405022 17.329465562762632
    endloop
  endfacet
  facet normal 0 0 -1
    outer loop
      vertex 1.7000000000000002 0.7000000000000002 0
      vertex 2.4 5.547099388705738 0
      vertex 5.547099385333606 2.399999998509884 0
    endloop
  endfacet
  facet normal 0 0 -1
    outer loop
      vertex 2.4 5.547099388705738 0
      vertex 2.5979132154706543 5.994976924149233 0
      vertex 5.994976924149233 2.5979132154706543 0
    endloop
  endfacet
  facet normal 0 0 -1
    outer loop
      vertex 2.5979132154706543 5.994976924149233 0
      vertex 4.220577136594005 4.55 0
      vertex 4.285981993737888 4.4521147138921515 0
    endloop
  endfacet
  facet normal 0 0 -1
    outer loop
      vertex 2.5979132154706543 5.994976924149233 0
      vertex 4.168508420739842 4.655584910871419 0
      vertex 4.220577136594005 4.55 0
    endloop
  endfacet
  facet normal 0 0 -1
    outer loop
      vertex 2.5979132154706543 5.994976924149233 0
      vertex 4.1306667563398385 4.767062859407732 0
      vertex 4.168508420739842 4.655584910871419 0
    endloop
  endfacet
  facet normal 0 0 -1
    outer loop
      vertex 2.5979132154706543 5.994976924149233 0
      vertex 4.107699624763571 4.882526427001953 0
      vertex 4.1306667563398385 4.767062859407732 0
    endloop
  endfacet
  facet normal 0 0 -1
    outer loop
      vertex 2.74833395016046 6.3 0
      vertex 4.1 5 0
      vertex 4.107699624763571 4.882526427001953 0
    endloop
  endfacet
  facet normal 0 0 -1
    outer loop
      vertex 2.74833395016046 6.3 0
      vertex 4.107699624763571 5.117473572998047 0
      vertex 4.1 5 0
    endloop
  endfacet
  facet normal 0 0 -1
    outer loop
      vertex 2.5979132154706543 5.994976924149233 0
      vertex 4.285981993737888 4.4521147138921515 0
      vertex 4.363603896932107 4.363603896932107 0
    endloop
  endfacet
  facet normal 0 0 -1
    outer loop
      vertex 2.5979132154706543 5.994976924149233 0
      vertex 4.363603896932107 4.363603896932107 0
      vertex 5.994976924149233 2.5979132154706543 0
    endloop
  endfacet
  facet normal 0 0 -1
    outer loop
      vertex 2.4 5.547099388705738 0
      vertex 5.994976924149233 2.5979132154706543 0
      vertex 5.547099385333606 2.399999998509884 0
    endloop
  endfacet
  facet normal 0 0 -1
    outer loop
      vertex 5.994976924149233 2.5979132154706543 0
      vertex 4.363603896932107 4.363603896932107 0
      vertex 4.4521147138921515 4.285981993737888 0
    endloop
  endfacet
  facet normal 0 0 -1
    outer loop
      vertex 5.994976924149233 2.5979132154706543 0
      vertex 4.4521147138921515 4.285981993737888 0
      vertex 4.55 4.220577136594005 0
    endloop
  endfacet
  facet normal 0 0 -1
    outer loop
      vertex 5.994976924149233 2.5979132154706543 0
      vertex 4.55 4.220577136594005 0
      vertex 4.655584910871419 4.168508420739842 0
    endloop
  endfacet
  facet normal 0 0 -1
    outer loop
      vertex 5.994976924149233 2.5979132154706543 0
      vertex 4.655584910871419 4.168508420739842 0
      vertex 4.767062859407732 4.1306667563398385 0
    endloop
  endfacet
  facet normal 0 0 -1
    outer loop
      vertex 6.3 2.74833395016046 0
      vertex 4.767062859407732 4.1306667563398385 0
      vertex 4.882526427001953 4.107699624763571 0
    endloop
  endfacet
  facet normal 0 0 -1
    outer loop
      vertex 6.3 2.74833395016046 0
      vertex 4.882526427001953 4.107699624763571 0
      vertex 5 4.1 0
    endloop
  endfacet
  facet normal 0 0 -1
    outer loop
      vertex 6.3 2.74833395016046 0
      vertex 5 4.1 0
      vertex 5.117473572998047 4.107699624763571 0
    endloop
  endfacet
  facet normal 0 0 -1
    outer loop
      vertex 6.3 2.74833395016046 0
      vertex 5.117473572998047 4.107699624763571 0
      vertex 5.232937140592268 4.1306667563398385 0
    endloop
  endfacet
  facet normal 0 0 -1
    outer loop
      vertex 5.994976924149233 2.5979132154706543 0
      vertex 4.767062859407732 4.1306667563398385 0
      vertex 6.3 2.74833395016046 0
    endloop
  endfacet
  facet normal 0 0 -1
    outer loop
      vertex 6.5827797154226735 2.9372813152427883 0
      vertex 5.232937140592268 4.1306667563398385 0
      vertex 5.344415089128581 4.168508420739842 0
    endloop
  endfacet
  facet normal 0 0 -1
    outer loop
      vertex 6.5827797154226735 2.9372813152427883 0
      vertex 5.344415089128581 4.168508420739842 0
      vertex 5.45 4.220577136594005 0
    endloop
  endfacet
  facet normal 0 0 -1
    outer loop
      vertex 6.5827797154226735 2.9372813152427883 0
      vertex 5.45 4.220577136594005 0
      vertex 5.5478852861078485 4.285981993737888 0
    endloop
  endfacet
  facet normal 0 0 -1
    outer loop
      vertex 2.5979132154706543 5.994976924149233 0
      vertex 2.74833395016046 6.3 0
      vertex 4.107699624763571 4.882526427001953 0
    endloop
  endfacet
  facet normal 0 0 -1
    outer loop
      vertex 2.74833395016046 6.3 0
      vertex 2.9372813152427883 6.5827797154226735 0
      vertex 4.220577136594005 5.45 0
    endloop
  endfacet
  facet normal 0 0 -1
    outer loop
      vertex 2.74833395016046 6.3 0
      vertex 4.1306667563398385 5.232937140592268 0
      vertex 4.107699624763571 5.117473572998047 0
    endloop
  endfacet
  facet normal 0 0 -1
    outer loop
      vertex 2.74833395016046 6.3 0
      vertex 4.220577136594005 5.45 0
      vertex 4.168508420739842 5.344415089128581 0
    endloop
  endfacet
  facet normal 0 0 -1
    outer loop
      vertex 2.74833395016046 6.3 0
      vertex 4.168508420739842 5.344415089128581 0
      vertex 4.1306667563398385 5.232937140592268 0
    endloop
  endfacet
  facet normal 0 0 -1
    outer loop
      vertex 2.9372813152427883 6.5827797154226735 0
      vertex 4.285981993737888 5.5478852861078485 0
      vertex 4.220577136594005 5.45 0
    endloop
  endfacet
  facet normal 0 0 -1
    outer loop
      vertex 2.9372813152427883 6.5827797154226735 0
      vertex 4.363603896932107 5.636396103067893 0
      vertex 4.285981993737888 5.5478852861078485 0
    endloop
  endfacet
  facet normal 0 0 -1
    outer loop
      vertex 2.9372813152427883 6.5827797154226735 0
      vertex 4.4521147138921515 5.714018006262112 0
      vertex 4.363603896932107 5.636396103067893 0
    endloop
  endfacet
  facet normal 0 0 -1
    outer loop
      vertex 2.9372813152427883 6.5827797154226735 0
      vertex 4.55 5.779422863405995 0
      vertex 4.4521147138921515 5.714018006262112 0
    endloop
  endfacet
  facet normal 0 0 -1
    outer loop
      vertex 2.9372813152427883 6.5827797154226735 0
      vertex 4.655584910871419 5.831491579260158 0
      vertex 4.55 5.779422863405995 0
    endloop
  endfacet
  facet normal 0 0 -1
    outer loop
      vertex 2.9372813152427883 6.5827797154226735 0
      vertex 4.767062859407732 5.8693332436601615 0
      vertex 4.655584910871419 5.831491579260158 0
    endloop
  endfacet
  facet normal 0 0 -1
    outer loop
      vertex 2.9372813152427883 6.5827797154226735 0
      vertex 4.882526427001953 5.892300375236429 0
      vertex 4.767062859407732 5.8693332436601615 0
    endloop
  endfacet
  facet normal 0 0 -1
    outer loop
      vertex 2.9372813152427883 6.5827797154226735 0
      vertex 5 5.9 0
      vertex 4.882526427001953 5.892300375236429 0
    endloop
  endfacet
  facet normal 0 0 -1
    outer loop
      vertex 2.9372813152427883 6.5827797154226735 0
      vertex 5.117473572998047 5.892300375236429 0
      vertex 5 5.9 0
    endloop
  endfacet
  facet normal 0 0 -1
    outer loop
      vertex 2.9372813152427883 6.5827797154226735 0
      vertex 5.232937140592268 5.8693332436601615 0
      vertex 5.117473572998047 5.892300375236429 0
    endloop
  endfacet
  facet normal 0 0 -1
    outer loop
      vertex 2.9372813152427883 6.5827797154226735 0
      vertex 3.1615223689149765 6.8384776310850235 0
      vertex 7.062718684757211 6.5827797154226735 0
    endloop
  endfacet
  facet normal 0 0 -1
    outer loop
      vertex 3.1615223689149765 6.8384776310850235 0
      vertex 3.4172202845773265 7.062718684757211 0
      vertex 7.062718684757211 6.5827797154226735 0
    endloop
  endfacet
  facet normal 0 0 -1
    outer loop
      vertex 3.4172202845773265 7.062718684757211 0
      vertex 3.7 7.251666049839541 0
      vertex 7.062718684757211 6.5827797154226735 0
    endloop
  endfacet
  facet normal 0 0 -1
    outer loop
      vertex 3.7 7.251666049839541 0
      vertex 4.005023075850767 7.402086784529345 0
      vertex 6.3 7.251666049839541 0
    endloop
  endfacet
  facet normal 0 0 -1
    outer loop
      vertex 4.005023075850767 7.402086784529345 0
      vertex 4.327070482733446 7.511407148351578 0
      vertex 6.3 7.251666049839541 0
    endloop
  endfacet
  facet normal 0 0 -1
    outer loop
      vertex 4.327070482733446 7.511407148351578 0
      vertex 4.660631900227866 7.577756639571907 0
      vertex 5.994976924149233 7.402086784529345 0
    endloop
  endfacet
  facet normal 0 0 -1
    outer loop
      vertex 4.660631900227866 7.577756639571907 0
      vertex 5 7.6 0
      vertex 5.339368099772134 7.577756639571907 0
    endloop
  endfacet
  facet normal 0 0 -1
    outer loop
      vertex 2.9372813152427883 6.5827797154226735 0
      vertex 7.577756639571907 5.339368099772134 0
      vertex 5.232937140592268 5.8693332436601615 0
    endloop
  endfacet
  facet normal 0 0 -1
    outer loop
      vertex 2.9372813152427883 6.5827797154226735 0
      vertex 7.062718684757211 6.5827797154226735 0
      vertex 7.251666049839541 6.3 0
    endloop
  endfacet
  facet normal 0 0 -1
    outer loop
      vertex 2.9372813152427883 6.5827797154226735 0
      vertex 7.251666049839541 6.3 0
      vertex 7.402086784529345 5.994976924149233 0
    endloop
  endfacet
  facet normal 0 0 -1
    outer loop
      vertex 3.7 7.251666049839541 0
      vertex 6.8384776310850235 6.8384776310850235 0
      vertex 7.062718684757211 6.5827797154226735 0
    endloop
  endfacet
  facet normal 0 0 -1
    outer loop
      vertex 4.660631900227866 7.577756639571907 0
      vertex 5.339368099772134 7.577756639571907 0
      vertex 5.672929517266554 7.511407148351578 0
    endloop
  endfacet
  facet normal 0 0 -1
    outer loop
      vertex 3.7 7.251666049839541 0
      vertex 6.3 7.251666049839541 0
      vertex 6.5827797154226735 7.062718684757211 0
    endloop
  endfacet
  facet normal 0 0 -1
    outer loop
      vertex 4.660631900227866 7.577756639571907 0
      vertex 5.672929517266554 7.511407148351578 0
      vertex 5.994976924149233 7.402086784529345 0
    endloop
  endfacet
  facet normal 0 0 -1
    outer loop
      vertex 4.327070482733446 7.511407148351578 0
      vertex 5.994976924149233 7.402086784529345 0
      vertex 6.3 7.251666049839541 0
    endloop
  endfacet
  facet normal 0 0 -1
    outer loop
      vertex 3.7 7.251666049839541 0
      vertex 6.5827797154226735 7.062718684757211 0
      vertex 6.8384776310850235 6.8384776310850235 0
    endloop
  endfacet
  facet normal -0.6593458207943228 -0.7518398024852506 0
    outer loop
      vertex 0.8786796554923058 0.8786796554923058 0
      vertex 1.1737157106399536 0.6199399754405022 17.329465562762632
      vertex 0.8786796554923058 0.8786796554923058 8
    endloop
  endfacet
  facet normal -0.06540313273849428 -0.997858923008654 8.605793305374412e-18
    outer loop
      vertex 2.6084214225411415 0.025665417313575745 0
      vertex 3 0 15.4457633420825
      vertex 2.9636966527039172 0.0023794472217559814 15.55481181293726
    endloop
  endfacet
  facet normal 0 0 -1
    outer loop
      vertex 6.3 2.74833395016046 0
      vertex 5.232937140592268 4.1306667563398385 0
      vertex 6.5827797154226735 2.9372813152427883 0
    endloop
  endfacet
  facet normal 0 0 -1
    outer loop
      vertex 6.8384776310850235 3.1615223689149765 0
      vertex 5.5478852861078485 4.285981993737888 0
      vertex 5.636396103067893 4.363603896932107 0
    endloop
  endfacet
  facet normal 0 0 -1
    outer loop
      vertex 6.8384776310850235 3.1615223689149765 0
      vertex 5.636396103067893 4.363603896932107 0
      vertex 5.714018006262112 4.4521147138921515 0
    endloop
  endfacet
  facet normal 0 0 -1
    outer loop
      vertex 7.062718684757211 3.4172202845773265 0
      vertex 5.714018006262112 4.4521147138921515 0
      vertex 5.779422863405995 4.55 0
    endloop
  endfacet
  facet normal 0 0 -1
    outer loop
      vertex 6.5827797154226735 2.9372813152427883 0
      vertex 5.5478852861078485 4.285981993737888 0
      vertex 6.8384776310850235 3.1615223689149765 0
    endloop
  endfacet
  facet normal 0 0 -1
    outer loop
      vertex 6.8384776310850235 3.1615223689149765 0
      vertex 5.714018006262112 4.4521147138921515 0
      vertex 7.062718684757211 3.4172202845773265 0
    endloop
  endfacet
  facet normal 0 0 -1
    outer loop
      vertex 7.251666049839541 3.7 0
      vertex 5.779422863405995 4.55 0
      vertex 5.831491579260158 4.655584910871419 0
    endloop
  endfacet
  facet normal 0 0 -1
    outer loop
      vertex 7.6 5 0
      vertex 5.636396103067893 5.636396103067893 0
      vertex 5.5478852861078485 5.714018006262112 0
    endloop
  endfacet
  facet normal 0 0 -1
    outer loop
      vertex 7.6 5 0
      vertex 5.714018006262112 5.5478852861078485 0
      vertex 5.636396103067893 5.636396103067893 0
    endloop
  endfacet
  facet normal 0 0 -1
    outer loop
      vertex 7.402086784529345 4.005023075850767 0
      vertex 5.831491579260158 4.655584910871419 0
      vertex 5.8693332436601615 4.767062859407732 0
    endloop
  endfacet
  facet normal 0 0 -1
    outer loop
      vertex 7.402086784529345 4.005023075850767 0
      vertex 5.8693332436601615 4.767062859407732 0
      vertex 5.892300375236429 4.882526427001953 0
    endloop
  endfacet
  facet normal 0 0 -1
    outer loop
      vertex 7.511407148351578 4.327070482733446 0
      vertex 5.892300375236429 4.882526427001953 0
      vertex 5.9 5 0
    endloop
  endfacet
  facet normal 0 0 -1
    outer loop
      vertex 7.511407148351578 4.327070482733446 0
      vertex 5.9 5 0
      vertex 5.892300375236429 5.117473572998047 0
    endloop
  endfacet
  facet normal 0 0 -1
    outer loop
      vertex 7.577756639571907 4.660631900227866 0
      vertex 5.831491579260158 5.344415089128581 0
      vertex 5.779422863405995 5.45 0
    endloop
  endfacet
  facet normal 0 0 -1
    outer loop
      vertex 7.511407148351578 4.327070482733446 0
      vertex 5.892300375236429 5.117473572998047 0
      vertex 5.8693332436601615 5.232937140592268 0
    endloop
  endfacet
  facet normal 0 0 -1
    outer loop
      vertex 7.577756639571907 4.660631900227866 0
      vertex 5.8693332436601615 5.232937140592268 0
      vertex 5.831491579260158 5.344415089128581 0
    endloop
  endfacet
  facet normal 0 0 -1
    outer loop
      vertex 7.6 5 0
      vertex 5.779422863405995 5.45 0
      vertex 5.714018006262112 5.5478852861078485 0
    endloop
  endfacet
  facet normal 0 0 -1
    outer loop
      vertex 7.062718684757211 3.4172202845773265 0
      vertex 5.779422863405995 4.55 0
      vertex 7.251666049839541 3.7 0
    endloop
  endfacet
  facet normal 0 0 -1
    outer loop
      vertex 7.251666049839541 3.7 0
      vertex 5.831491579260158 4.655584910871419 0
      vertex 7.402086784529345 4.005023075850767 0
    endloop
  endfacet
  facet normal 0 0 -1
    outer loop
      vertex 7.402086784529345 4.005023075850767 0
      vertex 5.892300375236429 4.882526427001953 0
      vertex 7.511407148351578 4.327070482733446 0
    endloop
  endfacet
  facet normal 0 0 -1
    outer loop
      vertex 7.511407148351578 4.327070482733446 0
      vertex 5.8693332436601615 5.232937140592268 0
      vertex 7.577756639571907 4.660631900227866 0
    endloop
  endfacet
  facet normal 0 0 -1
    outer loop
      vertex 7.577756639571907 4.660631900227866 0
      vertex 5.779422863405995 5.45 0
      vertex 7.6 5 0
    endloop
  endfacet
  facet normal 0 0 -1
    outer loop
      vertex 7.6 5 0
      vertex 5.5478852861078485 5.714018006262112 0
      vertex 7.577756639571907 5.339368099772134 0
    endloop
  endfacet
  facet normal 0 0 -1
    outer loop
      vertex 2.9372813152427883 6.5827797154226735 0
      vertex 7.511407148351578 5.672929517266554 0
      vertex 7.577756639571907 5.339368099772134 0
    endloop
  endfacet
  facet normal 0 0 -1
    outer loop
      vertex 7.577756639571907 5.339368099772134 0
      vertex 5.344415089128581 5.831491579260158 0
      vertex 5.232937140592268 5.8693332436601615 0
    endloop
  endfacet
  facet normal 0 0 -1
    outer loop
      vertex 7.577756639571907 5.339368099772134 0
      vertex 5.45 5.779422863405995 0
      vertex 5.344415089128581 5.831491579260158 0
    endloop
  endfacet
  facet normal 0 0 -1
    outer loop
      vertex 2.9372813152427883 6.5827797154226735 0
      vertex 7.402086784529345 5.994976924149233 0
      vertex 7.511407148351578 5.672929517266554 0
    endloop
  endfacet
  facet normal 0 0 -1
    outer loop
      vertex 7.577756639571907 5.339368099772134 0
      vertex 5.5478852861078485 5.714018006262112 0
      vertex 5.45 5.779422863405995 0
    endloop
  endfacet
  facet normal 0 0 -1
    outer loop
      vertex 0.8786796554923058 87.56343187391758 0
      vertex 1.0824247524194102 87.74211153110274 0
      vertex 1.7000000000000002 87.74211153110274 0
    endloop
  endfacet
  facet normal -0.7518398024852483 0.6593458207943252 -1.4581458480201057e-18
    outer loop
      vertex 0.7000000000000002 87.3596867789208 0
      vertex 0.8786796554923058 87.56343187391758 8
      vertex 0.8786796554923058 87.56343187391758 0
    endloop
  endfacet
  facet normal -0.6593458207943229 0.7518398024852505 -8.54572155449909e-19
    outer loop
      vertex 0.8786796554923058 87.56343187391758 0
      vertex 1.0824247524194102 87.74211153110274 8
      vertex 1.0824247524194102 87.74211153110274 0
    endloop
  endfacet
  facet normal 0 0 -1
    outer loop
      vertex 0.7000000000000002 86.74211153110274 0
      vertex 0.7000000000000002 87.3596867789208 0
      vertex 5.547099389164533 86.0421115309 0
    endloop
  endfacet
  facet normal 0 0 -1
    outer loop
      vertex 0.7000000000000002 87.3596867789208 0
      vertex 0.8786796554923058 87.56343187391758 0
      vertex 5.547099389164533 86.0421115309 0
    endloop
  endfacet
  facet normal 0 0 -1
    outer loop
      vertex 0.8786796554923058 87.56343187391758 0
      vertex 1.7000000000000002 87.74211153110274 0
      vertex 5.547099389164533 86.0421115309 0
    endloop
  endfacet
  facet normal -0.7518398024852483 0.6593458207943252 0
    outer loop
      vertex 0.7000000000000002 87.3596867789208 0
      vertex 0.7000000000000002 87.3596867789208 8
      vertex 0.8786796554923058 87.56343187391758 8
    endloop
  endfacet
  facet normal -0.6593458207943229 0.7518398024852505 0
    outer loop
      vertex 0.8786796554923058 87.56343187391758 0
      vertex 0.8786796554923058 87.56343187391758 8
      vertex 1.0824247524194102 87.74211153110274 8
    endloop
  endfacet
  facet normal 0 0 -1
    outer loop
      vertex 2.5979132154706543 82.44713460695351 0
      vertex 4.1 83.44211153110274 0
      vertex 2.74833395016046 82.14211153110274 0
    endloop
  endfacet
  facet normal 0 0 -1
    outer loop
      vertex 2.74833395016046 82.14211153110274 0
      vertex 4.1306667563398385 83.20917439051047 0
      vertex 2.9372813152427883 81.85933181568006 0
    endloop
  endfacet
  facet normal 0 0 -1
    outer loop
      vertex 2.9372813152427883 81.85933181568006 0
      vertex 4.363603896932107 82.80571542803484 0
      vertex 3.1615223689149765 81.60363390001771 0
    endloop
  endfacet
  facet normal 0 0 -1
    outer loop
      vertex 3.4172202845773265 81.37939284634552 0
      vertex 3.1615223689149765 81.60363390001771 0
      vertex 4.363603896932107 82.80571542803484 0
    endloop
  endfacet
  facet normal 0 0 -1
    outer loop
      vertex 2.74833395016046 82.14211153110274 0
      vertex 4.107699624763571 83.32463795810469 0
      vertex 4.1306667563398385 83.20917439051047 0
    endloop
  endfacet
  facet normal 0 0 -1
    outer loop
      vertex 2.9372813152427883 81.85933181568006 0
      vertex 4.285981993737888 82.8942262449949 0
      vertex 4.363603896932107 82.80571542803484 0
    endloop
  endfacet
  facet normal 0 0 -1
    outer loop
      vertex 2.9372813152427883 81.85933181568006 0
      vertex 4.1306667563398385 83.20917439051047 0
      vertex 4.168508420739842 83.09769644197416 0
    endloop
  endfacet
  facet normal 0 0 -1
    outer loop
      vertex 2.9372813152427883 81.85933181568006 0
      vertex 4.168508420739842 83.09769644197416 0
      vertex 4.220577136594005 82.99211153110274 0
    endloop
  endfacet
  facet normal 0 0 -1
    outer loop
      vertex 2.9372813152427883 81.85933181568006 0
      vertex 4.220577136594005 82.99211153110274 0
      vertex 4.285981993737888 82.8942262449949 0
    endloop
  endfacet
  facet normal 0 0 -1
    outer loop
      vertex 3.4172202845773265 81.37939284634552 0
      vertex 4.363603896932107 82.80571542803484 0
      vertex 4.4521147138921515 82.72809352484063 0
    endloop
  endfacet
  facet normal 0 0 -1
    outer loop
      vertex 3.4172202845773265 81.37939284634552 0
      vertex 5.232937140592268 82.57277828744257 0
      vertex 3.7 81.1904454812632 0
    endloop
  endfacet
  facet normal 0 0 -1
    outer loop
      vertex 3.4172202845773265 81.37939284634552 0
      vertex 4.55 82.66268866769674 0
      vertex 4.655584910871419 82.61061995184258 0
    endloop
  endfacet
  facet normal 0 0 -1
    outer loop
      vertex 3.4172202845773265 81.37939284634552 0
      vertex 4.655584910871419 82.61061995184258 0
      vertex 4.767062859407732 82.57277828744257 0
    endloop
  endfacet
  facet normal 0 0 -1
    outer loop
      vertex 3.4172202845773265 81.37939284634552 0
      vertex 4.767062859407732 82.57277828744257 0
      vertex 4.882526427001953 82.54981115586631 0
    endloop
  endfacet
  facet normal 0 0 -1
    outer loop
      vertex 3.4172202845773265 81.37939284634552 0
      vertex 4.882526427001953 82.54981115586631 0
      vertex 5 82.54211153110273 0
    endloop
  endfacet
  facet normal 0 0 -1
    outer loop
      vertex 3.4172202845773265 81.37939284634552 0
      vertex 4.4521147138921515 82.72809352484063 0
      vertex 4.55 82.66268866769674 0
    endloop
  endfacet
  facet normal 0 0 -1
    outer loop
      vertex 3.4172202845773265 81.37939284634552 0
      vertex 5 82.54211153110273 0
      vertex 5.117473572998047 82.54981115586631 0
    endloop
  endfacet
  facet normal 0 0 -1
    outer loop
      vertex 3.4172202845773265 81.37939284634552 0
      vertex 5.117473572998047 82.54981115586631 0
      vertex 5.232937140592268 82.57277828744257 0
    endloop
  endfacet
  facet normal 0 0 -1
    outer loop
      vertex 3.7 81.1904454812632 0
      vertex 5.232937140592268 82.57277828744257 0
      vertex 5.344415089128581 82.61061995184258 0
    endloop
  endfacet
  facet normal 0 0 -1
    outer loop
      vertex 3.7 81.1904454812632 0
      vertex 5.344415089128581 82.61061995184258 0
      vertex 5.45 82.66268866769674 0
    endloop
  endfacet
  facet normal 0 0 -1
    outer loop
      vertex 3.7 81.1904454812632 0
      vertex 5.45 82.66268866769674 0
      vertex 5.5478852861078485 82.72809352484063 0
    endloop
  endfacet
  facet normal 0 0 -1
    outer loop
      vertex 3.7 81.1904454812632 0
      vertex 7.511407148351578 84.11504104836929 0
      vertex 4.005023075850767 81.0400247465734 0
    endloop
  endfacet
  facet normal 0 0 -1
    outer loop
      vertex 4.005023075850767 81.0400247465734 0
      vertex 7.511407148351578 84.11504104836929 0
      vertex 4.327070482733446 80.93070438275116 0
    endloop
  endfacet
  facet normal 0 0 -1
    outer loop
      vertex 4.327070482733446 80.93070438275116 0
      vertex 7.6 83.44211153110274 0
      vertex 4.660631900227866 80.86435489153084 0
    endloop
  endfacet
  facet normal 0 0 -1
    outer loop
      vertex 4.660631900227866 80.86435489153084 0
      vertex 7.6 83.44211153110274 0
      vertex 5 80.84211153110274 0
    endloop
  endfacet
  facet normal 0 0 -1
    outer loop
      vertex 3.7 81.1904454812632 0
      vertex 5.5478852861078485 82.72809352484063 0
      vertex 7.511407148351578 84.11504104836929 0
    endloop
  endfacet
  facet normal 0 0 -1
    outer loop
      vertex 2.4 82.89501214239701 0
      vertex 4.168508420739842 83.78652662023131 0
      vertex 2.5979132154706543 82.44713460695351 0
    endloop
  endfacet
  facet normal 0 0 -1
    outer loop
      vertex 2.5979132154706543 82.44713460695351 0
      vertex 4.107699624763571 83.55958510410079 0
      vertex 4.1 83.44211153110274 0
    endloop
  endfacet
  facet normal 0 0 -1
    outer loop
      vertex 2.5979132154706543 82.44713460695351 0
      vertex 4.1306667563398385 83.67504867169501 0
      vertex 4.107699624763571 83.55958510410079 0
    endloop
  endfacet
  facet normal 0 0 -1
    outer loop
      vertex 2.74833395016046 82.14211153110274 0
      vertex 4.1 83.44211153110274 0
      vertex 4.107699624763571 83.32463795810469 0
    endloop
  endfacet
  facet normal 0 0 -1
    outer loop
      vertex 2.4 82.89501214239701 0
      vertex 4.220577136594005 83.89211153110274 0
      vertex 4.168508420739842 83.78652662023131 0
    endloop
  endfacet
  facet normal 0 0 -1
    outer loop
      vertex 2.5979132154706543 82.44713460695351 0
      vertex 4.168508420739842 83.78652662023131 0
      vertex 4.1306667563398385 83.67504867169501 0
    endloop
  endfacet
  facet normal 0 0 -1
    outer loop
      vertex 2.4 82.89501214239701 0
      vertex 4.285981993737888 83.98999681721058 0
      vertex 4.220577136594005 83.89211153110274 0
    endloop
  endfacet
  facet normal 0 0 -1
    outer loop
      vertex 2.4 82.89501214239701 0
      vertex 4.363603896932107 84.07850763417063 0
      vertex 4.285981993737888 83.98999681721058 0
    endloop
  endfacet
  facet normal 0 0 -1
    outer loop
      vertex 2.4 82.89501214239701 0
      vertex 0.7000000000000002 86.74211153110274 0
      vertex 6.3 85.69377758094228 0
    endloop
  endfacet
  facet normal 0 0 -1
    outer loop
      vertex 2.4 82.89501214239701 0
      vertex 4.4521147138921515 84.15612953736485 0
      vertex 4.363603896932107 84.07850763417063 0
    endloop
  endfacet
  facet normal 0 0 -1
    outer loop
      vertex 2.4 82.89501214239701 0
      vertex 4.55 84.22153439450874 0
      vertex 4.4521147138921515 84.15612953736485 0
    endloop
  endfacet
  facet normal 0 0 -1
    outer loop
      vertex 2.4 82.89501214239701 0
      vertex 6.3 85.69377758094228 0
      vertex 4.55 84.22153439450874 0
    endloop
  endfacet
  facet normal 0 0 -1
    outer loop
      vertex 0.7000000000000002 86.74211153110274 0
      vertex 5.547099389164533 86.0421115309 0
      vertex 5.994976924149233 85.84419831563208 0
    endloop
  endfacet
  facet normal 0 0 -1
    outer loop
      vertex 0.7000000000000002 86.74211153110274 0
      vertex 5.994976924149233 85.84419831563208 0
      vertex 6.3 85.69377758094228 0
    endloop
  endfacet
  facet normal 0 0 -1
    outer loop
      vertex 6.3 85.69377758094228 0
      vertex 4.655584910871419 84.2736031103629 0
      vertex 4.55 84.22153439450874 0
    endloop
  endfacet
  facet normal 0 0 -1
    outer loop
      vertex 6.3 85.69377758094228 0
      vertex 4.767062859407732 84.3114447747629 0
      vertex 4.655584910871419 84.2736031103629 0
    endloop
  endfacet
  facet normal 0 0 -1
    outer loop
      vertex 6.3 85.69377758094228 0
      vertex 4.882526427001953 84.33441190633917 0
      vertex 4.767062859407732 84.3114447747629 0
    endloop
  endfacet
  facet normal 0 0 -1
    outer loop
      vertex 6.3 85.69377758094228 0
      vertex 5 84.34211153110274 0
      vertex 4.882526427001953 84.33441190633917 0
    endloop
  endfacet
  facet normal 0 0 -1
    outer loop
      vertex 6.3 85.69377758094228 0
      vertex 5.117473572998047 84.33441190633917 0
      vertex 5 84.34211153110274 0
    endloop
  endfacet
  facet normal 0 0 -1
    outer loop
      vertex 6.3 85.69377758094228 0
      vertex 5.232937140592268 84.3114447747629 0
      vertex 5.117473572998047 84.33441190633917 0
    endloop
  endfacet
  facet normal 0 0 -1
    outer loop
      vertex 6.3 85.69377758094228 0
      vertex 5.344415089128581 84.2736031103629 0
      vertex 5.232937140592268 84.3114447747629 0
    endloop
  endfacet
  facet normal 0 0 -1
    outer loop
      vertex 6.5827797154226735 85.50483021585995 0
      vertex 5.5478852861078485 84.15612953736485 0
      vertex 5.45 84.22153439450874 0
    endloop
  endfacet
  facet normal 0 0 -1
    outer loop
      vertex 6.5827797154226735 85.50483021585995 0
      vertex 5.636396103067893 84.07850763417063 0
      vertex 5.5478852861078485 84.15612953736485 0
    endloop
  endfacet
  facet normal 0 0 -1
    outer loop
      vertex 6.5827797154226735 85.50483021585995 0
      vertex 5.45 84.22153439450874 0
      vertex 5.344415089128581 84.2736031103629 0
    endloop
  endfacet
  facet normal 0 0 -1
    outer loop
      vertex 5 80.84211153110274 0
      vertex 7.511407148351578 82.76918201383619 0
      vertex 5.339368099772134 80.86435489153084 0
    endloop
  endfacet
  facet normal 0 0 -1
    outer loop
      vertex 5.339368099772134 80.86435489153084 0
      vertex 7.511407148351578 82.76918201383619 0
      vertex 5.672929517266554 80.93070438275116 0
    endloop
  endfacet
  facet normal 0 0 -1
    outer loop
      vertex 5.672929517266554 80.93070438275116 0
      vertex 7.251666049839541 82.14211153110274 0
      vertex 5.994976924149233 81.0400247465734 0
    endloop
  endfacet
  facet normal 0 0 -1
    outer loop
      vertex 5.994976924149233 81.0400247465734 0
      vertex 7.251666049839541 82.14211153110274 0
      vertex 6.3 81.1904454812632 0
    endloop
  endfacet
  facet normal 0 0 -1
    outer loop
      vertex 6.3 81.1904454812632 0
      vertex 7.062718684757211 81.85933181568006 0
      vertex 6.5827797154226735 81.37939284634552 0
    endloop
  endfacet
  facet normal 0 0 -1
    outer loop
      vertex 4.327070482733446 80.93070438275116 0
      vertex 7.577756639571907 83.78147963087487 0
      vertex 7.6 83.44211153110274 0
    endloop
  endfacet
  facet normal 0 0 -1
    outer loop
      vertex 5.672929517266554 80.93070438275116 0
      vertex 7.402086784529345 82.44713460695351 0
      vertex 7.251666049839541 82.14211153110274 0
    endloop
  endfacet
  facet normal 0 0 -1
    outer loop
      vertex 6.5827797154226735 81.37939284634552 0
      vertex 7.062718684757211 81.85933181568006 0
      vertex 6.8384776310850235 81.60363390001771 0
    endloop
  endfacet
  facet normal 0 0 -1
    outer loop
      vertex 6.3 81.1904454812632 0
      vertex 7.251666049839541 82.14211153110274 0
      vertex 7.062718684757211 81.85933181568006 0
    endloop
  endfacet
  facet normal 0 0 -1
    outer loop
      vertex 5.672929517266554 80.93070438275116 0
      vertex 7.511407148351578 82.76918201383619 0
      vertex 7.402086784529345 82.44713460695351 0
    endloop
  endfacet
  facet normal 0 0 -1
    outer loop
      vertex 5 80.84211153110274 0
      vertex 7.577756639571907 83.10274343133061 0
      vertex 7.511407148351578 82.76918201383619 0
    endloop
  endfacet
  facet normal 0 0 -1
    outer loop
      vertex 5 80.84211153110274 0
      vertex 7.6 83.44211153110274 0
      vertex 7.577756639571907 83.10274343133061 0
    endloop
  endfacet
  facet normal 0 0 -1
    outer loop
      vertex 7.511407148351578 84.11504104836929 0
      vertex 5.5478852861078485 82.72809352484063 0
      vertex 5.636396103067893 82.80571542803484 0
    endloop
  endfacet
  facet normal 0 0 -1
    outer loop
      vertex 7.511407148351578 84.11504104836929 0
      vertex 5.636396103067893 82.80571542803484 0
      vertex 5.714018006262112 82.8942262449949 0
    endloop
  endfacet
  facet normal 0 0 -1
    outer loop
      vertex 7.251666049839541 84.74211153110274 0
      vertex 5.8693332436601615 83.67504867169501 0
      vertex 5.831491579260158 83.78652662023131 0
    endloop
  endfacet
  facet normal 0 0 -1
    outer loop
      vertex 7.251666049839541 84.74211153110274 0
      vertex 5.831491579260158 83.78652662023131 0
      vertex 5.779422863405995 83.89211153110274 0
    endloop
  endfacet
  facet normal 0 0 -1
    outer loop
      vertex 4.327070482733446 80.93070438275116 0
      vertex 7.511407148351578 84.11504104836929 0
      vertex 7.577756639571907 83.78147963087487 0
    endloop
  endfacet
  facet normal 0 0 -1
    outer loop
      vertex 7.511407148351578 84.11504104836929 0
      vertex 5.714018006262112 82.8942262449949 0
      vertex 5.779422863405995 82.99211153110274 0
    endloop
  endfacet
  facet normal 0 0 -1
    outer loop
      vertex 7.511407148351578 84.11504104836929 0
      vertex 5.779422863405995 82.99211153110274 0
      vertex 5.831491579260158 83.09769644197416 0
    endloop
  endfacet
  facet normal 0 0 -1
    outer loop
      vertex 7.511407148351578 84.11504104836929 0
      vertex 5.831491579260158 83.09769644197416 0
      vertex 5.8693332436601615 83.20917439051047 0
    endloop
  endfacet
  facet normal 0 0 -1
    outer loop
      vertex 7.511407148351578 84.11504104836929 0
      vertex 5.8693332436601615 83.20917439051047 0
      vertex 5.892300375236429 83.32463795810469 0
    endloop
  endfacet
  facet normal 0 0 -1
    outer loop
      vertex 7.402086784529345 84.43708845525197 0
      vertex 5.892300375236429 83.32463795810469 0
      vertex 5.9 83.44211153110274 0
    endloop
  endfacet
  facet normal 0 0 -1
    outer loop
      vertex 7.402086784529345 84.43708845525197 0
      vertex 5.9 83.44211153110274 0
      vertex 5.892300375236429 83.55958510410079 0
    endloop
  endfacet
  facet normal 0 0 -1
    outer loop
      vertex 7.251666049839541 84.74211153110274 0
      vertex 5.892300375236429 83.55958510410079 0
      vertex 5.8693332436601615 83.67504867169501 0
    endloop
  endfacet
  facet normal 0 0 -1
    outer loop
      vertex 7.062718684757211 85.02489124652541 0
      vertex 5.714018006262112 83.98999681721058 0
      vertex 5.636396103067893 84.07850763417063 0
    endloop
  endfacet
  facet normal 0 0 -1
    outer loop
      vertex 7.062718684757211 85.02489124652541 0
      vertex 5.779422863405995 83.89211153110274 0
      vertex 5.714018006262112 83.98999681721058 0
    endloop
  endfacet
  facet normal 0 0 -1
    outer loop
      vertex 6.5827797154226735 85.50483021585995 0
      vertex 5.344415089128581 84.2736031103629 0
      vertex 6.3 85.69377758094228 0
    endloop
  endfacet
  facet normal 0 0 -1
    outer loop
      vertex 6.5827797154226735 85.50483021585995 0
      vertex 6.8384776310850235 85.28058916218777 0
      vertex 5.636396103067893 84.07850763417063 0
    endloop
  endfacet
  facet normal 0 0 -1
    outer loop
      vertex 6.8384776310850235 85.28058916218777 0
      vertex 7.062718684757211 85.02489124652541 0
      vertex 5.636396103067893 84.07850763417063 0
    endloop
  endfacet
  facet normal 0 0 -1
    outer loop
      vertex 7.402086784529345 84.43708845525197 0
      vertex 5.892300375236429 83.55958510410079 0
      vertex 7.251666049839541 84.74211153110274 0
    endloop
  endfacet
  facet normal 0 0 -1
    outer loop
      vertex 7.402086784529345 84.43708845525197 0
      vertex 7.511407148351578 84.11504104836929 0
      vertex 5.892300375236429 83.32463795810469 0
    endloop
  endfacet
  facet normal 0 0 -1
    outer loop
      vertex 7.062718684757211 85.02489124652541 0
      vertex 7.251666049839541 84.74211153110274 0
      vertex 5.779422863405995 83.89211153110274 0
    endloop
  endfacet
  facet normal 0 0 -1
    outer loop
      vertex 40.088592851648414 4.327070482733446 0
      vertex 40.022243360428085 4.660631900227866 0
      vertex 41.92707048273344 7.511407148351578 0
    endloop
  endfacet
  facet normal 0 0 -1
    outer loop
      vertex 40.088592851648414 4.327070482733446 0
      vertex 42.26063190022786 7.577756639571907 0
      vertex 40.19791321547065 4.005023075850767 0
    endloop
  endfacet
  facet normal 0 0 -1
    outer loop
      vertex 40.76152236891497 3.1615223689149765 0
      vertex 41.820577136594 4.55 0
      vertex 41.01722028457732 2.9372813152427883 0
    endloop
  endfacet
  facet normal 0 0 -1
    outer loop
      vertex 41.3 2.74833395016046 0
      vertex 41.01722028457732 2.9372813152427883 0
      vertex 42.052114713892145 4.285981993737888 0
    endloop
  endfacet
  facet normal 0 0 -1
    outer loop
      vertex 40.76152236891497 3.1615223689149765 0
      vertex 41.768508420739835 4.655584910871419 0
      vertex 41.820577136594 4.55 0
    endloop
  endfacet
  facet normal 0 0 -1
    outer loop
      vertex 41.01722028457732 2.9372813152427883 0
      vertex 41.885981993737886 4.4521147138921515 0
      vertex 41.9636038969321 4.363603896932107 0
    endloop
  endfacet
  facet normal 0 0 -1
    outer loop
      vertex 41.01722028457732 2.9372813152427883 0
      vertex 41.820577136594 4.55 0
      vertex 41.885981993737886 4.4521147138921515 0
    endloop
  endfacet
  facet normal 0 0 -1
    outer loop
      vertex 40.34833395016045 3.7 0
      vertex 40.19791321547065 4.005023075850767 0
      vertex 42.26063190022786 7.577756639571907 0
    endloop
  endfacet
  facet normal 0 0 -1
    outer loop
      vertex 40.34833395016045 3.7 0
      vertex 42.599999999999994 7.6 0
      vertex 40.53728131524278 3.4172202845773265 0
    endloop
  endfacet
  facet normal 0 0 -1
    outer loop
      vertex 40.76152236891497 3.1615223689149765 0
      vertex 41.70769962476356 4.882526427001953 0
      vertex 41.73066675633983 4.767062859407732 0
    endloop
  endfacet
  facet normal 0 0 -1
    outer loop
      vertex 40.76152236891497 3.1615223689149765 0
      vertex 41.73066675633983 4.767062859407732 0
      vertex 41.768508420739835 4.655584910871419 0
    endloop
  endfacet
  facet normal 0 0 -1
    outer loop
      vertex 40.76152236891497 3.1615223689149765 0
      vertex 41.699999999999996 5 0
      vertex 41.70769962476356 4.882526427001953 0
    endloop
  endfacet
  facet normal 0 0 -1
    outer loop
      vertex 40.76152236891497 3.1615223689149765 0
      vertex 41.70769962476356 5.117473572998047 0
      vertex 41.699999999999996 5 0
    endloop
  endfacet
  facet normal 0 0 -1
    outer loop
      vertex 40.53728131524278 3.4172202845773265 0
      vertex 42.599999999999994 7.6 0
      vertex 40.76152236891497 3.1615223689149765 0
    endloop
  endfacet
  facet normal 0 0 -1
    outer loop
      vertex 40.76152236891497 3.1615223689149765 0
      vertex 41.73066675633983 5.232937140592268 0
      vertex 41.70769962476356 5.117473572998047 0
    endloop
  endfacet
  facet normal 0 0 -1
    outer loop
      vertex 40.76152236891497 3.1615223689149765 0
      vertex 41.768508420739835 5.344415089128581 0
      vertex 41.73066675633983 5.232937140592268 0
    endloop
  endfacet
  facet normal 0 0 -1
    outer loop
      vertex 39.99999999999999 5 0
      vertex 40.022243360428085 5.339368099772134 0
      vertex 41.01722028457732 7.062718684757211 0
    endloop
  endfacet
  facet normal 0 0 -1
    outer loop
      vertex 40.088592851648414 5.672929517266554 0
      vertex 40.19791321547065 5.994976924149233 0
      vertex 40.34833395016045 6.3 0
    endloop
  endfacet
  facet normal 0 0 -1
    outer loop
      vertex 40.088592851648414 5.672929517266554 0
      vertex 40.34833395016045 6.3 0
      vertex 40.53728131524278 6.5827797154226735 0
    endloop
  endfacet
  facet normal 0 0 -1
    outer loop
      vertex 40.022243360428085 4.660631900227866 0
      vertex 39.99999999999999 5 0
      vertex 41.3 7.251666049839541 0
    endloop
  endfacet
  facet normal 0 0 -1
    outer loop
      vertex 40.022243360428085 5.339368099772134 0
      vertex 40.088592851648414 5.672929517266554 0
      vertex 41.01722028457732 7.062718684757211 0
    endloop
  endfacet
  facet normal 0 0 -1
    outer loop
      vertex 40.088592851648414 5.672929517266554 0
      vertex 40.53728131524278 6.5827797154226735 0
      vertex 40.76152236891497 6.8384776310850235 0
    endloop
  endfacet
  facet normal 0 0 -1
    outer loop
      vertex 40.088592851648414 5.672929517266554 0
      vertex 40.76152236891497 6.8384776310850235 0
      vertex 41.01722028457732 7.062718684757211 0
    endloop
  endfacet
  facet normal 0 0 -1
    outer loop
      vertex 39.99999999999999 5 0
      vertex 41.01722028457732 7.062718684757211 0
      vertex 41.3 7.251666049839541 0
    endloop
  endfacet
  facet normal 0 0 -1
    outer loop
      vertex 40.022243360428085 4.660631900227866 0
      vertex 41.3 7.251666049839541 0
      vertex 41.60502307585076 7.402086784529345 0
    endloop
  endfacet
  facet normal 0 0 -1
    outer loop
      vertex 40.022243360428085 4.660631900227866 0
      vertex 41.60502307585076 7.402086784529345 0
      vertex 41.92707048273344 7.511407148351578 0
    endloop
  endfacet
  facet normal 0 0 -1
    outer loop
      vertex 40.088592851648414 4.327070482733446 0
      vertex 41.92707048273344 7.511407148351578 0
      vertex 42.26063190022786 7.577756639571907 0
    endloop
  endfacet
  facet normal 0 0 -1
    outer loop
      vertex 41.3 2.74833395016046 0
      vertex 42.71747357299804 4.107699624763571 0
      vertex 41.60502307585076 2.5979132154706543 0
    endloop
  endfacet
  facet normal 0 0 -1
    outer loop
      vertex 41.3 2.74833395016046 0
      vertex 42.052114713892145 4.285981993737888 0
      vertex 42.14999999999999 4.220577136594005 0
    endloop
  endfacet
  facet normal 0 0 -1
    outer loop
      vertex 41.01722028457732 2.9372813152427883 0
      vertex 41.9636038969321 4.363603896932107 0
      vertex 42.052114713892145 4.285981993737888 0
    endloop
  endfacet
  facet normal 0 0 -1
    outer loop
      vertex 41.3 2.74833395016046 0
      vertex 42.14999999999999 4.220577136594005 0
      vertex 42.25558491087141 4.168508420739842 0
    endloop
  endfacet
  facet normal 0 0 -1
    outer loop
      vertex 41.3 2.74833395016046 0
      vertex 42.25558491087141 4.168508420739842 0
      vertex 42.367062859407724 4.1306667563398385 0
    endloop
  endfacet
  facet normal 0 0 -1
    outer loop
      vertex 41.3 2.74833395016046 0
      vertex 42.367062859407724 4.1306667563398385 0
      vertex 42.48252642700195 4.107699624763571 0
    endloop
  endfacet
  facet normal 0 0 -1
    outer loop
      vertex 41.3 2.74833395016046 0
      vertex 42.48252642700195 4.107699624763571 0
      vertex 42.599999999999994 4.1 0
    endloop
  endfacet
  facet normal 0 0 -1
    outer loop
      vertex 41.3 2.74833395016046 0
      vertex 42.599999999999994 4.1 0
      vertex 42.71747357299804 4.107699624763571 0
    endloop
  endfacet
  facet normal 0 0 -1
    outer loop
      vertex 41.60502307585076 2.5979132154706543 0
      vertex 42.71747357299804 4.107699624763571 0
      vertex 42.832937140592264 4.1306667563398385 0
    endloop
  endfacet
  facet normal 0 0 -1
    outer loop
      vertex 40.76152236891497 3.1615223689149765 0
      vertex 42.599999999999994 7.6 0
      vertex 41.768508420739835 5.344415089128581 0
    endloop
  endfacet
  facet normal 0 0 -1
    outer loop
      vertex 41.60502307585076 2.5979132154706543 0
      vertex 42.832937140592264 4.1306667563398385 0
      vertex 42.944415089128576 4.168508420739842 0
    endloop
  endfacet
  facet normal 0 0 -1
    outer loop
      vertex 41.60502307585076 2.5979132154706543 0
      vertex 42.944415089128576 4.168508420739842 0
      vertex 43.05 4.220577136594005 0
    endloop
  endfacet
  facet normal 0 0 -1
    outer loop
      vertex 41.60502307585076 2.5979132154706543 0
      vertex 43.05 4.220577136594005 0
      vertex 43.147885286107844 4.285981993737888 0
    endloop
  endfacet
  facet normal 0 0 -1
    outer loop
      vertex 41.60502307585076 2.5979132154706543 0
      vertex 43.147885286107844 4.285981993737888 0
      vertex 43.23639610306789 4.363603896932107 0
    endloop
  endfacet
  facet normal 0 0 -1
    outer loop
      vertex 41.60502307585076 2.5979132154706543 0
      vertex 45.00208678452934 5.994976924149233 0
      vertex 42.052900614666385 2.399999998509884 0
    endloop
  endfacet
  facet normal 0 0 -1
    outer loop
      vertex 41.60502307585076 2.5979132154706543 0
      vertex 43.23639610306789 4.363603896932107 0
      vertex 45.00208678452934 5.994976924149233 0
    endloop
  endfacet
  facet normal 0 0 -1
    outer loop
      vertex 45.00208678452934 5.994976924149233 0
      vertex 43.23639610306789 4.363603896932107 0
      vertex 43.3140180062621 4.4521147138921515 0
    endloop
  endfacet
  facet normal 0 0 -1
    outer loop
      vertex 42.052900614666385 2.399999998509884 0
      vertex 45.00208678452934 5.994976924149233 0
      vertex 45.199999999999996 5.547099388705734 0
    endloop
  endfacet
  facet normal 0 0 -1
    outer loop
      vertex 45.00208678452934 5.994976924149233 0
      vertex 43.3140180062621 4.4521147138921515 0
      vertex 43.37942286340599 4.55 0
    endloop
  endfacet
  facet normal 0 0 -1
    outer loop
      vertex 45.00208678452934 5.994976924149233 0
      vertex 43.37942286340599 4.55 0
      vertex 43.431491579260154 4.655584910871419 0
    endloop
  endfacet
  facet normal 0 0 -1
    outer loop
      vertex 45.00208678452934 5.994976924149233 0
      vertex 43.431491579260154 4.655584910871419 0
      vertex 43.46933324366016 4.767062859407732 0
    endloop
  endfacet
  facet normal 0 0 -1
    outer loop
      vertex 44.85166604983954 6.3 0
      vertex 43.46933324366016 4.767062859407732 0
      vertex 43.492300375236425 4.882526427001953 0
    endloop
  endfacet
  facet normal 0 0 -1
    outer loop
      vertex 44.85166604983954 6.3 0
      vertex 43.492300375236425 4.882526427001953 0
      vertex 43.49999999999999 5 0
    endloop
  endfacet
  facet normal 0 0 -1
    outer loop
      vertex 44.85166604983954 6.3 0
      vertex 43.49999999999999 5 0
      vertex 43.492300375236425 5.117473572998047 0
    endloop
  endfacet
  facet normal 0 0 -1
    outer loop
      vertex 40.34833395016045 3.7 0
      vertex 42.26063190022786 7.577756639571907 0
      vertex 42.599999999999994 7.6 0
    endloop
  endfacet
  facet normal 0 0 -1
    outer loop
      vertex 42.599999999999994 7.6 0
      vertex 41.820577136594 5.45 0
      vertex 41.768508420739835 5.344415089128581 0
    endloop
  endfacet
  facet normal 0 0 -1
    outer loop
      vertex 42.599999999999994 7.6 0
      vertex 41.885981993737886 5.5478852861078485 0
      vertex 41.820577136594 5.45 0
    endloop
  endfacet
  facet normal 0 0 -1
    outer loop
      vertex 42.599999999999994 7.6 0
      vertex 41.9636038969321 5.636396103067893 0
      vertex 41.885981993737886 5.5478852861078485 0
    endloop
  endfacet
  facet normal 0 0 -1
    outer loop
      vertex 42.93936809977213 7.577756639571907 0
      vertex 42.052114713892145 5.714018006262112 0
      vertex 41.9636038969321 5.636396103067893 0
    endloop
  endfacet
  facet normal 0 0 -1
    outer loop
      vertex 42.93936809977213 7.577756639571907 0
      vertex 42.14999999999999 5.779422863405995 0
      vertex 42.052114713892145 5.714018006262112 0
    endloop
  endfacet
  facet normal 0 0 -1
    outer loop
      vertex 42.93936809977213 7.577756639571907 0
      vertex 42.25558491087141 5.831491579260158 0
      vertex 42.14999999999999 5.779422863405995 0
    endloop
  endfacet
  facet normal 0 0 -1
    outer loop
      vertex 43.27292951726655 7.511407148351578 0
      vertex 42.367062859407724 5.8693332436601615 0
      vertex 42.25558491087141 5.831491579260158 0
    endloop
  endfacet
  facet normal 0 0 -1
    outer loop
      vertex 43.27292951726655 7.511407148351578 0
      vertex 42.48252642700195 5.892300375236429 0
      vertex 42.367062859407724 5.8693332436601615 0
    endloop
  endfacet
  facet normal 0 0 -1
    outer loop
      vertex 43.27292951726655 7.511407148351578 0
      vertex 42.599999999999994 5.9 0
      vertex 42.48252642700195 5.892300375236429 0
    endloop
  endfacet
  facet normal 0 0 -1
    outer loop
      vertex 43.27292951726655 7.511407148351578 0
      vertex 42.71747357299804 5.892300375236429 0
      vertex 42.599999999999994 5.9 0
    endloop
  endfacet
  facet normal 0 0 -1
    outer loop
      vertex 43.59497692414923 7.402086784529345 0
      vertex 42.832937140592264 5.8693332436601615 0
      vertex 42.71747357299804 5.892300375236429 0
    endloop
  endfacet
  facet normal 0 0 -1
    outer loop
      vertex 43.59497692414923 7.402086784529345 0
      vertex 42.944415089128576 5.831491579260158 0
      vertex 42.832937140592264 5.8693332436601615 0
    endloop
  endfacet
  facet normal 0 0 -1
    outer loop
      vertex 42.599999999999994 7.6 0
      vertex 42.93936809977213 7.577756639571907 0
      vertex 41.9636038969321 5.636396103067893 0
    endloop
  endfacet
  facet normal 0 0 -1
    outer loop
      vertex 42.93936809977213 7.577756639571907 0
      vertex 43.27292951726655 7.511407148351578 0
      vertex 42.25558491087141 5.831491579260158 0
    endloop
  endfacet
  facet normal 0 0 -1
    outer loop
      vertex 43.89999999999999 7.251666049839541 0
      vertex 43.05 5.779422863405995 0
      vertex 42.944415089128576 5.831491579260158 0
    endloop
  endfacet
  facet normal 0 0 -1
    outer loop
      vertex 43.89999999999999 7.251666049839541 0
      vertex 43.147885286107844 5.714018006262112 0
      vertex 43.05 5.779422863405995 0
    endloop
  endfacet
  facet normal 0 0 -1
    outer loop
      vertex 43.59497692414923 7.402086784529345 0
      vertex 43.89999999999999 7.251666049839541 0
      vertex 42.944415089128576 5.831491579260158 0
    endloop
  endfacet
  facet normal 0 0 -1
    outer loop
      vertex 44.43847763108502 6.8384776310850235 0
      vertex 43.3140180062621 5.5478852861078485 0
      vertex 43.23639610306789 5.636396103067893 0
    endloop
  endfacet
  facet normal 0 0 -1
    outer loop
      vertex 44.43847763108502 6.8384776310850235 0
      vertex 43.23639610306789 5.636396103067893 0
      vertex 43.147885286107844 5.714018006262112 0
    endloop
  endfacet
  facet normal 0 0 -1
    outer loop
      vertex 44.66271868475721 6.5827797154226735 0
      vertex 43.37942286340599 5.45 0
      vertex 43.3140180062621 5.5478852861078485 0
    endloop
  endfacet
  facet normal 0 0 -1
    outer loop
      vertex 44.66271868475721 6.5827797154226735 0
      vertex 43.431491579260154 5.344415089128581 0
      vertex 43.37942286340599 5.45 0
    endloop
  endfacet
  facet normal 0 0 -1
    outer loop
      vertex 44.66271868475721 6.5827797154226735 0
      vertex 43.46933324366016 5.232937140592268 0
      vertex 43.431491579260154 5.344415089128581 0
    endloop
  endfacet
  facet normal 0 0 -1
    outer loop
      vertex 43.89999999999999 7.251666049839541 0
      vertex 44.18277971542267 7.062718684757211 0
      vertex 43.147885286107844 5.714018006262112 0
    endloop
  endfacet
  facet normal 0 0 -1
    outer loop
      vertex 43.27292951726655 7.511407148351578 0
      vertex 43.59497692414923 7.402086784529345 0
      vertex 42.71747357299804 5.892300375236429 0
    endloop
  endfacet
  facet normal 0 0 -1
    outer loop
      vertex 44.85166604983954 6.3 0
      vertex 43.492300375236425 5.117473572998047 0
      vertex 43.46933324366016 5.232937140592268 0
    endloop
  endfacet
  facet normal 0 0 -1
    outer loop
      vertex 44.43847763108502 6.8384776310850235 0
      vertex 43.147885286107844 5.714018006262112 0
      vertex 44.18277971542267 7.062718684757211 0
    endloop
  endfacet
  facet normal 0 0 -1
    outer loop
      vertex 44.43847763108502 6.8384776310850235 0
      vertex 44.66271868475721 6.5827797154226735 0
      vertex 43.3140180062621 5.5478852861078485 0
    endloop
  endfacet
  facet normal 0 0 -1
    outer loop
      vertex 44.66271868475721 6.5827797154226735 0
      vertex 44.85166604983954 6.3 0
      vertex 43.46933324366016 5.232937140592268 0
    endloop
  endfacet
  facet normal 0 0 -1
    outer loop
      vertex 44.85166604983954 6.3 0
      vertex 45.00208678452934 5.994976924149233 0
      vertex 43.46933324366016 4.767062859407732 0
    endloop
  endfacet
  facet normal 0 0 -1
    outer loop
      vertex 42.052900614666385 2.399999998509884 0
      vertex 46.72132034599781 0.8786796554923058 0
      vertex 45.89999999999999 0.7000000000000002 0
    endloop
  endfacet
  facet normal 0 0 -1
    outer loop
      vertex 42.052900614666385 2.399999998509884 0
      vertex 46.89999999999999 1.0824247487899221 0
      vertex 46.72132034599781 0.8786796554923058 0
    endloop
  endfacet
  facet normal 0 0 -1
    outer loop
      vertex 42.052900614666385 2.399999998509884 0
      vertex 46.89999999999999 1.7000000000000002 0
      vertex 46.89999999999999 1.0824247487899221 0
    endloop
  endfacet
  facet normal 0 0 -1
    outer loop
      vertex 42.052900614666385 2.399999998509884 0
      vertex 45.199999999999996 5.547099388705734 0
      vertex 46.89999999999999 1.7000000000000002 0
    endloop
  endfacet
  facet normal 0 0 -1
    outer loop
      vertex 45.89999999999999 0.7000000000000002 0
      vertex 46.72132034599781 0.8786796554923058 0
      vertex 46.517575251001034 0.7000000000000002 0
    endloop
  endfacet
  facet normal 0.7518398024852505 -0.6593458207943228 0
    outer loop
      vertex 46.72132034599781 0.8786796554923058 0
      vertex 46.89999999999999 1.0824247487899221 0
      vertex 46.72132034599781 0.8786796554923058 8
    endloop
  endfacet
  facet normal 0.7518398024852505 -0.6593458207943228 0
    outer loop
      vertex 46.89999999999999 1.0824247487899221 0
      vertex 46.89999999999999 1.0824247487899221 8
      vertex 46.72132034599781 0.8786796554923058 8
    endloop
  endfacet
  facet normal 0.659345820794317 -0.7518398024852556 0
    outer loop
      vertex 46.42628429085016 0.6199399754405022 0
      vertex 46.517575251001034 0.7000000000000002 0
      vertex 46.42628429085016 0.6199399754405022 17.329465562762635
    endloop
  endfacet
  facet normal 0.6593458207943252 -0.7518398024852484 7.720450080321844e-17
    outer loop
      vertex 46.517575251001034 0.7000000000000002 0
      vertex 46.72132034599781 0.8786796554923058 0
      vertex 46.42628429085016 0.6199399754405022 17.329465562762635
    endloop
  endfacet
  facet normal 0.3214394637077508 -0.9469301300366746 3.1889775273263944e-16
    outer loop
      vertex 45.748050302267075 0.22836140543222427 0
      vertex 45.416182953026414 0.11570762097835541 16.197527840733528
      vertex 45.37645713984966 0.10222252458333969 16.14241880019322
    endloop
  endfacet
  facet normal 0.4422886918115524 -0.896872740747329 8.784084774738882e-16
    outer loop
      vertex 46.100000001490116 0.4019237905740738 0
      vertex 45.75995171607712 0.23423053324222565 16.50230899453163
      vertex 45.748050302267075 0.22836140543222427 16.48721655787484
    endloop
  endfacet
  facet normal 0.6593458207943228 -0.7518398024852506 0
    outer loop
      vertex 46.72132034599781 0.8786796554923058 0
      vertex 46.72132034599781 0.8786796554923058 8
      vertex 46.42628429085016 0.6199399754405022 17.329465562762635
    endloop
  endfacet
  facet normal 0 0 -1
    outer loop
      vertex 40.34833395016045 82.14211153110274 0
      vertex 40.19791321547065 82.44713460695351 0
      vertex 41.3 81.1904454812632 0
    endloop
  endfacet
  facet normal 0 0 -1
    outer loop
      vertex 40.53728131524278 81.85933181568006 0
      vertex 41.01722028457732 81.37939284634552 0
      vertex 40.76152236891497 81.60363390001771 0
    endloop
  endfacet
  facet normal 0 0 -1
    outer loop
      vertex 40.34833395016045 82.14211153110274 0
      vertex 41.3 81.1904454812632 0
      vertex 40.53728131524278 81.85933181568006 0
    endloop
  endfacet
  facet normal 0 0 -1
    outer loop
      vertex 40.088592851648414 82.76918201383619 0
      vertex 41.92707048273344 80.93070438275116 0
      vertex 40.19791321547065 82.44713460695351 0
    endloop
  endfacet
  facet normal 0 0 -1
    outer loop
      vertex 40.53728131524278 81.85933181568006 0
      vertex 41.3 81.1904454812632 0
      vertex 41.01722028457732 81.37939284634552 0
    endloop
  endfacet
  facet normal 0 0 -1
    outer loop
      vertex 40.19791321547065 82.44713460695351 0
      vertex 41.92707048273344 80.93070438275116 0
      vertex 41.60502307585076 81.0400247465734 0
    endloop
  endfacet
  facet normal 0 0 -1
    outer loop
      vertex 40.088592851648414 82.76918201383619 0
      vertex 42.26063190022786 80.86435489153084 0
      vertex 41.92707048273344 80.93070438275116 0
    endloop
  endfacet
  facet normal 0 0 -1
    outer loop
      vertex 40.088592851648414 82.76918201383619 0
      vertex 42.599999999999994 80.84211153110274 0
      vertex 42.26063190022786 80.86435489153084 0
    endloop
  endfacet
  facet normal 0 0 -1
    outer loop
      vertex 40.19791321547065 82.44713460695351 0
      vertex 41.60502307585076 81.0400247465734 0
      vertex 41.3 81.1904454812632 0
    endloop
  endfacet
  facet normal 0 0 -1
    outer loop
      vertex 40.022243360428085 83.10274343133061 0
      vertex 39.99999999999999 83.44211153110274 0
      vertex 42.93936809977213 80.86435489153084 0
    endloop
  endfacet
  facet normal 0 0 -1
    outer loop
      vertex 40.088592851648414 82.76918201383619 0
      vertex 40.022243360428085 83.10274343133061 0
      vertex 42.93936809977213 80.86435489153084 0
    endloop
  endfacet
  facet normal 0 0 -1
    outer loop
      vertex 39.99999999999999 83.44211153110274 0
      vertex 40.022243360428085 83.78147963087487 0
      vertex 42.93936809977213 80.86435489153084 0
    endloop
  endfacet
  facet normal 0 0 -1
    outer loop
      vertex 40.19791321547065 84.43708845525197 0
      vertex 40.34833395016045 84.74211153110274 0
      vertex 41.699999999999996 83.44211153110274 0
    endloop
  endfacet
  facet normal 0 0 -1
    outer loop
      vertex 40.34833395016045 84.74211153110274 0
      vertex 40.53728131524278 85.02489124652541 0
      vertex 41.768508420739835 83.78652662023131 0
    endloop
  endfacet
  facet normal 0 0 -1
    outer loop
      vertex 40.022243360428085 83.78147963087487 0
      vertex 40.088592851648414 84.11504104836929 0
      vertex 42.93936809977213 80.86435489153084 0
    endloop
  endfacet
  facet normal 0 0 -1
    outer loop
      vertex 40.19791321547065 84.43708845525197 0
      vertex 41.768508420739835 83.09769644197416 0
      vertex 41.820577136594 82.99211153110274 0
    endloop
  endfacet
  facet normal 0 0 -1
    outer loop
      vertex 40.19791321547065 84.43708845525197 0
      vertex 41.73066675633983 83.20917439051047 0
      vertex 41.768508420739835 83.09769644197416 0
    endloop
  endfacet
  facet normal 0 0 -1
    outer loop
      vertex 40.19791321547065 84.43708845525197 0
      vertex 41.70769962476356 83.32463795810469 0
      vertex 41.73066675633983 83.20917439051047 0
    endloop
  endfacet
  facet normal 0 0 -1
    outer loop
      vertex 40.19791321547065 84.43708845525197 0
      vertex 41.699999999999996 83.44211153110274 0
      vertex 41.70769962476356 83.32463795810469 0
    endloop
  endfacet
  facet normal 0 0 -1
    outer loop
      vertex 40.34833395016045 84.74211153110274 0
      vertex 41.70769962476356 83.55958510410079 0
      vertex 41.699999999999996 83.44211153110274 0
    endloop
  endfacet
  facet normal 0 0 -1
    outer loop
      vertex 40.34833395016045 84.74211153110274 0
      vertex 41.73066675633983 83.67504867169501 0
      vertex 41.70769962476356 83.55958510410079 0
    endloop
  endfacet
  facet normal 0 0 -1
    outer loop
      vertex 40.088592851648414 84.11504104836929 0
      vertex 40.19791321547065 84.43708845525197 0
      vertex 43.59497692414923 81.0400247465734 0
    endloop
  endfacet
  facet normal 0 0 -1
    outer loop
      vertex 40.19791321547065 84.43708845525197 0
      vertex 41.885981993737886 82.8942262449949 0
      vertex 41.9636038969321 82.80571542803484 0
    endloop
  endfacet
  facet normal 0 0 -1
    outer loop
      vertex 40.19791321547065 84.43708845525197 0
      vertex 41.820577136594 82.99211153110274 0
      vertex 41.885981993737886 82.8942262449949 0
    endloop
  endfacet
  facet normal 0 0 -1
    outer loop
      vertex 40.34833395016045 84.74211153110274 0
      vertex 41.768508420739835 83.78652662023131 0
      vertex 41.73066675633983 83.67504867169501 0
    endloop
  endfacet
  facet normal 0 0 -1
    outer loop
      vertex 40.53728131524278 85.02489124652541 0
      vertex 41.820577136594 83.89211153110274 0
      vertex 41.768508420739835 83.78652662023131 0
    endloop
  endfacet
  facet normal 0 0 -1
    outer loop
      vertex 40.53728131524278 85.02489124652541 0
      vertex 40.76152236891497 85.28058916218777 0
      vertex 41.885981993737886 83.98999681721058 0
    endloop
  endfacet
  facet normal 0 0 -1
    outer loop
      vertex 40.76152236891497 85.28058916218777 0
      vertex 41.01722028457732 85.50483021585995 0
      vertex 42.052114713892145 84.15612953736485 0
    endloop
  endfacet
  facet normal 0 0 -1
    outer loop
      vertex 40.53728131524278 85.02489124652541 0
      vertex 41.885981993737886 83.98999681721058 0
      vertex 41.820577136594 83.89211153110274 0
    endloop
  endfacet
  facet normal 0 0 -1
    outer loop
      vertex 40.76152236891497 85.28058916218777 0
      vertex 41.9636038969321 84.07850763417063 0
      vertex 41.885981993737886 83.98999681721058 0
    endloop
  endfacet
  facet normal 0 0 -1
    outer loop
      vertex 40.76152236891497 85.28058916218777 0
      vertex 42.052114713892145 84.15612953736485 0
      vertex 41.9636038969321 84.07850763417063 0
    endloop
  endfacet
  facet normal 0 0 -1
    outer loop
      vertex 41.01722028457732 85.50483021585995 0
      vertex 41.3 85.69377758094228 0
      vertex 42.367062859407724 84.3114447747629 0
    endloop
  endfacet
  facet normal 0 0 -1
    outer loop
      vertex 40.088592851648414 82.76918201383619 0
      vertex 42.93936809977213 80.86435489153084 0
      vertex 42.599999999999994 80.84211153110274 0
    endloop
  endfacet
  facet normal 0 0 -1
    outer loop
      vertex 40.19791321547065 84.43708845525197 0
      vertex 41.9636038969321 82.80571542803484 0
      vertex 43.59497692414923 81.0400247465734 0
    endloop
  endfacet
  facet normal 0 0 -1
    outer loop
      vertex 40.088592851648414 84.11504104836929 0
      vertex 43.27292951726655 80.93070438275116 0
      vertex 42.93936809977213 80.86435489153084 0
    endloop
  endfacet
  facet normal 0 0 -1
    outer loop
      vertex 40.088592851648414 84.11504104836929 0
      vertex 43.59497692414923 81.0400247465734 0
      vertex 43.27292951726655 80.93070438275116 0
    endloop
  endfacet
  facet normal 0 0 -1
    outer loop
      vertex 43.59497692414923 81.0400247465734 0
      vertex 41.9636038969321 82.80571542803484 0
      vertex 42.052114713892145 82.72809352484063 0
    endloop
  endfacet
  facet normal 0 0 -1
    outer loop
      vertex 43.59497692414923 81.0400247465734 0
      vertex 42.052114713892145 82.72809352484063 0
      vertex 42.14999999999999 82.66268866769674 0
    endloop
  endfacet
  facet normal 0 0 -1
    outer loop
      vertex 43.59497692414923 81.0400247465734 0
      vertex 42.14999999999999 82.66268866769674 0
      vertex 42.25558491087141 82.61061995184258 0
    endloop
  endfacet
  facet normal 0 0 -1
    outer loop
      vertex 43.59497692414923 81.0400247465734 0
      vertex 42.25558491087141 82.61061995184258 0
      vertex 42.367062859407724 82.57277828744257 0
    endloop
  endfacet
  facet normal 0 0 -1
    outer loop
      vertex 43.89999999999999 81.1904454812632 0
      vertex 42.367062859407724 82.57277828744257 0
      vertex 42.48252642700195 82.54981115586631 0
    endloop
  endfacet
  facet normal 0 0 -1
    outer loop
      vertex 43.89999999999999 81.1904454812632 0
      vertex 42.48252642700195 82.54981115586631 0
      vertex 42.599999999999994 82.54211153110273 0
    endloop
  endfacet
  facet normal 0 0 -1
    outer loop
      vertex 43.89999999999999 81.1904454812632 0
      vertex 42.599999999999994 82.54211153110273 0
      vertex 42.71747357299804 82.54981115586631 0
    endloop
  endfacet
  facet normal 0 0 -1
    outer loop
      vertex 43.59497692414923 81.0400247465734 0
      vertex 42.367062859407724 82.57277828744257 0
      vertex 43.89999999999999 81.1904454812632 0
    endloop
  endfacet
  facet normal 0 0 -1
    outer loop
      vertex 44.18277971542267 81.37939284634552 0
      vertex 42.71747357299804 82.54981115586631 0
      vertex 42.832937140592264 82.57277828744257 0
    endloop
  endfacet
  facet normal 0 0 -1
    outer loop
      vertex 44.18277971542267 81.37939284634552 0
      vertex 42.832937140592264 82.57277828744257 0
      vertex 42.944415089128576 82.61061995184258 0
    endloop
  endfacet
  facet normal 0 0 -1
    outer loop
      vertex 44.18277971542267 81.37939284634552 0
      vertex 42.944415089128576 82.61061995184258 0
      vertex 43.05 82.66268866769674 0
    endloop
  endfacet
  facet normal 0 0 -1
    outer loop
      vertex 44.18277971542267 81.37939284634552 0
      vertex 43.05 82.66268866769674 0
      vertex 43.147885286107844 82.72809352484063 0
    endloop
  endfacet
  facet normal 0 0 -1
    outer loop
      vertex 43.89999999999999 81.1904454812632 0
      vertex 42.71747357299804 82.54981115586631 0
      vertex 44.18277971542267 81.37939284634552 0
    endloop
  endfacet
  facet normal 0 0 -1
    outer loop
      vertex 44.18277971542267 81.37939284634552 0
      vertex 43.147885286107844 82.72809352484063 0
      vertex 43.23639610306789 82.80571542803484 0
    endloop
  endfacet
  facet normal 0 0 -1
    outer loop
      vertex 44.43847763108502 81.60363390001771 0
      vertex 43.23639610306789 82.80571542803484 0
      vertex 43.3140180062621 82.8942262449949 0
    endloop
  endfacet
  facet normal 0 0 -1
    outer loop
      vertex 44.66271868475721 81.85933181568006 0
      vertex 43.3140180062621 82.8942262449949 0
      vertex 43.37942286340599 82.99211153110274 0
    endloop
  endfacet
  facet normal 0 0 -1
    outer loop
      vertex 44.18277971542267 81.37939284634552 0
      vertex 43.23639610306789 82.80571542803484 0
      vertex 44.43847763108502 81.60363390001771 0
    endloop
  endfacet
  facet normal 0 0 -1
    outer loop
      vertex 44.43847763108502 81.60363390001771 0
      vertex 43.3140180062621 82.8942262449949 0
      vertex 44.66271868475721 81.85933181568006 0
    endloop
  endfacet
  facet normal 0 0 -1
    outer loop
      vertex 44.85166604983954 82.14211153110274 0
      vertex 43.431491579260154 83.09769644197416 0
      vertex 43.46933324366016 83.20917439051047 0
    endloop
  endfacet
  facet normal 0 0 -1
    outer loop
      vertex 44.85166604983954 82.14211153110274 0
      vertex 43.37942286340599 82.99211153110274 0
      vertex 43.431491579260154 83.09769644197416 0
    endloop
  endfacet
  facet normal 0 0 -1
    outer loop
      vertex 44.85166604983954 82.14211153110274 0
      vertex 43.46933324366016 83.20917439051047 0
      vertex 43.492300375236425 83.32463795810469 0
    endloop
  endfacet
  facet normal 0 0 -1
    outer loop
      vertex 44.66271868475721 81.85933181568006 0
      vertex 43.37942286340599 82.99211153110274 0
      vertex 44.85166604983954 82.14211153110274 0
    endloop
  endfacet
  facet normal 0 0 -1
    outer loop
      vertex 44.85166604983954 82.14211153110274 0
      vertex 43.431491579260154 83.78652662023131 0
      vertex 45.00208678452934 82.44713460695351 0
    endloop
  endfacet
  facet normal 0 0 -1
    outer loop
      vertex 41.01722028457732 85.50483021585995 0
      vertex 42.14999999999999 84.22153439450874 0
      vertex 42.052114713892145 84.15612953736485 0
    endloop
  endfacet
  facet normal 0 0 -1
    outer loop
      vertex 41.01722028457732 85.50483021585995 0
      vertex 42.25558491087141 84.2736031103629 0
      vertex 42.14999999999999 84.22153439450874 0
    endloop
  endfacet
  facet normal 0 0 -1
    outer loop
      vertex 41.01722028457732 85.50483021585995 0
      vertex 42.367062859407724 84.3114447747629 0
      vertex 42.25558491087141 84.2736031103629 0
    endloop
  endfacet
  facet normal 0 0 -1
    outer loop
      vertex 41.3 85.69377758094228 0
      vertex 41.60502307585076 85.84419831563208 0
      vertex 42.599999999999994 84.34211153110274 0
    endloop
  endfacet
  facet normal 0 0 -1
    outer loop
      vertex 41.3 85.69377758094228 0
      vertex 42.48252642700195 84.33441190633917 0
      vertex 42.367062859407724 84.3114447747629 0
    endloop
  endfacet
  facet normal 0 0 -1
    outer loop
      vertex 41.3 85.69377758094228 0
      vertex 42.599999999999994 84.34211153110274 0
      vertex 42.48252642700195 84.33441190633917 0
    endloop
  endfacet
  facet normal 0 0 -1
    outer loop
      vertex 41.60502307585076 85.84419831563208 0
      vertex 42.71747357299804 84.33441190633917 0
      vertex 42.599999999999994 84.34211153110274 0
    endloop
  endfacet
  facet normal 0 0 -1
    outer loop
      vertex 41.60502307585076 85.84419831563208 0
      vertex 42.832937140592264 84.3114447747629 0
      vertex 42.71747357299804 84.33441190633917 0
    endloop
  endfacet
  facet normal 0 0 -1
    outer loop
      vertex 41.60502307585076 85.84419831563208 0
      vertex 42.944415089128576 84.2736031103629 0
      vertex 42.832937140592264 84.3114447747629 0
    endloop
  endfacet
  facet normal 0 0 -1
    outer loop
      vertex 41.60502307585076 85.84419831563208 0
      vertex 43.05 84.22153439450874 0
      vertex 42.944415089128576 84.2736031103629 0
    endloop
  endfacet
  facet normal 0 0 -1
    outer loop
      vertex 41.60502307585076 85.84419831563208 0
      vertex 43.147885286107844 84.15612953736485 0
      vertex 43.05 84.22153439450874 0
    endloop
  endfacet
  facet normal 0 0 -1
    outer loop
      vertex 41.60502307585076 85.84419831563208 0
      vertex 43.23639610306789 84.07850763417063 0
      vertex 43.147885286107844 84.15612953736485 0
    endloop
  endfacet
  facet normal 0 0 -1
    outer loop
      vertex 41.60502307585076 85.84419831563208 0
      vertex 42.05290061083546 86.0421115309 0
      vertex 45.00208678452934 82.44713460695351 0
    endloop
  endfacet
  facet normal 0 0 -1
    outer loop
      vertex 41.60502307585076 85.84419831563208 0
      vertex 45.00208678452934 82.44713460695351 0
      vertex 43.23639610306789 84.07850763417063 0
    endloop
  endfacet
  facet normal 0 0 -1
    outer loop
      vertex 45.00208678452934 82.44713460695351 0
      vertex 43.3140180062621 83.98999681721058 0
      vertex 43.23639610306789 84.07850763417063 0
    endloop
  endfacet
  facet normal 0 0 -1
    outer loop
      vertex 44.85166604983954 82.14211153110274 0
      vertex 43.492300375236425 83.32463795810469 0
      vertex 43.49999999999999 83.44211153110274 0
    endloop
  endfacet
  facet normal 0 0 -1
    outer loop
      vertex 44.85166604983954 82.14211153110274 0
      vertex 43.49999999999999 83.44211153110274 0
      vertex 43.492300375236425 83.55958510410079 0
    endloop
  endfacet
  facet normal 0 0 -1
    outer loop
      vertex 44.85166604983954 82.14211153110274 0
      vertex 43.46933324366016 83.67504867169501 0
      vertex 43.431491579260154 83.78652662023131 0
    endloop
  endfacet
  facet normal 0 0 -1
    outer loop
      vertex 44.85166604983954 82.14211153110274 0
      vertex 43.492300375236425 83.55958510410079 0
      vertex 43.46933324366016 83.67504867169501 0
    endloop
  endfacet
  facet normal 0 0 -1
    outer loop
      vertex 45.00208678452934 82.44713460695351 0
      vertex 43.431491579260154 83.78652662023131 0
      vertex 43.37942286340599 83.89211153110274 0
    endloop
  endfacet
  facet normal 0 0 -1
    outer loop
      vertex 45.00208678452934 82.44713460695351 0
      vertex 43.37942286340599 83.89211153110274 0
      vertex 43.3140180062621 83.98999681721058 0
    endloop
  endfacet
  facet normal 0 0 -1
    outer loop
      vertex 42.05290061083546 86.0421115309 0
      vertex 45.199999999999996 82.89501214239701 0
      vertex 45.00208678452934 82.44713460695351 0
    endloop
  endfacet
  facet normal 0 0 -1
    outer loop
      vertex 42.05290061083546 86.0421115309 0
      vertex 45.89999999999999 87.74211153110274 0
      vertex 45.199999999999996 82.89501214239701 0
    endloop
  endfacet
  facet normal 0 0 -1
    outer loop
      vertex 45.199999999999996 82.89501214239701 0
      vertex 45.89999999999999 87.74211153110274 0
      vertex 46.89999999999999 86.74211153110274 0
    endloop
  endfacet
  facet normal 0 0 -1
    outer loop
      vertex 45.89999999999999 87.74211153110274 0
      vertex 46.5175752490707 87.74211153110274 0
      vertex 46.72132034599781 87.56343187391758 0
    endloop
  endfacet
  facet normal 0 0 -1
    outer loop
      vertex 45.89999999999999 87.74211153110274 0
      vertex 46.89999999999999 87.35968678061997 0
      vertex 46.89999999999999 86.74211153110274 0
    endloop
  endfacet
  facet normal 0 0 -1
    outer loop
      vertex 45.89999999999999 87.74211153110274 0
      vertex 46.72132034599781 87.56343187391758 0
      vertex 46.89999999999999 87.35968678061997 0
    endloop
  endfacet
  facet normal 0.6593458207943168 0.7518398024852558 -1.5978805874250319e-18
    outer loop
      vertex 46.5175752490707 87.74211153110274 0
      vertex 46.72132034599781 87.56343187391758 8
      vertex 46.72132034599781 87.56343187391758 0
    endloop
  endfacet
  facet normal 0.7518398024852447 0.6593458207943294 1.0711693399310638e-19
    outer loop
      vertex 46.72132034599781 87.56343187391758 0
      vertex 46.89999999999999 87.35968678061997 8
      vertex 46.89999999999999 87.35968678061997 0
    endloop
  endfacet
  facet normal 0.6593458207943168 0.7518398024852558 0
    outer loop
      vertex 46.5175752490707 87.74211153110274 0
      vertex 46.5175752490707 87.74211153110274 8
      vertex 46.72132034599781 87.56343187391758 8
    endloop
  endfacet
  facet normal 0.7518398024852447 0.6593458207943294 0
    outer loop
      vertex 46.72132034599781 87.56343187391758 0
      vertex 46.72132034599781 87.56343187391758 8
      vertex 46.89999999999999 87.35968678061997 8
    endloop
  endfacet
  facet normal 1 0 0
    outer loop
      vertex 2.4 2.9999999772652313 8
      vertex 2.4 5.547099388705738 8
      vertex 2.4 2.9999999772652313 16.75463689944317
    endloop
  endfacet
  facet normal 1 0 0
    outer loop
      vertex 2.4 5.547099388705738 0
      vertex 2.4 11.819163488005184 29.941186263865973
      vertex 2.4 5.547099388705738 8
    endloop
  endfacet
  facet normal 0 1 0
    outer loop
      vertex 3 2.399999998509884 8
      vertex 3 2.399999998509884 15.44576333463192
      vertex 5.547099385333606 2.399999998509884 8
    endloop
  endfacet
  facet normal 1 0 0
    outer loop
      vertex 2.4 5.547099388705738 8
      vertex 2.4 11.819163488005184 29.941186263865973
      vertex 2.4 2.9999999772652313 16.75463689944317
    endloop
  endfacet
  facet normal 2.8890880686139912e-15 0.9063077870910209 -0.42261826162410043
    outer loop
      vertex 2.480384759604931 2.7000000029802322 16.1112848782202
      vertex 7.779039954543112 4.774241002872107 20.559509058787135
      vertex 2.5239879935979843 2.6347431391477585 15.971341082073705
    endloop
  endfacet
  facet normal 1.2204140375716019e-15 0.9063077870910218 -0.42261826162409877
    outer loop
      vertex 2.480384759604931 2.7000000029802322 16.1112848782202
      vertex 2.445672281086445 2.770389936864376 16.26223657861966
      vertex 7.779039954543112 4.774241002872107 20.559509058787135
    endloop
  endfacet
  facet normal -2.1322205988121977e-16 0.9063077870910223 -0.42261826162409744
    outer loop
      vertex 2.5757359340786934 2.5757359340786934 15.844799722400662
      vertex 7.779039954543112 4.774241002872107 20.559509058787135
      vertex 2.6347431391477585 2.5239879935979843 15.733825905880389
    endloop
  endfacet
  facet normal -2.894637418100109e-15 0.9063077870910236 -0.42261826162409505
    outer loop
      vertex 2.5757359340786934 2.5757359340786934 15.844799722400662
      vertex 2.5239879935979843 2.6347431391477585 15.971341082073705
      vertex 7.779039954543112 4.774241002872107 20.559509058787135
    endloop
  endfacet
  facet normal 2.904973086955362e-15 0.9063077870910211 -0.4226182616241002
    outer loop
      vertex 2.7000000029802322 2.480384759604931 15.64031846879428
      vertex 2.6347431391477585 2.5239879935979843 15.733825905880389
      vertex 7.779039954543112 4.774241002872107 20.559509058787135
    endloop
  endfacet
  facet normal -7.42203234265846e-15 0.9063077870910259 -0.42261826162409
    outer loop
      vertex 2.445672281086445 2.770389936864376 16.26223657861966
      vertex 2.420444503426552 2.8447085693478584 16.421613400356833
      vertex 7.779039954543112 4.774241002872107 20.559509058787135
    endloop
  endfacet
  facet normal 1.153337580829557e-15 0.906307787091022 -0.42261826162409827
    outer loop
      vertex 2.405133083462715 2.9216842874884605 16.586688360675993
      vertex 2.4 2.9999999772652313 16.75463689944317
      vertex 7.41455894500017 5.086595783471739 21.229356047662296
    endloop
  endfacet
  facet normal 4.59168058335569e-15 0.9063077870910199 -0.4226182616241027
    outer loop
      vertex 2.405133083462715 2.9216842874884605 16.586688360675993
      vertex 7.779039954543112 4.774241002872107 20.559509058787135
      vertex 2.420444503426552 2.8447085693478584 16.421613400356833
    endloop
  endfacet
  facet normal -2.1466248850509845e-15 0.9063077870910232 -0.42261826162409544
    outer loop
      vertex 2.405133083462715 2.9216842874884605 16.586688360675993
      vertex 7.41455894500017 5.086595783471739 21.229356047662296
      vertex 7.779039954543112 4.774241002872107 20.559509058787135
    endloop
  endfacet
  facet normal -2.478966245122687e-16 0.9063077870910224 -0.4226182616240971
    outer loop
      vertex 2.4 2.9999999772652313 16.75463689944317
      vertex 6.9888973736762985 5.7579631874030985 22.66910809208124
      vertex 7.149667290747164 5.41638410176946 21.936589378792522
    endloop
  endfacet
  facet normal 1.8771543216810734e-15 0.9063077870910217 -0.42261826162409893
    outer loop
      vertex 2.4 2.9999999772652313 16.75463689944317
      vertex 7.149667290747164 5.41638410176946 21.936589378792522
      vertex 7.41455894500017 5.086595783471739 21.229356047662296
    endloop
  endfacet
  facet normal -2.3762967948929584e-15 0.906307787091023 -0.4226182616240959
    outer loop
      vertex 2.4 2.9999999772652313 16.75463689944317
      vertex 6.935000000298022 6.105488526358261 23.414378586773353
      vertex 6.9888973736762985 5.7579631874030985 22.66910809208124
    endloop
  endfacet
  facet normal 1 0 0
    outer loop
      vertex 2.4 5.547099388705738 0
      vertex 2.4 18.616471890780062 26.771549300810726
      vertex 2.4 11.819163488005184 29.941186263865973
    endloop
  endfacet
  facet normal 1.6633024303902465e-15 0.9063077870910214 -0.4226182616240995
    outer loop
      vertex 2.7000000029802322 2.480384759604931 15.64031846879428
      vertex 7.779039954543112 4.774241002872107 20.559509058787135
      vertex 8.236873952448367 4.484664236515703 19.93850967910846
    endloop
  endfacet
  facet normal -5.287766402568806e-16 0.9063077870910226 -0.42261826162409694
    outer loop
      vertex 2.7000000029802322 2.480384759604931 15.64031846879428
      vertex 8.236873952448367 4.484664236515703 19.93850967910846
      vertex 8.780227279067038 4.222820224240675 19.376983382502058
    endloop
  endfacet
  facet normal -3.1839834517533376e-16 0.9063077870910227 -0.42261826162409666
    outer loop
      vertex 2.7000000029802322 2.480384759604931 15.64031846879428
      vertex 9.399802995622156 3.993189185897421 18.884538031445743
      vertex 10.084999998807906 3.799700177590292 18.469599513949195
    endloop
  endfacet
  facet normal 1.7429947526335462e-16 0.9063077870910222 -0.4226182616240978
    outer loop
      vertex 2.7000000029802322 2.480384759604931 15.64031846879428
      vertex 8.780227279067038 4.222820224240675 19.376983382502058
      vertex 9.399802995622156 3.993189185897421 18.884538031445743
    endloop
  endfacet
  facet normal 2.388840690551611e-16 0.9063077870910221 -0.4226182616240982
    outer loop
      vertex 2.7000000029802322 2.480384759604931 15.64031846879428
      vertex 10.084999998807906 3.799700177590292 18.469599513949195
      vertex 10.824094375371931 3.6456638469422584 18.139267536753632
    endloop
  endfacet
  facet normal 1.9614518896816843e-16 0.9063077870910222 -0.4226182616240979
    outer loop
      vertex 2.7000000029802322 2.480384759604931 15.64031846879428
      vertex 10.824094375371931 3.6456638469422584 18.139267536753632
      vertex 11.604440016448496 3.5337157965031207 17.89919416776871
    endloop
  endfacet
  facet normal -7.960673240284167e-16 0.9063077870910236 -0.42261826162409466
    outer loop
      vertex 2.7000000029802322 2.480384759604931 15.64031846879428
      vertex 11.604440016448496 3.5337157965031207 17.89919416776871
      vertex 12.412684989869593 3.4657714936291817 17.753487139997404
    endloop
  endfacet
  facet normal 6.576978649187034e-16 0.9063077870910209 -0.42261826162410043
    outer loop
      vertex 2.7000000029802322 2.480384759604931 15.64031846879428
      vertex 12.412684989869593 3.4657714936291817 17.753487139997404
      vertex 13.23499999731779 3.4429934793859482 17.704639530800918
    endloop
  endfacet
  facet normal 1 0 0
    outer loop
      vertex 2.4 5.547099388705738 0
      vertex 2.4 85.44211155214465 15.801165129168231
      vertex 2.4 18.616471890780062 26.771549300810726
    endloop
  endfacet
  facet normal 1 0 0
    outer loop
      vertex 2.4 85.44211155214465 15.801165129168231
      vertex 2.4 24.11050929340915 38.553550532287176
      vertex 2.4 18.616471890780062 26.771549300810726
    endloop
  endfacet
  facet normal 0 1 0
    outer loop
      vertex 5.547099385333606 2.399999998509884 0
      vertex 5.547099385333606 2.399999998509884 8
      vertex 42.052900614666385 2.399999998509884 0
    endloop
  endfacet
  facet normal 0 1 0
    outer loop
      vertex 5.547099385333606 2.399999998509884 8
      vertex 3 2.399999998509884 15.44576333463192
      vertex 42.052900614666385 2.399999998509884 0
    endloop
  endfacet
  facet normal 0 0.9940563528456503 -0.1088667413272024
    outer loop
      vertex 2.97682110630351 2.401519224047661 15.46312814950943
      vertex 44.623178895186605 2.401519224047661 15.46312814950943
      vertex 2.998547816568472 2.4000951796770096 15.450125277042389
    endloop
  endfacet
  facet normal 0 0.9997620108577783 -0.021815628471616905
    outer loop
      vertex 2.998547816568472 2.4000951796770096 15.450125277042389
      vertex 44.60145218492165 2.4000951796770096 15.450125277042389
      vertex 3 2.399999998509884 15.44576333463192
    endloop
  endfacet
  facet normal 0 0.9713420433123902 -0.23768600062626874
    outer loop
      vertex 2.9293856908141787 2.4046283066272736 15.475833915174007
      vertex 44.67061431067594 2.4046283066272736 15.475833915174007
      vertex 2.97682110630351 2.401519224047661 15.46312814950943
    endloop
  endfacet
  facet normal 0 0.9320078462395066 -0.36243809753942285
    outer loop
      vertex 2.9003877735187684 2.409369222819805 15.488025158643723
      vertex 44.69961222797135 2.409369222819805 15.488025158643723
      vertex 2.9216842874884605 2.405133083462715 15.477131946408653
    endloop
  endfacet
  facet normal -1.8889885622072734e-17 0.9320078462395311 -0.36243809753935985
    outer loop
      vertex 2.9216842874884605 2.405133083462715 15.477131946408653
      vertex 44.69961222797135 2.409369222819805 15.488025158643723
      vertex 2.9293856908141787 2.4046283066272736 15.475833915174007
    endloop
  endfacet
  facet normal 5.5189394286739385e-21 0.9063077870910242 -0.4226182616240937
    outer loop
      vertex 2.9003877735187684 2.409369222819805 15.488025158643723
      vertex 2.8447085693478584 2.420444503426552 15.511776174559454
      vertex 44.75529143214226 2.420444503426552 15.511776174559454
    endloop
  endfacet
  facet normal 0 0.9063077870910196 -0.4226182616241035
    outer loop
      vertex 2.770389936864376 2.445672281086445 15.565877318358343
      vertex 44.82961006462574 2.445672281086445 15.565877318358343
      vertex 2.8447085693478584 2.420444503426552 15.511776174559454
    endloop
  endfacet
  facet normal 0 0.9063077870910233 -0.4226182616240954
    outer loop
      vertex 2.7000000029802322 2.480384759604931 15.64031846879428
      vertex 44.899999998509884 2.480384759604931 15.64031846879428
      vertex 2.770389936864376 2.445672281086445 15.565877318358343
    endloop
  endfacet
  facet normal -3.89702561839239e-17 0.9063077870910224 -0.4226182616240973
    outer loop
      vertex 2.7000000029802322 2.480384759604931 15.64031846879428
      vertex 13.23499999731779 3.4429934793859482 17.704639530800918
      vertex 34.364999999999995 3.442993479385949 17.704639530800918
    endloop
  endfacet
  facet normal 2.0497938431180163e-16 0.9063077870910224 -0.42261826162409744
    outer loop
      vertex 2.4 2.9999999772652313 16.75463689944317
      vertex 2.4 21.96905192732811 57.433900095522404
      vertex 6.935000000298022 6.105488526358261 23.414378586773353
    endloop
  endfacet
  facet normal 1 0 0
    outer loop
      vertex 2.4 2.9999999772652313 16.75463689944317
      vertex 2.4 11.819163488005184 29.941186263865973
      vertex 2.4 21.96905192732811 57.433900095522404
    endloop
  endfacet
  facet normal 1 0 0
    outer loop
      vertex 2.4 21.96905192732811 57.433900095522404
      vertex 2.4 11.819163488005184 29.941186263865973
      vertex 2.4 17.313200890634278 41.723187495342415
    endloop
  endfacet
  facet normal 1.4001879463027204e-16 0.9063077870910223 -0.42261826162409744
    outer loop
      vertex 2.4 21.96905192732811 57.433900095522404
      vertex 6.935000000298022 18.41635848860177 49.81512442716574
      vertex 6.935000000298022 6.105488526358261 23.414378586773353
    endloop
  endfacet
  facet normal 1 0 0
    outer loop
      vertex 2.4 21.96905192732811 57.433900095522404
      vertex 2.4 17.313200890634278 41.723187495342415
      vertex 2.4 24.11050929340915 38.553550532287176
    endloop
  endfacet
  facet normal 1 0 0
    outer loop
      vertex 2.4 21.976147785782814 57.44661024212837
      vertex 2.4 21.969687156379223 57.43523645401001
      vertex 2.4 22.114654675126076 57.47517319023609
    endloop
  endfacet
  facet normal 1 0 0
    outer loop
      vertex 2.4 21.976147785782814 57.44661024212837
      vertex 2.4 22.103280887007713 57.48163381963968
      vertex 2.4 21.984037719666958 57.45704343914986
    endloop
  endfacet
  facet normal 1 0 0
    outer loop
      vertex 2.4 21.99322196096182 57.46635754406452
      vertex 2.4 21.984037719666958 57.45704343914986
      vertex 2.4 22.091161116957664 57.486554600298405
    endloop
  endfacet
  facet normal 1 0 0
    outer loop
      vertex 2.4 21.976147785782814 57.44661024212837
      vertex 2.4 22.114654675126076 57.47517319023609
      vertex 2.4 22.103280887007713 57.48163381963968
    endloop
  endfacet
  facet normal 1 0 0
    outer loop
      vertex 2.4 21.984037719666958 57.45704343914986
      vertex 2.4 22.103280887007713 57.48163381963968
      vertex 2.4 22.091161116957664 57.486554600298405
    endloop
  endfacet
  facet normal 1 0 0
    outer loop
      vertex 2.4 21.99322196096182 57.46635754406452
      vertex 2.4 22.091161116957664 57.486554600298405
      vertex 2.4 22.078502751886845 57.48985133320093
    endloop
  endfacet
  facet normal 1 0 0
    outer loop
      vertex 2.4 22.003543362021446 57.47439317405224
      vertex 2.4 21.99322196096182 57.46635754406452
      vertex 2.4 22.078502751886845 57.48985133320093
    endloop
  endfacet
  facet normal 1 0 0
    outer loop
      vertex 2.4 22.003543362021446 57.47439317405224
      vertex 2.4 22.078502751886845 57.48985133320093
      vertex 2.4 22.065522365272045 57.491467617452145
    endloop
  endfacet
  facet normal 1 0 0
    outer loop
      vertex 2.4 22.003543362021446 57.47439317405224
      vertex 2.4 22.065522365272045 57.491467617452145
      vertex 2.4 22.014825329184532 57.48101285099983
    endloop
  endfacet
  facet normal 1 0 0
    outer loop
      vertex 2.4 22.014825329184532 57.48101285099983
      vertex 2.4 22.065522365272045 57.491467617452145
      vertex 2.4 22.05244205892086 57.49137578904629
    endloop
  endfacet
  facet normal 1 0 0
    outer loop
      vertex 2.4 22.014825329184532 57.48101285099983
      vertex 2.4 22.05244205892086 57.49137578904629
      vertex 2.4 22.02687481045723 57.48610330373049
    endloop
  endfacet
  facet normal 1 0 0
    outer loop
      vertex 2.4 22.02687481045723 57.48610330373049
      vertex 2.4 22.05244205892086 57.49137578904629
      vertex 2.4 22.03948564827442 57.48957742750645
    endloop
  endfacet
  facet normal -1.8737371572378864e-15 0.9063077870910222 -0.4226182616240979
    outer loop
      vertex 2.4 21.96905192732811 57.433900095522404
      vertex 6.9888973736762985 18.763883827556935 50.560394921857856
      vertex 6.935000000298022 18.41635848860177 49.81512442716574
    endloop
  endfacet
  facet normal 3.9770354964667594e-16 0.9063077870910226 -0.42261826162409716
    outer loop
      vertex 2.4 21.96905192732811 57.433900095522404
      vertex 7.149667290747164 19.10546291319057 51.29291363514657
      vertex 6.9888973736762985 18.763883827556935 50.560394921857856
    endloop
  endfacet
  facet normal 3.4901594186492354e-15 0.9063077870910234 -0.422618261624095
    outer loop
      vertex 2.4 21.96905192732811 57.433900095522404
      vertex 7.41455894500017 19.43525123148829 52.0001469662768
      vertex 7.149667290747164 19.10546291319057 51.29291363514657
    endloop
  endfacet
  facet normal -3.597146546201004e-15 0.9063077870910209 -0.42261826162410066
    outer loop
      vertex 2.4 21.96905192732811 57.433900095522404
      vertex 7.779039954543112 19.747606012087928 52.66999395515196
      vertex 7.41455894500017 19.43525123148829 52.0001469662768
    endloop
  endfacet
  facet normal 2.1857506139471294e-15 0.9063077870910233 -0.4226182616240955
    outer loop
      vertex 2.4 21.96905192732811 57.433900095522404
      vertex 8.236873952448367 20.03718277844433 53.29099333483064
      vertex 7.779039954543112 19.747606012087928 52.66999395515196
    endloop
  endfacet
  facet normal -1.51890530867021e-15 0.9063077870910214 -0.4226182616240993
    outer loop
      vertex 2.4 21.96905192732811 57.433900095522404
      vertex 8.780227279067038 20.299026790719356 53.85251963143703
      vertex 8.236873952448367 20.03718277844433 53.29099333483064
    endloop
  endfacet
  facet normal 1.1560300145222924e-15 0.9063077870910232 -0.42261826162409566
    outer loop
      vertex 2.4 21.96905192732811 57.433900095522404
      vertex 9.399802995622156 20.52865782906261 54.34496498249335
      vertex 8.780227279067038 20.299026790719356 53.85251963143703
    endloop
  endfacet
  facet normal -2.235032649777749e-15 0.9063077870910203 -0.4226182616241018
    outer loop
      vertex 2.4 21.96905192732811 57.433900095522404
      vertex 10.084999998807906 20.722146837369742 54.759903499989896
      vertex 9.399802995622156 20.52865782906261 54.34496498249335
    endloop
  endfacet
  facet normal 1.6754422162181092e-15 0.9063077870910246 -0.4226182616240929
    outer loop
      vertex 2.4 21.96905192732811 57.433900095522404
      vertex 10.824094375371931 20.87618316801777 55.09023547718546
      vertex 10.084999998807906 20.722146837369742 54.759903499989896
    endloop
  endfacet
  facet normal -9.415772494530783e-16 0.9063077870910209 -0.4226182616241005
    outer loop
      vertex 2.4 21.96905192732811 57.433900095522404
      vertex 11.604440016448496 20.988131218456914 55.33030884617039
      vertex 10.824094375371931 20.87618316801777 55.09023547718546
    endloop
  endfacet
  facet normal 1.364766866236868e-15 0.9063077870910247 -0.4226182616240923
    outer loop
      vertex 2.4 21.96905192732811 57.433900095522404
      vertex 12.412684989869593 21.05607552133085 55.47601587394169
      vertex 11.604440016448496 20.988131218456914 55.33030884617039
    endloop
  endfacet
  facet normal -2.129443461498118e-16 0.9063077870910216 -0.4226182616240992
    outer loop
      vertex 2.4 21.96905192732811 57.433900095522404
      vertex 13.23499999731779 21.078853535574083 55.524863483138176
      vertex 12.412684989869593 21.05607552133085 55.47601587394169
    endloop
  endfacet
  facet normal 1 0 0
    outer loop
      vertex 2.4 22.114654675126076 57.47517319023609
      vertex 2.4 24.11050929340915 38.553550532287176
      vertex 2.4 85.44211155214465 15.801165129168231
    endloop
  endfacet
  facet normal 1 0 0
    outer loop
      vertex 2.4 21.969687156379223 57.43523645401001
      vertex 2.4 21.96905192732811 57.433900095522404
      vertex 2.4 24.11050929340915 38.553550532287176
    endloop
  endfacet
  facet normal 1 0 0
    outer loop
      vertex 2.4 21.969687156379223 57.43523645401001
      vertex 2.4 24.11050929340915 38.553550532287176
      vertex 2.4 22.114654675126076 57.47517319023609
    endloop
  endfacet
  facet normal -3.7124467153403647e-19 0.9063077870910223 -0.4226182616240977
    outer loop
      vertex 2.4 21.96905192732811 57.433900095522404
      vertex 34.364999999999995 21.078853535574083 55.524863483138176
      vertex 13.23499999731779 21.078853535574083 55.524863483138176
    endloop
  endfacet
  facet normal 0 0.8695140219468951 -0.49390825629638396
    outer loop
      vertex 2.4 21.976147785782814 57.44661024212837
      vertex 45.199999999999996 21.976147785782814 57.44661024212837
      vertex 2.4 21.969687156379223 57.43523645401001
    endloop
  endfacet
  facet normal 0 0.903157305875346 -0.4293097725931554
    outer loop
      vertex 2.4 21.969687156379223 57.43523645401001
      vertex 45.199999999999996 21.969687156379223 57.43523645401001
      vertex 2.4 21.96905192732811 57.433900095522404
    endloop
  endfacet
  facet normal 0 0.6143155923968059 -0.7890604241363022
    outer loop
      vertex 2.4 22.003543362021446 57.47439317405224
      vertex 45.199999999999996 22.003543362021446 57.47439317405224
      vertex 2.4 21.99322196096182 57.46635754406452
    endloop
  endfacet
  facet normal 0 0.7120533243536745 -0.7021253899958902
    outer loop
      vertex 2.4 21.99322196096182 57.46635754406452
      vertex 45.199999999999996 21.99322196096182 57.46635754406452
      vertex 2.4 21.984037719666958 57.45704343914986
    endloop
  endfacet
  facet normal 0 0.7976071384460097 -0.6031772978983607
    outer loop
      vertex 2.4 21.976147785782814 57.44661024212837
      vertex 2.4 21.984037719666958 57.45704343914986
      vertex 45.199999999999996 21.984037719666958 57.45704343914986
    endloop
  endfacet
  facet normal 0 0.3891597964214672 -0.9211702626817706
    outer loop
      vertex 2.4 22.014825329184532 57.48101285099983
      vertex 2.4 22.02687481045723 57.48610330373049
      vertex 45.199999999999996 22.02687481045723 57.48610330373049
    endloop
  endfacet
  facet normal 0 0.5060670983418535 -0.8624941112702489
    outer loop
      vertex 2.4 22.003543362021446 57.47439317405224
      vertex 2.4 22.014825329184532 57.48101285099983
      vertex 45.199999999999996 22.014825329184532 57.48101285099983
    endloop
  endfacet
  facet normal 0 0.2655930899936224 -0.9640852195463012
    outer loop
      vertex 2.4 22.02687481045723 57.48610330373049
      vertex 2.4 22.03948564827442 57.48957742750645
      vertex 45.199999999999996 22.03948564827442 57.48957742750645
    endloop
  endfacet
  facet normal 0 -0.3761883233579889 -0.9265432236917527
    outer loop
      vertex 2.4 22.103280887007713 57.48163381963968
      vertex 45.199999999999996 22.103280887007713 57.48163381963968
      vertex 2.4 22.091161116957664 57.486554600298405
    endloop
  endfacet
  facet normal 0 -0.2520318280052608 -0.9677189455995614
    outer loop
      vertex 2.4 22.091161116957664 57.486554600298405
      vertex 45.199999999999996 22.091161116957664 57.486554600298405
      vertex 2.4 22.078502751886845 57.48985133320093
    endloop
  endfacet
  facet normal 0 -0.12356320610210877 -0.9923367039960619
    outer loop
      vertex 2.4 22.078502751886845 57.48985133320093
      vertex 45.199999999999996 22.078502751886845 57.48985133320093
      vertex 2.4 22.065522365272045 57.491467617452145
    endloop
  endfacet
  facet normal 0 0.007020182905172841 -0.99997535821238
    outer loop
      vertex 2.4 22.065522365272045 57.491467617452145
      vertex 45.199999999999996 22.065522365272045 57.491467617452145
      vertex 2.4 22.05244205892086 57.49137578904629
    endloop
  endfacet
  facet normal 0 0.13748287288644917 -0.9905041441926875
    outer loop
      vertex 2.4 22.05244205892086 57.49137578904629
      vertex 45.199999999999996 22.05244205892086 57.49137578904629
      vertex 2.4 22.03948564827442 57.48957742750645
    endloop
  endfacet
  facet normal 0 -0.49390825629638396 -0.8695140219468951
    outer loop
      vertex 2.4 22.103280887007713 57.48163381963968
      vertex 2.4 22.114654675126076 57.47517319023609
      vertex 45.199999999999996 22.114654675126076 57.47517319023609
    endloop
  endfacet
  facet normal 1 0 0
    outer loop
      vertex 2.4 5.547099388705738 0
      vertex 2.4 82.89501214239701 0
      vertex 2.4 82.89501214239701 8
    endloop
  endfacet
  facet normal 1 0 0
    outer loop
      vertex 2.4 5.547099388705738 0
      vertex 2.4 82.89501214239701 8
      vertex 2.4 85.44211155214465 15.801165129168231
    endloop
  endfacet
  facet normal 1 0 0
    outer loop
      vertex 2.4 82.89501214239701 8
      vertex 2.4 85.44211155214465 8
      vertex 2.4 85.44211155214465 15.801165129168231
    endloop
  endfacet
  facet normal 0 -1 0
    outer loop
      vertex 3 86.0421115309 8
      vertex 5.547099389164533 86.0421115309 8
      vertex 3 86.0421115309 15.35241886973381
    endloop
  endfacet
  facet normal -1.114743380327801e-16 -0.5497196761726427 -0.835349195024838
    outer loop
      vertex 2.4 22.114654675126076 57.47517319023609
      vertex 2.4 85.44211155214465 15.801165129168231
      vertex 45.02426406741142 85.86637559533119 15.521968963275876
    endloop
  endfacet
  facet normal 0 -1 0
    outer loop
      vertex 5.547099389164533 86.0421115309 8
      vertex 44.600000001490116 86.0421115309 15.35241886973381
      vertex 3 86.0421115309 15.35241886973381
    endloop
  endfacet
  facet normal 0 -1 0
    outer loop
      vertex 5.547099389164533 86.0421115309 0
      vertex 44.600000001490116 86.0421115309 15.35241886973381
      vertex 5.547099389164533 86.0421115309 8
    endloop
  endfacet
  facet normal -3.6159838196758236e-17 -0.5497196761726351 -0.8353491950248432
    outer loop
      vertex 2.405133083462715 85.52042724192142 15.749627788999913
      vertex 2.420444503426552 85.59740296006203 15.698972246262304
      vertex 45.02426406741142 85.86637559533119 15.521968963275876
    endloop
  endfacet
  facet normal 1.8569156666765637e-16 -0.549719676172654 -0.8353491950248306
    outer loop
      vertex 2.4 85.44211155214465 15.801165129168231
      vertex 2.405133083462715 85.52042724192142 15.749627788999913
      vertex 45.02426406741142 85.86637559533119 15.521968963275876
    endloop
  endfacet
  facet normal 3.234992459172115e-18 -0.5497196761726393 -0.8353491950248403
    outer loop
      vertex 2.445672281086445 85.67172159254551 15.650065256436093
      vertex 45.02426406741142 85.86637559533119 15.521968963275876
      vertex 2.420444503426552 85.59740296006203 15.698972246262304
    endloop
  endfacet
  facet normal 3.49330326005635e-17 -0.5497196761726448 -0.8353491950248365
    outer loop
      vertex 2.5239879935979843 85.80736839026213 15.560799935826767
      vertex 2.5757359340786934 85.86637559533119 15.521968963275874
      vertex 45.02426406741142 85.86637559533119 15.521968963275876
    endloop
  endfacet
  facet normal 9.577269638810538e-17 -0.5497196761726536 -0.8353491950248308
    outer loop
      vertex 2.445672281086445 85.67172159254551 15.650065256436093
      vertex 2.480384759604931 85.74211152642965 15.603743632029122
      vertex 45.02426406741142 85.86637559533119 15.521968963275876
    endloop
  endfacet
  facet normal 1.2445322619177295e-17 -0.5497196761726336 -0.835349195024844
    outer loop
      vertex 2.480384759604931 85.74211152642965 15.603743632029122
      vertex 2.5239879935979843 85.80736839026213 15.560799935826767
      vertex 45.02426406741142 85.86637559533119 15.521968963275876
    endloop
  endfacet
  facet normal 2.6159111425220133e-20 -0.5497196761726427 -0.8353491950248381
    outer loop
      vertex 2.5757359340786934 85.86637559533119 15.521968963275874
      vertex 2.6347431391477585 85.9181235358119 15.487915107411668
      vertex 44.96525686234236 85.9181235358119 15.487915107411668
    endloop
  endfacet
  facet normal 0 -0.7518400178018776 -0.6593455752726884
    outer loop
      vertex 2.8186525853965914 86.01282221078873 15.423129551112652
      vertex 2.8440599852187605 86.0214468613267 15.41329501569271
      vertex 44.75594001627135 86.0214468613267 15.41329501569271
    endloop
  endfacet
  facet normal 0 -0.6593455752726884 -0.7518400178018776
    outer loop
      vertex 2.7896809798364894 86.00298767536879 15.43175420165062
      vertex 2.8186525853965914 86.01282221078873 15.423129551112652
      vertex 44.781347416093524 86.01282221078873 15.423129551112652
    endloop
  endfacet
  facet normal 0 -0.5796211419907056 -0.8148860851415921
    outer loop
      vertex 2.772287841082416 85.99708350002766 15.435953788459301
      vertex 2.7896809798364894 86.00298767536879 15.43175420165062
      vertex 44.810319021653626 86.00298767536879 15.43175420165062
    endloop
  endfacet
  facet normal 0 -0.5497196761722852 -0.8353491950250733
    outer loop
      vertex 2.772287841082416 85.99708350002766 15.435953788459301
      vertex 44.82961006462574 85.99643924832344 15.436377752282244
      vertex 2.770389936864376 85.99643924832344 15.436377752282244
    endloop
  endfacet
  facet normal 6.009704478784233e-16 -0.8314697350819926 -0.5555700492671299
    outer loop
      vertex 2.8440599852187605 86.0214468613267 15.41329501569271
      vertex 2.8447085693478584 86.02166702598333 15.412965515841213
      vertex 44.719863552867125 86.02871406823397 15.402418866753578
    endloop
  endfacet
  facet normal -5.436506724030062e-21 -0.8314697350808902 -0.5555700492687796
    outer loop
      vertex 2.8447085693478584 86.02166702598333 15.412965515841213
      vertex 2.880136448622991 86.02871406823397 15.402418866753578
      vertex 44.719863552867125 86.02871406823397 15.402418866753578
    endloop
  endfacet
  facet normal 0 -0.8968726997891345 -0.4422887748665447
    outer loop
      vertex 2.880136448622991 86.02871406823397 15.402418866753578
      vertex 2.90922168879788 86.03449948132038 15.390687212347984
      vertex 44.69077831269224 86.03449948132038 15.390687212347984
    endloop
  endfacet
  facet normal 0 -0.9807852353811589 -0.19509054835722983
    outer loop
      vertex 2.9480128562159322 86.03870411217213 15.37830077111721
      vertex 2.9869474001937184 86.04125601798296 15.365471489727497
      vertex 44.613052601296395 86.04125601798296 15.365471489727497
    endloop
  endfacet
  facet normal -5.911331858042997e-22 -0.9469301149794898 -0.321439508064784
    outer loop
      vertex 2.9216842874884605 86.03697844594717 15.383384419131271
      vertex 2.9480128562159322 86.03870411217213 15.37830077111721
      vertex 44.651987145274184 86.03870411217213 15.37830077111721
    endloop
  endfacet
  facet normal 0 -0.9978589282087155 -0.06540305340084455
    outer loop
      vertex 3 86.0421115309 15.35241886973381
      vertex 44.600000001490116 86.0421115309 15.35241886973381
      vertex 2.9869474001937184 86.04125601798296 15.365471489727497
    endloop
  endfacet
  facet normal 5.926278664810903e-17 -0.9469301149796379 -0.3214395080643478
    outer loop
      vertex 2.90922168879788 86.03449948132038 15.390687212347984
      vertex 2.9216842874884605 86.03697844594717 15.383384419131271
      vertex 44.651987145274184 86.03870411217213 15.37830077111721
    endloop
  endfacet
  facet normal -5.371489787393969e-21 -0.5497196761726528 -0.8353491950248315
    outer loop
      vertex 2.6347431391477585 85.9181235358119 15.487915107411668
      vertex 2.7000000029802322 85.96172676980495 15.459221052502057
      vertex 44.899999998509884 85.96172676980495 15.459221052502057
    endloop
  endfacet
  facet normal 0 -0.5497196761726402 -0.8353491950248396
    outer loop
      vertex 2.770389936864376 85.99643924832344 15.436377752282244
      vertex 44.82961006462574 85.99643924832344 15.436377752282244
      vertex 2.7000000029802322 85.96172676980495 15.459221052502057
    endloop
  endfacet
  facet normal 0 1 0
    outer loop
      vertex 3 2.399999998509884 15.44576333463192
      vertex 42.052900614666385 2.399999998509884 8
      vertex 42.052900614666385 2.399999998509884 0
    endloop
  endfacet
  facet normal 0 1 0
    outer loop
      vertex 3 2.399999998509884 15.44576333463192
      vertex 44.600000001490116 2.399999998509884 15.44576333463192
      vertex 42.052900614666385 2.399999998509884 8
    endloop
  endfacet
  facet normal 2.6723409026240228e-14 0.9063077870908672 -0.4226182616244302
    outer loop
      vertex 2.7000000029802322 2.480384759604931 15.64031846879428
      vertex 34.364999999999995 3.442993479385949 17.704639530800918
      vertex 35.18731500744819 3.4657714936291812 17.753487139997407
    endloop
  endfacet
  facet normal -2.8594160952433706e-17 0.9063077870910228 -0.42261826162409666
    outer loop
      vertex 2.7000000029802322 2.480384759604931 15.64031846879428
      vertex 35.18731500744819 3.4657714936291812 17.753487139997407
      vertex 45.199999999999996 2.999999954530395 16.754636850688158
    endloop
  endfacet
  facet normal 0 0.9997620108577784 -0.02181562847161691
    outer loop
      vertex 3 2.399999998509884 15.44576333463192
      vertex 44.60145218492165 2.4000951796770096 15.450125277042389
      vertex 44.600000001490116 2.399999998509884 15.44576333463192
    endloop
  endfacet
  facet normal 0 0.9713420433123903 -0.23768600062626877
    outer loop
      vertex 2.97682110630351 2.401519224047661 15.46312814950943
      vertex 44.67061431067594 2.4046283066272736 15.475833915174007
      vertex 44.623178895186605 2.401519224047661 15.46312814950943
    endloop
  endfacet
  facet normal 0 0.9940563528456504 -0.1088667413272024
    outer loop
      vertex 2.998547816568472 2.4000951796770096 15.450125277042389
      vertex 44.623178895186605 2.401519224047661 15.46312814950943
      vertex 44.60145218492165 2.4000951796770096 15.450125277042389
    endloop
  endfacet
  facet normal 2.2552833838834563e-18 0.9320078462395066 -0.3624380975394228
    outer loop
      vertex 2.9293856908141787 2.4046283066272736 15.475833915174007
      vertex 44.69961222797135 2.409369222819805 15.488025158643723
      vertex 44.678315714001656 2.405133083462715 15.477131946408653
    endloop
  endfacet
  facet normal 0 0.9320078462395311 -0.3624380975393598
    outer loop
      vertex 2.9293856908141787 2.4046283066272736 15.475833915174007
      vertex 44.678315714001656 2.405133083462715 15.477131946408653
      vertex 44.67061431067594 2.4046283066272736 15.475833915174007
    endloop
  endfacet
  facet normal 0 0.9063077870910241 -0.4226182616240937
    outer loop
      vertex 2.9003877735187684 2.409369222819805 15.488025158643723
      vertex 44.75529143214226 2.420444503426552 15.511776174559454
      vertex 44.69961222797135 2.409369222819805 15.488025158643723
    endloop
  endfacet
  facet normal 0 0.9063077870910194 -0.4226182616241035
    outer loop
      vertex 2.8447085693478584 2.420444503426552 15.511776174559454
      vertex 44.82961006462574 2.445672281086445 15.565877318358343
      vertex 44.75529143214226 2.420444503426552 15.511776174559454
    endloop
  endfacet
  facet normal 0 0.9063077870910234 -0.4226182616240953
    outer loop
      vertex 2.770389936864376 2.445672281086445 15.565877318358343
      vertex 44.899999998509884 2.480384759604931 15.64031846879428
      vertex 44.82961006462574 2.445672281086445 15.565877318358343
    endloop
  endfacet
  facet normal 0 0.9063077870910233 -0.4226182616240952
    outer loop
      vertex 2.7000000029802322 2.480384759604931 15.64031846879428
      vertex 44.96525686234236 2.5239879935979843 15.73382590588039
      vertex 44.899999998509884 2.480384759604931 15.64031846879428
    endloop
  endfacet
  facet normal 5.713912246306225e-18 0.9063077870910224 -0.4226182616240973
    outer loop
      vertex 2.7000000029802322 2.480384759604931 15.64031846879428
      vertex 45.02426406741142 2.5757359340786934 15.844799722400664
      vertex 44.96525686234236 2.5239879935979843 15.73382590588039
    endloop
  endfacet
  facet normal 1.5158384158722163e-17 0.9063077870910217 -0.42261826162409905
    outer loop
      vertex 2.7000000029802322 2.480384759604931 15.64031846879428
      vertex 45.07601200789213 2.6347431391477585 15.971341082073705
      vertex 45.02426406741142 2.5757359340786934 15.844799722400664
    endloop
  endfacet
  facet normal 3.6480973233685725e-17 0.9063077870910207 -0.4226182616241012
    outer loop
      vertex 2.7000000029802322 2.480384759604931 15.64031846879428
      vertex 45.119615241885185 2.7000000029802322 16.1112848782202
      vertex 45.07601200789213 2.6347431391477585 15.971341082073705
    endloop
  endfacet
  facet normal -1.0409091114575313e-16 0.9063077870910256 -0.42261826162409066
    outer loop
      vertex 2.7000000029802322 2.480384759604931 15.64031846879428
      vertex 45.15432772040367 2.770389936864376 16.262236578619664
      vertex 45.119615241885185 2.7000000029802322 16.1112848782202
    endloop
  endfacet
  facet normal 3.684523009869537e-18 0.9063077870910227 -0.42261826162409677
    outer loop
      vertex 2.7000000029802322 2.480384759604931 15.64031846879428
      vertex 45.179555498063564 2.8447085693478584 16.421613400356833
      vertex 45.15432772040367 2.770389936864376 16.262236578619664
    endloop
  endfacet
  facet normal 1.4377990538284414e-16 0.9063077870910199 -0.42261826162410293
    outer loop
      vertex 2.7000000029802322 2.480384759604931 15.64031846879428
      vertex 45.1948669180274 2.9216842874884605 16.586688360675993
      vertex 45.179555498063564 2.8447085693478584 16.421613400356833
    endloop
  endfacet
  facet normal -5.2060946863288717e-17 0.9063077870910232 -0.42261826162409577
    outer loop
      vertex 2.7000000029802322 2.480384759604931 15.64031846879428
      vertex 45.199999999999996 2.999999954530395 16.754636850688158
      vertex 45.1948669180274 2.9216842874884605 16.586688360675993
    endloop
  endfacet
  facet normal 0 1 0
    outer loop
      vertex 42.052900614666385 2.399999998509884 8
      vertex 44.600000001490116 2.399999998509884 15.44576333463192
      vertex 44.600000001490116 2.399999998509884 8
    endloop
  endfacet
  facet normal -1 0 0
    outer loop
      vertex 45.199999999999996 2.999999954530395 8
      vertex 45.199999999999996 2.999999954530395 16.754636850688158
      vertex 45.199999999999996 5.547099388705734 8
    endloop
  endfacet
  facet normal -2.3724763371627836e-16 0.906307787091022 -0.4226182616240982
    outer loop
      vertex 45.199999999999996 2.999999954530395 16.754636850688158
      vertex 35.18731500744819 3.4657714936291812 17.753487139997407
      vertex 35.99555998086929 3.5337157965031203 17.89919416776871
    endloop
  endfacet
  facet normal -1.7105024417225125e-16 0.9063077870910222 -0.4226182616240977
    outer loop
      vertex 45.199999999999996 2.999999954530395 16.754636850688158
      vertex 35.99555998086929 3.5337157965031203 17.89919416776871
      vertex 36.77590562194585 3.645663846942258 18.139267536753632
    endloop
  endfacet
  facet normal -5.219208102133765e-16 0.9063077870910214 -0.4226182616240996
    outer loop
      vertex 45.199999999999996 2.999999954530395 16.754636850688158
      vertex 36.77590562194585 3.645663846942258 18.139267536753632
      vertex 37.51499999850988 3.7997001775902923 18.469599513949195
    endloop
  endfacet
  facet normal 1.3836681202326377e-16 0.9063077870910224 -0.42261826162409716
    outer loop
      vertex 45.199999999999996 2.999999954530395 16.754636850688158
      vertex 37.51499999850988 3.7997001775902923 18.469599513949195
      vertex 38.20019700169563 3.993189185897422 18.884538031445743
    endloop
  endfacet
  facet normal 9.22817552864359e-16 0.9063077870910236 -0.4226182616240949
    outer loop
      vertex 45.199999999999996 2.999999954530395 16.754636850688158
      vertex 38.20019700169563 3.993189185897422 18.884538031445743
      vertex 38.819772718250746 4.222820224240674 19.376983382502058
    endloop
  endfacet
  facet normal -1.062802865565029e-15 0.9063077870910216 -0.42261826162409905
    outer loop
      vertex 45.199999999999996 2.999999954530395 16.754636850688158
      vertex 38.819772718250746 4.222820224240674 19.376983382502058
      vertex 39.36312604486942 4.4846642365157035 19.93850967910846
    endloop
  endfacet
  facet normal -3.048661364475575e-16 0.9063077870910221 -0.42261826162409794
    outer loop
      vertex 45.199999999999996 2.999999954530395 16.754636850688158
      vertex 39.36312604486942 4.4846642365157035 19.93850967910846
      vertex 39.82096004277467 4.774241002872106 20.559509058787135
    endloop
  endfacet
  facet normal 6.312127226785804e-16 0.9063077870910226 -0.42261826162409694
    outer loop
      vertex 45.199999999999996 2.999999954530395 16.754636850688158
      vertex 39.82096004277467 4.774241002872106 20.559509058787135
      vertex 40.185441052317614 5.08659578347174 21.229356047662296
    endloop
  endfacet
  facet normal 1.4278068207479261e-15 0.9063077870910229 -0.42261826162409627
    outer loop
      vertex 45.199999999999996 2.999999954530395 16.754636850688158
      vertex 40.185441052317614 5.08659578347174 21.229356047662296
      vertex 40.45033270657062 5.416384101769459 21.936589378792526
    endloop
  endfacet
  facet normal -3.771457077549639e-15 0.9063077870910213 -0.42261826162409977
    outer loop
      vertex 45.199999999999996 2.999999954530395 16.754636850688158
      vertex 40.45033270657062 5.416384101769459 21.936589378792526
      vertex 40.611102623641486 5.757963187403099 22.66910809208124
    endloop
  endfacet
  facet normal 6.308161809966485e-15 0.9063077870910241 -0.4226182616240934
    outer loop
      vertex 45.199999999999996 2.999999954530395 16.754636850688158
      vertex 40.611102623641486 5.757963187403099 22.66910809208124
      vertex 40.66499999701976 6.105488526358261 23.414378586773356
    endloop
  endfacet
  facet normal -1 0 0
    outer loop
      vertex 45.199999999999996 2.999999954530395 16.754636850688158
      vertex 45.199999999999996 12.685918162051292 26.00396933481604
      vertex 45.199999999999996 12.767348708718368 25.869775947076825
    endloop
  endfacet
  facet normal -1 0 0
    outer loop
      vertex 45.199999999999996 2.999999954530395 16.754636850688158
      vertex 45.199999999999996 12.767348708718368 25.869775947076825
      vertex 45.199999999999996 12.86559835769301 25.747359421559292
    endloop
  endfacet
  facet normal -1 0 0
    outer loop
      vertex 45.199999999999996 2.999999954530395 16.754636850688158
      vertex 45.199999999999996 12.86559835769301 25.747359421559292
      vertex 45.199999999999996 12.97898603024131 25.63881433895531
    endloop
  endfacet
  facet normal -1 0 0
    outer loop
      vertex 45.199999999999996 2.999999954530395 16.754636850688158
      vertex 45.199999999999996 12.622700016922069 26.147643498707282
      vertex 45.199999999999996 12.685918162051292 26.00396933481604
    endloop
  endfacet
  facet normal -1 0 0
    outer loop
      vertex 45.199999999999996 2.999999954530395 16.754636850688158
      vertex 45.199999999999996 12.578775953321237 26.29834013397236
      vertex 45.199999999999996 12.622700016922069 26.147643498707282
    endloop
  endfacet
  facet normal -1 0 0
    outer loop
      vertex 45.199999999999996 2.999999954530395 16.754636850688158
      vertex 45.199999999999996 12.554897524155063 26.45348077940089
      vertex 45.199999999999996 12.578775953321237 26.29834013397236
    endloop
  endfacet
  facet normal -1 0 0
    outer loop
      vertex 45.199999999999996 2.999999954530395 16.754636850688158
      vertex 45.199999999999996 12.551473295966929 26.610410935536486
      vertex 45.199999999999996 12.554897524155063 26.45348077940089
    endloop
  endfacet
  facet normal -1 0 0
    outer loop
      vertex 45.199999999999996 2.999999954530395 16.754636850688158
      vertex 45.199999999999996 12.56856185825051 26.7664454838984
      vertex 45.199999999999996 12.551473295966929 26.610410935536486
    endloop
  endfacet
  facet normal -1 0 0
    outer loop
      vertex 45.199999999999996 2.999999954530395 16.754636850688158
      vertex 45.199999999999996 12.605870820967285 26.91891463010321
      vertex 45.199999999999996 12.56856185825051 26.7664454838984
    endloop
  endfacet
  facet normal -1 0 0
    outer loop
      vertex 45.199999999999996 2.999999954530395 16.754636850688158
      vertex 45.199999999999996 12.662761817421178 27.065209584786924
      vertex 45.199999999999996 12.605870820967285 26.91891463010321
    endloop
  endfacet
  facet normal -1 0 0
    outer loop
      vertex 45.199999999999996 2.999999954530395 16.754636850688158
      vertex 45.199999999999996 12.97898603024131 25.63881433895531
      vertex 45.199999999999996 13.105571631848969 25.545997935722625
    endloop
  endfacet
  facet normal -1 0 0
    outer loop
      vertex 45.199999999999996 2.999999954530395 16.754636850688158
      vertex 45.199999999999996 13.105571631848969 25.545997935722625
      vertex 45.199999999999996 13.24318924777632 25.470498326254106
    endloop
  endfacet
  facet normal -1 0 0
    outer loop
      vertex 45.199999999999996 2.999999954530395 16.754636850688158
      vertex 45.199999999999996 13.24318924777632 25.470498326254106
      vertex 45.199999999999996 13.38948420246003 25.413607329800215
    endloop
  endfacet
  facet normal -1 0 0
    outer loop
      vertex 45.199999999999996 2.999999954530395 16.754636850688158
      vertex 45.199999999999996 13.38948420246003 25.413607329800215
      vertex 45.199999999999996 13.541953348664842 25.376298367083436
    endloop
  endfacet
  facet normal -1 0 0
    outer loop
      vertex 45.199999999999996 2.999999954530395 16.754636850688158
      vertex 45.199999999999996 16.31700200807656 34.685613318033035
      vertex 45.199999999999996 12.662761817421178 27.065209584786924
    endloop
  endfacet
  facet normal -1 0 0
    outer loop
      vertex 45.199999999999996 2.999999954530395 16.754636850688158
      vertex 45.199999999999996 16.33409057036014 34.84164786639495
      vertex 45.199999999999996 16.31700200807656 34.685613318033035
    endloop
  endfacet
  facet normal -1 0 0
    outer loop
      vertex 45.199999999999996 2.999999954530395 16.754636850688158
      vertex 45.199999999999996 16.371399533076918 34.99411701259976
      vertex 45.199999999999996 16.33409057036014 34.84164786639495
    endloop
  endfacet
  facet normal -1 0 0
    outer loop
      vertex 45.199999999999996 2.999999954530395 16.754636850688158
      vertex 45.199999999999996 16.428290529530813 35.14041196728347
      vertex 45.199999999999996 16.371399533076918 34.99411701259976
    endloop
  endfacet
  facet normal -1 0 0
    outer loop
      vertex 45.199999999999996 12.662761817421178 27.065209584786924
      vertex 45.199999999999996 16.31700200807656 34.685613318033035
      vertex 45.199999999999996 12.738261426889695 27.202827200714275
    endloop
  endfacet
  facet normal -1 0 0
    outer loop
      vertex 45.199999999999996 12.738261426889695 27.202827200714275
      vertex 45.199999999999996 16.31700200807656 34.685613318033035
      vertex 45.199999999999996 12.831077830122384 27.32941280232193
    endloop
  endfacet
  facet normal -1 0 0
    outer loop
      vertex 45.199999999999996 12.831077830122384 27.32941280232193
      vertex 45.199999999999996 16.31700200807656 34.685613318033035
      vertex 45.199999999999996 12.939622912726366 27.442800474870232
    endloop
  endfacet
  facet normal -1 0 0
    outer loop
      vertex 45.199999999999996 12.939622912726366 27.442800474870232
      vertex 45.199999999999996 16.320426236264694 34.52868316189745
      vertex 45.199999999999996 13.062039438243904 27.541050123844876
    endloop
  endfacet
  facet normal -1 0 0
    outer loop
      vertex 45.199999999999996 13.062039438243904 27.541050123844876
      vertex 45.199999999999996 16.34430466543087 34.373542516468916
      vertex 45.199999999999996 13.196232825983115 27.622480670511948
    endloop
  endfacet
  facet normal -1 0 0
    outer loop
      vertex 45.199999999999996 13.196232825983115 27.622480670511948
      vertex 45.199999999999996 16.388228729031702 34.22284588120383
      vertex 45.199999999999996 13.339906989874354 27.685698815641175
    endloop
  endfacet
  facet normal -1 0 0
    outer loop
      vertex 45.199999999999996 13.339906989874354 27.685698815641175
      vertex 45.199999999999996 16.451446874160922 34.0791717173126
      vertex 45.199999999999996 13.490603625139434 27.729622879242005
    endloop
  endfacet
  facet normal -1 0 0
    outer loop
      vertex 45.199999999999996 13.490603625139434 27.729622879242005
      vertex 45.199999999999996 16.532877420828 33.94497832957338
      vertex 45.199999999999996 13.645744270567969 27.75350130840818
    endloop
  endfacet
  facet normal -1 0 0
    outer loop
      vertex 45.199999999999996 13.645744270567969 27.75350130840818
      vertex 45.199999999999996 16.631127069802645 33.822561804055844
      vertex 45.199999999999996 13.80267442670356 27.756925536596313
    endloop
  endfacet
  facet normal -1 0 0
    outer loop
      vertex 45.199999999999996 13.80267442670356 27.756925536596313
      vertex 45.199999999999996 16.744514742350944 33.71401672145186
      vertex 45.199999999999996 13.958708975065475 27.73983697431273
    endloop
  endfacet
  facet normal -1 0 0
    outer loop
      vertex 45.199999999999996 13.958708975065475 27.73983697431273
      vertex 45.199999999999996 16.871100343958602 33.621200318219174
      vertex 45.199999999999996 14.111178121270285 27.702528011595955
    endloop
  endfacet
  facet normal -1 0 0
    outer loop
      vertex 45.199999999999996 14.111178121270285 27.702528011595955
      vertex 45.199999999999996 17.00871795988595 33.54570070875066
      vertex 45.199999999999996 14.257473075953998 27.645637015142064
    endloop
  endfacet
  facet normal -1 0 0
    outer loop
      vertex 45.199999999999996 14.257473075953998 27.645637015142064
      vertex 45.199999999999996 17.155012914569664 33.488809712296764
      vertex 45.199999999999996 14.395090691881345 27.570137405673545
    endloop
  endfacet
  facet normal -1 0 0
    outer loop
      vertex 45.199999999999996 5.547099388705734 0
      vertex 45.199999999999996 5.547099388705734 8
      vertex 45.199999999999996 82.89501214239701 0
    endloop
  endfacet
  facet normal -1 0 0
    outer loop
      vertex 45.199999999999996 5.547099388705734 8
      vertex 45.199999999999996 2.999999954530395 16.754636850688158
      vertex 45.199999999999996 82.89501214239701 0
    endloop
  endfacet
  facet normal -1 0 0
    outer loop
      vertex 45.199999999999996 2.999999954530395 16.754636850688158
      vertex 45.199999999999996 13.541953348664842 25.376298367083436
      vertex 45.199999999999996 85.44211157487949 15.801165114207077
    endloop
  endfacet
  facet normal -1 0 0
    outer loop
      vertex 45.199999999999996 85.44211157487949 15.801165114207077
      vertex 45.199999999999996 13.541953348664842 25.376298367083436
      vertex 45.199999999999996 13.697987897026755 25.359209804799853
    endloop
  endfacet
  facet normal -1 0 0
    outer loop
      vertex 45.199999999999996 85.44211157487949 15.801165114207077
      vertex 45.199999999999996 13.697987897026755 25.359209804799853
      vertex 45.199999999999996 13.854918053162345 25.362634032987987
    endloop
  endfacet
  facet normal -1 0 0
    outer loop
      vertex 45.199999999999996 85.44211157487949 15.801165114207077
      vertex 45.199999999999996 13.854918053162345 25.362634032987987
      vertex 45.199999999999996 14.010058698590882 25.386512462154165
    endloop
  endfacet
  facet normal -1 0 0
    outer loop
      vertex 45.199999999999996 85.44211157487949 15.801165114207077
      vertex 45.199999999999996 14.010058698590882 25.386512462154165
      vertex 45.199999999999996 14.160755333855962 25.430436525754995
    endloop
  endfacet
  facet normal -1 0 0
    outer loop
      vertex 45.199999999999996 85.44211157487949 15.801165114207077
      vertex 45.199999999999996 14.160755333855962 25.430436525754995
      vertex 45.199999999999996 14.304429497747199 25.49365467088422
    endloop
  endfacet
  facet normal -1 0 0
    outer loop
      vertex 45.199999999999996 85.44211157487949 15.801165114207077
      vertex 45.199999999999996 14.304429497747199 25.49365467088422
      vertex 45.199999999999996 14.438622885486412 25.57508521755129
    endloop
  endfacet
  facet normal -1 0 0
    outer loop
      vertex 45.199999999999996 85.44211157487949 15.801165114207077
      vertex 45.199999999999996 14.438622885486412 25.57508521755129
      vertex 45.199999999999996 14.561039411003952 25.673334866525934
    endloop
  endfacet
  facet normal -1 0 0
    outer loop
      vertex 45.199999999999996 85.44211157487949 15.801165114207077
      vertex 45.199999999999996 14.561039411003952 25.673334866525934
      vertex 45.199999999999996 14.669584493607934 25.78672253907424
    endloop
  endfacet
  facet normal -1 0 0
    outer loop
      vertex 45.199999999999996 85.44211157487949 15.801165114207077
      vertex 45.199999999999996 14.669584493607934 25.78672253907424
      vertex 45.199999999999996 14.762400896840619 25.91330814068189
    endloop
  endfacet
  facet normal -1 0 0
    outer loop
      vertex 45.199999999999996 85.44211157487949 15.801165114207077
      vertex 45.199999999999996 14.762400896840619 25.91330814068189
      vertex 45.199999999999996 14.837900506309138 26.050925756609246
    endloop
  endfacet
  facet normal -1 0 0
    outer loop
      vertex 45.199999999999996 85.44211157487949 15.801165114207077
      vertex 45.199999999999996 14.837900506309138 26.050925756609246
      vertex 45.199999999999996 14.89479150276303 26.197220711292957
    endloop
  endfacet
  facet normal -1 0 0
    outer loop
      vertex 45.199999999999996 85.44211157487949 15.801165114207077
      vertex 45.199999999999996 14.89479150276303 26.197220711292957
      vertex 45.199999999999996 14.932100465479808 26.349689857497765
    endloop
  endfacet
  facet normal -1 0 0
    outer loop
      vertex 45.199999999999996 85.44211157487949 15.801165114207077
      vertex 45.199999999999996 14.932100465479808 26.349689857497765
      vertex 45.199999999999996 14.949189027763387 26.50572440585968
    endloop
  endfacet
  facet normal -1 0 0
    outer loop
      vertex 45.199999999999996 85.44211157487949 15.801165114207077
      vertex 45.199999999999996 14.814744161679025 27.112166006580125
      vertex 45.199999999999996 14.733313615011948 27.24635939431934
    endloop
  endfacet
  facet normal -1 0 0
    outer loop
      vertex 45.199999999999996 85.44211157487949 15.801165114207077
      vertex 45.199999999999996 14.949189027763387 26.50572440585968
      vertex 45.199999999999996 14.945764799575253 26.662654561995275
    endloop
  endfacet
  facet normal -1 0 0
    outer loop
      vertex 45.199999999999996 85.44211157487949 15.801165114207077
      vertex 45.199999999999996 14.945764799575253 26.662654561995275
      vertex 45.199999999999996 14.921886370409078 26.817795207423806
    endloop
  endfacet
  facet normal -1 0 0
    outer loop
      vertex 45.199999999999996 85.44211157487949 15.801165114207077
      vertex 45.199999999999996 14.921886370409078 26.817795207423806
      vertex 45.199999999999996 14.877962306808246 26.968491842688884
    endloop
  endfacet
  facet normal -1 0 0
    outer loop
      vertex 45.199999999999996 85.44211157487949 15.801165114207077
      vertex 45.199999999999996 14.877962306808246 26.968491842688884
      vertex 45.199999999999996 14.814744161679025 27.112166006580125
    endloop
  endfacet
  facet normal -1 0 0
    outer loop
      vertex 45.199999999999996 85.44211157487949 15.801165114207077
      vertex 45.199999999999996 14.521676293489005 27.477321002440856
      vertex 45.199999999999996 14.395090691881345 27.570137405673545
    endloop
  endfacet
  facet normal -1 0 0
    outer loop
      vertex 45.199999999999996 85.44211157487949 15.801165114207077
      vertex 45.199999999999996 14.733313615011948 27.24635939431934
      vertex 45.199999999999996 14.635063966037306 27.368775919836875
    endloop
  endfacet
  facet normal -1 0 0
    outer loop
      vertex 45.199999999999996 85.44211157487949 15.801165114207077
      vertex 45.199999999999996 14.635063966037306 27.368775919836875
      vertex 45.199999999999996 14.521676293489005 27.477321002440856
    endloop
  endfacet
  facet normal -1 0 0
    outer loop
      vertex 45.199999999999996 85.44211157487949 15.801165114207077
      vertex 45.199999999999996 14.395090691881345 27.570137405673545
      vertex 45.199999999999996 17.155012914569664 33.488809712296764
    endloop
  endfacet
  facet normal -1 0 0
    outer loop
      vertex 45.199999999999996 85.44211157487949 15.801165114207077
      vertex 45.199999999999996 17.155012914569664 33.488809712296764
      vertex 45.199999999999996 17.307482060774475 33.451500749579985
    endloop
  endfacet
  facet normal -1 0 0
    outer loop
      vertex 45.199999999999996 85.44211157487949 15.801165114207077
      vertex 45.199999999999996 17.307482060774475 33.451500749579985
      vertex 45.199999999999996 17.463516609136384 33.43441218729641
    endloop
  endfacet
  facet normal -1 0 0
    outer loop
      vertex 45.199999999999996 85.44211157487949 15.801165114207077
      vertex 45.199999999999996 17.463516609136384 33.43441218729641
      vertex 45.199999999999996 17.62044676527198 33.43783641548454
    endloop
  endfacet
  facet normal -1 0 0
    outer loop
      vertex 45.199999999999996 85.44211157487949 15.801165114207077
      vertex 45.199999999999996 17.62044676527198 33.43783641548454
      vertex 45.199999999999996 17.775587410700513 33.461714844650714
    endloop
  endfacet
  facet normal -1 0 0
    outer loop
      vertex 45.199999999999996 85.44211157487949 15.801165114207077
      vertex 45.199999999999996 17.775587410700513 33.461714844650714
      vertex 45.199999999999996 17.926284045965595 33.50563890825154
    endloop
  endfacet
  facet normal -1 0 0
    outer loop
      vertex 45.199999999999996 85.44211157487949 15.801165114207077
      vertex 45.199999999999996 17.926284045965595 33.50563890825154
      vertex 45.199999999999996 18.06995820985683 33.56885705338077
    endloop
  endfacet
  facet normal -1 0 0
    outer loop
      vertex 45.199999999999996 85.44211157487949 15.801165114207077
      vertex 45.199999999999996 18.06995820985683 33.56885705338077
      vertex 45.199999999999996 18.204151597596045 33.65028760004785
    endloop
  endfacet
  facet normal -1 0 0
    outer loop
      vertex 45.199999999999996 85.44211157487949 15.801165114207077
      vertex 45.199999999999996 18.204151597596045 33.65028760004785
      vertex 45.199999999999996 18.32656812311358 33.74853724902249
    endloop
  endfacet
  facet normal -1 0 0
    outer loop
      vertex 45.199999999999996 85.44211157487949 15.801165114207077
      vertex 45.199999999999996 18.32656812311358 33.74853724902249
      vertex 45.199999999999996 18.435113205717563 33.86192492157078
    endloop
  endfacet
  facet normal -1 0 0
    outer loop
      vertex 45.199999999999996 85.44211157487949 15.801165114207077
      vertex 45.199999999999996 18.435113205717563 33.86192492157078
      vertex 45.199999999999996 18.527929608950252 33.98851052317845
    endloop
  endfacet
  facet normal -1 0 0
    outer loop
      vertex 45.199999999999996 85.44211157487949 15.801165114207077
      vertex 45.199999999999996 18.527929608950252 33.98851052317845
      vertex 45.199999999999996 18.603429218418768 34.126128139105795
    endloop
  endfacet
  facet normal -1 0 0
    outer loop
      vertex 45.199999999999996 85.44211157487949 15.801165114207077
      vertex 45.199999999999996 18.603429218418768 34.126128139105795
      vertex 45.199999999999996 18.660320214872662 34.27242309378951
    endloop
  endfacet
  facet normal -1 0 0
    outer loop
      vertex 45.199999999999996 85.44211157487949 15.801165114207077
      vertex 45.199999999999996 18.287205005598636 35.55252338493741
      vertex 45.199999999999996 18.160619403990978 35.6453397881701
    endloop
  endfacet
  facet normal -1 0 0
    outer loop
      vertex 45.199999999999996 85.44211157487949 15.801165114207077
      vertex 45.199999999999996 18.400592678146936 35.44397830233343
      vertex 45.199999999999996 18.287205005598636 35.55252338493741
    endloop
  endfacet
  facet normal -1 0 0
    outer loop
      vertex 45.199999999999996 85.44211157487949 15.801165114207077
      vertex 45.199999999999996 18.660320214872662 34.27242309378951
      vertex 45.199999999999996 18.69762917758944 34.42489223999432
    endloop
  endfacet
  facet normal -1 0 0
    outer loop
      vertex 45.199999999999996 85.44211157487949 15.801165114207077
      vertex 45.199999999999996 18.69762917758944 34.42489223999432
      vertex 45.199999999999996 18.714717739873016 34.58092678835624
    endloop
  endfacet
  facet normal -1 0 0
    outer loop
      vertex 45.199999999999996 85.44211157487949 15.801165114207077
      vertex 45.199999999999996 18.714717739873016 34.58092678835624
      vertex 45.199999999999996 18.711293511684886 34.737856944491824
    endloop
  endfacet
  facet normal -1 0 0
    outer loop
      vertex 45.199999999999996 85.44211157487949 15.801165114207077
      vertex 45.199999999999996 18.711293511684886 34.737856944491824
      vertex 45.199999999999996 18.68741508251871 34.892997589920355
    endloop
  endfacet
  facet normal -1 0 0
    outer loop
      vertex 45.199999999999996 85.44211157487949 15.801165114207077
      vertex 45.199999999999996 18.68741508251871 34.892997589920355
      vertex 45.199999999999996 18.643491018917878 35.04369422518543
    endloop
  endfacet
  facet normal -1 0 0
    outer loop
      vertex 45.199999999999996 85.44211157487949 15.801165114207077
      vertex 45.199999999999996 18.580272873788658 35.187368389076674
      vertex 45.199999999999996 18.49884232712158 35.32156177681589
    endloop
  endfacet
  facet normal -1 0 0
    outer loop
      vertex 45.199999999999996 85.44211157487949 15.801165114207077
      vertex 45.199999999999996 18.643491018917878 35.04369422518543
      vertex 45.199999999999996 18.580272873788658 35.187368389076674
    endloop
  endfacet
  facet normal -1 0 0
    outer loop
      vertex 45.199999999999996 85.44211157487949 15.801165114207077
      vertex 45.199999999999996 18.49884232712158 35.32156177681589
      vertex 45.199999999999996 18.400592678146936 35.44397830233343
    endloop
  endfacet
  facet normal 5.627297952066687e-14 0.9063077870914183 -0.42261826162324834
    outer loop
      vertex 2.4 21.96905192732811 57.433900095522404
      vertex 35.18731500744819 21.05607552133085 55.47601587394169
      vertex 34.364999999999995 21.078853535574083 55.524863483138176
    endloop
  endfacet
  facet normal 0 0.9063077870910222 -0.4226182616240978
    outer loop
      vertex 2.4 21.96905192732811 57.433900095522404
      vertex 45.199999999999996 21.96905192732811 57.433900095522404
      vertex 35.18731500744819 21.05607552133085 55.47601587394169
    endloop
  endfacet
  facet normal 0 0.8695140219468951 -0.49390825629638396
    outer loop
      vertex 2.4 21.969687156379223 57.43523645401001
      vertex 45.199999999999996 21.976147785782814 57.44661024212837
      vertex 45.199999999999996 21.969687156379223 57.43523645401001
    endloop
  endfacet
  facet normal 0 0.903157305875346 -0.4293097725931554
    outer loop
      vertex 2.4 21.96905192732811 57.433900095522404
      vertex 45.199999999999996 21.969687156379223 57.43523645401001
      vertex 45.199999999999996 21.96905192732811 57.433900095522404
    endloop
  endfacet
  facet normal 0 0.6143155923968059 -0.7890604241363022
    outer loop
      vertex 2.4 21.99322196096182 57.46635754406452
      vertex 45.199999999999996 22.003543362021446 57.47439317405224
      vertex 45.199999999999996 21.99322196096182 57.46635754406452
    endloop
  endfacet
  facet normal 0 0.7120533243536745 -0.7021253899958902
    outer loop
      vertex 2.4 21.984037719666958 57.45704343914986
      vertex 45.199999999999996 21.99322196096182 57.46635754406452
      vertex 45.199999999999996 21.984037719666958 57.45704343914986
    endloop
  endfacet
  facet normal 0 0.7976071384460097 -0.6031772978983607
    outer loop
      vertex 2.4 21.976147785782814 57.44661024212837
      vertex 45.199999999999996 21.984037719666958 57.45704343914986
      vertex 45.199999999999996 21.976147785782814 57.44661024212837
    endloop
  endfacet
  facet normal 0 0.3891597964214672 -0.9211702626817706
    outer loop
      vertex 2.4 22.014825329184532 57.48101285099983
      vertex 45.199999999999996 22.02687481045723 57.48610330373049
      vertex 45.199999999999996 22.014825329184532 57.48101285099983
    endloop
  endfacet
  facet normal 0 0.5060670983418535 -0.8624941112702489
    outer loop
      vertex 2.4 22.003543362021446 57.47439317405224
      vertex 45.199999999999996 22.014825329184532 57.48101285099983
      vertex 45.199999999999996 22.003543362021446 57.47439317405224
    endloop
  endfacet
  facet normal 0 -0.2520318280052608 -0.9677189455995614
    outer loop
      vertex 2.4 22.078502751886845 57.48985133320093
      vertex 45.199999999999996 22.091161116957664 57.486554600298405
      vertex 45.199999999999996 22.078502751886845 57.48985133320093
    endloop
  endfacet
  facet normal 0 0.2655930899936224 -0.9640852195463012
    outer loop
      vertex 2.4 22.02687481045723 57.48610330373049
      vertex 45.199999999999996 22.03948564827442 57.48957742750645
      vertex 45.199999999999996 22.02687481045723 57.48610330373049
    endloop
  endfacet
  facet normal 0 -0.49390825629638396 -0.8695140219468951
    outer loop
      vertex 2.4 22.103280887007713 57.48163381963968
      vertex 45.199999999999996 22.114654675126076 57.47517319023609
      vertex 45.199999999999996 22.103280887007713 57.48163381963968
    endloop
  endfacet
  facet normal 0 -0.3761883233579889 -0.9265432236917527
    outer loop
      vertex 2.4 22.091161116957664 57.486554600298405
      vertex 45.199999999999996 22.103280887007713 57.48163381963968
      vertex 45.199999999999996 22.091161116957664 57.486554600298405
    endloop
  endfacet
  facet normal 0 -0.12356320610210877 -0.9923367039960619
    outer loop
      vertex 2.4 22.065522365272045 57.491467617452145
      vertex 45.199999999999996 22.078502751886845 57.48985133320093
      vertex 45.199999999999996 22.065522365272045 57.491467617452145
    endloop
  endfacet
  facet normal 0 0.007020182905172841 -0.99997535821238
    outer loop
      vertex 2.4 22.05244205892086 57.49137578904629
      vertex 45.199999999999996 22.065522365272045 57.491467617452145
      vertex 45.199999999999996 22.05244205892086 57.49137578904629
    endloop
  endfacet
  facet normal 0 0.13748287288644917 -0.9905041441926875
    outer loop
      vertex 2.4 22.03948564827442 57.48957742750645
      vertex 45.199999999999996 22.05244205892086 57.49137578904629
      vertex 45.199999999999996 22.03948564827442 57.48957742750645
    endloop
  endfacet
  facet normal 0 -0.5497196761726427 -0.8353491950248381
    outer loop
      vertex 2.4 22.114654675126076 57.47517319023609
      vertex 45.199999999999996 85.44211157487949 15.801165114207077
      vertex 45.199999999999996 22.114654675126076 57.47517319023609
    endloop
  endfacet
  facet normal -3.8031997901801055e-16 0.9063077870910224 -0.4226182616240973
    outer loop
      vertex 45.199999999999996 2.999999954530395 16.754636850688158
      vertex 40.66499999701976 6.105488526358261 23.414378586773356
      vertex 40.66499999701976 18.416358488601766 49.81512442716574
    endloop
  endfacet
  facet normal -1 0 0
    outer loop
      vertex 45.199999999999996 2.999999954530395 16.754636850688158
      vertex 45.199999999999996 20.082530720186192 42.76081570052959
      vertex 45.199999999999996 16.428290529530813 35.14041196728347
    endloop
  endfacet
  facet normal -1 0 0
    outer loop
      vertex 45.199999999999996 13.958708975065475 27.73983697431273
      vertex 45.199999999999996 16.744514742350944 33.71401672145186
      vertex 45.199999999999996 16.871100343958602 33.621200318219174
    endloop
  endfacet
  facet normal -1 0 0
    outer loop
      vertex 45.199999999999996 13.80267442670356 27.756925536596313
      vertex 45.199999999999996 16.631127069802645 33.822561804055844
      vertex 45.199999999999996 16.744514742350944 33.71401672145186
    endloop
  endfacet
  facet normal -1 0 0
    outer loop
      vertex 45.199999999999996 14.257473075953998 27.645637015142064
      vertex 45.199999999999996 17.00871795988595 33.54570070875066
      vertex 45.199999999999996 17.155012914569664 33.488809712296764
    endloop
  endfacet
  facet normal -1 0 0
    outer loop
      vertex 45.199999999999996 14.111178121270285 27.702528011595955
      vertex 45.199999999999996 16.871100343958602 33.621200318219174
      vertex 45.199999999999996 17.00871795988595 33.54570070875066
    endloop
  endfacet
  facet normal -1 0 0
    outer loop
      vertex 45.199999999999996 12.939622912726366 27.442800474870232
      vertex 45.199999999999996 16.31700200807656 34.685613318033035
      vertex 45.199999999999996 16.320426236264694 34.52868316189745
    endloop
  endfacet
  facet normal -1 0 0
    outer loop
      vertex 45.199999999999996 13.490603625139434 27.729622879242005
      vertex 45.199999999999996 16.451446874160922 34.0791717173126
      vertex 45.199999999999996 16.532877420828 33.94497832957338
    endloop
  endfacet
  facet normal -1 0 0
    outer loop
      vertex 45.199999999999996 13.339906989874354 27.685698815641175
      vertex 45.199999999999996 16.388228729031702 34.22284588120383
      vertex 45.199999999999996 16.451446874160922 34.0791717173126
    endloop
  endfacet
  facet normal -1 0 0
    outer loop
      vertex 45.199999999999996 13.062039438243904 27.541050123844876
      vertex 45.199999999999996 16.320426236264694 34.52868316189745
      vertex 45.199999999999996 16.34430466543087 34.373542516468916
    endloop
  endfacet
  facet normal -1 0 0
    outer loop
      vertex 45.199999999999996 13.196232825983115 27.622480670511948
      vertex 45.199999999999996 16.34430466543087 34.373542516468916
      vertex 45.199999999999996 16.388228729031702 34.22284588120383
    endloop
  endfacet
  facet normal -1 0 0
    outer loop
      vertex 45.199999999999996 13.645744270567969 27.75350130840818
      vertex 45.199999999999996 16.532877420828 33.94497832957338
      vertex 45.199999999999996 16.631127069802645 33.822561804055844
    endloop
  endfacet
  facet normal -1 0 0
    outer loop
      vertex 45.199999999999996 2.999999954530395 16.754636850688158
      vertex 45.199999999999996 20.099619282469774 42.91685024889151
      vertex 45.199999999999996 20.082530720186192 42.76081570052959
    endloop
  endfacet
  facet normal -1 0 0
    outer loop
      vertex 45.199999999999996 2.999999954530395 16.754636850688158
      vertex 45.199999999999996 20.136928245186553 43.069319395096315
      vertex 45.199999999999996 20.099619282469774 42.91685024889151
    endloop
  endfacet
  facet normal -1 0 0
    outer loop
      vertex 45.199999999999996 2.999999954530395 16.754636850688158
      vertex 45.199999999999996 20.19381924164044 43.215614349780026
      vertex 45.199999999999996 20.136928245186553 43.069319395096315
    endloop
  endfacet
  facet normal -1 0 0
    outer loop
      vertex 45.199999999999996 2.999999954530395 16.754636850688158
      vertex 45.199999999999996 20.269318851108956 43.35323196570737
      vertex 45.199999999999996 20.19381924164044 43.215614349780026
    endloop
  endfacet
  facet normal -7.294248655800992e-16 0.9063077870910223 -0.4226182616240974
    outer loop
      vertex 45.199999999999996 2.999999954530395 16.754636850688158
      vertex 40.66499999701976 18.416358488601766 49.81512442716574
      vertex 45.199999999999996 21.96905192732811 57.433900095522404
    endloop
  endfacet
  facet normal -1 0 0
    outer loop
      vertex 45.199999999999996 2.999999954530395 16.754636850688158
      vertex 45.199999999999996 21.96905192732811 57.433900095522404
      vertex 45.199999999999996 20.269318851108956 43.35323196570737
    endloop
  endfacet
  facet normal -1 0 0
    outer loop
      vertex 45.199999999999996 16.428290529530813 35.14041196728347
      vertex 45.199999999999996 20.082530720186192 42.76081570052959
      vertex 45.199999999999996 16.503790138999328 35.278029583210824
    endloop
  endfacet
  facet normal -1 0 0
    outer loop
      vertex 45.199999999999996 16.503790138999328 35.278029583210824
      vertex 45.199999999999996 20.082530720186192 42.76081570052959
      vertex 45.199999999999996 16.596606542232017 35.40461518481848
    endloop
  endfacet
  facet normal -1 0 0
    outer loop
      vertex 45.199999999999996 16.596606542232017 35.40461518481848
      vertex 45.199999999999996 20.082530720186192 42.76081570052959
      vertex 45.199999999999996 16.705151624836 35.51800285736678
    endloop
  endfacet
  facet normal -1 0 0
    outer loop
      vertex 45.199999999999996 16.705151624836 35.51800285736678
      vertex 45.199999999999996 20.08595494837433 42.603885544394004
      vertex 45.199999999999996 16.827568150353535 35.616252506341425
    endloop
  endfacet
  facet normal -1 0 0
    outer loop
      vertex 45.199999999999996 17.256132337249063 35.80482526173856
      vertex 45.199999999999996 20.298406132937636 42.02018071206993
      vertex 45.199999999999996 17.411272982677602 35.82870369090473
    endloop
  endfacet
  facet normal -1 0 0
    outer loop
      vertex 45.199999999999996 17.411272982677602 35.82870369090473
      vertex 45.199999999999996 20.396655781912273 41.89776418655239
      vertex 45.199999999999996 17.568203138813196 35.83212791909286
    endloop
  endfacet
  facet normal -1 0 0
    outer loop
      vertex 45.199999999999996 17.568203138813196 35.83212791909286
      vertex 45.199999999999996 20.510043454460572 41.78921910394841
      vertex 45.199999999999996 17.724237687175105 35.81503935680929
    endloop
  endfacet
  facet normal -1 0 0
    outer loop
      vertex 45.199999999999996 16.827568150353535 35.616252506341425
      vertex 45.199999999999996 20.109833377540504 42.44874489896546
      vertex 45.199999999999996 16.961761538092745 35.697683053008504
    endloop
  endfacet
  facet normal -1 0 0
    outer loop
      vertex 45.199999999999996 16.961761538092745 35.697683053008504
      vertex 45.199999999999996 20.15375744114133 42.29804826370038
      vertex 45.199999999999996 17.105435701983986 35.76090119813772
    endloop
  endfacet
  facet normal -1 0 0
    outer loop
      vertex 45.199999999999996 17.105435701983986 35.76090119813772
      vertex 45.199999999999996 20.216975586270557 42.15437409980915
      vertex 45.199999999999996 17.256132337249063 35.80482526173856
    endloop
  endfacet
  facet normal -1 0 0
    outer loop
      vertex 45.199999999999996 17.724237687175105 35.81503935680929
      vertex 45.199999999999996 20.636629056068237 41.69640270071572
      vertex 45.199999999999996 17.87670683337992 35.77773039409251
    endloop
  endfacet
  facet normal -1 0 0
    outer loop
      vertex 45.199999999999996 17.87670683337992 35.77773039409251
      vertex 45.199999999999996 20.774246671995584 41.62090309124721
      vertex 45.199999999999996 18.02300178806363 35.72083939763861
    endloop
  endfacet
  facet normal -1 0 0
    outer loop
      vertex 45.199999999999996 18.02300178806363 35.72083939763861
      vertex 45.199999999999996 20.920541626679295 41.56401209479331
      vertex 45.199999999999996 18.160619403990978 35.6453397881701
    endloop
  endfacet
  facet normal -1 0 0
    outer loop
      vertex 45.199999999999996 17.256132337249063 35.80482526173856
      vertex 45.199999999999996 20.216975586270557 42.15437409980915
      vertex 45.199999999999996 20.298406132937636 42.02018071206993
    endloop
  endfacet
  facet normal -1 0 0
    outer loop
      vertex 45.199999999999996 17.105435701983986 35.76090119813772
      vertex 45.199999999999996 20.15375744114133 42.29804826370038
      vertex 45.199999999999996 20.216975586270557 42.15437409980915
    endloop
  endfacet
  facet normal -1 0 0
    outer loop
      vertex 45.199999999999996 16.961761538092745 35.697683053008504
      vertex 45.199999999999996 20.109833377540504 42.44874489896546
      vertex 45.199999999999996 20.15375744114133 42.29804826370038
    endloop
  endfacet
  facet normal -1 0 0
    outer loop
      vertex 45.199999999999996 16.827568150353535 35.616252506341425
      vertex 45.199999999999996 20.08595494837433 42.603885544394004
      vertex 45.199999999999996 20.109833377540504 42.44874489896546
    endloop
  endfacet
  facet normal -1 0 0
    outer loop
      vertex 45.199999999999996 16.705151624836 35.51800285736678
      vertex 45.199999999999996 20.082530720186192 42.76081570052959
      vertex 45.199999999999996 20.08595494837433 42.603885544394004
    endloop
  endfacet
  facet normal -1 0 0
    outer loop
      vertex 45.199999999999996 17.724237687175105 35.81503935680929
      vertex 45.199999999999996 20.510043454460572 41.78921910394841
      vertex 45.199999999999996 20.636629056068237 41.69640270071572
    endloop
  endfacet
  facet normal -1 0 0
    outer loop
      vertex 45.199999999999996 17.87670683337992 35.77773039409251
      vertex 45.199999999999996 20.636629056068237 41.69640270071572
      vertex 45.199999999999996 20.774246671995584 41.62090309124721
    endloop
  endfacet
  facet normal -1 0 0
    outer loop
      vertex 45.199999999999996 20.920541626679295 41.56401209479331
      vertex 45.199999999999996 18.02300178806363 35.72083939763861
      vertex 45.199999999999996 20.774246671995584 41.62090309124721
    endloop
  endfacet
  facet normal -1 0 0
    outer loop
      vertex 45.199999999999996 17.568203138813196 35.83212791909286
      vertex 45.199999999999996 20.396655781912273 41.89776418655239
      vertex 45.199999999999996 20.510043454460572 41.78921910394841
    endloop
  endfacet
  facet normal -1 0 0
    outer loop
      vertex 45.199999999999996 17.411272982677602 35.82870369090473
      vertex 45.199999999999996 20.298406132937636 42.02018071206993
      vertex 45.199999999999996 20.396655781912273 41.89776418655239
    endloop
  endfacet
  facet normal -1.394486733240315e-15 0.9063077870910247 -0.4226182616240924
    outer loop
      vertex 45.199999999999996 21.96905192732811 57.433900095522404
      vertex 35.99555998086929 20.988131218456914 55.33030884617039
      vertex 35.18731500744819 21.05607552133085 55.47601587394169
    endloop
  endfacet
  facet normal -7.6809907916228e-16 0.906307787091024 -0.4226182616240941
    outer loop
      vertex 45.199999999999996 21.96905192732811 57.433900095522404
      vertex 36.77590562194585 20.876183168017775 55.09023547718546
      vertex 35.99555998086929 20.988131218456914 55.33030884617039
    endloop
  endfacet
  facet normal 1.9386826987166177e-15 0.9063077870910202 -0.4226182616241022
    outer loop
      vertex 45.199999999999996 21.96905192732811 57.433900095522404
      vertex 37.51499999850988 20.72214683736974 54.759903499989896
      vertex 36.77590562194585 20.876183168017775 55.09023547718546
    endloop
  endfacet
  facet normal 2.2811033476354147e-16 0.9063077870910221 -0.42261826162409827
    outer loop
      vertex 45.199999999999996 21.96905192732811 57.433900095522404
      vertex 38.20019700169563 20.52865782906261 54.34496498249335
      vertex 37.51499999850988 20.72214683736974 54.759903499989896
    endloop
  endfacet
  facet normal -1.2651977146403178e-15 0.9063077870910232 -0.4226182616240954
    outer loop
      vertex 45.199999999999996 21.96905192732811 57.433900095522404
      vertex 38.819772718250746 20.299026790719356 53.85251963143703
      vertex 38.20019700169563 20.52865782906261 54.34496498249335
    endloop
  endfacet
  facet normal 3.0367379154438716e-15 0.9063077870910209 -0.4226182616241005
    outer loop
      vertex 45.199999999999996 21.96905192732811 57.433900095522404
      vertex 39.82096004277467 19.747606012087928 52.669993955151966
      vertex 39.36312604486942 20.037182778444333 53.29099333483064
    endloop
  endfacet
  facet normal -5.60203793439228e-16 0.9063077870910228 -0.4226182616240966
    outer loop
      vertex 45.199999999999996 21.96905192732811 57.433900095522404
      vertex 39.36312604486942 20.037182778444333 53.29099333483064
      vertex 38.819772718250746 20.299026790719356 53.85251963143703
    endloop
  endfacet
  facet normal -1 0 0
    outer loop
      vertex 45.199999999999996 21.96905192732811 57.433900095522404
      vertex 45.199999999999996 20.362135254341645 43.47981756731503
      vertex 45.199999999999996 20.269318851108956 43.35323196570737
    endloop
  endfacet
  facet normal -1 0 0
    outer loop
      vertex 45.199999999999996 21.96905192732811 57.433900095522404
      vertex 45.199999999999996 20.470680336945634 43.59320523986334
      vertex 45.199999999999996 20.362135254341645 43.47981756731503
    endloop
  endfacet
  facet normal -1 0 0
    outer loop
      vertex 45.199999999999996 21.96905192732811 57.433900095522404
      vertex 45.199999999999996 20.593096862463163 43.691454888837974
      vertex 45.199999999999996 20.470680336945634 43.59320523986334
    endloop
  endfacet
  facet normal -1 0 0
    outer loop
      vertex 45.199999999999996 21.96905192732811 57.433900095522404
      vertex 45.199999999999996 20.72729025020238 43.77288543550505
      vertex 45.199999999999996 20.593096862463163 43.691454888837974
    endloop
  endfacet
  facet normal -1 0 0
    outer loop
      vertex 45.199999999999996 21.96905192732811 57.433900095522404
      vertex 45.199999999999996 20.87096441409362 43.83610358063427
      vertex 45.199999999999996 20.72729025020238 43.77288543550505
    endloop
  endfacet
  facet normal -1 0 0
    outer loop
      vertex 45.199999999999996 21.96905192732811 57.433900095522404
      vertex 45.199999999999996 21.0216610493587 43.88002764423511
      vertex 45.199999999999996 20.87096441409362 43.83610358063427
    endloop
  endfacet
  facet normal -1 0 0
    outer loop
      vertex 45.199999999999996 21.96905192732811 57.433900095522404
      vertex 45.199999999999996 21.17680169478723 43.90390607340128
      vertex 45.199999999999996 21.0216610493587 43.88002764423511
    endloop
  endfacet
  facet normal -1 0 0
    outer loop
      vertex 45.199999999999996 21.96905192732811 57.433900095522404
      vertex 45.199999999999996 21.333731850922824 43.90733030158941
      vertex 45.199999999999996 21.17680169478723 43.90390607340128
    endloop
  endfacet
  facet normal -1 0 0
    outer loop
      vertex 45.199999999999996 21.96905192732811 57.433900095522404
      vertex 45.199999999999996 21.48976639928474 43.890241739305836
      vertex 45.199999999999996 21.333731850922824 43.90733030158941
    endloop
  endfacet
  facet normal -1 0 0
    outer loop
      vertex 45.199999999999996 21.96905192732811 57.433900095522404
      vertex 45.199999999999996 21.642235545489548 43.85293277658906
      vertex 45.199999999999996 21.48976639928474 43.890241739305836
    endloop
  endfacet
  facet normal -1 0 0
    outer loop
      vertex 45.199999999999996 21.96905192732811 57.433900095522404
      vertex 45.199999999999996 21.78853050017326 43.79604178013517
      vertex 45.199999999999996 21.642235545489548 43.85293277658906
    endloop
  endfacet
  facet normal -1 0 0
    outer loop
      vertex 45.199999999999996 21.96905192732811 57.433900095522404
      vertex 45.199999999999996 21.926148116100613 43.72054217066665
      vertex 45.199999999999996 21.78853050017326 43.79604178013517
    endloop
  endfacet
  facet normal -1 0 0
    outer loop
      vertex 45.199999999999996 21.96905192732811 57.433900095522404
      vertex 45.199999999999996 22.05273371770827 43.62772576743396
      vertex 45.199999999999996 21.926148116100613 43.72054217066665
    endloop
  endfacet
  facet normal -1 0 0
    outer loop
      vertex 45.199999999999996 21.96905192732811 57.433900095522404
      vertex 45.199999999999996 22.16612139025657 43.519180684829976
      vertex 45.199999999999996 22.05273371770827 43.62772576743396
    endloop
  endfacet
  facet normal 7.208889034188321e-15 0.9063077870910202 -0.4226182616241017
    outer loop
      vertex 45.199999999999996 21.96905192732811 57.433900095522404
      vertex 40.66499999701976 18.416358488601766 49.81512442716574
      vertex 40.611102623641486 18.763883827556935 50.560394921857856
    endloop
  endfacet
  facet normal -5.119578422104083e-15 0.9063077870910238 -0.4226182616240942
    outer loop
      vertex 45.199999999999996 21.96905192732811 57.433900095522404
      vertex 40.611102623641486 18.763883827556935 50.560394921857856
      vertex 40.45033270657062 19.105462913190568 51.29291363514657
    endloop
  endfacet
  facet normal 3.7619593325163805e-15 0.9063077870910209 -0.4226182616241005
    outer loop
      vertex 45.199999999999996 21.96905192732811 57.433900095522404
      vertex 40.45033270657062 19.105462913190568 51.29291363514657
      vertex 40.185441052317614 19.435251231488294 52.0001469662768
    endloop
  endfacet
  facet normal -2.2255675798086717e-15 0.9063077870910231 -0.42261826162409577
    outer loop
      vertex 45.199999999999996 21.96905192732811 57.433900095522404
      vertex 40.185441052317614 19.435251231488294 52.0001469662768
      vertex 39.82096004277467 19.747606012087928 52.669993955151966
    endloop
  endfacet
  facet normal -1 0 0
    outer loop
      vertex 45.199999999999996 21.976147785782814 57.44661024212837
      vertex 45.199999999999996 22.114654675126076 57.47517319023609
      vertex 45.199999999999996 21.969687156379223 57.43523645401001
    endloop
  endfacet
  facet normal -1 0 0
    outer loop
      vertex 45.199999999999996 21.976147785782814 57.44661024212837
      vertex 45.199999999999996 21.984037719666958 57.45704343914986
      vertex 45.199999999999996 22.103280887007713 57.48163381963968
    endloop
  endfacet
  facet normal -1 0 0
    outer loop
      vertex 45.199999999999996 21.99322196096182 57.46635754406452
      vertex 45.199999999999996 22.091161116957664 57.486554600298405
      vertex 45.199999999999996 21.984037719666958 57.45704343914986
    endloop
  endfacet
  facet normal -1 0 0
    outer loop
      vertex 45.199999999999996 21.976147785782814 57.44661024212837
      vertex 45.199999999999996 22.103280887007713 57.48163381963968
      vertex 45.199999999999996 22.114654675126076 57.47517319023609
    endloop
  endfacet
  facet normal -1 0 0
    outer loop
      vertex 45.199999999999996 21.984037719666958 57.45704343914986
      vertex 45.199999999999996 22.091161116957664 57.486554600298405
      vertex 45.199999999999996 22.103280887007713 57.48163381963968
    endloop
  endfacet
  facet normal -1 0 0
    outer loop
      vertex 45.199999999999996 21.99322196096182 57.46635754406452
      vertex 45.199999999999996 22.078502751886845 57.48985133320093
      vertex 45.199999999999996 22.091161116957664 57.486554600298405
    endloop
  endfacet
  facet normal -1 0 0
    outer loop
      vertex 45.199999999999996 22.003543362021446 57.47439317405224
      vertex 45.199999999999996 22.078502751886845 57.48985133320093
      vertex 45.199999999999996 21.99322196096182 57.46635754406452
    endloop
  endfacet
  facet normal -1 0 0
    outer loop
      vertex 45.199999999999996 22.003543362021446 57.47439317405224
      vertex 45.199999999999996 22.065522365272045 57.491467617452145
      vertex 45.199999999999996 22.078502751886845 57.48985133320093
    endloop
  endfacet
  facet normal -1 0 0
    outer loop
      vertex 45.199999999999996 22.003543362021446 57.47439317405224
      vertex 45.199999999999996 22.014825329184532 57.48101285099983
      vertex 45.199999999999996 22.065522365272045 57.491467617452145
    endloop
  endfacet
  facet normal -1 0 0
    outer loop
      vertex 45.199999999999996 22.014825329184532 57.48101285099983
      vertex 45.199999999999996 22.05244205892086 57.49137578904629
      vertex 45.199999999999996 22.065522365272045 57.491467617452145
    endloop
  endfacet
  facet normal -1 0 0
    outer loop
      vertex 45.199999999999996 22.014825329184532 57.48101285099983
      vertex 45.199999999999996 22.02687481045723 57.48610330373049
      vertex 45.199999999999996 22.05244205892086 57.49137578904629
    endloop
  endfacet
  facet normal -1 0 0
    outer loop
      vertex 45.199999999999996 22.02687481045723 57.48610330373049
      vertex 45.199999999999996 22.03948564827442 57.48957742750645
      vertex 45.199999999999996 22.05244205892086 57.49137578904629
    endloop
  endfacet
  facet normal -1 0 0
    outer loop
      vertex 45.199999999999996 85.44211157487949 15.801165114207077
      vertex 45.199999999999996 18.160619403990978 35.6453397881701
      vertex 45.199999999999996 20.920541626679295 41.56401209479331
    endloop
  endfacet
  facet normal -1 0 0
    outer loop
      vertex 45.199999999999996 85.44211157487949 15.801165114207077
      vertex 45.199999999999996 20.920541626679295 41.56401209479331
      vertex 45.199999999999996 21.073010772884103 41.526703132076534
    endloop
  endfacet
  facet normal -1 0 0
    outer loop
      vertex 45.199999999999996 85.44211157487949 15.801165114207077
      vertex 45.199999999999996 21.073010772884103 41.526703132076534
      vertex 45.199999999999996 21.22904532124602 41.50961456979296
    endloop
  endfacet
  facet normal -1 0 0
    outer loop
      vertex 45.199999999999996 85.44211157487949 15.801165114207077
      vertex 45.199999999999996 21.22904532124602 41.50961456979296
      vertex 45.199999999999996 21.385975477381614 41.513038797981096
    endloop
  endfacet
  facet normal -1 0 0
    outer loop
      vertex 45.199999999999996 85.44211157487949 15.801165114207077
      vertex 45.199999999999996 21.385975477381614 41.513038797981096
      vertex 45.199999999999996 21.541116122810145 41.53691722714726
    endloop
  endfacet
  facet normal -1 0 0
    outer loop
      vertex 45.199999999999996 85.44211157487949 15.801165114207077
      vertex 45.199999999999996 21.541116122810145 41.53691722714726
      vertex 45.199999999999996 21.691812758075223 41.5808412907481
    endloop
  endfacet
  facet normal -1 0 0
    outer loop
      vertex 45.199999999999996 85.44211157487949 15.801165114207077
      vertex 45.199999999999996 21.691812758075223 41.5808412907481
      vertex 45.199999999999996 21.835486921966464 41.644059435877324
    endloop
  endfacet
  facet normal -1 0 0
    outer loop
      vertex 45.199999999999996 85.44211157487949 15.801165114207077
      vertex 45.199999999999996 21.835486921966464 41.644059435877324
      vertex 45.199999999999996 21.96968030970568 41.7254899825444
    endloop
  endfacet
  facet normal -1 0 0
    outer loop
      vertex 45.199999999999996 85.44211157487949 15.801165114207077
      vertex 45.199999999999996 21.96968030970568 41.7254899825444
      vertex 45.199999999999996 22.092096835223217 41.82373963151904
    endloop
  endfacet
  facet normal -1 0 0
    outer loop
      vertex 45.199999999999996 85.44211157487949 15.801165114207077
      vertex 45.199999999999996 22.092096835223217 41.82373963151904
      vertex 45.199999999999996 22.2006419178272 41.937127304067346
    endloop
  endfacet
  facet normal -1 0 0
    outer loop
      vertex 45.199999999999996 85.44211157487949 15.801165114207077
      vertex 45.199999999999996 22.2006419178272 41.937127304067346
      vertex 45.199999999999996 22.293458321059887 42.063712905675
    endloop
  endfacet
  facet normal -1 0 0
    outer loop
      vertex 45.199999999999996 85.44211157487949 15.801165114207077
      vertex 45.199999999999996 22.293458321059887 42.063712905675
      vertex 45.199999999999996 22.368957930528403 42.201330521602344
    endloop
  endfacet
  facet normal -1 0 0
    outer loop
      vertex 45.199999999999996 85.44211157487949 15.801165114207077
      vertex 45.199999999999996 22.368957930528403 42.201330521602344
      vertex 45.199999999999996 22.42584892698229 42.347625476286055
    endloop
  endfacet
  facet normal -1 0 0
    outer loop
      vertex 45.199999999999996 85.44211157487949 15.801165114207077
      vertex 45.199999999999996 22.42584892698229 42.347625476286055
      vertex 45.199999999999996 22.46315788969907 42.50009462249086
    endloop
  endfacet
  facet normal -1 0 0
    outer loop
      vertex 45.199999999999996 85.44211157487949 15.801165114207077
      vertex 45.199999999999996 22.46315788969907 42.50009462249086
      vertex 45.199999999999996 22.48024645198265 42.65612917085278
    endloop
  endfacet
  facet normal -1 0 0
    outer loop
      vertex 45.199999999999996 85.44211157487949 15.801165114207077
      vertex 45.199999999999996 22.48024645198265 42.65612917085278
      vertex 45.199999999999996 22.476822223794514 42.81305932698837
    endloop
  endfacet
  facet normal -1 0 0
    outer loop
      vertex 45.199999999999996 21.96905192732811 57.433900095522404
      vertex 45.199999999999996 85.44211157487949 15.801165114207077
      vertex 45.199999999999996 22.476822223794514 42.81305932698837
    endloop
  endfacet
  facet normal -1 0 0
    outer loop
      vertex 45.199999999999996 21.969687156379223 57.43523645401001
      vertex 45.199999999999996 85.44211157487949 15.801165114207077
      vertex 45.199999999999996 21.96905192732811 57.433900095522404
    endloop
  endfacet
  facet normal -1 0 0
    outer loop
      vertex 45.199999999999996 21.969687156379223 57.43523645401001
      vertex 45.199999999999996 22.114654675126076 57.47517319023609
      vertex 45.199999999999996 85.44211157487949 15.801165114207077
    endloop
  endfacet
  facet normal -1 0 0
    outer loop
      vertex 45.199999999999996 21.96905192732811 57.433900095522404
      vertex 45.199999999999996 22.452943794628347 42.96819997241691
      vertex 45.199999999999996 22.409019731027513 43.11889660768199
    endloop
  endfacet
  facet normal -1 0 0
    outer loop
      vertex 45.199999999999996 21.96905192732811 57.433900095522404
      vertex 45.199999999999996 22.409019731027513 43.11889660768199
      vertex 45.199999999999996 22.345801585898293 43.26257077157322
    endloop
  endfacet
  facet normal -1 0 0
    outer loop
      vertex 45.199999999999996 21.96905192732811 57.433900095522404
      vertex 45.199999999999996 22.476822223794514 42.81305932698837
      vertex 45.199999999999996 22.452943794628347 42.96819997241691
    endloop
  endfacet
  facet normal -1 0 0
    outer loop
      vertex 45.199999999999996 21.96905192732811 57.433900095522404
      vertex 45.199999999999996 22.345801585898293 43.26257077157322
      vertex 45.199999999999996 22.264371039231207 43.39676415931244
    endloop
  endfacet
  facet normal -1 0 0
    outer loop
      vertex 45.199999999999996 21.96905192732811 57.433900095522404
      vertex 45.199999999999996 22.264371039231207 43.39676415931244
      vertex 45.199999999999996 22.16612139025657 43.519180684829976
    endloop
  endfacet
  facet normal -1.4794741748570274e-14 -0.5497196761726394 -0.8353491950248402
    outer loop
      vertex 2.4 22.114654675126076 57.47517319023609
      vertex 45.02426406741142 85.86637559533119 15.521968963275876
      vertex 45.07601200789213 85.80736839026213 15.560799935826765
    endloop
  endfacet
  facet normal 2.930336005043831e-14 -0.5497196761726598 -0.8353491950248267
    outer loop
      vertex 2.4 22.114654675126076 57.47517319023609
      vertex 45.07601200789213 85.80736839026213 15.560799935826765
      vertex 45.119615241885185 85.74211152642965 15.603743632029119
    endloop
  endfacet
  facet normal -4.613496558626132e-14 -0.5497196761726422 -0.8353491950248384
    outer loop
      vertex 2.4 22.114654675126076 57.47517319023609
      vertex 45.179555498063564 85.59740296006203 15.698972246262302
      vertex 45.1948669180274 85.52042724192142 15.749627788999911
    endloop
  endfacet
  facet normal 7.014911225440054e-14 -0.5497196761726755 -0.8353491950248165
    outer loop
      vertex 2.4 22.114654675126076 57.47517319023609
      vertex 45.1948669180274 85.52042724192142 15.749627788999911
      vertex 45.199999999999996 85.44211157487949 15.801165114207077
    endloop
  endfacet
  facet normal 3.834626889320492e-15 -0.5497196761726422 -0.8353491950248383
    outer loop
      vertex 2.4 22.114654675126076 57.47517319023609
      vertex 45.119615241885185 85.74211152642965 15.603743632029119
      vertex 45.15432772040367 85.67172159254551 15.650065256436092
    endloop
  endfacet
  facet normal -1.6661258872169933e-14 -0.5497196761726286 -0.8353491950248473
    outer loop
      vertex 2.4 22.114654675126076 57.47517319023609
      vertex 45.15432772040367 85.67172159254551 15.650065256436092
      vertex 45.179555498063564 85.59740296006203 15.698972246262302
    endloop
  endfacet
  facet normal 0 -1 0
    outer loop
      vertex 5.547099389164533 86.0421115309 0
      vertex 42.05290061083546 86.0421115309 0
      vertex 42.05290061083546 86.0421115309 8
    endloop
  endfacet
  facet normal 0 -1 0
    outer loop
      vertex 5.547099389164533 86.0421115309 0
      vertex 42.05290061083546 86.0421115309 8
      vertex 44.600000001490116 86.0421115309 15.35241886973381
    endloop
  endfacet
  facet normal 0 -0.8314697350806085 -0.5555700492692014
    outer loop
      vertex 2.8440599852187605 86.0214468613267 15.41329501569271
      vertex 44.75529143214226 86.02166702598333 15.412965515841215
      vertex 44.75594001627135 86.0214468613267 15.41329501569271
    endloop
  endfacet
  facet normal 0 -0.5497196761722853 -0.8353491950250733
    outer loop
      vertex 2.772287841082416 85.99708350002766 15.435953788459301
      vertex 44.8277121604077 85.99708350002766 15.435953788459301
      vertex 44.82961006462574 85.99643924832344 15.436377752282244
    endloop
  endfacet
  facet normal 0 -0.7518400178018776 -0.6593455752726884
    outer loop
      vertex 2.8186525853965914 86.01282221078873 15.423129551112652
      vertex 44.75594001627135 86.0214468613267 15.41329501569271
      vertex 44.781347416093524 86.01282221078873 15.423129551112652
    endloop
  endfacet
  facet normal 0 -0.6593455752726884 -0.7518400178018776
    outer loop
      vertex 2.7896809798364894 86.00298767536879 15.43175420165062
      vertex 44.781347416093524 86.01282221078873 15.423129551112652
      vertex 44.810319021653626 86.00298767536879 15.43175420165062
    endloop
  endfacet
  facet normal 0 -0.5796211419907056 -0.8148860851415922
    outer loop
      vertex 2.772287841082416 85.99708350002766 15.435953788459301
      vertex 44.810319021653626 86.00298767536879 15.43175420165062
      vertex 44.8277121604077 85.99708350002766 15.435953788459301
    endloop
  endfacet
  facet normal 0 -0.9978589282087154 -0.06540305340084453
    outer loop
      vertex 2.9869474001937184 86.04125601798296 15.365471489727497
      vertex 44.600000001490116 86.0421115309 15.35241886973381
      vertex 44.613052601296395 86.04125601798296 15.365471489727497
    endloop
  endfacet
  facet normal 0 -0.9807852353811589 -0.19509054835722983
    outer loop
      vertex 2.9480128562159322 86.03870411217213 15.37830077111721
      vertex 44.613052601296395 86.04125601798296 15.365471489727497
      vertex 44.651987145274184 86.03870411217213 15.37830077111721
    endloop
  endfacet
  facet normal 0 -0.9469301149795901 -0.32143950806448807
    outer loop
      vertex 2.90922168879788 86.03449948132038 15.390687212347984
      vertex 44.678315714001656 86.03697844594717 15.383384419131275
      vertex 44.69077831269224 86.03449948132038 15.390687212347984
    endloop
  endfacet
  facet normal -1.8409264025775644e-17 -0.9469301149795581 -0.3214395080645824
    outer loop
      vertex 2.90922168879788 86.03449948132038 15.390687212347984
      vertex 44.651987145274184 86.03870411217213 15.37830077111721
      vertex 44.678315714001656 86.03697844594717 15.383384419131275
    endloop
  endfacet
  facet normal 0 -0.8968726997891344 -0.44228877486654466
    outer loop
      vertex 2.880136448622991 86.02871406823397 15.402418866753578
      vertex 44.69077831269224 86.03449948132038 15.390687212347984
      vertex 44.719863552867125 86.02871406823397 15.402418866753578
    endloop
  endfacet
  facet normal 5.532244286009128e-18 -0.8314697350809335 -0.5555700492687149
    outer loop
      vertex 2.8440599852187605 86.0214468613267 15.41329501569271
      vertex 44.719863552867125 86.02871406823397 15.402418866753578
      vertex 44.75529143214226 86.02166702598333 15.412965515841215
    endloop
  endfacet
  facet normal 0 -0.5497196761726402 -0.8353491950248396
    outer loop
      vertex 2.7000000029802322 85.96172676980495 15.459221052502057
      vertex 44.82961006462574 85.99643924832344 15.436377752282244
      vertex 44.899999998509884 85.96172676980495 15.459221052502057
    endloop
  endfacet
  facet normal 0 -0.5497196761726527 -0.8353491950248314
    outer loop
      vertex 2.6347431391477585 85.9181235358119 15.487915107411668
      vertex 44.899999998509884 85.96172676980495 15.459221052502057
      vertex 44.96525686234236 85.9181235358119 15.487915107411668
    endloop
  endfacet
  facet normal 3.4957119154023747e-17 -0.5497196761726626 -0.8353491950248249
    outer loop
      vertex 2.5757359340786934 85.86637559533119 15.521968963275874
      vertex 44.96525686234236 85.9181235358119 15.487915107411668
      vertex 45.02426406741142 85.86637559533119 15.521968963275876
    endloop
  endfacet
  facet normal -1 0 0
    outer loop
      vertex 45.199999999999996 2.999999954530395 16.754636850688158
      vertex 45.199999999999996 82.89501214239701 8
      vertex 45.199999999999996 82.89501214239701 0
    endloop
  endfacet
  facet normal -1 0 0
    outer loop
      vertex 45.199999999999996 2.999999954530395 16.754636850688158
      vertex 45.199999999999996 85.44211157487949 15.801165114207077
      vertex 45.199999999999996 82.89501214239701 8
    endloop
  endfacet
  facet normal 0 -1 0
    outer loop
      vertex 42.05290061083546 86.0421115309 8
      vertex 44.600000001490116 86.0421115309 8
      vertex 44.600000001490116 86.0421115309 15.35241886973381
    endloop
  endfacet
  facet normal -1 0 0
    outer loop
      vertex 45.199999999999996 82.89501214239701 8
      vertex 45.199999999999996 85.44211157487949 15.801165114207077
      vertex 45.199999999999996 85.44211157487949 8
    endloop
  endfacet
  facet normal 0.8314696617280483 0.5555701590491027 0
    outer loop
      vertex 2.480384759604931 2.7000000029802322 8
      vertex 2.5239879935979843 2.6347431391477585 15.971341082073705
      vertex 2.5239879935979843 2.6347431391477585 8
    endloop
  endfacet
  facet normal 0.8968727183595744 0.44228873720942496 0
    outer loop
      vertex 2.480384759604931 2.7000000029802322 8
      vertex 2.445672281086445 2.770389936864376 8
      vertex 2.480384759604931 2.7000000029802322 16.1112848782202
    endloop
  endfacet
  facet normal 0.7518397412332603 0.6593458906388242 0
    outer loop
      vertex 2.5757359340786934 2.5757359340786934 8
      vertex 2.5239879935979843 2.6347431391477585 8
      vertex 2.5757359340786934 2.5757359340786934 15.844799722400662
    endloop
  endfacet
  facet normal 0.44228873720942496 0.8968727183595743 0
    outer loop
      vertex 2.7000000029802322 2.480384759604931 8
      vertex 2.770389936864376 2.445672281086445 15.565877318358343
      vertex 2.770389936864376 2.445672281086445 8
    endloop
  endfacet
  facet normal 0.6593458906388243 0.7518397412332604 0
    outer loop
      vertex 2.5757359340786934 2.5757359340786934 8
      vertex 2.6347431391477585 2.5239879935979843 15.733825905880389
      vertex 2.6347431391477585 2.5239879935979843 8
    endloop
  endfacet
  facet normal 0.5555701590491026 0.8314696617280481 0
    outer loop
      vertex 2.6347431391477585 2.5239879935979843 8
      vertex 2.7000000029802322 2.480384759604931 15.64031846879428
      vertex 2.7000000029802322 2.480384759604931 8
    endloop
  endfacet
  facet normal 0.1950902930629844 0.9807852861623684 0
    outer loop
      vertex 2.9216842874884605 2.405133083462715 8
      vertex 2.8447085693478584 2.420444503426552 8
      vertex 2.9216842874884605 2.405133083462715 15.477131946408653
    endloop
  endfacet
  facet normal 0.06540315412178903 0.9978589216071185 0
    outer loop
      vertex 2.9216842874884605 2.405133083462715 8
      vertex 3 2.399999998509884 15.44576333463192
      vertex 3 2.399999998509884 8
    endloop
  endfacet
  facet normal 0.3214394807323106 0.9469301242576152 0
    outer loop
      vertex 2.770389936864376 2.445672281086445 8
      vertex 2.8447085693478584 2.420444503426552 15.511776174559454
      vertex 2.8447085693478584 2.420444503426552 8
    endloop
  endfacet
  facet normal 0.9469301242576152 0.32143948073231066 0
    outer loop
      vertex 2.445672281086445 2.770389936864376 8
      vertex 2.420444503426552 2.8447085693478584 8
      vertex 2.445672281086445 2.770389936864376 16.26223657861966
    endloop
  endfacet
  facet normal 0.9807852861623684 0.1950902930629844 0
    outer loop
      vertex 2.405133083462715 2.9216842874884605 8
      vertex 2.420444503426552 2.8447085693478584 16.421613400356833
      vertex 2.420444503426552 2.8447085693478584 8
    endloop
  endfacet
  facet normal 0.9978589216071186 0.06540315412178913 0
    outer loop
      vertex 2.405133083462715 2.9216842874884605 8
      vertex 2.4 2.9999999772652313 8
      vertex 2.405133083462715 2.9216842874884605 16.586688360675993
    endloop
  endfacet
  facet normal 0.4422887372094249 0.8968727183595743 0
    outer loop
      vertex 2.7000000029802322 2.480384759604931 8
      vertex 2.7000000029802322 2.480384759604931 15.64031846879428
      vertex 2.770389936864376 2.445672281086445 15.565877318358343
    endloop
  endfacet
  facet normal 0.19509029306298425 0.9807852861623684 0
    outer loop
      vertex 2.8447085693478584 2.420444503426552 8
      vertex 2.8447085693478584 2.420444503426552 15.511776174559454
      vertex 2.9003877735187684 2.409369222819805 15.488025158643723
    endloop
  endfacet
  facet normal 0.06540315412178889 0.9978589216071185 -3.2370480789134206e-19
    outer loop
      vertex 2.9216842874884605 2.405133083462715 8
      vertex 2.97682110630351 2.401519224047661 15.46312814950943
      vertex 2.998547816568472 2.4000951796770096 15.450125277042389
    endloop
  endfacet
  facet normal 0.06540315412179731 0.997858921607118 -8.875469277993879e-17
    outer loop
      vertex 2.9216842874884605 2.405133083462715 8
      vertex 2.998547816568472 2.4000951796770096 15.450125277042389
      vertex 3 2.399999998509884 15.44576333463192
    endloop
  endfacet
  facet normal 0.06540315412178886 0.9978589216071185 -1.2044300566153644e-19
    outer loop
      vertex 2.9216842874884605 2.405133083462715 8
      vertex 2.9293856908141787 2.4046283066272736 15.475833915174007
      vertex 2.97682110630351 2.401519224047661 15.46312814950943
    endloop
  endfacet
  facet normal 0.19509029306298467 0.9807852861623684 -3.2024246395513977e-18
    outer loop
      vertex 2.8447085693478584 2.420444503426552 8
      vertex 2.9003877735187684 2.409369222819805 15.488025158643723
      vertex 2.9216842874884605 2.405133083462715 15.477131946408653
    endloop
  endfacet
  facet normal 0.06540315412178874 0.9978589216071185 0
    outer loop
      vertex 2.9216842874884605 2.405133083462715 8
      vertex 2.9216842874884605 2.405133083462715 15.477131946408653
      vertex 2.9293856908141787 2.4046283066272736 15.475833915174007
    endloop
  endfacet
  facet normal 0.3214394807323106 0.9469301242576152 0
    outer loop
      vertex 2.770389936864376 2.445672281086445 8
      vertex 2.770389936864376 2.445672281086445 15.565877318358343
      vertex 2.8447085693478584 2.420444503426552 15.511776174559454
    endloop
  endfacet
  facet normal 0.6593458906388242 0.7518397412332603 0
    outer loop
      vertex 2.5757359340786934 2.5757359340786934 8
      vertex 2.5757359340786934 2.5757359340786934 15.844799722400662
      vertex 2.6347431391477585 2.5239879935979843 15.733825905880389
    endloop
  endfacet
  facet normal 0.7518397412332603 0.6593458906388242 0
    outer loop
      vertex 2.5239879935979843 2.6347431391477585 8
      vertex 2.5239879935979843 2.6347431391477585 15.971341082073705
      vertex 2.5757359340786934 2.5757359340786934 15.844799722400662
    endloop
  endfacet
  facet normal 0.8314696617280481 0.5555701590491026 0
    outer loop
      vertex 2.480384759604931 2.7000000029802322 8
      vertex 2.480384759604931 2.7000000029802322 16.1112848782202
      vertex 2.5239879935979843 2.6347431391477585 15.971341082073705
    endloop
  endfacet
  facet normal 0.8968727183595743 0.4422887372094249 0
    outer loop
      vertex 2.445672281086445 2.770389936864376 8
      vertex 2.445672281086445 2.770389936864376 16.26223657861966
      vertex 2.480384759604931 2.7000000029802322 16.1112848782202
    endloop
  endfacet
  facet normal 0.5555701590491025 0.8314696617280481 0
    outer loop
      vertex 2.6347431391477585 2.5239879935979843 8
      vertex 2.6347431391477585 2.5239879935979843 15.733825905880389
      vertex 2.7000000029802322 2.480384759604931 15.64031846879428
    endloop
  endfacet
  facet normal 0.9469301242576152 0.3214394807323106 0
    outer loop
      vertex 2.420444503426552 2.8447085693478584 8
      vertex 2.420444503426552 2.8447085693478584 16.421613400356833
      vertex 2.445672281086445 2.770389936864376 16.26223657861966
    endloop
  endfacet
  facet normal 0.9807852861623684 0.1950902930629844 0
    outer loop
      vertex 2.405133083462715 2.9216842874884605 8
      vertex 2.405133083462715 2.9216842874884605 16.586688360675993
      vertex 2.420444503426552 2.8447085693478584 16.421613400356833
    endloop
  endfacet
  facet normal 0.9978589216071185 0.06540315412178913 0
    outer loop
      vertex 2.4 2.9999999772652313 8
      vertex 2.4 2.9999999772652313 16.75463689944317
      vertex 2.405133083462715 2.9216842874884605 16.586688360675993
    endloop
  endfacet
  facet normal 0.9978589216071186 -0.06540315412178764 -1.7902047573507233e-20
    outer loop
      vertex 2.4 85.44211155214465 8
      vertex 2.405133083462715 85.52042724192142 8
      vertex 2.405133083462715 85.52042724192142 15.749627788999913
    endloop
  endfacet
  facet normal 0.9807852861623684 -0.19509029306298437 0
    outer loop
      vertex 2.405133083462715 85.52042724192142 8
      vertex 2.420444503426552 85.59740296006203 8
      vertex 2.420444503426552 85.59740296006203 15.698972246262304
    endloop
  endfacet
  facet normal 0.9469301242576151 -0.32143948073231055 0
    outer loop
      vertex 2.420444503426552 85.59740296006203 8
      vertex 2.445672281086445 85.67172159254551 8
      vertex 2.445672281086445 85.67172159254551 15.650065256436093
    endloop
  endfacet
  facet normal 0.8314696617280481 -0.5555701590491025 0
    outer loop
      vertex 2.480384759604931 85.74211152642965 8
      vertex 2.5239879935979843 85.80736839026213 8
      vertex 2.5239879935979843 85.80736839026213 15.560799935826767
    endloop
  endfacet
  facet normal 0.7518397412332601 -0.6593458906388241 0
    outer loop
      vertex 2.5239879935979843 85.80736839026213 8
      vertex 2.5757359340786934 85.86637559533119 8
      vertex 2.5757359340786934 85.86637559533119 15.521968963275874
    endloop
  endfacet
  facet normal 0.8968727183595742 -0.44228873720942485 0
    outer loop
      vertex 2.445672281086445 85.67172159254551 8
      vertex 2.480384759604931 85.74211152642965 8
      vertex 2.480384759604931 85.74211152642965 15.603743632029122
    endloop
  endfacet
  facet normal 0.6593458906388242 -0.7518397412332603 0
    outer loop
      vertex 2.5757359340786934 85.86637559533119 8
      vertex 2.6347431391477585 85.9181235358119 8
      vertex 2.6347431391477585 85.9181235358119 15.487915107411668
    endloop
  endfacet
  facet normal 0.5555701590491026 -0.8314696617280481 0
    outer loop
      vertex 2.6347431391477585 85.9181235358119 8
      vertex 2.7000000029802322 85.96172676980495 8
      vertex 2.7000000029802322 85.96172676980495 15.459221052502057
    endloop
  endfacet
  facet normal 0.4422887372094249 -0.8968727183595742 0
    outer loop
      vertex 2.7000000029802322 85.96172676980495 8
      vertex 2.770389936864376 85.99643924832344 8
      vertex 2.770389936864376 85.99643924832344 15.436377752282244
    endloop
  endfacet
  facet normal 0.3214394807323106 -0.9469301242576151 -1.4513890574070486e-18
    outer loop
      vertex 2.770389936864376 85.99643924832344 8
      vertex 2.8447085693478584 86.02166702598333 8
      vertex 2.772287841082416 85.99708350002766 15.435953788459301
    endloop
  endfacet
  facet normal 0.19509029306298437 -0.9807852861623683 -2.9859105436266084e-18
    outer loop
      vertex 2.8447085693478584 86.02166702598333 8
      vertex 2.9216842874884605 86.03697844594717 8
      vertex 2.880136448622991 86.02871406823397 15.402418866753578
    endloop
  endfacet
  facet normal 0.06540315412178903 -0.9978589216071185 -1.778679766035931e-18
    outer loop
      vertex 2.9216842874884605 86.03697844594717 8
      vertex 3 86.0421115309 8
      vertex 2.9480128562159322 86.03870411217213 15.37830077111721
    endloop
  endfacet
  facet normal 0.9978589216071186 -0.06540315412178765 0
    outer loop
      vertex 2.4 85.44211155214465 8
      vertex 2.405133083462715 85.52042724192142 15.749627788999913
      vertex 2.4 85.44211155214465 15.801165129168231
    endloop
  endfacet
  facet normal 0.9807852861623684 -0.19509029306298437 0
    outer loop
      vertex 2.405133083462715 85.52042724192142 8
      vertex 2.420444503426552 85.59740296006203 15.698972246262304
      vertex 2.405133083462715 85.52042724192142 15.749627788999913
    endloop
  endfacet
  facet normal 0.9469301242576151 -0.32143948073231055 0
    outer loop
      vertex 2.420444503426552 85.59740296006203 8
      vertex 2.445672281086445 85.67172159254551 15.650065256436093
      vertex 2.420444503426552 85.59740296006203 15.698972246262304
    endloop
  endfacet
  facet normal 0.8968727183595744 -0.44228873720942496 0
    outer loop
      vertex 2.445672281086445 85.67172159254551 8
      vertex 2.480384759604931 85.74211152642965 15.603743632029122
      vertex 2.445672281086445 85.67172159254551 15.650065256436093
    endloop
  endfacet
  facet normal 0.8314696617280483 -0.5555701590491027 0
    outer loop
      vertex 2.480384759604931 85.74211152642965 8
      vertex 2.5239879935979843 85.80736839026213 15.560799935826767
      vertex 2.480384759604931 85.74211152642965 15.603743632029122
    endloop
  endfacet
  facet normal 0.7518397412332603 -0.6593458906388241 0
    outer loop
      vertex 2.5239879935979843 85.80736839026213 8
      vertex 2.5757359340786934 85.86637559533119 15.521968963275874
      vertex 2.5239879935979843 85.80736839026213 15.560799935826767
    endloop
  endfacet
  facet normal 0.6593458906388241 -0.7518397412332601 0
    outer loop
      vertex 2.5757359340786934 85.86637559533119 8
      vertex 2.6347431391477585 85.9181235358119 15.487915107411668
      vertex 2.5757359340786934 85.86637559533119 15.521968963275874
    endloop
  endfacet
  facet normal 0.5555701590491027 -0.8314696617280483 0
    outer loop
      vertex 2.6347431391477585 85.9181235358119 8
      vertex 2.7000000029802322 85.96172676980495 15.459221052502057
      vertex 2.6347431391477585 85.9181235358119 15.487915107411668
    endloop
  endfacet
  facet normal 0.442288737209425 -0.8968727183595744 0
    outer loop
      vertex 2.7000000029802322 85.96172676980495 8
      vertex 2.770389936864376 85.99643924832344 15.436377752282244
      vertex 2.7000000029802322 85.96172676980495 15.459221052502057
    endloop
  endfacet
  facet normal 0.3214394807323055 -0.9469301242576169 0
    outer loop
      vertex 2.770389936864376 85.99643924832344 8
      vertex 2.772287841082416 85.99708350002766 15.435953788459301
      vertex 2.770389936864376 85.99643924832344 15.436377752282244
    endloop
  endfacet
  facet normal 0.3214394807323084 -0.9469301242576158 -2.456820768078709e-17
    outer loop
      vertex 2.8447085693478584 86.02166702598333 8
      vertex 2.7896809798364894 86.00298767536879 15.43175420165062
      vertex 2.772287841082416 85.99708350002766 15.435953788459301
    endloop
  endfacet
  facet normal 0.32143948073231415 -0.9469301242576139 2.2697106545468768e-17
    outer loop
      vertex 2.8447085693478584 86.02166702598333 8
      vertex 2.8186525853965914 86.01282221078873 15.423129551112652
      vertex 2.7896809798364894 86.00298767536879 15.43175420165062
    endloop
  endfacet
  facet normal 0.3214394807323108 -0.9469301242576151 9.403437229661429e-18
    outer loop
      vertex 2.8447085693478584 86.02166702598333 8
      vertex 2.8440599852187605 86.0214468613267 15.41329501569271
      vertex 2.8186525853965914 86.01282221078873 15.423129551112652
    endloop
  endfacet
  facet normal 0.32143948073221446 -0.9469301242576478 0
    outer loop
      vertex 2.8447085693478584 86.02166702598333 8
      vertex 2.8447085693478584 86.02166702598333 15.412965515841213
      vertex 2.8440599852187605 86.0214468613267 15.41329501569271
    endloop
  endfacet
  facet normal 0.19509029306298378 -0.9807852861623687 0
    outer loop
      vertex 2.8447085693478584 86.02166702598333 8
      vertex 2.880136448622991 86.02871406823397 15.402418866753578
      vertex 2.8447085693478584 86.02166702598333 15.412965515841213
    endloop
  endfacet
  facet normal 0.19509029306298672 -0.9807852861623679 0
    outer loop
      vertex 2.9216842874884605 86.03697844594717 8
      vertex 2.9216842874884605 86.03697844594717 15.383384419131271
      vertex 2.90922168879788 86.03449948132038 15.390687212347984
    endloop
  endfacet
  facet normal 0.19509029306298412 -0.9807852861623685 -4.5574476791438605e-18
    outer loop
      vertex 2.9216842874884605 86.03697844594717 8
      vertex 2.90922168879788 86.03449948132038 15.390687212347984
      vertex 2.880136448622991 86.02871406823397 15.402418866753578
    endloop
  endfacet
  facet normal 0.06540315412178853 -0.9978589216071185 0
    outer loop
      vertex 2.9216842874884605 86.03697844594717 8
      vertex 2.9480128562159322 86.03870411217213 15.37830077111721
      vertex 2.9216842874884605 86.03697844594717 15.383384419131271
    endloop
  endfacet
  facet normal 0.06540315412178907 -0.9978589216071185 0
    outer loop
      vertex 3 86.0421115309 8
      vertex 3 86.0421115309 15.35241886973381
      vertex 2.9869474001937184 86.04125601798296 15.365471489727497
    endloop
  endfacet
  facet normal 0.06540315412178933 -0.9978589216071185 4.684439212321423e-19
    outer loop
      vertex 3 86.0421115309 8
      vertex 2.9869474001937184 86.04125601798296 15.365471489727497
      vertex 2.9480128562159322 86.03870411217213 15.37830077111721
    endloop
  endfacet
  facet normal -0.06540315412180223 0.9978589216071178 3.2073789907235274e-17
    outer loop
      vertex 44.600000001490116 2.399999998509884 8
      vertex 44.60145218492165 2.4000951796770096 15.450125277042389
      vertex 44.623178895186605 2.401519224047661 15.46312814950943
    endloop
  endfacet
  facet normal -0.06540315412163837 0.9978589216071284 0
    outer loop
      vertex 44.600000001490116 2.399999998509884 8
      vertex 44.600000001490116 2.399999998509884 15.44576333463192
      vertex 44.60145218492165 2.4000951796770096 15.450125277042389
    endloop
  endfacet
  facet normal -0.06540315412178901 0.9978589216071184 -4.170604874908089e-18
    outer loop
      vertex 44.600000001490116 2.399999998509884 8
      vertex 44.67061431067594 2.4046283066272736 15.475833915174007
      vertex 44.678315714001656 2.405133083462715 8
    endloop
  endfacet
  facet normal -0.19509029306298437 0.9807852861623684 6.853146598892697e-17
    outer loop
      vertex 44.678315714001656 2.405133083462715 8
      vertex 44.69961222797135 2.409369222819805 15.488025158643723
      vertex 44.75529143214226 2.420444503426552 8
    endloop
  endfacet
  facet normal -0.3214394807323106 0.9469301242576152 0
    outer loop
      vertex 44.75529143214226 2.420444503426552 8
      vertex 44.75529143214226 2.420444503426552 15.511776174559454
      vertex 44.82961006462574 2.445672281086445 8
    endloop
  endfacet
  facet normal -0.44228873720942496 0.8968727183595743 0
    outer loop
      vertex 44.82961006462574 2.445672281086445 8
      vertex 44.82961006462574 2.445672281086445 15.565877318358343
      vertex 44.899999998509884 2.480384759604931 8
    endloop
  endfacet
  facet normal -0.5555701590491026 0.8314696617280481 0
    outer loop
      vertex 44.899999998509884 2.480384759604931 8
      vertex 44.899999998509884 2.480384759604931 15.64031846879428
      vertex 44.96525686234236 2.5239879935979843 8
    endloop
  endfacet
  facet normal -0.6593458906388242 0.7518397412332603 0
    outer loop
      vertex 44.96525686234236 2.5239879935979843 8
      vertex 44.96525686234236 2.5239879935979843 15.73382590588039
      vertex 45.02426406741142 2.5757359340786934 8
    endloop
  endfacet
  facet normal -0.7518397412332603 0.6593458906388242 0
    outer loop
      vertex 45.02426406741142 2.5757359340786934 8
      vertex 45.02426406741142 2.5757359340786934 15.844799722400664
      vertex 45.07601200789213 2.6347431391477585 8
    endloop
  endfacet
  facet normal -0.8314696617280483 0.5555701590491027 0
    outer loop
      vertex 45.07601200789213 2.6347431391477585 8
      vertex 45.07601200789213 2.6347431391477585 15.971341082073705
      vertex 45.119615241885185 2.7000000029802322 8
    endloop
  endfacet
  facet normal -0.8968727183595744 0.44228873720942496 0
    outer loop
      vertex 45.119615241885185 2.7000000029802322 8
      vertex 45.119615241885185 2.7000000029802322 16.1112848782202
      vertex 45.15432772040367 2.770389936864376 8
    endloop
  endfacet
  facet normal -0.9469301242576151 0.3214394807323106 0
    outer loop
      vertex 45.15432772040367 2.770389936864376 8
      vertex 45.15432772040367 2.770389936864376 16.262236578619664
      vertex 45.179555498063564 2.8447085693478584 8
    endloop
  endfacet
  facet normal -0.9807852861623684 0.1950902930629844 0
    outer loop
      vertex 45.179555498063564 2.8447085693478584 8
      vertex 45.179555498063564 2.8447085693478584 16.421613400356833
      vertex 45.1948669180274 2.9216842874884605 8
    endloop
  endfacet
  facet normal -0.9978589216071185 0.06540315412178903 0
    outer loop
      vertex 45.1948669180274 2.9216842874884605 8
      vertex 45.1948669180274 2.9216842874884605 16.586688360675993
      vertex 45.199999999999996 2.999999954530395 8
    endloop
  endfacet
  facet normal -0.06540315412178827 0.9978589216071186 -1.1476326924642055e-17
    outer loop
      vertex 44.600000001490116 2.399999998509884 8
      vertex 44.623178895186605 2.401519224047661 15.46312814950943
      vertex 44.67061431067594 2.4046283066272736 15.475833915174007
    endloop
  endfacet
  facet normal -0.19509029306296122 0.980785286162373 0
    outer loop
      vertex 44.678315714001656 2.405133083462715 8
      vertex 44.678315714001656 2.405133083462715 15.477131946408653
      vertex 44.69961222797135 2.409369222819805 15.488025158643723
    endloop
  endfacet
  facet normal -0.06540315412178499 0.9978589216071188 0
    outer loop
      vertex 44.678315714001656 2.405133083462715 8
      vertex 44.67061431067594 2.4046283066272736 15.475833915174007
      vertex 44.678315714001656 2.405133083462715 15.477131946408653
    endloop
  endfacet
  facet normal -0.19509029306299325 0.9807852861623666 0
    outer loop
      vertex 44.75529143214226 2.420444503426552 8
      vertex 44.69961222797135 2.409369222819805 15.488025158643723
      vertex 44.75529143214226 2.420444503426552 15.511776174559454
    endloop
  endfacet
  facet normal -0.3214394807323106 0.9469301242576152 0
    outer loop
      vertex 44.82961006462574 2.445672281086445 8
      vertex 44.75529143214226 2.420444503426552 15.511776174559454
      vertex 44.82961006462574 2.445672281086445 15.565877318358343
    endloop
  endfacet
  facet normal -0.4422887372094249 0.8968727183595743 0
    outer loop
      vertex 44.899999998509884 2.480384759604931 8
      vertex 44.82961006462574 2.445672281086445 15.565877318358343
      vertex 44.899999998509884 2.480384759604931 15.64031846879428
    endloop
  endfacet
  facet normal -0.5555701590491026 0.8314696617280481 0
    outer loop
      vertex 44.96525686234236 2.5239879935979843 8
      vertex 44.899999998509884 2.480384759604931 15.64031846879428
      vertex 44.96525686234236 2.5239879935979843 15.73382590588039
    endloop
  endfacet
  facet normal -0.6593458906388242 0.7518397412332603 0
    outer loop
      vertex 45.02426406741142 2.5757359340786934 8
      vertex 44.96525686234236 2.5239879935979843 15.73382590588039
      vertex 45.02426406741142 2.5757359340786934 15.844799722400664
    endloop
  endfacet
  facet normal -0.7518397412332603 0.6593458906388242 0
    outer loop
      vertex 45.07601200789213 2.6347431391477585 8
      vertex 45.02426406741142 2.5757359340786934 15.844799722400664
      vertex 45.07601200789213 2.6347431391477585 15.971341082073705
    endloop
  endfacet
  facet normal -0.8314696617280481 0.5555701590491026 0
    outer loop
      vertex 45.119615241885185 2.7000000029802322 8
      vertex 45.07601200789213 2.6347431391477585 15.971341082073705
      vertex 45.119615241885185 2.7000000029802322 16.1112848782202
    endloop
  endfacet
  facet normal -0.8968727183595742 0.4422887372094249 0
    outer loop
      vertex 45.15432772040367 2.770389936864376 8
      vertex 45.119615241885185 2.7000000029802322 16.1112848782202
      vertex 45.15432772040367 2.770389936864376 16.262236578619664
    endloop
  endfacet
  facet normal -0.9469301242576152 0.3214394807323106 0
    outer loop
      vertex 45.179555498063564 2.8447085693478584 8
      vertex 45.15432772040367 2.770389936864376 16.262236578619664
      vertex 45.179555498063564 2.8447085693478584 16.421613400356833
    endloop
  endfacet
  facet normal -0.9807852861623684 0.1950902930629844 0
    outer loop
      vertex 45.1948669180274 2.9216842874884605 8
      vertex 45.179555498063564 2.8447085693478584 16.421613400356833
      vertex 45.1948669180274 2.9216842874884605 16.586688360675993
    endloop
  endfacet
  facet normal -0.9978589216071184 0.06540315412178901 0
    outer loop
      vertex 45.199999999999996 2.999999954530395 8
      vertex 45.1948669180274 2.9216842874884605 16.586688360675993
      vertex 45.199999999999996 2.999999954530395 16.754636850688158
    endloop
  endfacet
  facet normal -0.9469301242576151 -0.32143948073231055 0
    outer loop
      vertex 45.179555498063564 85.59740296006203 8
      vertex 45.15432772040367 85.67172159254551 15.650065256436092
      vertex 45.15432772040367 85.67172159254551 8
    endloop
  endfacet
  facet normal -0.9978589216071186 -0.06540315412178903 1.759416202552433e-20
    outer loop
      vertex 45.199999999999996 85.44211157487949 8
      vertex 45.1948669180274 85.52042724192142 15.749627788999911
      vertex 45.1948669180274 85.52042724192142 8
    endloop
  endfacet
  facet normal -0.9807852861623684 -0.19509029306298434 0
    outer loop
      vertex 45.179555498063564 85.59740296006203 8
      vertex 45.1948669180274 85.52042724192142 8
      vertex 45.179555498063564 85.59740296006203 15.698972246262302
    endloop
  endfacet
  facet normal -0.32143948073231066 -0.9469301242576152 0
    outer loop
      vertex 44.75529143214226 86.02166702598333 8
      vertex 44.82961006462574 85.99643924832344 8
      vertex 44.75529143214226 86.02166702598333 15.412965515841215
    endloop
  endfacet
  facet normal -0.06540315412178903 -0.9978589216071185 0
    outer loop
      vertex 44.600000001490116 86.0421115309 8
      vertex 44.678315714001656 86.03697844594717 8
      vertex 44.600000001490116 86.0421115309 15.35241886973381
    endloop
  endfacet
  facet normal -0.1950902930629844 -0.9807852861623685 0
    outer loop
      vertex 44.75529143214226 86.02166702598333 8
      vertex 44.678315714001656 86.03697844594717 15.383384419131275
      vertex 44.678315714001656 86.03697844594717 8
    endloop
  endfacet
  facet normal -0.4422887372094249 -0.8968727183595742 0
    outer loop
      vertex 44.82961006462574 85.99643924832344 8
      vertex 44.899999998509884 85.96172676980495 8
      vertex 44.82961006462574 85.99643924832344 15.436377752282244
    endloop
  endfacet
  facet normal -0.5555701590491026 -0.8314696617280481 0
    outer loop
      vertex 44.899999998509884 85.96172676980495 8
      vertex 44.96525686234236 85.9181235358119 8
      vertex 44.899999998509884 85.96172676980495 15.459221052502057
    endloop
  endfacet
  facet normal -0.6593458906388242 -0.7518397412332603 0
    outer loop
      vertex 44.96525686234236 85.9181235358119 8
      vertex 45.02426406741142 85.86637559533119 8
      vertex 44.96525686234236 85.9181235358119 15.487915107411668
    endloop
  endfacet
  facet normal -0.7518397412332604 -0.6593458906388242 0
    outer loop
      vertex 45.07601200789213 85.80736839026213 8
      vertex 45.02426406741142 85.86637559533119 15.521968963275876
      vertex 45.02426406741142 85.86637559533119 8
    endloop
  endfacet
  facet normal -0.8314696617280483 -0.5555701590491026 0
    outer loop
      vertex 45.07601200789213 85.80736839026213 8
      vertex 45.119615241885185 85.74211152642965 8
      vertex 45.07601200789213 85.80736839026213 15.560799935826765
    endloop
  endfacet
  facet normal -0.8968727183595743 -0.4422887372094249 0
    outer loop
      vertex 45.15432772040367 85.67172159254551 8
      vertex 45.119615241885185 85.74211152642965 15.603743632029119
      vertex 45.119615241885185 85.74211152642965 8
    endloop
  endfacet
  facet normal -0.9469301242576151 -0.3214394807323106 0
    outer loop
      vertex 45.179555498063564 85.59740296006203 8
      vertex 45.179555498063564 85.59740296006203 15.698972246262302
      vertex 45.15432772040367 85.67172159254551 15.650065256436092
    endloop
  endfacet
  facet normal -0.9978589216071184 -0.06540315412178901 0
    outer loop
      vertex 45.199999999999996 85.44211157487949 8
      vertex 45.199999999999996 85.44211157487949 15.801165114207077
      vertex 45.1948669180274 85.52042724192142 15.749627788999911
    endloop
  endfacet
  facet normal -0.9807852861623684 -0.1950902930629844 0
    outer loop
      vertex 45.1948669180274 85.52042724192142 8
      vertex 45.1948669180274 85.52042724192142 15.749627788999911
      vertex 45.179555498063564 85.59740296006203 15.698972246262302
    endloop
  endfacet
  facet normal -0.3214394807322857 -0.9469301242576237 1.697703731115666e-16
    outer loop
      vertex 44.82961006462574 85.99643924832344 8
      vertex 44.781347416093524 86.01282221078873 15.423129551112652
      vertex 44.75594001627135 86.0214468613267 15.41329501569271
    endloop
  endfacet
  facet normal -0.3214394807333905 -0.9469301242572487 -1.2102578547271604e-14
    outer loop
      vertex 44.82961006462574 85.99643924832344 8
      vertex 44.75594001627135 86.0214468613267 15.41329501569271
      vertex 44.75529143214226 86.02166702598333 15.412965515841215
    endloop
  endfacet
  facet normal -0.32143948073231415 -0.946930124257614 -3.6585256997394146e-17
    outer loop
      vertex 44.82961006462574 85.99643924832344 8
      vertex 44.810319021653626 86.00298767536879 15.43175420165062
      vertex 44.781347416093524 86.01282221078873 15.423129551112652
    endloop
  endfacet
  facet normal -0.06540315412180005 -0.9978589216071178 -1.1781246982757982e-16
    outer loop
      vertex 44.678315714001656 86.03697844594717 8
      vertex 44.613052601296395 86.04125601798296 15.365471489727497
      vertex 44.600000001490116 86.0421115309 15.35241886973381
    endloop
  endfacet
  facet normal -0.06540315412178563 -0.9978589216071188 1.042643792684637e-17
    outer loop
      vertex 44.678315714001656 86.03697844594717 8
      vertex 44.651987145274184 86.03870411217213 15.37830077111721
      vertex 44.613052601296395 86.04125601798296 15.365471489727497
    endloop
  endfacet
  facet normal -0.06540315412178853 -0.9978589216071185 0
    outer loop
      vertex 44.678315714001656 86.03697844594717 8
      vertex 44.678315714001656 86.03697844594717 15.383384419131275
      vertex 44.651987145274184 86.03870411217213 15.37830077111721
    endloop
  endfacet
  facet normal -0.19509029306295345 -0.9807852861623745 3.349248960392084e-16
    outer loop
      vertex 44.75529143214226 86.02166702598333 8
      vertex 44.69077831269224 86.03449948132038 15.390687212347984
      vertex 44.678315714001656 86.03697844594717 15.383384419131275
    endloop
  endfacet
  facet normal -0.19509029306298145 -0.9807852861623692 0
    outer loop
      vertex 44.75529143214226 86.02166702598333 8
      vertex 44.75529143214226 86.02166702598333 15.412965515841215
      vertex 44.719863552867125 86.02871406823397 15.402418866753578
    endloop
  endfacet
  facet normal -0.19509029306300127 -0.980785286162365 -9.891821502628697e-17
    outer loop
      vertex 44.75529143214226 86.02166702598333 8
      vertex 44.719863552867125 86.02871406823397 15.402418866753578
      vertex 44.69077831269224 86.03449948132038 15.390687212347984
    endloop
  endfacet
  facet normal -0.3214394807323084 -0.9469301242576158 -2.0038452993468503e-17
    outer loop
      vertex 44.82961006462574 85.99643924832344 8
      vertex 44.8277121604077 85.99708350002766 15.435953788459301
      vertex 44.810319021653626 86.00298767536879 15.43175420165062
    endloop
  endfacet
  facet normal -0.32143948073223805 -0.9469301242576398 0
    outer loop
      vertex 44.82961006462574 85.99643924832344 8
      vertex 44.82961006462574 85.99643924832344 15.436377752282244
      vertex 44.8277121604077 85.99708350002766 15.435953788459301
    endloop
  endfacet
  facet normal -0.442288737209425 -0.8968727183595744 0
    outer loop
      vertex 44.899999998509884 85.96172676980495 8
      vertex 44.899999998509884 85.96172676980495 15.459221052502057
      vertex 44.82961006462574 85.99643924832344 15.436377752282244
    endloop
  endfacet
  facet normal -0.5555701590491027 -0.8314696617280483 0
    outer loop
      vertex 44.96525686234236 85.9181235358119 8
      vertex 44.96525686234236 85.9181235358119 15.487915107411668
      vertex 44.899999998509884 85.96172676980495 15.459221052502057
    endloop
  endfacet
  facet normal -0.7518397412332603 -0.6593458906388241 0
    outer loop
      vertex 45.07601200789213 85.80736839026213 8
      vertex 45.07601200789213 85.80736839026213 15.560799935826765
      vertex 45.02426406741142 85.86637559533119 15.521968963275876
    endloop
  endfacet
  facet normal -0.6593458906388242 -0.7518397412332604 0
    outer loop
      vertex 45.02426406741142 85.86637559533119 8
      vertex 45.02426406741142 85.86637559533119 15.521968963275876
      vertex 44.96525686234236 85.9181235358119 15.487915107411668
    endloop
  endfacet
  facet normal -0.8314696617280481 -0.5555701590491026 0
    outer loop
      vertex 45.119615241885185 85.74211152642965 8
      vertex 45.119615241885185 85.74211152642965 15.603743632029119
      vertex 45.07601200789213 85.80736839026213 15.560799935826765
    endloop
  endfacet
  facet normal -0.8968727183595743 -0.44228873720942496 0
    outer loop
      vertex 45.15432772040367 85.67172159254551 8
      vertex 45.15432772040367 85.67172159254551 15.650065256436092
      vertex 45.119615241885185 85.74211152642965 15.603743632029119
    endloop
  endfacet
  facet normal -0.9146761553027543 0.40418749476025556 1.6804868226689178e-18
    outer loop
      vertex 2.4 5.547099388705738 0
      vertex 2.5979132154706543 5.994976924149233 8
      vertex 2.5979132154706543 5.994976924149233 0
    endloop
  endfacet
  facet normal -0.896872741532688 0.44228869021900186 -9.839907756548047e-19
    outer loop
      vertex 2.5979132154706543 5.994976924149233 0
      vertex 2.74833395016046 6.3 8
      vertex 2.74833395016046 6.3 0
    endloop
  endfacet
  facet normal -0.8314696123025459 0.5555702330196012 8.714951971450896e-19
    outer loop
      vertex 2.74833395016046 6.3 0
      vertex 2.9372813152427883 6.5827797154226735 8
      vertex 2.9372813152427883 6.5827797154226735 0
    endloop
  endfacet
  facet normal -0.9146761553027543 0.40418749476025556 0
    outer loop
      vertex 2.4 5.547099388705738 0
      vertex 2.4 5.547099388705738 8
      vertex 2.5979132154706543 5.994976924149233 8
    endloop
  endfacet
  facet normal -0.896872741532688 0.44228869021900186 0
    outer loop
      vertex 2.5979132154706543 5.994976924149233 0
      vertex 2.5979132154706543 5.994976924149233 8
      vertex 2.74833395016046 6.3 8
    endloop
  endfacet
  facet normal -0.8314696123025459 0.5555702330196012 0
    outer loop
      vertex 2.74833395016046 6.3 0
      vertex 2.74833395016046 6.3 8
      vertex 2.9372813152427883 6.5827797154226735 8
    endloop
  endfacet
  facet normal 0.40418749476025567 -0.9146761553027543 0
    outer loop
      vertex 5.547099385333606 2.399999998509884 0
      vertex 5.994976924149233 2.5979132154706543 0
      vertex 5.547099385333606 2.399999998509884 8
    endloop
  endfacet
  facet normal 0.40418749476025567 -0.9146761553027543 -1.5752370960019456e-18
    outer loop
      vertex 5.547099385333606 2.399999998509884 8
      vertex 5.994976924149233 2.5979132154706543 0
      vertex 5.994976924149233 2.5979132154706543 8
    endloop
  endfacet
  facet normal -0.7518398074789772 0.6593458151000693 4.202653118803453e-19
    outer loop
      vertex 2.9372813152427883 6.5827797154226735 0
      vertex 3.1615223689149765 6.8384776310850235 8
      vertex 3.1615223689149765 6.8384776310850235 0
    endloop
  endfacet
  facet normal -0.6593458151000685 0.7518398074789778 -5.097591667140331e-19
    outer loop
      vertex 3.1615223689149765 6.8384776310850235 0
      vertex 3.4172202845773265 7.062718684757211 8
      vertex 3.4172202845773265 7.062718684757211 0
    endloop
  endfacet
  facet normal -0.555570233019603 0.8314696123025447 -1.179480562028864e-18
    outer loop
      vertex 3.4172202845773265 7.062718684757211 0
      vertex 3.7 7.251666049839541 8
      vertex 3.7 7.251666049839541 0
    endloop
  endfacet
  facet normal -0.44228869021899975 0.896872741532689 -1.0935374148585044e-18
    outer loop
      vertex 3.7 7.251666049839541 0
      vertex 4.005023075850767 7.402086784529345 8
      vertex 4.005023075850767 7.402086784529345 0
    endloop
  endfacet
  facet normal -0.3214394653031648 0.9469301294951046 -8.080715560235412e-19
    outer loop
      vertex 4.005023075850767 7.402086784529345 0
      vertex 4.327070482733446 7.511407148351578 8
      vertex 4.327070482733446 7.511407148351578 0
    endloop
  endfacet
  facet normal -0.19509032201612692 0.9807852804032307 5.337210158390252e-19
    outer loop
      vertex 4.327070482733446 7.511407148351578 0
      vertex 4.660631900227866 7.577756639571907 8
      vertex 4.660631900227866 7.577756639571907 0
    endloop
  endfacet
  facet normal -0.06540312923014117 0.9978589232386037 1.4478574320782587e-19
    outer loop
      vertex 4.660631900227866 7.577756639571907 0
      vertex 5 7.6 8
      vertex 5 7.6 0
    endloop
  endfacet
  facet normal 0.06540312923014117 0.9978589232386037 -1.4478574320782587e-19
    outer loop
      vertex 5 7.6 0
      vertex 5.339368099772134 7.577756639571907 8
      vertex 5.339368099772134 7.577756639571907 0
    endloop
  endfacet
  facet normal 0.19509032201612692 0.9807852804032307 -5.337210158390252e-19
    outer loop
      vertex 5.339368099772134 7.577756639571907 0
      vertex 5.672929517266554 7.511407148351578 8
      vertex 5.672929517266554 7.511407148351578 0
    endloop
  endfacet
  facet normal 0.3214394653031648 0.9469301294951046 8.080715560235412e-19
    outer loop
      vertex 5.672929517266554 7.511407148351578 0
      vertex 5.994976924149233 7.402086784529345 8
      vertex 5.994976924149233 7.402086784529345 0
    endloop
  endfacet
  facet normal -0.7518398074789772 0.6593458151000693 0
    outer loop
      vertex 2.9372813152427883 6.5827797154226735 0
      vertex 2.9372813152427883 6.5827797154226735 8
      vertex 3.1615223689149765 6.8384776310850235 8
    endloop
  endfacet
  facet normal -0.6593458151000685 0.7518398074789778 0
    outer loop
      vertex 3.1615223689149765 6.8384776310850235 0
      vertex 3.1615223689149765 6.8384776310850235 8
      vertex 3.4172202845773265 7.062718684757211 8
    endloop
  endfacet
  facet normal -0.555570233019603 0.8314696123025447 0
    outer loop
      vertex 3.4172202845773265 7.062718684757211 0
      vertex 3.4172202845773265 7.062718684757211 8
      vertex 3.7 7.251666049839541 8
    endloop
  endfacet
  facet normal -0.44228869021899975 0.896872741532689 0
    outer loop
      vertex 3.7 7.251666049839541 0
      vertex 3.7 7.251666049839541 8
      vertex 4.005023075850767 7.402086784529345 8
    endloop
  endfacet
  facet normal -0.3214394653031648 0.9469301294951046 0
    outer loop
      vertex 4.005023075850767 7.402086784529345 0
      vertex 4.005023075850767 7.402086784529345 8
      vertex 4.327070482733446 7.511407148351578 8
    endloop
  endfacet
  facet normal -0.19509032201612692 0.9807852804032307 0
    outer loop
      vertex 4.327070482733446 7.511407148351578 0
      vertex 4.327070482733446 7.511407148351578 8
      vertex 4.660631900227866 7.577756639571907 8
    endloop
  endfacet
  facet normal -0.06540312923014117 0.9978589232386037 0
    outer loop
      vertex 4.660631900227866 7.577756639571907 0
      vertex 4.660631900227866 7.577756639571907 8
      vertex 5 7.6 8
    endloop
  endfacet
  facet normal 0.06540312923014117 0.9978589232386037 0
    outer loop
      vertex 5 7.6 0
      vertex 5 7.6 8
      vertex 5.339368099772134 7.577756639571907 8
    endloop
  endfacet
  facet normal 0.19509032201612692 0.9807852804032307 0
    outer loop
      vertex 5.339368099772134 7.577756639571907 0
      vertex 5.339368099772134 7.577756639571907 8
      vertex 5.672929517266554 7.511407148351578 8
    endloop
  endfacet
  facet normal 0.3214394653031648 0.9469301294951046 0
    outer loop
      vertex 5.672929517266554 7.511407148351578 0
      vertex 5.672929517266554 7.511407148351578 8
      vertex 5.994976924149233 7.402086784529345 8
    endloop
  endfacet
  facet normal 0 0 1
    outer loop
      vertex 2.405133083462715 2.9216842874884605 8
      vertex 2.420444503426552 2.8447085693478584 8
      vertex 2.4 5.547099388705738 8
    endloop
  endfacet
  facet normal 0 0 1
    outer loop
      vertex 2.405133083462715 2.9216842874884605 8
      vertex 2.4 5.547099388705738 8
      vertex 2.4 2.9999999772652313 8
    endloop
  endfacet
  facet normal 0 0 1
    outer loop
      vertex 2.445672281086445 2.770389936864376 8
      vertex 2.4 5.547099388705738 8
      vertex 2.420444503426552 2.8447085693478584 8
    endloop
  endfacet
  facet normal 0 0 1
    outer loop
      vertex 2.4 5.547099388705738 8
      vertex 2.9372813152427883 6.5827797154226735 8
      vertex 2.5979132154706543 5.994976924149233 8
    endloop
  endfacet
  facet normal 0 0 1
    outer loop
      vertex 2.5979132154706543 5.994976924149233 8
      vertex 2.9372813152427883 6.5827797154226735 8
      vertex 2.74833395016046 6.3 8
    endloop
  endfacet
  facet normal 0 0 1
    outer loop
      vertex 2.445672281086445 2.770389936864376 8
      vertex 6.3 7.251666049839541 8
      vertex 2.4 5.547099388705738 8
    endloop
  endfacet
  facet normal 0 0 1
    outer loop
      vertex 2.5757359340786934 2.5757359340786934 8
      vertex 2.6347431391477585 2.5239879935979843 8
      vertex 6.3 7.251666049839541 8
    endloop
  endfacet
  facet normal 0 0 1
    outer loop
      vertex 2.6347431391477585 2.5239879935979843 8
      vertex 2.7000000029802322 2.480384759604931 8
      vertex 6.3 7.251666049839541 8
    endloop
  endfacet
  facet normal 0 0 1
    outer loop
      vertex 2.7000000029802322 2.480384759604931 8
      vertex 2.770389936864376 2.445672281086445 8
      vertex 6.3 7.251666049839541 8
    endloop
  endfacet
  facet normal 0 0 1
    outer loop
      vertex 2.770389936864376 2.445672281086445 8
      vertex 2.8447085693478584 2.420444503426552 8
      vertex 6.3 7.251666049839541 8
    endloop
  endfacet
  facet normal 0 0 1
    outer loop
      vertex 2.9216842874884605 2.405133083462715 8
      vertex 6.3 7.251666049839541 8
      vertex 2.8447085693478584 2.420444503426552 8
    endloop
  endfacet
  facet normal 0 0 1
    outer loop
      vertex 2.9216842874884605 2.405133083462715 8
      vertex 3 2.399999998509884 8
      vertex 6.3 7.251666049839541 8
    endloop
  endfacet
  facet normal 0 0 1
    outer loop
      vertex 2.480384759604931 2.7000000029802322 8
      vertex 6.3 7.251666049839541 8
      vertex 2.445672281086445 2.770389936864376 8
    endloop
  endfacet
  facet normal 0 0 1
    outer loop
      vertex 2.480384759604931 2.7000000029802322 8
      vertex 2.5239879935979843 2.6347431391477585 8
      vertex 6.3 7.251666049839541 8
    endloop
  endfacet
  facet normal 0 0 1
    outer loop
      vertex 2.5757359340786934 2.5757359340786934 8
      vertex 6.3 7.251666049839541 8
      vertex 2.5239879935979843 2.6347431391477585 8
    endloop
  endfacet
  facet normal 0 0 1
    outer loop
      vertex 3 2.399999998509884 8
      vertex 5.547099385333606 2.399999998509884 8
      vertex 5.994976924149233 2.5979132154706543 8
    endloop
  endfacet
  facet normal 0 0 1
    outer loop
      vertex 3 2.399999998509884 8
      vertex 5.994976924149233 2.5979132154706543 8
      vertex 6.3 2.74833395016046 8
    endloop
  endfacet
  facet normal 0 0 1
    outer loop
      vertex 3 2.399999998509884 8
      vertex 6.3 2.74833395016046 8
      vertex 7.062718684757211 3.4172202845773265 8
    endloop
  endfacet
  facet normal 0 0 1
    outer loop
      vertex 3 2.399999998509884 8
      vertex 7.062718684757211 3.4172202845773265 8
      vertex 6.3 7.251666049839541 8
    endloop
  endfacet
  facet normal 0 0 1
    outer loop
      vertex 2.9372813152427883 6.5827797154226735 8
      vertex 3.4172202845773265 7.062718684757211 8
      vertex 3.1615223689149765 6.8384776310850235 8
    endloop
  endfacet
  facet normal 0 0 1
    outer loop
      vertex 2.9372813152427883 6.5827797154226735 8
      vertex 4.327070482733446 7.511407148351578 8
      vertex 3.4172202845773265 7.062718684757211 8
    endloop
  endfacet
  facet normal 0 0 1
    outer loop
      vertex 3.4172202845773265 7.062718684757211 8
      vertex 4.005023075850767 7.402086784529345 8
      vertex 3.7 7.251666049839541 8
    endloop
  endfacet
  facet normal 0 0 1
    outer loop
      vertex 2.4 5.547099388705738 8
      vertex 6.3 7.251666049839541 8
      vertex 2.9372813152427883 6.5827797154226735 8
    endloop
  endfacet
  facet normal 0 0 1
    outer loop
      vertex 3.4172202845773265 7.062718684757211 8
      vertex 4.327070482733446 7.511407148351578 8
      vertex 4.005023075850767 7.402086784529345 8
    endloop
  endfacet
  facet normal 0 0 1
    outer loop
      vertex 2.9372813152427883 6.5827797154226735 8
      vertex 6.3 7.251666049839541 8
      vertex 4.327070482733446 7.511407148351578 8
    endloop
  endfacet
  facet normal 0 0 1
    outer loop
      vertex 4.327070482733446 7.511407148351578 8
      vertex 5 7.6 8
      vertex 4.660631900227866 7.577756639571907 8
    endloop
  endfacet
  facet normal 0 0 1
    outer loop
      vertex 4.327070482733446 7.511407148351578 8
      vertex 5.339368099772134 7.577756639571907 8
      vertex 5 7.6 8
    endloop
  endfacet
  facet normal 0 0 1
    outer loop
      vertex 4.327070482733446 7.511407148351578 8
      vertex 6.3 7.251666049839541 8
      vertex 5.339368099772134 7.577756639571907 8
    endloop
  endfacet
  facet normal 0 0 1
    outer loop
      vertex 5.339368099772134 7.577756639571907 8
      vertex 5.994976924149233 7.402086784529345 8
      vertex 5.672929517266554 7.511407148351578 8
    endloop
  endfacet
  facet normal 0 0 1
    outer loop
      vertex 5.339368099772134 7.577756639571907 8
      vertex 6.3 7.251666049839541 8
      vertex 5.994976924149233 7.402086784529345 8
    endloop
  endfacet
  facet normal 0.44228869021900186 -0.896872741532688 0
    outer loop
      vertex 5.994976924149233 2.5979132154706543 0
      vertex 6.3 2.74833395016046 0
      vertex 5.994976924149233 2.5979132154706543 8
    endloop
  endfacet
  facet normal 0.5555702330196012 -0.8314696123025459 0
    outer loop
      vertex 6.3 2.74833395016046 0
      vertex 6.5827797154226735 2.9372813152427883 0
      vertex 6.3 2.74833395016046 8
    endloop
  endfacet
  facet normal 0.6593458151000693 -0.7518398074789772 0
    outer loop
      vertex 6.5827797154226735 2.9372813152427883 0
      vertex 6.8384776310850235 3.1615223689149765 0
      vertex 6.5827797154226735 2.9372813152427883 8
    endloop
  endfacet
  facet normal 0.7518398074789778 -0.6593458151000685 0
    outer loop
      vertex 6.8384776310850235 3.1615223689149765 0
      vertex 7.062718684757211 3.4172202845773265 0
      vertex 6.8384776310850235 3.1615223689149765 8
    endloop
  endfacet
  facet normal 0.8314696123025447 -0.555570233019603 0
    outer loop
      vertex 7.062718684757211 3.4172202845773265 0
      vertex 7.251666049839541 3.7 0
      vertex 7.062718684757211 3.4172202845773265 8
    endloop
  endfacet
  facet normal 0.896872741532689 -0.44228869021899975 0
    outer loop
      vertex 7.251666049839541 3.7 0
      vertex 7.402086784529345 4.005023075850767 0
      vertex 7.251666049839541 3.7 8
    endloop
  endfacet
  facet normal 0.9469301294951046 -0.3214394653031648 0
    outer loop
      vertex 7.402086784529345 4.005023075850767 0
      vertex 7.511407148351578 4.327070482733446 0
      vertex 7.402086784529345 4.005023075850767 8
    endloop
  endfacet
  facet normal 0.9807852804032307 -0.19509032201612692 0
    outer loop
      vertex 7.511407148351578 4.327070482733446 0
      vertex 7.577756639571907 4.660631900227866 0
      vertex 7.511407148351578 4.327070482733446 8
    endloop
  endfacet
  facet normal 0.9978589232386037 -0.06540312923014117 0
    outer loop
      vertex 7.577756639571907 4.660631900227866 0
      vertex 7.6 5 0
      vertex 7.577756639571907 4.660631900227866 8
    endloop
  endfacet
  facet normal 0.9978589232386037 0.06540312923014117 0
    outer loop
      vertex 7.6 5 0
      vertex 7.577756639571907 5.339368099772134 0
      vertex 7.6 5 8
    endloop
  endfacet
  facet normal 0.9807852804032307 0.19509032201612692 0
    outer loop
      vertex 7.577756639571907 5.339368099772134 0
      vertex 7.511407148351578 5.672929517266554 0
      vertex 7.577756639571907 5.339368099772134 8
    endloop
  endfacet
  facet normal 0.44228869021900186 -0.896872741532688 0
    outer loop
      vertex 6.3 2.74833395016046 0
      vertex 6.3 2.74833395016046 8
      vertex 5.994976924149233 2.5979132154706543 8
    endloop
  endfacet
  facet normal 0.5555702330196012 -0.8314696123025459 0
    outer loop
      vertex 6.5827797154226735 2.9372813152427883 0
      vertex 6.5827797154226735 2.9372813152427883 8
      vertex 6.3 2.74833395016046 8
    endloop
  endfacet
  facet normal 0.6593458151000693 -0.7518398074789772 0
    outer loop
      vertex 6.8384776310850235 3.1615223689149765 0
      vertex 6.8384776310850235 3.1615223689149765 8
      vertex 6.5827797154226735 2.9372813152427883 8
    endloop
  endfacet
  facet normal 0.7518398074789778 -0.6593458151000685 0
    outer loop
      vertex 7.062718684757211 3.4172202845773265 0
      vertex 7.062718684757211 3.4172202845773265 8
      vertex 6.8384776310850235 3.1615223689149765 8
    endloop
  endfacet
  facet normal 0.8314696123025447 -0.555570233019603 0
    outer loop
      vertex 7.251666049839541 3.7 0
      vertex 7.251666049839541 3.7 8
      vertex 7.062718684757211 3.4172202845773265 8
    endloop
  endfacet
  facet normal 0.896872741532689 -0.44228869021899975 0
    outer loop
      vertex 7.402086784529345 4.005023075850767 0
      vertex 7.402086784529345 4.005023075850767 8
      vertex 7.251666049839541 3.7 8
    endloop
  endfacet
  facet normal 0.9469301294951046 -0.3214394653031648 0
    outer loop
      vertex 7.511407148351578 4.327070482733446 0
      vertex 7.511407148351578 4.327070482733446 8
      vertex 7.402086784529345 4.005023075850767 8
    endloop
  endfacet
  facet normal 0.9807852804032307 -0.19509032201612692 0
    outer loop
      vertex 7.577756639571907 4.660631900227866 0
      vertex 7.577756639571907 4.660631900227866 8
      vertex 7.511407148351578 4.327070482733446 8
    endloop
  endfacet
  facet normal 0.9978589232386037 -0.06540312923014117 0
    outer loop
      vertex 7.6 5 0
      vertex 7.6 5 8
      vertex 7.577756639571907 4.660631900227866 8
    endloop
  endfacet
  facet normal 0.9978589232386037 0.06540312923014117 0
    outer loop
      vertex 7.577756639571907 5.339368099772134 0
      vertex 7.577756639571907 5.339368099772134 8
      vertex 7.6 5 8
    endloop
  endfacet
  facet normal 0.44228869021899975 0.896872741532689 1.0935374148585044e-18
    outer loop
      vertex 5.994976924149233 7.402086784529345 0
      vertex 6.3 7.251666049839541 8
      vertex 6.3 7.251666049839541 0
    endloop
  endfacet
  facet normal 0.555570233019603 0.8314696123025447 1.179480562028864e-18
    outer loop
      vertex 6.3 7.251666049839541 0
      vertex 6.5827797154226735 7.062718684757211 8
      vertex 6.5827797154226735 7.062718684757211 0
    endloop
  endfacet
  facet normal 0.7518398074789778 0.6593458151000685 5.097591667140331e-19
    outer loop
      vertex 6.8384776310850235 6.8384776310850235 0
      vertex 7.062718684757211 6.5827797154226735 8
      vertex 7.062718684757211 6.5827797154226735 0
    endloop
  endfacet
  facet normal 0.896872741532689 0.44228869021899975 0
    outer loop
      vertex 7.402086784529345 5.994976924149233 0
      vertex 7.251666049839541 6.3 0
      vertex 7.402086784529345 5.994976924149233 8
    endloop
  endfacet
  facet normal 0.8314696123025447 0.555570233019603 1.179480562028864e-18
    outer loop
      vertex 7.062718684757211 6.5827797154226735 0
      vertex 7.251666049839541 6.3 8
      vertex 7.251666049839541 6.3 0
    endloop
  endfacet
  facet normal 0.6593458151000685 0.7518398074789778 5.097591667140331e-19
    outer loop
      vertex 6.5827797154226735 7.062718684757211 0
      vertex 6.8384776310850235 6.8384776310850235 8
      vertex 6.8384776310850235 6.8384776310850235 0
    endloop
  endfacet
  facet normal 0.9469301294951046 0.3214394653031648 8.080715560235412e-19
    outer loop
      vertex 7.402086784529345 5.994976924149233 0
      vertex 7.511407148351578 5.672929517266554 8
      vertex 7.511407148351578 5.672929517266554 0
    endloop
  endfacet
  facet normal 0.44228869021899975 0.896872741532689 0
    outer loop
      vertex 5.994976924149233 7.402086784529345 0
      vertex 5.994976924149233 7.402086784529345 8
      vertex 6.3 7.251666049839541 8
    endloop
  endfacet
  facet normal 0.555570233019603 0.8314696123025447 0
    outer loop
      vertex 6.3 7.251666049839541 0
      vertex 6.3 7.251666049839541 8
      vertex 6.5827797154226735 7.062718684757211 8
    endloop
  endfacet
  facet normal 0.6593458151000685 0.7518398074789778 0
    outer loop
      vertex 6.5827797154226735 7.062718684757211 0
      vertex 6.5827797154226735 7.062718684757211 8
      vertex 6.8384776310850235 6.8384776310850235 8
    endloop
  endfacet
  facet normal 0.7518398074789778 0.6593458151000685 0
    outer loop
      vertex 6.8384776310850235 6.8384776310850235 0
      vertex 6.8384776310850235 6.8384776310850235 8
      vertex 7.062718684757211 6.5827797154226735 8
    endloop
  endfacet
  facet normal 0.896872741532689 0.44228869021899975 0
    outer loop
      vertex 7.251666049839541 6.3 0
      vertex 7.251666049839541 6.3 8
      vertex 7.402086784529345 5.994976924149233 8
    endloop
  endfacet
  facet normal 0.8314696123025447 0.555570233019603 0
    outer loop
      vertex 7.062718684757211 6.5827797154226735 0
      vertex 7.062718684757211 6.5827797154226735 8
      vertex 7.251666049839541 6.3 8
    endloop
  endfacet
  facet normal 0.9807852804032307 0.19509032201612692 0
    outer loop
      vertex 7.511407148351578 5.672929517266554 0
      vertex 7.511407148351578 5.672929517266554 8
      vertex 7.577756639571907 5.339368099772134 8
    endloop
  endfacet
  facet normal 0.9469301294951046 0.3214394653031648 0
    outer loop
      vertex 7.402086784529345 5.994976924149233 0
      vertex 7.402086784529345 5.994976924149233 8
      vertex 7.511407148351578 5.672929517266554 8
    endloop
  endfacet
  facet normal 0 0 1
    outer loop
      vertex 6.3 2.74833395016046 8
      vertex 6.5827797154226735 2.9372813152427883 8
      vertex 7.062718684757211 3.4172202845773265 8
    endloop
  endfacet
  facet normal 0 0 1
    outer loop
      vertex 6.5827797154226735 2.9372813152427883 8
      vertex 6.8384776310850235 3.1615223689149765 8
      vertex 7.062718684757211 3.4172202845773265 8
    endloop
  endfacet
  facet normal 0 0 1
    outer loop
      vertex 7.062718684757211 3.4172202845773265 8
      vertex 7.251666049839541 3.7 8
      vertex 7.511407148351578 4.327070482733446 8
    endloop
  endfacet
  facet normal 0 0 1
    outer loop
      vertex 7.251666049839541 3.7 8
      vertex 7.402086784529345 4.005023075850767 8
      vertex 7.511407148351578 4.327070482733446 8
    endloop
  endfacet
  facet normal 0 0 1
    outer loop
      vertex 7.062718684757211 3.4172202845773265 8
      vertex 7.511407148351578 5.672929517266554 8
      vertex 6.3 7.251666049839541 8
    endloop
  endfacet
  facet normal 0 0 1
    outer loop
      vertex 7.062718684757211 3.4172202845773265 8
      vertex 7.511407148351578 4.327070482733446 8
      vertex 7.511407148351578 5.672929517266554 8
    endloop
  endfacet
  facet normal 0 0 1
    outer loop
      vertex 7.511407148351578 4.327070482733446 8
      vertex 7.577756639571907 4.660631900227866 8
      vertex 7.6 5 8
    endloop
  endfacet
  facet normal 0 0 1
    outer loop
      vertex 7.511407148351578 4.327070482733446 8
      vertex 7.6 5 8
      vertex 7.511407148351578 5.672929517266554 8
    endloop
  endfacet
  facet normal 0 0 1
    outer loop
      vertex 7.6 5 8
      vertex 7.577756639571907 5.339368099772134 8
      vertex 7.511407148351578 5.672929517266554 8
    endloop
  endfacet
  facet normal 0 0 1
    outer loop
      vertex 6.3 7.251666049839541 8
      vertex 6.8384776310850235 6.8384776310850235 8
      vertex 6.5827797154226735 7.062718684757211 8
    endloop
  endfacet
  facet normal 0 0 1
    outer loop
      vertex 6.3 7.251666049839541 8
      vertex 7.062718684757211 6.5827797154226735 8
      vertex 6.8384776310850235 6.8384776310850235 8
    endloop
  endfacet
  facet normal 0 0 1
    outer loop
      vertex 6.3 7.251666049839541 8
      vertex 7.511407148351578 5.672929517266554 8
      vertex 7.062718684757211 6.5827797154226735 8
    endloop
  endfacet
  facet normal 0 0 1
    outer loop
      vertex 7.062718684757211 6.5827797154226735 8
      vertex 7.511407148351578 5.672929517266554 8
      vertex 7.402086784529345 5.994976924149233 8
    endloop
  endfacet
  facet normal 0 0 1
    outer loop
      vertex 7.062718684757211 6.5827797154226735 8
      vertex 7.402086784529345 5.994976924149233 8
      vertex 7.251666049839541 6.3 8
    endloop
  endfacet
  facet normal -0.9146761553027547 -0.4041874947602549 0
    outer loop
      vertex 2.4 82.89501214239701 0
      vertex 2.5979132154706543 82.44713460695351 0
      vertex 2.4 82.89501214239701 8
    endloop
  endfacet
  facet normal -0.8314696123025491 -0.5555702330195964 0
    outer loop
      vertex 2.74833395016046 82.14211153110274 0
      vertex 2.9372813152427883 81.85933181568006 0
      vertex 2.74833395016046 82.14211153110274 8
    endloop
  endfacet
  facet normal -0.8968727415326896 -0.44228869021899875 0
    outer loop
      vertex 2.5979132154706543 82.44713460695351 0
      vertex 2.74833395016046 82.14211153110274 0
      vertex 2.5979132154706543 82.44713460695351 8
    endloop
  endfacet
  facet normal -0.9146761553027547 -0.4041874947602549 0
    outer loop
      vertex 2.5979132154706543 82.44713460695351 0
      vertex 2.5979132154706543 82.44713460695351 8
      vertex 2.4 82.89501214239701 8
    endloop
  endfacet
  facet normal -0.8314696123025491 -0.5555702330195964 0
    outer loop
      vertex 2.9372813152427883 81.85933181568006 0
      vertex 2.9372813152427883 81.85933181568006 8
      vertex 2.74833395016046 82.14211153110274 8
    endloop
  endfacet
  facet normal -0.8968727415326896 -0.44228869021899875 0
    outer loop
      vertex 2.74833395016046 82.14211153110274 0
      vertex 2.74833395016046 82.14211153110274 8
      vertex 2.5979132154706543 82.44713460695351 8
    endloop
  endfacet
  facet normal -0.6593458151000685 -0.7518398074789778 5.097591667140331e-19
    outer loop
      vertex 3.4172202845773265 81.37939284634552 0
      vertex 3.1615223689149765 81.60363390001771 8
      vertex 3.1615223689149765 81.60363390001771 0
    endloop
  endfacet
  facet normal -0.5555702330195994 -0.8314696123025471 0
    outer loop
      vertex 3.4172202845773265 81.37939284634552 0
      vertex 3.7 81.1904454812632 0
      vertex 3.4172202845773265 81.37939284634552 8
    endloop
  endfacet
  facet normal -0.7518398074789806 -0.6593458151000654 0
    outer loop
      vertex 2.9372813152427883 81.85933181568006 0
      vertex 3.1615223689149765 81.60363390001771 0
      vertex 2.9372813152427883 81.85933181568006 8
    endloop
  endfacet
  facet normal -0.4422886902189956 -0.8968727415326913 0
    outer loop
      vertex 3.7 81.1904454812632 0
      vertex 4.005023075850767 81.0400247465734 0
      vertex 3.7 81.1904454812632 8
    endloop
  endfacet
  facet normal -0.32143946530316947 -0.9469301294951029 0
    outer loop
      vertex 4.005023075850767 81.0400247465734 0
      vertex 4.327070482733446 80.93070438275116 0
      vertex 4.005023075850767 81.0400247465734 8
    endloop
  endfacet
  facet normal -0.19509032201610682 -0.9807852804032346 0
    outer loop
      vertex 4.327070482733446 80.93070438275116 0
      vertex 4.660631900227866 80.86435489153084 0
      vertex 4.327070482733446 80.93070438275116 8
    endloop
  endfacet
  facet normal -0.06540312923014117 -0.9978589232386037 0
    outer loop
      vertex 4.660631900227866 80.86435489153084 0
      vertex 5 80.84211153110274 0
      vertex 4.660631900227866 80.86435489153084 8
    endloop
  endfacet
  facet normal 0.06540312923014117 -0.9978589232386037 0
    outer loop
      vertex 5 80.84211153110274 0
      vertex 5.339368099772134 80.86435489153084 0
      vertex 5 80.84211153110274 8
    endloop
  endfacet
  facet normal 0.19509032201610682 -0.9807852804032346 0
    outer loop
      vertex 5.339368099772134 80.86435489153084 0
      vertex 5.672929517266554 80.93070438275116 0
      vertex 5.339368099772134 80.86435489153084 8
    endloop
  endfacet
  facet normal 0.32143946530316947 -0.9469301294951029 0
    outer loop
      vertex 5.672929517266554 80.93070438275116 0
      vertex 5.994976924149233 81.0400247465734 0
      vertex 5.672929517266554 80.93070438275116 8
    endloop
  endfacet
  facet normal -0.6593458151000685 -0.7518398074789778 0
    outer loop
      vertex 3.4172202845773265 81.37939284634552 0
      vertex 3.4172202845773265 81.37939284634552 8
      vertex 3.1615223689149765 81.60363390001771 8
    endloop
  endfacet
  facet normal -0.5555702330195994 -0.8314696123025471 0
    outer loop
      vertex 3.7 81.1904454812632 0
      vertex 3.7 81.1904454812632 8
      vertex 3.4172202845773265 81.37939284634552 8
    endloop
  endfacet
  facet normal -0.7518398074789806 -0.6593458151000654 0
    outer loop
      vertex 3.1615223689149765 81.60363390001771 0
      vertex 3.1615223689149765 81.60363390001771 8
      vertex 2.9372813152427883 81.85933181568006 8
    endloop
  endfacet
  facet normal -0.4422886902189956 -0.8968727415326913 0
    outer loop
      vertex 4.005023075850767 81.0400247465734 0
      vertex 4.005023075850767 81.0400247465734 8
      vertex 3.7 81.1904454812632 8
    endloop
  endfacet
  facet normal -0.32143946530316947 -0.9469301294951029 0
    outer loop
      vertex 4.327070482733446 80.93070438275116 0
      vertex 4.327070482733446 80.93070438275116 8
      vertex 4.005023075850767 81.0400247465734 8
    endloop
  endfacet
  facet normal -0.19509032201610682 -0.9807852804032346 0
    outer loop
      vertex 4.660631900227866 80.86435489153084 0
      vertex 4.660631900227866 80.86435489153084 8
      vertex 4.327070482733446 80.93070438275116 8
    endloop
  endfacet
  facet normal -0.06540312923014117 -0.9978589232386037 0
    outer loop
      vertex 5 80.84211153110274 0
      vertex 5 80.84211153110274 8
      vertex 4.660631900227866 80.86435489153084 8
    endloop
  endfacet
  facet normal 0.06540312923014117 -0.9978589232386037 0
    outer loop
      vertex 5.339368099772134 80.86435489153084 0
      vertex 5.339368099772134 80.86435489153084 8
      vertex 5 80.84211153110274 8
    endloop
  endfacet
  facet normal 0.19509032201610682 -0.9807852804032346 0
    outer loop
      vertex 5.672929517266554 80.93070438275116 0
      vertex 5.672929517266554 80.93070438275116 8
      vertex 5.339368099772134 80.86435489153084 8
    endloop
  endfacet
  facet normal 0.32143946530316947 -0.9469301294951029 3.246274620647288e-19
    outer loop
      vertex 5.672929517266554 80.93070438275116 8
      vertex 5.994976924149233 81.0400247465734 0
      vertex 5.994976924149233 81.0400247465734 8
    endloop
  endfacet
  facet normal 0.4041874947602557 0.9146761553027544 -8.337335703392249e-19
    outer loop
      vertex 5.547099389164533 86.0421115309 0
      vertex 5.994976924149233 85.84419831563208 8
      vertex 5.994976924149233 85.84419831563208 0
    endloop
  endfacet
  facet normal 0.4041874947602557 0.9146761553027544 0
    outer loop
      vertex 5.547099389164533 86.0421115309 0
      vertex 5.547099389164533 86.0421115309 8
      vertex 5.994976924149233 85.84419831563208 8
    endloop
  endfacet
  facet normal 0 0 1
    outer loop
      vertex 2.74833395016046 82.14211153110274 8
      vertex 2.9372813152427883 81.85933181568006 8
      vertex 3.1615223689149765 81.60363390001771 8
    endloop
  endfacet
  facet normal 0 0 1
    outer loop
      vertex 2.5979132154706543 82.44713460695351 8
      vertex 2.74833395016046 82.14211153110274 8
      vertex 3.1615223689149765 81.60363390001771 8
    endloop
  endfacet
  facet normal 0 0 1
    outer loop
      vertex 2.4 82.89501214239701 8
      vertex 2.5979132154706543 82.44713460695351 8
      vertex 2.4 85.44211155214465 8
    endloop
  endfacet
  facet normal 0 0 1
    outer loop
      vertex 2.5979132154706543 82.44713460695351 8
      vertex 3.1615223689149765 81.60363390001771 8
      vertex 2.4 85.44211155214465 8
    endloop
  endfacet
  facet normal 0 0 1
    outer loop
      vertex 3.4172202845773265 81.37939284634552 8
      vertex 4.005023075850767 81.0400247465734 8
      vertex 3.1615223689149765 81.60363390001771 8
    endloop
  endfacet
  facet normal 0 0 1
    outer loop
      vertex 3.4172202845773265 81.37939284634552 8
      vertex 3.7 81.1904454812632 8
      vertex 4.005023075850767 81.0400247465734 8
    endloop
  endfacet
  facet normal 0 0 1
    outer loop
      vertex 3.1615223689149765 81.60363390001771 8
      vertex 4.005023075850767 81.0400247465734 8
      vertex 4.660631900227866 80.86435489153084 8
    endloop
  endfacet
  facet normal 0 0 1
    outer loop
      vertex 4.005023075850767 81.0400247465734 8
      vertex 4.327070482733446 80.93070438275116 8
      vertex 4.660631900227866 80.86435489153084 8
    endloop
  endfacet
  facet normal 0 0 1
    outer loop
      vertex 2.4 85.44211155214465 8
      vertex 3.1615223689149765 81.60363390001771 8
      vertex 6.5827797154226735 81.37939284634552 8
    endloop
  endfacet
  facet normal 0 0 1
    outer loop
      vertex 3.1615223689149765 81.60363390001771 8
      vertex 4.660631900227866 80.86435489153084 8
      vertex 6.5827797154226735 81.37939284634552 8
    endloop
  endfacet
  facet normal 0 0 1
    outer loop
      vertex 4.660631900227866 80.86435489153084 8
      vertex 5 80.84211153110274 8
      vertex 5.672929517266554 80.93070438275116 8
    endloop
  endfacet
  facet normal 0 0 1
    outer loop
      vertex 5 80.84211153110274 8
      vertex 5.339368099772134 80.86435489153084 8
      vertex 5.672929517266554 80.93070438275116 8
    endloop
  endfacet
  facet normal 0 0 1
    outer loop
      vertex 4.660631900227866 80.86435489153084 8
      vertex 5.672929517266554 80.93070438275116 8
      vertex 6.5827797154226735 81.37939284634552 8
    endloop
  endfacet
  facet normal 0 0 1
    outer loop
      vertex 2.4 85.44211155214465 8
      vertex 6.5827797154226735 81.37939284634552 8
      vertex 2.405133083462715 85.52042724192142 8
    endloop
  endfacet
  facet normal 0 0 1
    outer loop
      vertex 2.405133083462715 85.52042724192142 8
      vertex 6.5827797154226735 81.37939284634552 8
      vertex 2.420444503426552 85.59740296006203 8
    endloop
  endfacet
  facet normal 0 0 1
    outer loop
      vertex 2.445672281086445 85.67172159254551 8
      vertex 6.5827797154226735 81.37939284634552 8
      vertex 2.480384759604931 85.74211152642965 8
    endloop
  endfacet
  facet normal 0 0 1
    outer loop
      vertex 2.420444503426552 85.59740296006203 8
      vertex 6.5827797154226735 81.37939284634552 8
      vertex 2.445672281086445 85.67172159254551 8
    endloop
  endfacet
  facet normal 0 0 1
    outer loop
      vertex 2.5239879935979843 85.80736839026213 8
      vertex 6.5827797154226735 81.37939284634552 8
      vertex 2.5757359340786934 85.86637559533119 8
    endloop
  endfacet
  facet normal 0 0 1
    outer loop
      vertex 2.480384759604931 85.74211152642965 8
      vertex 6.5827797154226735 81.37939284634552 8
      vertex 2.5239879935979843 85.80736839026213 8
    endloop
  endfacet
  facet normal 0 0 1
    outer loop
      vertex 2.5757359340786934 85.86637559533119 8
      vertex 6.5827797154226735 81.37939284634552 8
      vertex 2.6347431391477585 85.9181235358119 8
    endloop
  endfacet
  facet normal 0 0 1
    outer loop
      vertex 2.6347431391477585 85.9181235358119 8
      vertex 6.5827797154226735 81.37939284634552 8
      vertex 2.7000000029802322 85.96172676980495 8
    endloop
  endfacet
  facet normal 0 0 1
    outer loop
      vertex 2.7000000029802322 85.96172676980495 8
      vertex 6.5827797154226735 81.37939284634552 8
      vertex 2.770389936864376 85.99643924832344 8
    endloop
  endfacet
  facet normal 0 0 1
    outer loop
      vertex 2.770389936864376 85.99643924832344 8
      vertex 6.5827797154226735 81.37939284634552 8
      vertex 2.8447085693478584 86.02166702598333 8
    endloop
  endfacet
  facet normal 0 0 1
    outer loop
      vertex 2.8447085693478584 86.02166702598333 8
      vertex 6.5827797154226735 81.37939284634552 8
      vertex 2.9216842874884605 86.03697844594717 8
    endloop
  endfacet
  facet normal 0 0 1
    outer loop
      vertex 2.9216842874884605 86.03697844594717 8
      vertex 6.5827797154226735 81.37939284634552 8
      vertex 3 86.0421115309 8
    endloop
  endfacet
  facet normal 0 0 1
    outer loop
      vertex 3 86.0421115309 8
      vertex 6.5827797154226735 81.37939284634552 8
      vertex 5.547099389164533 86.0421115309 8
    endloop
  endfacet
  facet normal 0.4422886902189956 -0.8968727415326913 0
    outer loop
      vertex 5.994976924149233 81.0400247465734 0
      vertex 6.3 81.1904454812632 0
      vertex 5.994976924149233 81.0400247465734 8
    endloop
  endfacet
  facet normal 0.5555702330195994 -0.8314696123025471 0
    outer loop
      vertex 6.3 81.1904454812632 0
      vertex 6.5827797154226735 81.37939284634552 0
      vertex 6.3 81.1904454812632 8
    endloop
  endfacet
  facet normal 0.6593458151000685 -0.7518398074789778 0
    outer loop
      vertex 6.5827797154226735 81.37939284634552 0
      vertex 6.8384776310850235 81.60363390001771 0
      vertex 6.5827797154226735 81.37939284634552 8
    endloop
  endfacet
  facet normal 0.7518398074789812 -0.6593458151000646 0
    outer loop
      vertex 6.8384776310850235 81.60363390001771 0
      vertex 7.062718684757211 81.85933181568006 0
      vertex 6.8384776310850235 81.60363390001771 8
    endloop
  endfacet
  facet normal 0.8314696123025479 -0.5555702330195982 0
    outer loop
      vertex 7.062718684757211 81.85933181568006 0
      vertex 7.251666049839541 82.14211153110274 0
      vertex 7.062718684757211 81.85933181568006 8
    endloop
  endfacet
  facet normal 0.8968727415326906 -0.44228869021899664 0
    outer loop
      vertex 7.251666049839541 82.14211153110274 0
      vertex 7.402086784529345 82.44713460695351 0
      vertex 7.251666049839541 82.14211153110274 8
    endloop
  endfacet
  facet normal 0.9469301294951032 -0.3214394653031688 0
    outer loop
      vertex 7.402086784529345 82.44713460695351 0
      vertex 7.511407148351578 82.76918201383619 0
      vertex 7.402086784529345 82.44713460695351 8
    endloop
  endfacet
  facet normal 0.9807852804032309 -0.19509032201612542 0
    outer loop
      vertex 7.511407148351578 82.76918201383619 0
      vertex 7.577756639571907 83.10274343133061 0
      vertex 7.511407148351578 82.76918201383619 8
    endloop
  endfacet
  facet normal 0.4422886902189956 -0.8968727415326913 0
    outer loop
      vertex 6.3 81.1904454812632 0
      vertex 6.3 81.1904454812632 8
      vertex 5.994976924149233 81.0400247465734 8
    endloop
  endfacet
  facet normal 0.5555702330195994 -0.8314696123025471 0
    outer loop
      vertex 6.5827797154226735 81.37939284634552 0
      vertex 6.5827797154226735 81.37939284634552 8
      vertex 6.3 81.1904454812632 8
    endloop
  endfacet
  facet normal 0.6593458151000685 -0.7518398074789778 0
    outer loop
      vertex 6.8384776310850235 81.60363390001771 0
      vertex 6.8384776310850235 81.60363390001771 8
      vertex 6.5827797154226735 81.37939284634552 8
    endloop
  endfacet
  facet normal 0.7518398074789812 -0.6593458151000646 0
    outer loop
      vertex 7.062718684757211 81.85933181568006 0
      vertex 7.062718684757211 81.85933181568006 8
      vertex 6.8384776310850235 81.60363390001771 8
    endloop
  endfacet
  facet normal 0.8314696123025479 -0.5555702330195982 0
    outer loop
      vertex 7.251666049839541 82.14211153110274 0
      vertex 7.251666049839541 82.14211153110274 8
      vertex 7.062718684757211 81.85933181568006 8
    endloop
  endfacet
  facet normal 0.8968727415326906 -0.44228869021899664 0
    outer loop
      vertex 7.402086784529345 82.44713460695351 0
      vertex 7.402086784529345 82.44713460695351 8
      vertex 7.251666049839541 82.14211153110274 8
    endloop
  endfacet
  facet normal 0.9469301294951032 -0.3214394653031688 0
    outer loop
      vertex 7.511407148351578 82.76918201383619 0
      vertex 7.511407148351578 82.76918201383619 8
      vertex 7.402086784529345 82.44713460695351 8
    endloop
  endfacet
  facet normal 0.5555702330195994 0.8314696123025471 0
    outer loop
      vertex 6.5827797154226735 85.50483021585995 0
      vertex 6.3 85.69377758094228 0
      vertex 6.5827797154226735 85.50483021585995 8
    endloop
  endfacet
  facet normal 0.6593458151000685 0.7518398074789778 5.097591667140331e-19
    outer loop
      vertex 6.5827797154226735 85.50483021585995 0
      vertex 6.8384776310850235 85.28058916218777 8
      vertex 6.8384776310850235 85.28058916218777 0
    endloop
  endfacet
  facet normal 0.7518398074789812 0.6593458151000646 2.328823036865807e-19
    outer loop
      vertex 6.8384776310850235 85.28058916218777 0
      vertex 7.062718684757211 85.02489124652541 8
      vertex 7.062718684757211 85.02489124652541 0
    endloop
  endfacet
  facet normal 0.8314696123025479 0.5555702330195982 -7.104525795564387e-19
    outer loop
      vertex 7.062718684757211 85.02489124652541 0
      vertex 7.251666049839541 84.74211153110274 8
      vertex 7.251666049839541 84.74211153110274 0
    endloop
  endfacet
  facet normal 0.8968727415326906 0.44228869021899664 0
    outer loop
      vertex 7.402086784529345 84.43708845525197 0
      vertex 7.251666049839541 84.74211153110274 0
      vertex 7.402086784529345 84.43708845525197 8
    endloop
  endfacet
  facet normal 0.4422886902189956 0.8968727415326913 -1.2377111052372845e-18
    outer loop
      vertex 5.994976924149233 85.84419831563208 0
      vertex 6.3 85.69377758094228 8
      vertex 6.3 85.69377758094228 0
    endloop
  endfacet
  facet normal 0.9978589232386035 -0.06540312923014184 0
    outer loop
      vertex 7.577756639571907 83.10274343133061 0
      vertex 7.6 83.44211153110274 0
      vertex 7.577756639571907 83.10274343133061 8
    endloop
  endfacet
  facet normal 0.9978589232386035 0.06540312923014184 0
    outer loop
      vertex 7.6 83.44211153110274 0
      vertex 7.577756639571907 83.78147963087487 0
      vertex 7.6 83.44211153110274 8
    endloop
  endfacet
  facet normal 0.9807852804032309 0.19509032201612542 0
    outer loop
      vertex 7.577756639571907 83.78147963087487 0
      vertex 7.511407148351578 84.11504104836929 0
      vertex 7.577756639571907 83.78147963087487 8
    endloop
  endfacet
  facet normal 0.9469301294951032 0.3214394653031688 7.188933621871351e-19
    outer loop
      vertex 7.402086784529345 84.43708845525197 0
      vertex 7.511407148351578 84.11504104836929 8
      vertex 7.511407148351578 84.11504104836929 0
    endloop
  endfacet
  facet normal 0.5555702330195994 0.8314696123025471 0
    outer loop
      vertex 6.3 85.69377758094228 0
      vertex 6.3 85.69377758094228 8
      vertex 6.5827797154226735 85.50483021585995 8
    endloop
  endfacet
  facet normal 0.6593458151000685 0.7518398074789778 0
    outer loop
      vertex 6.5827797154226735 85.50483021585995 0
      vertex 6.5827797154226735 85.50483021585995 8
      vertex 6.8384776310850235 85.28058916218777 8
    endloop
  endfacet
  facet normal 0.7518398074789812 0.6593458151000646 0
    outer loop
      vertex 6.8384776310850235 85.28058916218777 0
      vertex 6.8384776310850235 85.28058916218777 8
      vertex 7.062718684757211 85.02489124652541 8
    endloop
  endfacet
  facet normal 0.8314696123025479 0.5555702330195982 0
    outer loop
      vertex 7.062718684757211 85.02489124652541 0
      vertex 7.062718684757211 85.02489124652541 8
      vertex 7.251666049839541 84.74211153110274 8
    endloop
  endfacet
  facet normal 0.8968727415326906 0.44228869021899664 0
    outer loop
      vertex 7.251666049839541 84.74211153110274 0
      vertex 7.251666049839541 84.74211153110274 8
      vertex 7.402086784529345 84.43708845525197 8
    endloop
  endfacet
  facet normal 0.4422886902189956 0.8968727415326913 0
    outer loop
      vertex 5.994976924149233 85.84419831563208 0
      vertex 5.994976924149233 85.84419831563208 8
      vertex 6.3 85.69377758094228 8
    endloop
  endfacet
  facet normal 0.9807852804032309 -0.19509032201612542 0
    outer loop
      vertex 7.577756639571907 83.10274343133061 0
      vertex 7.577756639571907 83.10274343133061 8
      vertex 7.511407148351578 82.76918201383619 8
    endloop
  endfacet
  facet normal 0.9978589232386035 -0.06540312923014184 0
    outer loop
      vertex 7.6 83.44211153110274 0
      vertex 7.6 83.44211153110274 8
      vertex 7.577756639571907 83.10274343133061 8
    endloop
  endfacet
  facet normal 0.9978589232386035 0.06540312923014184 0
    outer loop
      vertex 7.577756639571907 83.78147963087487 0
      vertex 7.577756639571907 83.78147963087487 8
      vertex 7.6 83.44211153110274 8
    endloop
  endfacet
  facet normal 0.9807852804032309 0.19509032201612542 0
    outer loop
      vertex 7.511407148351578 84.11504104836929 0
      vertex 7.511407148351578 84.11504104836929 8
      vertex 7.577756639571907 83.78147963087487 8
    endloop
  endfacet
  facet normal 0.9469301294951032 0.3214394653031688 0
    outer loop
      vertex 7.402086784529345 84.43708845525197 0
      vertex 7.402086784529345 84.43708845525197 8
      vertex 7.511407148351578 84.11504104836929 8
    endloop
  endfacet
  facet normal 0 0 1
    outer loop
      vertex 5.672929517266554 80.93070438275116 8
      vertex 5.994976924149233 81.0400247465734 8
      vertex 6.5827797154226735 81.37939284634552 8
    endloop
  endfacet
  facet normal 0 0 1
    outer loop
      vertex 5.994976924149233 81.0400247465734 8
      vertex 6.3 81.1904454812632 8
      vertex 6.5827797154226735 81.37939284634552 8
    endloop
  endfacet
  facet normal 0 0 1
    outer loop
      vertex 6.5827797154226735 81.37939284634552 8
      vertex 6.8384776310850235 81.60363390001771 8
      vertex 7.062718684757211 81.85933181568006 8
    endloop
  endfacet
  facet normal 0 0 1
    outer loop
      vertex 6.5827797154226735 81.37939284634552 8
      vertex 7.062718684757211 81.85933181568006 8
      vertex 7.402086784529345 82.44713460695351 8
    endloop
  endfacet
  facet normal 0 0 1
    outer loop
      vertex 7.062718684757211 81.85933181568006 8
      vertex 7.251666049839541 82.14211153110274 8
      vertex 7.402086784529345 82.44713460695351 8
    endloop
  endfacet
  facet normal 0 0 1
    outer loop
      vertex 6.5827797154226735 81.37939284634552 8
      vertex 7.402086784529345 82.44713460695351 8
      vertex 7.6 83.44211153110274 8
    endloop
  endfacet
  facet normal 0 0 1
    outer loop
      vertex 7.402086784529345 82.44713460695351 8
      vertex 7.511407148351578 82.76918201383619 8
      vertex 7.6 83.44211153110274 8
    endloop
  endfacet
  facet normal 0 0 1
    outer loop
      vertex 5.547099389164533 86.0421115309 8
      vertex 6.5827797154226735 81.37939284634552 8
      vertex 6.8384776310850235 85.28058916218777 8
    endloop
  endfacet
  facet normal 0 0 1
    outer loop
      vertex 6.5827797154226735 85.50483021585995 8
      vertex 5.994976924149233 85.84419831563208 8
      vertex 6.8384776310850235 85.28058916218777 8
    endloop
  endfacet
  facet normal 0 0 1
    outer loop
      vertex 6.5827797154226735 81.37939284634552 8
      vertex 7.6 83.44211153110274 8
      vertex 6.8384776310850235 85.28058916218777 8
    endloop
  endfacet
  facet normal 0 0 1
    outer loop
      vertex 6.8384776310850235 85.28058916218777 8
      vertex 7.402086784529345 84.43708845525197 8
      vertex 7.062718684757211 85.02489124652541 8
    endloop
  endfacet
  facet normal 0 0 1
    outer loop
      vertex 7.062718684757211 85.02489124652541 8
      vertex 7.402086784529345 84.43708845525197 8
      vertex 7.251666049839541 84.74211153110274 8
    endloop
  endfacet
  facet normal 0 0 1
    outer loop
      vertex 6.8384776310850235 85.28058916218777 8
      vertex 7.6 83.44211153110274 8
      vertex 7.402086784529345 84.43708845525197 8
    endloop
  endfacet
  facet normal 0 0 1
    outer loop
      vertex 5.547099389164533 86.0421115309 8
      vertex 6.8384776310850235 85.28058916218777 8
      vertex 5.994976924149233 85.84419831563208 8
    endloop
  endfacet
  facet normal 0 0 1
    outer loop
      vertex 6.5827797154226735 85.50483021585995 8
      vertex 6.3 85.69377758094228 8
      vertex 5.994976924149233 85.84419831563208 8
    endloop
  endfacet
  facet normal 0 0 1
    outer loop
      vertex 7.511407148351578 82.76918201383619 8
      vertex 7.577756639571907 83.10274343133061 8
      vertex 7.6 83.44211153110274 8
    endloop
  endfacet
  facet normal 0 0 1
    outer loop
      vertex 7.6 83.44211153110274 8
      vertex 7.577756639571907 83.78147963087487 8
      vertex 7.511407148351578 84.11504104836929 8
    endloop
  endfacet
  facet normal 0 0 1
    outer loop
      vertex 7.402086784529345 84.43708845525197 8
      vertex 7.6 83.44211153110274 8
      vertex 7.511407148351578 84.11504104836929 8
    endloop
  endfacet
  facet normal -0.9469301294951029 -0.32143946530316947 0
    outer loop
      vertex 40.088592851648414 4.327070482733446 0
      vertex 40.19791321547065 4.005023075850767 0
      vertex 40.088592851648414 4.327070482733446 8
    endloop
  endfacet
  facet normal -0.9807852804032307 -0.19509032201612692 -5.337210158390252e-19
    outer loop
      vertex 40.088592851648414 4.327070482733446 0
      vertex 40.022243360428085 4.660631900227866 8
      vertex 40.022243360428085 4.660631900227866 0
    endloop
  endfacet
  facet normal -0.9978589232386037 -0.06540312923014117 -1.4478574320782587e-19
    outer loop
      vertex 40.022243360428085 4.660631900227866 0
      vertex 39.99999999999999 5 8
      vertex 39.99999999999999 5 0
    endloop
  endfacet
  facet normal -0.9978589232386037 0.06540312923014117 1.4478574320782587e-19
    outer loop
      vertex 39.99999999999999 5 0
      vertex 40.022243360428085 5.339368099772134 8
      vertex 40.022243360428085 5.339368099772134 0
    endloop
  endfacet
  facet normal -0.4422886902190071 -0.8968727415326855 0
    outer loop
      vertex 41.3 2.74833395016046 0
      vertex 41.60502307585076 2.5979132154706543 0
      vertex 41.3 2.74833395016046 8
    endloop
  endfacet
  facet normal -0.8968727415326913 -0.4422886902189956 -1.2377111052372845e-18
    outer loop
      vertex 40.34833395016045 3.7 0
      vertex 40.19791321547065 4.005023075850767 8
      vertex 40.19791321547065 4.005023075850767 0
    endloop
  endfacet
  facet normal -0.8314696123025471 -0.5555702330195994 0
    outer loop
      vertex 40.34833395016045 3.7 0
      vertex 40.53728131524278 3.4172202845773265 0
      vertex 40.34833395016045 3.7 8
    endloop
  endfacet
  facet normal -0.7518398074789778 -0.6593458151000685 0
    outer loop
      vertex 40.53728131524278 3.4172202845773265 0
      vertex 40.76152236891497 3.1615223689149765 0
      vertex 40.53728131524278 3.4172202845773265 8
    endloop
  endfacet
  facet normal -0.6593458151000654 -0.7518398074789806 0
    outer loop
      vertex 40.76152236891497 3.1615223689149765 0
      vertex 41.01722028457732 2.9372813152427883 0
      vertex 40.76152236891497 3.1615223689149765 8
    endloop
  endfacet
  facet normal -0.5555702330195964 -0.8314696123025491 -2.1108654022605504e-19
    outer loop
      vertex 41.3 2.74833395016046 0
      vertex 41.01722028457732 2.9372813152427883 8
      vertex 41.01722028457732 2.9372813152427883 0
    endloop
  endfacet
  facet normal -0.9469301294951029 -0.32143946530316947 0
    outer loop
      vertex 40.19791321547065 4.005023075850767 0
      vertex 40.19791321547065 4.005023075850767 8
      vertex 40.088592851648414 4.327070482733446 8
    endloop
  endfacet
  facet normal -0.9807852804032307 -0.19509032201612692 0
    outer loop
      vertex 40.088592851648414 4.327070482733446 0
      vertex 40.088592851648414 4.327070482733446 8
      vertex 40.022243360428085 4.660631900227866 8
    endloop
  endfacet
  facet normal -0.9978589232386037 -0.06540312923014117 0
    outer loop
      vertex 40.022243360428085 4.660631900227866 0
      vertex 40.022243360428085 4.660631900227866 8
      vertex 39.99999999999999 5 8
    endloop
  endfacet
  facet normal -0.9978589232386037 0.06540312923014117 0
    outer loop
      vertex 39.99999999999999 5 0
      vertex 39.99999999999999 5 8
      vertex 40.022243360428085 5.339368099772134 8
    endloop
  endfacet
  facet normal -0.9807852804032307 0.19509032201612692 0
    outer loop
      vertex 40.022243360428085 5.339368099772134 0
      vertex 40.022243360428085 5.339368099772134 8
      vertex 40.088592851648414 5.672929517266554 8
    endloop
  endfacet
  facet normal -0.4422886902190071 -0.8968727415326855 0
    outer loop
      vertex 41.60502307585076 2.5979132154706543 0
      vertex 41.60502307585076 2.5979132154706543 8
      vertex 41.3 2.74833395016046 8
    endloop
  endfacet
  facet normal -0.8968727415326913 -0.4422886902189956 0
    outer loop
      vertex 40.34833395016045 3.7 0
      vertex 40.34833395016045 3.7 8
      vertex 40.19791321547065 4.005023075850767 8
    endloop
  endfacet
  facet normal -0.8314696123025471 -0.5555702330195994 0
    outer loop
      vertex 40.53728131524278 3.4172202845773265 0
      vertex 40.53728131524278 3.4172202845773265 8
      vertex 40.34833395016045 3.7 8
    endloop
  endfacet
  facet normal -0.7518398074789778 -0.6593458151000685 0
    outer loop
      vertex 40.76152236891497 3.1615223689149765 0
      vertex 40.76152236891497 3.1615223689149765 8
      vertex 40.53728131524278 3.4172202845773265 8
    endloop
  endfacet
  facet normal -0.6593458151000654 -0.7518398074789806 0
    outer loop
      vertex 41.01722028457732 2.9372813152427883 0
      vertex 41.01722028457732 2.9372813152427883 8
      vertex 40.76152236891497 3.1615223689149765 8
    endloop
  endfacet
  facet normal -0.5555702330195964 -0.8314696123025491 0
    outer loop
      vertex 41.3 2.74833395016046 0
      vertex 41.3 2.74833395016046 8
      vertex 41.01722028457732 2.9372813152427883 8
    endloop
  endfacet
  facet normal -0.9807852804032307 0.19509032201612692 5.337210158390252e-19
    outer loop
      vertex 40.022243360428085 5.339368099772134 0
      vertex 40.088592851648414 5.672929517266554 8
      vertex 40.088592851648414 5.672929517266554 0
    endloop
  endfacet
  facet normal -0.9469301294951029 0.32143946530316947 3.246274620647288e-19
    outer loop
      vertex 40.088592851648414 5.672929517266554 0
      vertex 40.19791321547065 5.994976924149233 8
      vertex 40.19791321547065 5.994976924149233 0
    endloop
  endfacet
  facet normal -0.8968727415326913 0.4422886902189956 1.2377111052372845e-18
    outer loop
      vertex 40.19791321547065 5.994976924149233 0
      vertex 40.34833395016045 6.3 8
      vertex 40.34833395016045 6.3 0
    endloop
  endfacet
  facet normal -0.8314696123025471 0.5555702330195994 3.7212915781586097e-19
    outer loop
      vertex 40.34833395016045 6.3 0
      vertex 40.53728131524278 6.5827797154226735 8
      vertex 40.53728131524278 6.5827797154226735 0
    endloop
  endfacet
  facet normal -0.7518398074789778 0.6593458151000685 -5.097591667140331e-19
    outer loop
      vertex 40.53728131524278 6.5827797154226735 0
      vertex 40.76152236891497 6.8384776310850235 8
      vertex 40.76152236891497 6.8384776310850235 0
    endloop
  endfacet
  facet normal -0.6593458151000646 0.7518398074789812 -2.328823036865807e-19
    outer loop
      vertex 40.76152236891497 6.8384776310850235 0
      vertex 41.01722028457732 7.062718684757211 8
      vertex 41.01722028457732 7.062718684757211 0
    endloop
  endfacet
  facet normal -0.5555702330195982 0.8314696123025479 7.104525795564387e-19
    outer loop
      vertex 41.01722028457732 7.062718684757211 0
      vertex 41.3 7.251666049839541 8
      vertex 41.3 7.251666049839541 0
    endloop
  endfacet
  facet normal -0.44228869021900497 0.8968727415326866 7.700733337318506e-19
    outer loop
      vertex 41.3 7.251666049839541 0
      vertex 41.60502307585076 7.402086784529345 8
      vertex 41.60502307585076 7.402086784529345 0
    endloop
  endfacet
  facet normal -0.9469301294951029 0.32143946530316947 0
    outer loop
      vertex 40.088592851648414 5.672929517266554 0
      vertex 40.088592851648414 5.672929517266554 8
      vertex 40.19791321547065 5.994976924149233 8
    endloop
  endfacet
  facet normal -0.8968727415326913 0.4422886902189956 0
    outer loop
      vertex 40.19791321547065 5.994976924149233 0
      vertex 40.19791321547065 5.994976924149233 8
      vertex 40.34833395016045 6.3 8
    endloop
  endfacet
  facet normal -0.8314696123025471 0.5555702330195994 0
    outer loop
      vertex 40.34833395016045 6.3 0
      vertex 40.34833395016045 6.3 8
      vertex 40.53728131524278 6.5827797154226735 8
    endloop
  endfacet
  facet normal -0.7518398074789778 0.6593458151000685 0
    outer loop
      vertex 40.53728131524278 6.5827797154226735 0
      vertex 40.53728131524278 6.5827797154226735 8
      vertex 40.76152236891497 6.8384776310850235 8
    endloop
  endfacet
  facet normal -0.6593458151000646 0.7518398074789812 0
    outer loop
      vertex 40.76152236891497 6.8384776310850235 0
      vertex 40.76152236891497 6.8384776310850235 8
      vertex 41.01722028457732 7.062718684757211 8
    endloop
  endfacet
  facet normal -0.5555702330195982 0.8314696123025479 0
    outer loop
      vertex 41.01722028457732 7.062718684757211 0
      vertex 41.01722028457732 7.062718684757211 8
      vertex 41.3 7.251666049839541 8
    endloop
  endfacet
  facet normal -0.44228869021900497 0.8968727415326866 0
    outer loop
      vertex 41.3 7.251666049839541 0
      vertex 41.3 7.251666049839541 8
      vertex 41.60502307585076 7.402086784529345 8
    endloop
  endfacet
  facet normal 0 0 1
    outer loop
      vertex 40.088592851648414 4.327070482733446 8
      vertex 39.99999999999999 5 8
      vertex 40.022243360428085 4.660631900227866 8
    endloop
  endfacet
  facet normal 0 0 1
    outer loop
      vertex 40.088592851648414 4.327070482733446 8
      vertex 40.088592851648414 5.672929517266554 8
      vertex 39.99999999999999 5 8
    endloop
  endfacet
  facet normal 0 0 1
    outer loop
      vertex 39.99999999999999 5 8
      vertex 40.088592851648414 5.672929517266554 8
      vertex 40.022243360428085 5.339368099772134 8
    endloop
  endfacet
  facet normal 0 0 1
    outer loop
      vertex 40.088592851648414 4.327070482733446 8
      vertex 40.19791321547065 4.005023075850767 8
      vertex 40.53728131524278 3.4172202845773265 8
    endloop
  endfacet
  facet normal 0 0 1
    outer loop
      vertex 40.34833395016045 3.7 8
      vertex 40.53728131524278 3.4172202845773265 8
      vertex 40.19791321547065 4.005023075850767 8
    endloop
  endfacet
  facet normal 0 0 1
    outer loop
      vertex 41.3 2.74833395016046 8
      vertex 40.53728131524278 3.4172202845773265 8
      vertex 40.76152236891497 3.1615223689149765 8
    endloop
  endfacet
  facet normal 0 0 1
    outer loop
      vertex 40.088592851648414 4.327070482733446 8
      vertex 40.53728131524278 3.4172202845773265 8
      vertex 40.088592851648414 5.672929517266554 8
    endloop
  endfacet
  facet normal 0 0 1
    outer loop
      vertex 40.53728131524278 3.4172202845773265 8
      vertex 41.3 7.251666049839541 8
      vertex 40.088592851648414 5.672929517266554 8
    endloop
  endfacet
  facet normal 0 0 1
    outer loop
      vertex 41.3 2.74833395016046 8
      vertex 40.76152236891497 3.1615223689149765 8
      vertex 41.01722028457732 2.9372813152427883 8
    endloop
  endfacet
  facet normal 0 0 1
    outer loop
      vertex 41.3 2.74833395016046 8
      vertex 42.052900614666385 2.399999998509884 8
      vertex 40.53728131524278 3.4172202845773265 8
    endloop
  endfacet
  facet normal 0 0 1
    outer loop
      vertex 40.53728131524278 3.4172202845773265 8
      vertex 42.052900614666385 2.399999998509884 8
      vertex 41.3 7.251666049839541 8
    endloop
  endfacet
  facet normal 0 0 1
    outer loop
      vertex 40.088592851648414 5.672929517266554 8
      vertex 40.53728131524278 6.5827797154226735 8
      vertex 40.19791321547065 5.994976924149233 8
    endloop
  endfacet
  facet normal 0 0 1
    outer loop
      vertex 40.19791321547065 5.994976924149233 8
      vertex 40.53728131524278 6.5827797154226735 8
      vertex 40.34833395016045 6.3 8
    endloop
  endfacet
  facet normal 0 0 1
    outer loop
      vertex 40.088592851648414 5.672929517266554 8
      vertex 41.3 7.251666049839541 8
      vertex 40.53728131524278 6.5827797154226735 8
    endloop
  endfacet
  facet normal 0 0 1
    outer loop
      vertex 40.53728131524278 6.5827797154226735 8
      vertex 41.01722028457732 7.062718684757211 8
      vertex 40.76152236891497 6.8384776310850235 8
    endloop
  endfacet
  facet normal 0 0 1
    outer loop
      vertex 40.53728131524278 6.5827797154226735 8
      vertex 41.3 7.251666049839541 8
      vertex 41.01722028457732 7.062718684757211 8
    endloop
  endfacet
  facet normal 0 0 1
    outer loop
      vertex 41.3 7.251666049839541 8
      vertex 41.92707048273344 7.511407148351578 8
      vertex 41.60502307585076 7.402086784529345 8
    endloop
  endfacet
  facet normal -0.404187494760257 -0.9146761553027537 0
    outer loop
      vertex 41.60502307585076 2.5979132154706543 0
      vertex 42.052900614666385 2.399999998509884 0
      vertex 41.60502307585076 2.5979132154706543 8
    endloop
  endfacet
  facet normal -0.404187494760257 -0.9146761553027537 -7.88148739266799e-19
    outer loop
      vertex 41.60502307585076 2.5979132154706543 8
      vertex 42.052900614666385 2.399999998509884 0
      vertex 42.052900614666385 2.399999998509884 8
    endloop
  endfacet
  facet normal -0.3214394653031625 0.9469301294951055 -8.6157847232538395e-19
    outer loop
      vertex 41.60502307585076 7.402086784529345 0
      vertex 41.92707048273344 7.511407148351578 8
      vertex 41.92707048273344 7.511407148351578 0
    endloop
  endfacet
  facet normal -0.19509032201612944 0.9807852804032302 6.263637603041872e-19
    outer loop
      vertex 41.92707048273344 7.511407148351578 0
      vertex 42.26063190022786 7.577756639571907 8
      vertex 42.26063190022786 7.577756639571907 0
    endloop
  endfacet
  facet normal -0.0654031292301405 0.9978589232386037 -1.3932095804386288e-19
    outer loop
      vertex 42.26063190022786 7.577756639571907 0
      vertex 42.599999999999994 7.6 8
      vertex 42.599999999999994 7.6 0
    endloop
  endfacet
  facet normal 0.0654031292301405 0.9978589232386037 1.3932095804386288e-19
    outer loop
      vertex 42.599999999999994 7.6 0
      vertex 42.93936809977213 7.577756639571907 8
      vertex 42.93936809977213 7.577756639571907 0
    endloop
  endfacet
  facet normal 0.19509032201612944 0.9807852804032302 -6.263637603041872e-19
    outer loop
      vertex 42.93936809977213 7.577756639571907 0
      vertex 43.27292951726655 7.511407148351578 8
      vertex 43.27292951726655 7.511407148351578 0
    endloop
  endfacet
  facet normal 0.3214394653031625 0.9469301294951055 8.6157847232538395e-19
    outer loop
      vertex 43.27292951726655 7.511407148351578 0
      vertex 43.59497692414923 7.402086784529345 8
      vertex 43.59497692414923 7.402086784529345 0
    endloop
  endfacet
  facet normal 0.44228869021900497 0.8968727415326866 -7.700733337318506e-19
    outer loop
      vertex 43.59497692414923 7.402086784529345 0
      vertex 43.89999999999999 7.251666049839541 8
      vertex 43.89999999999999 7.251666049839541 0
    endloop
  endfacet
  facet normal 0.7518398074789778 0.6593458151000685 5.097591667140331e-19
    outer loop
      vertex 44.43847763108502 6.8384776310850235 0
      vertex 44.66271868475721 6.5827797154226735 8
      vertex 44.66271868475721 6.5827797154226735 0
    endloop
  endfacet
  facet normal 0.5555702330195982 0.8314696123025479 -7.104525795564387e-19
    outer loop
      vertex 43.89999999999999 7.251666049839541 0
      vertex 44.18277971542267 7.062718684757211 8
      vertex 44.18277971542267 7.062718684757211 0
    endloop
  endfacet
  facet normal 0.6593458151000646 0.7518398074789812 0
    outer loop
      vertex 44.43847763108502 6.8384776310850235 0
      vertex 44.18277971542267 7.062718684757211 0
      vertex 44.43847763108502 6.8384776310850235 8
    endloop
  endfacet
  facet normal -0.3214394653031625 0.9469301294951055 0
    outer loop
      vertex 41.60502307585076 7.402086784529345 0
      vertex 41.60502307585076 7.402086784529345 8
      vertex 41.92707048273344 7.511407148351578 8
    endloop
  endfacet
  facet normal -0.19509032201612944 0.9807852804032302 0
    outer loop
      vertex 41.92707048273344 7.511407148351578 0
      vertex 41.92707048273344 7.511407148351578 8
      vertex 42.26063190022786 7.577756639571907 8
    endloop
  endfacet
  facet normal -0.0654031292301405 0.9978589232386037 0
    outer loop
      vertex 42.26063190022786 7.577756639571907 0
      vertex 42.26063190022786 7.577756639571907 8
      vertex 42.599999999999994 7.6 8
    endloop
  endfacet
  facet normal 0.0654031292301405 0.9978589232386037 0
    outer loop
      vertex 42.599999999999994 7.6 0
      vertex 42.599999999999994 7.6 8
      vertex 42.93936809977213 7.577756639571907 8
    endloop
  endfacet
  facet normal 0.19509032201612944 0.9807852804032302 0
    outer loop
      vertex 42.93936809977213 7.577756639571907 0
      vertex 42.93936809977213 7.577756639571907 8
      vertex 43.27292951726655 7.511407148351578 8
    endloop
  endfacet
  facet normal 0.3214394653031625 0.9469301294951055 0
    outer loop
      vertex 43.27292951726655 7.511407148351578 0
      vertex 43.27292951726655 7.511407148351578 8
      vertex 43.59497692414923 7.402086784529345 8
    endloop
  endfacet
  facet normal 0.44228869021900497 0.8968727415326866 0
    outer loop
      vertex 43.59497692414923 7.402086784529345 0
      vertex 43.59497692414923 7.402086784529345 8
      vertex 43.89999999999999 7.251666049839541 8
    endloop
  endfacet
  facet normal 0.7518398074789778 0.6593458151000685 0
    outer loop
      vertex 44.43847763108502 6.8384776310850235 0
      vertex 44.43847763108502 6.8384776310850235 8
      vertex 44.66271868475721 6.5827797154226735 8
    endloop
  endfacet
  facet normal 0.5555702330195982 0.8314696123025479 0
    outer loop
      vertex 43.89999999999999 7.251666049839541 0
      vertex 43.89999999999999 7.251666049839541 8
      vertex 44.18277971542267 7.062718684757211 8
    endloop
  endfacet
  facet normal 0.6593458151000646 0.7518398074789812 0
    outer loop
      vertex 44.18277971542267 7.062718684757211 0
      vertex 44.18277971542267 7.062718684757211 8
      vertex 44.43847763108502 6.8384776310850235 8
    endloop
  endfacet
  facet normal 0.8968727415326913 0.4422886902189956 -1.2377111052372845e-18
    outer loop
      vertex 44.85166604983954 6.3 0
      vertex 45.00208678452934 5.994976924149233 8
      vertex 45.00208678452934 5.994976924149233 0
    endloop
  endfacet
  facet normal 0.8314696123025471 0.5555702330195994 -3.7212915781586097e-19
    outer loop
      vertex 44.66271868475721 6.5827797154226735 0
      vertex 44.85166604983954 6.3 8
      vertex 44.85166604983954 6.3 0
    endloop
  endfacet
  facet normal 0.9146761553027545 0.40418749476025523 0
    outer loop
      vertex 45.00208678452934 5.994976924149233 0
      vertex 45.00208678452934 5.994976924149233 8
      vertex 45.199999999999996 5.547099388705734 0
    endloop
  endfacet
  facet normal 0.8968727415326913 0.4422886902189956 0
    outer loop
      vertex 44.85166604983954 6.3 0
      vertex 44.85166604983954 6.3 8
      vertex 45.00208678452934 5.994976924149233 8
    endloop
  endfacet
  facet normal 0.8314696123025471 0.5555702330195994 0
    outer loop
      vertex 44.66271868475721 6.5827797154226735 0
      vertex 44.66271868475721 6.5827797154226735 8
      vertex 44.85166604983954 6.3 8
    endloop
  endfacet
  facet normal 0.9146761553027545 0.40418749476025523 0
    outer loop
      vertex 45.199999999999996 5.547099388705734 0
      vertex 45.00208678452934 5.994976924149233 8
      vertex 45.199999999999996 5.547099388705734 8
    endloop
  endfacet
  facet normal 0 0 1
    outer loop
      vertex 41.3 2.74833395016046 8
      vertex 41.60502307585076 2.5979132154706543 8
      vertex 42.052900614666385 2.399999998509884 8
    endloop
  endfacet
  facet normal 0 0 1
    outer loop
      vertex 41.3 7.251666049839541 8
      vertex 42.052900614666385 2.399999998509884 8
      vertex 44.600000001490116 2.399999998509884 8
    endloop
  endfacet
  facet normal 0 0 1
    outer loop
      vertex 41.3 7.251666049839541 8
      vertex 44.600000001490116 2.399999998509884 8
      vertex 44.678315714001656 2.405133083462715 8
    endloop
  endfacet
  facet normal 0 0 1
    outer loop
      vertex 41.3 7.251666049839541 8
      vertex 44.678315714001656 2.405133083462715 8
      vertex 44.75529143214226 2.420444503426552 8
    endloop
  endfacet
  facet normal 0 0 1
    outer loop
      vertex 41.3 7.251666049839541 8
      vertex 44.75529143214226 2.420444503426552 8
      vertex 44.82961006462574 2.445672281086445 8
    endloop
  endfacet
  facet normal 0 0 1
    outer loop
      vertex 41.3 7.251666049839541 8
      vertex 44.82961006462574 2.445672281086445 8
      vertex 44.899999998509884 2.480384759604931 8
    endloop
  endfacet
  facet normal 0 0 1
    outer loop
      vertex 41.3 7.251666049839541 8
      vertex 44.899999998509884 2.480384759604931 8
      vertex 44.96525686234236 2.5239879935979843 8
    endloop
  endfacet
  facet normal 0 0 1
    outer loop
      vertex 41.3 7.251666049839541 8
      vertex 44.96525686234236 2.5239879935979843 8
      vertex 45.02426406741142 2.5757359340786934 8
    endloop
  endfacet
  facet normal 0 0 1
    outer loop
      vertex 41.3 7.251666049839541 8
      vertex 45.07601200789213 2.6347431391477585 8
      vertex 45.119615241885185 2.7000000029802322 8
    endloop
  endfacet
  facet normal 0 0 1
    outer loop
      vertex 41.3 7.251666049839541 8
      vertex 45.02426406741142 2.5757359340786934 8
      vertex 45.07601200789213 2.6347431391477585 8
    endloop
  endfacet
  facet normal 0 0 1
    outer loop
      vertex 41.3 7.251666049839541 8
      vertex 45.119615241885185 2.7000000029802322 8
      vertex 45.199999999999996 2.999999954530395 8
    endloop
  endfacet
  facet normal 0 0 1
    outer loop
      vertex 41.3 7.251666049839541 8
      vertex 42.26063190022786 7.577756639571907 8
      vertex 41.92707048273344 7.511407148351578 8
    endloop
  endfacet
  facet normal 0 0 1
    outer loop
      vertex 41.3 7.251666049839541 8
      vertex 43.27292951726655 7.511407148351578 8
      vertex 42.26063190022786 7.577756639571907 8
    endloop
  endfacet
  facet normal 0 0 1
    outer loop
      vertex 42.26063190022786 7.577756639571907 8
      vertex 43.27292951726655 7.511407148351578 8
      vertex 42.599999999999994 7.6 8
    endloop
  endfacet
  facet normal 0 0 1
    outer loop
      vertex 42.599999999999994 7.6 8
      vertex 43.27292951726655 7.511407148351578 8
      vertex 42.93936809977213 7.577756639571907 8
    endloop
  endfacet
  facet normal 0 0 1
    outer loop
      vertex 41.3 7.251666049839541 8
      vertex 44.66271868475721 6.5827797154226735 8
      vertex 43.27292951726655 7.511407148351578 8
    endloop
  endfacet
  facet normal 0 0 1
    outer loop
      vertex 41.3 7.251666049839541 8
      vertex 45.199999999999996 2.999999954530395 8
      vertex 44.66271868475721 6.5827797154226735 8
    endloop
  endfacet
  facet normal 0 0 1
    outer loop
      vertex 43.27292951726655 7.511407148351578 8
      vertex 43.89999999999999 7.251666049839541 8
      vertex 43.59497692414923 7.402086784529345 8
    endloop
  endfacet
  facet normal 0 0 1
    outer loop
      vertex 43.27292951726655 7.511407148351578 8
      vertex 44.18277971542267 7.062718684757211 8
      vertex 43.89999999999999 7.251666049839541 8
    endloop
  endfacet
  facet normal 0 0 1
    outer loop
      vertex 44.43847763108502 6.8384776310850235 8
      vertex 44.18277971542267 7.062718684757211 8
      vertex 44.66271868475721 6.5827797154226735 8
    endloop
  endfacet
  facet normal 0 0 1
    outer loop
      vertex 43.27292951726655 7.511407148351578 8
      vertex 44.66271868475721 6.5827797154226735 8
      vertex 44.18277971542267 7.062718684757211 8
    endloop
  endfacet
  facet normal 0 0 1
    outer loop
      vertex 45.119615241885185 2.7000000029802322 8
      vertex 45.15432772040367 2.770389936864376 8
      vertex 45.199999999999996 2.999999954530395 8
    endloop
  endfacet
  facet normal 0 0 1
    outer loop
      vertex 45.15432772040367 2.770389936864376 8
      vertex 45.179555498063564 2.8447085693478584 8
      vertex 45.199999999999996 2.999999954530395 8
    endloop
  endfacet
  facet normal 0 0 1
    outer loop
      vertex 45.179555498063564 2.8447085693478584 8
      vertex 45.1948669180274 2.9216842874884605 8
      vertex 45.199999999999996 2.999999954530395 8
    endloop
  endfacet
  facet normal 0 0 1
    outer loop
      vertex 45.199999999999996 2.999999954530395 8
      vertex 45.00208678452934 5.994976924149233 8
      vertex 44.66271868475721 6.5827797154226735 8
    endloop
  endfacet
  facet normal 0 0 1
    outer loop
      vertex 45.199999999999996 2.999999954530395 8
      vertex 45.199999999999996 5.547099388705734 8
      vertex 45.00208678452934 5.994976924149233 8
    endloop
  endfacet
  facet normal 0 0 1
    outer loop
      vertex 44.66271868475721 6.5827797154226735 8
      vertex 45.00208678452934 5.994976924149233 8
      vertex 44.85166604983954 6.3 8
    endloop
  endfacet
  facet normal -0.9469301294951017 -0.3214394653031735 0
    outer loop
      vertex 40.088592851648414 82.76918201383619 0
      vertex 40.19791321547065 82.44713460695351 0
      vertex 40.088592851648414 82.76918201383619 8
    endloop
  endfacet
  facet normal -0.6593458151000646 -0.7518398074789812 0
    outer loop
      vertex 40.76152236891497 81.60363390001771 0
      vertex 41.01722028457732 81.37939284634552 0
      vertex 40.76152236891497 81.60363390001771 8
    endloop
  endfacet
  facet normal -0.8314696123025503 -0.5555702330195946 0
    outer loop
      vertex 40.34833395016045 82.14211153110274 0
      vertex 40.53728131524278 81.85933181568006 0
      vertex 40.34833395016045 82.14211153110274 8
    endloop
  endfacet
  facet normal -0.8968727415326927 -0.4422886902189924 -6.296130157819679e-19
    outer loop
      vertex 40.34833395016045 82.14211153110274 0
      vertex 40.19791321547065 82.44713460695351 8
      vertex 40.19791321547065 82.44713460695351 0
    endloop
  endfacet
  facet normal -0.7518398074789812 -0.6593458151000646 0
    outer loop
      vertex 40.53728131524278 81.85933181568006 0
      vertex 40.76152236891497 81.60363390001771 0
      vertex 40.53728131524278 81.85933181568006 8
    endloop
  endfacet
  facet normal -0.5555702330195946 -0.8314696123025503 0
    outer loop
      vertex 41.01722028457732 81.37939284634552 0
      vertex 41.3 81.1904454812632 0
      vertex 41.01722028457732 81.37939284634552 8
    endloop
  endfacet
  facet normal -0.44228869021900075 -0.8968727415326886 0
    outer loop
      vertex 41.3 81.1904454812632 0
      vertex 41.60502307585076 81.0400247465734 0
      vertex 41.3 81.1904454812632 8
    endloop
  endfacet
  facet normal -0.9469301294951017 -0.3214394653031735 0
    outer loop
      vertex 40.19791321547065 82.44713460695351 0
      vertex 40.19791321547065 82.44713460695351 8
      vertex 40.088592851648414 82.76918201383619 8
    endloop
  endfacet
  facet normal -0.9807852804032309 -0.19509032201612542 0
    outer loop
      vertex 40.088592851648414 82.76918201383619 0
      vertex 40.088592851648414 82.76918201383619 8
      vertex 40.022243360428085 83.10274343133061 8
    endloop
  endfacet
  facet normal -0.8314696123025503 -0.5555702330195946 0
    outer loop
      vertex 40.53728131524278 81.85933181568006 0
      vertex 40.53728131524278 81.85933181568006 8
      vertex 40.34833395016045 82.14211153110274 8
    endloop
  endfacet
  facet normal -0.8968727415326927 -0.4422886902189924 0
    outer loop
      vertex 40.34833395016045 82.14211153110274 0
      vertex 40.34833395016045 82.14211153110274 8
      vertex 40.19791321547065 82.44713460695351 8
    endloop
  endfacet
  facet normal -0.7518398074789812 -0.6593458151000646 0
    outer loop
      vertex 40.76152236891497 81.60363390001771 0
      vertex 40.76152236891497 81.60363390001771 8
      vertex 40.53728131524278 81.85933181568006 8
    endloop
  endfacet
  facet normal -0.6593458151000646 -0.7518398074789812 0
    outer loop
      vertex 41.01722028457732 81.37939284634552 0
      vertex 41.01722028457732 81.37939284634552 8
      vertex 40.76152236891497 81.60363390001771 8
    endloop
  endfacet
  facet normal -0.5555702330195946 -0.8314696123025503 0
    outer loop
      vertex 41.3 81.1904454812632 0
      vertex 41.3 81.1904454812632 8
      vertex 41.01722028457732 81.37939284634552 8
    endloop
  endfacet
  facet normal -0.44228869021900075 -0.8968727415326886 0
    outer loop
      vertex 41.60502307585076 81.0400247465734 0
      vertex 41.60502307585076 81.0400247465734 8
      vertex 41.3 81.1904454812632 8
    endloop
  endfacet
  facet normal -0.9807852804032309 -0.19509032201612542 -4.781353691599292e-19
    outer loop
      vertex 40.088592851648414 82.76918201383619 0
      vertex 40.022243360428085 83.10274343133061 8
      vertex 40.022243360428085 83.10274343133061 0
    endloop
  endfacet
  facet normal -0.9978589232386035 -0.06540312923014184 -1.100997196466192e-19
    outer loop
      vertex 40.022243360428085 83.10274343133061 0
      vertex 39.99999999999999 83.44211153110274 8
      vertex 39.99999999999999 83.44211153110274 0
    endloop
  endfacet
  facet normal -0.9978589232386035 0.06540312923014184 1.100997196466192e-19
    outer loop
      vertex 39.99999999999999 83.44211153110274 0
      vertex 40.022243360428085 83.78147963087487 8
      vertex 40.022243360428085 83.78147963087487 0
    endloop
  endfacet
  facet normal -0.9807852804032309 0.19509032201612542 4.781353691599292e-19
    outer loop
      vertex 40.022243360428085 83.78147963087487 0
      vertex 40.088592851648414 84.11504104836929 8
      vertex 40.088592851648414 84.11504104836929 0
    endloop
  endfacet
  facet normal -0.9469301294951017 0.3214394653031735 4.138056558982495e-19
    outer loop
      vertex 40.088592851648414 84.11504104836929 0
      vertex 40.19791321547065 84.43708845525197 8
      vertex 40.19791321547065 84.43708845525197 0
    endloop
  endfacet
  facet normal -0.8968727415326927 0.4422886902189924 6.296130157819679e-19
    outer loop
      vertex 40.19791321547065 84.43708845525197 0
      vertex 40.34833395016045 84.74211153110274 8
      vertex 40.34833395016045 84.74211153110274 0
    endloop
  endfacet
  facet normal -0.8314696123025503 0.5555702330195946 -2.8827949910433004e-19
    outer loop
      vertex 40.34833395016045 84.74211153110274 0
      vertex 40.53728131524278 85.02489124652541 8
      vertex 40.53728131524278 85.02489124652541 0
    endloop
  endfacet
  facet normal -0.7518398074789812 0.6593458151000646 -2.328823036865807e-19
    outer loop
      vertex 40.53728131524278 85.02489124652541 0
      vertex 40.76152236891497 85.28058916218777 8
      vertex 40.76152236891497 85.28058916218777 0
    endloop
  endfacet
  facet normal -0.6593458151000646 0.7518398074789812 -2.328823036865807e-19
    outer loop
      vertex 40.76152236891497 85.28058916218777 0
      vertex 41.01722028457732 85.50483021585995 8
      vertex 41.01722028457732 85.50483021585995 0
    endloop
  endfacet
  facet normal -0.5555702330195946 0.8314696123025503 -2.8827949910433004e-19
    outer loop
      vertex 41.01722028457732 85.50483021585995 0
      vertex 41.3 85.69377758094228 8
      vertex 41.3 85.69377758094228 0
    endloop
  endfacet
  facet normal -0.44228869021900075 0.8968727415326886 5.5098005532735175e-19
    outer loop
      vertex 41.3 85.69377758094228 0
      vertex 41.60502307585076 85.84419831563208 8
      vertex 41.60502307585076 85.84419831563208 0
    endloop
  endfacet
  facet normal -0.9978589232386035 -0.06540312923014184 0
    outer loop
      vertex 40.022243360428085 83.10274343133061 0
      vertex 40.022243360428085 83.10274343133061 8
      vertex 39.99999999999999 83.44211153110274 8
    endloop
  endfacet
  facet normal -0.9978589232386035 0.06540312923014184 0
    outer loop
      vertex 39.99999999999999 83.44211153110274 0
      vertex 39.99999999999999 83.44211153110274 8
      vertex 40.022243360428085 83.78147963087487 8
    endloop
  endfacet
  facet normal -0.9807852804032309 0.19509032201612542 0
    outer loop
      vertex 40.022243360428085 83.78147963087487 0
      vertex 40.022243360428085 83.78147963087487 8
      vertex 40.088592851648414 84.11504104836929 8
    endloop
  endfacet
  facet normal -0.9469301294951017 0.3214394653031735 0
    outer loop
      vertex 40.088592851648414 84.11504104836929 0
      vertex 40.088592851648414 84.11504104836929 8
      vertex 40.19791321547065 84.43708845525197 8
    endloop
  endfacet
  facet normal -0.8968727415326927 0.4422886902189924 0
    outer loop
      vertex 40.19791321547065 84.43708845525197 0
      vertex 40.19791321547065 84.43708845525197 8
      vertex 40.34833395016045 84.74211153110274 8
    endloop
  endfacet
  facet normal -0.8314696123025503 0.5555702330195946 0
    outer loop
      vertex 40.34833395016045 84.74211153110274 0
      vertex 40.34833395016045 84.74211153110274 8
      vertex 40.53728131524278 85.02489124652541 8
    endloop
  endfacet
  facet normal -0.7518398074789812 0.6593458151000646 0
    outer loop
      vertex 40.53728131524278 85.02489124652541 0
      vertex 40.53728131524278 85.02489124652541 8
      vertex 40.76152236891497 85.28058916218777 8
    endloop
  endfacet
  facet normal -0.6593458151000646 0.7518398074789812 0
    outer loop
      vertex 40.76152236891497 85.28058916218777 0
      vertex 40.76152236891497 85.28058916218777 8
      vertex 41.01722028457732 85.50483021585995 8
    endloop
  endfacet
  facet normal -0.5555702330195946 0.8314696123025503 0
    outer loop
      vertex 41.01722028457732 85.50483021585995 0
      vertex 41.01722028457732 85.50483021585995 8
      vertex 41.3 85.69377758094228 8
    endloop
  endfacet
  facet normal -0.44228869021900075 0.8968727415326886 0
    outer loop
      vertex 41.3 85.69377758094228 0
      vertex 41.3 85.69377758094228 8
      vertex 41.60502307585076 85.84419831563208 8
    endloop
  endfacet
  facet normal 0 0 1
    outer loop
      vertex 40.34833395016045 82.14211153110274 8
      vertex 40.53728131524278 81.85933181568006 8
      vertex 40.19791321547065 82.44713460695351 8
    endloop
  endfacet
  facet normal 0 0 1
    outer loop
      vertex 40.088592851648414 82.76918201383619 8
      vertex 40.19791321547065 82.44713460695351 8
      vertex 40.53728131524278 81.85933181568006 8
    endloop
  endfacet
  facet normal 0 0 1
    outer loop
      vertex 40.088592851648414 82.76918201383619 8
      vertex 40.53728131524278 81.85933181568006 8
      vertex 41.3 81.1904454812632 8
    endloop
  endfacet
  facet normal 0 0 1
    outer loop
      vertex 40.53728131524278 81.85933181568006 8
      vertex 40.76152236891497 81.60363390001771 8
      vertex 41.3 81.1904454812632 8
    endloop
  endfacet
  facet normal 0 0 1
    outer loop
      vertex 40.76152236891497 81.60363390001771 8
      vertex 41.01722028457732 81.37939284634552 8
      vertex 41.3 81.1904454812632 8
    endloop
  endfacet
  facet normal 0 0 1
    outer loop
      vertex 40.088592851648414 82.76918201383619 8
      vertex 39.99999999999999 83.44211153110274 8
      vertex 40.022243360428085 83.10274343133061 8
    endloop
  endfacet
  facet normal 0 0 1
    outer loop
      vertex 40.088592851648414 82.76918201383619 8
      vertex 40.088592851648414 84.11504104836929 8
      vertex 39.99999999999999 83.44211153110274 8
    endloop
  endfacet
  facet normal 0 0 1
    outer loop
      vertex 39.99999999999999 83.44211153110274 8
      vertex 40.088592851648414 84.11504104836929 8
      vertex 40.022243360428085 83.78147963087487 8
    endloop
  endfacet
  facet normal 0 0 1
    outer loop
      vertex 40.088592851648414 82.76918201383619 8
      vertex 40.53728131524278 85.02489124652541 8
      vertex 40.088592851648414 84.11504104836929 8
    endloop
  endfacet
  facet normal 0 0 1
    outer loop
      vertex 40.088592851648414 82.76918201383619 8
      vertex 41.3 81.1904454812632 8
      vertex 40.53728131524278 85.02489124652541 8
    endloop
  endfacet
  facet normal 0 0 1
    outer loop
      vertex 40.088592851648414 84.11504104836929 8
      vertex 40.34833395016045 84.74211153110274 8
      vertex 40.19791321547065 84.43708845525197 8
    endloop
  endfacet
  facet normal 0 0 1
    outer loop
      vertex 40.088592851648414 84.11504104836929 8
      vertex 40.53728131524278 85.02489124652541 8
      vertex 40.34833395016045 84.74211153110274 8
    endloop
  endfacet
  facet normal 0 0 1
    outer loop
      vertex 40.53728131524278 85.02489124652541 8
      vertex 41.01722028457732 85.50483021585995 8
      vertex 40.76152236891497 85.28058916218777 8
    endloop
  endfacet
  facet normal 0 0 1
    outer loop
      vertex 40.53728131524278 85.02489124652541 8
      vertex 41.3 85.69377758094228 8
      vertex 41.01722028457732 85.50483021585995 8
    endloop
  endfacet
  facet normal -0.32143946530316714 -0.9469301294951038 0
    outer loop
      vertex 41.60502307585076 81.0400247465734 0
      vertex 41.92707048273344 80.93070438275116 0
      vertex 41.60502307585076 81.0400247465734 8
    endloop
  endfacet
  facet normal -0.19509032201610935 -0.9807852804032342 0
    outer loop
      vertex 41.92707048273344 80.93070438275116 0
      vertex 42.26063190022786 80.86435489153084 0
      vertex 41.92707048273344 80.93070438275116 8
    endloop
  endfacet
  facet normal -0.0654031292301405 -0.9978589232386037 0
    outer loop
      vertex 42.26063190022786 80.86435489153084 0
      vertex 42.599999999999994 80.84211153110274 0
      vertex 42.26063190022786 80.86435489153084 8
    endloop
  endfacet
  facet normal 0.0654031292301405 -0.9978589232386037 0
    outer loop
      vertex 42.599999999999994 80.84211153110274 0
      vertex 42.93936809977213 80.86435489153084 0
      vertex 42.599999999999994 80.84211153110274 8
    endloop
  endfacet
  facet normal 0.19509032201610935 -0.9807852804032342 0
    outer loop
      vertex 42.93936809977213 80.86435489153084 0
      vertex 43.27292951726655 80.93070438275116 0
      vertex 42.93936809977213 80.86435489153084 8
    endloop
  endfacet
  facet normal 0.32143946530316714 -0.9469301294951038 0
    outer loop
      vertex 43.27292951726655 80.93070438275116 0
      vertex 43.59497692414923 81.0400247465734 0
      vertex 43.27292951726655 80.93070438275116 8
    endloop
  endfacet
  facet normal 0.44228869021900075 -0.8968727415326886 0
    outer loop
      vertex 43.59497692414923 81.0400247465734 0
      vertex 43.89999999999999 81.1904454812632 0
      vertex 43.59497692414923 81.0400247465734 8
    endloop
  endfacet
  facet normal 0.5555702330195946 -0.8314696123025503 0
    outer loop
      vertex 43.89999999999999 81.1904454812632 0
      vertex 44.18277971542267 81.37939284634552 0
      vertex 43.89999999999999 81.1904454812632 8
    endloop
  endfacet
  facet normal 0.6593458151000646 -0.7518398074789812 0
    outer loop
      vertex 44.18277971542267 81.37939284634552 0
      vertex 44.43847763108502 81.60363390001771 0
      vertex 44.18277971542267 81.37939284634552 8
    endloop
  endfacet
  facet normal 0.7518398074789812 -0.6593458151000646 0
    outer loop
      vertex 44.43847763108502 81.60363390001771 0
      vertex 44.66271868475721 81.85933181568006 0
      vertex 44.43847763108502 81.60363390001771 8
    endloop
  endfacet
  facet normal -0.32143946530316714 -0.9469301294951038 -2.711205457646175e-19
    outer loop
      vertex 41.60502307585076 81.0400247465734 8
      vertex 41.92707048273344 80.93070438275116 0
      vertex 41.92707048273344 80.93070438275116 8
    endloop
  endfacet
  facet normal -0.19509032201610935 -0.9807852804032342 0
    outer loop
      vertex 42.26063190022786 80.86435489153084 0
      vertex 42.26063190022786 80.86435489153084 8
      vertex 41.92707048273344 80.93070438275116 8
    endloop
  endfacet
  facet normal -0.0654031292301405 -0.9978589232386037 0
    outer loop
      vertex 42.599999999999994 80.84211153110274 0
      vertex 42.599999999999994 80.84211153110274 8
      vertex 42.26063190022786 80.86435489153084 8
    endloop
  endfacet
  facet normal 0.0654031292301405 -0.9978589232386037 0
    outer loop
      vertex 42.93936809977213 80.86435489153084 0
      vertex 42.93936809977213 80.86435489153084 8
      vertex 42.599999999999994 80.84211153110274 8
    endloop
  endfacet
  facet normal 0.19509032201610935 -0.9807852804032342 0
    outer loop
      vertex 43.27292951726655 80.93070438275116 0
      vertex 43.27292951726655 80.93070438275116 8
      vertex 42.93936809977213 80.86435489153084 8
    endloop
  endfacet
  facet normal 0.32143946530316714 -0.9469301294951038 0
    outer loop
      vertex 43.59497692414923 81.0400247465734 0
      vertex 43.59497692414923 81.0400247465734 8
      vertex 43.27292951726655 80.93070438275116 8
    endloop
  endfacet
  facet normal 0.44228869021900075 -0.8968727415326886 0
    outer loop
      vertex 43.89999999999999 81.1904454812632 0
      vertex 43.89999999999999 81.1904454812632 8
      vertex 43.59497692414923 81.0400247465734 8
    endloop
  endfacet
  facet normal 0.5555702330195946 -0.8314696123025503 0
    outer loop
      vertex 44.18277971542267 81.37939284634552 0
      vertex 44.18277971542267 81.37939284634552 8
      vertex 43.89999999999999 81.1904454812632 8
    endloop
  endfacet
  facet normal 0.6593458151000646 -0.7518398074789812 0
    outer loop
      vertex 44.43847763108502 81.60363390001771 0
      vertex 44.43847763108502 81.60363390001771 8
      vertex 44.18277971542267 81.37939284634552 8
    endloop
  endfacet
  facet normal 0.7518398074789812 -0.6593458151000646 0
    outer loop
      vertex 44.66271868475721 81.85933181568006 0
      vertex 44.66271868475721 81.85933181568006 8
      vertex 44.43847763108502 81.60363390001771 8
    endloop
  endfacet
  facet normal -0.40418749476025706 0.9146761553027537 -3.456120839351873e-19
    outer loop
      vertex 41.60502307585076 85.84419831563208 0
      vertex 42.05290061083546 86.0421115309 8
      vertex 42.05290061083546 86.0421115309 0
    endloop
  endfacet
  facet normal -0.40418749476025706 0.9146761553027537 0
    outer loop
      vertex 41.60502307585076 85.84419831563208 0
      vertex 41.60502307585076 85.84419831563208 8
      vertex 42.05290061083546 86.0421115309 8
    endloop
  endfacet
  facet normal 0.8314696123025503 -0.5555702330195946 0
    outer loop
      vertex 44.66271868475721 81.85933181568006 0
      vertex 44.85166604983954 82.14211153110274 0
      vertex 44.66271868475721 81.85933181568006 8
    endloop
  endfacet
  facet normal 0.8968727415326927 -0.4422886902189924 0
    outer loop
      vertex 44.85166604983954 82.14211153110274 0
      vertex 45.00208678452934 82.44713460695351 0
      vertex 44.85166604983954 82.14211153110274 8
    endloop
  endfacet
  facet normal 0.9146761553027534 -0.40418749476025795 0
    outer loop
      vertex 45.00208678452934 82.44713460695351 0
      vertex 45.199999999999996 82.89501214239701 0
      vertex 45.00208678452934 82.44713460695351 8
    endloop
  endfacet
  facet normal 0.8314696123025503 -0.5555702330195946 0
    outer loop
      vertex 44.85166604983954 82.14211153110274 0
      vertex 44.85166604983954 82.14211153110274 8
      vertex 44.66271868475721 81.85933181568006 8
    endloop
  endfacet
  facet normal 0.8968727415326927 -0.4422886902189924 0
    outer loop
      vertex 45.00208678452934 82.44713460695351 0
      vertex 45.00208678452934 82.44713460695351 8
      vertex 44.85166604983954 82.14211153110274 8
    endloop
  endfacet
  facet normal 0.9146761553027534 -0.40418749476025795 0
    outer loop
      vertex 45.199999999999996 82.89501214239701 0
      vertex 45.199999999999996 82.89501214239701 8
      vertex 45.00208678452934 82.44713460695351 8
    endloop
  endfacet
  facet normal 0 0 1
    outer loop
      vertex 41.3 81.1904454812632 8
      vertex 41.60502307585076 81.0400247465734 8
      vertex 42.26063190022786 80.86435489153084 8
    endloop
  endfacet
  facet normal 0 0 1
    outer loop
      vertex 41.60502307585076 81.0400247465734 8
      vertex 41.92707048273344 80.93070438275116 8
      vertex 42.26063190022786 80.86435489153084 8
    endloop
  endfacet
  facet normal 0 0 1
    outer loop
      vertex 41.3 81.1904454812632 8
      vertex 42.26063190022786 80.86435489153084 8
      vertex 43.27292951726655 80.93070438275116 8
    endloop
  endfacet
  facet normal 0 0 1
    outer loop
      vertex 42.26063190022786 80.86435489153084 8
      vertex 42.599999999999994 80.84211153110274 8
      vertex 43.27292951726655 80.93070438275116 8
    endloop
  endfacet
  facet normal 0 0 1
    outer loop
      vertex 42.599999999999994 80.84211153110274 8
      vertex 42.93936809977213 80.86435489153084 8
      vertex 43.27292951726655 80.93070438275116 8
    endloop
  endfacet
  facet normal 0 0 1
    outer loop
      vertex 41.3 81.1904454812632 8
      vertex 43.27292951726655 80.93070438275116 8
      vertex 44.66271868475721 81.85933181568006 8
    endloop
  endfacet
  facet normal 0 0 1
    outer loop
      vertex 43.27292951726655 80.93070438275116 8
      vertex 43.59497692414923 81.0400247465734 8
      vertex 44.18277971542267 81.37939284634552 8
    endloop
  endfacet
  facet normal 0 0 1
    outer loop
      vertex 41.3 81.1904454812632 8
      vertex 44.66271868475721 81.85933181568006 8
      vertex 45.199999999999996 82.89501214239701 8
    endloop
  endfacet
  facet normal 0 0 1
    outer loop
      vertex 43.59497692414923 81.0400247465734 8
      vertex 43.89999999999999 81.1904454812632 8
      vertex 44.18277971542267 81.37939284634552 8
    endloop
  endfacet
  facet normal 0 0 1
    outer loop
      vertex 43.27292951726655 80.93070438275116 8
      vertex 44.18277971542267 81.37939284634552 8
      vertex 44.66271868475721 81.85933181568006 8
    endloop
  endfacet
  facet normal 0 0 1
    outer loop
      vertex 44.18277971542267 81.37939284634552 8
      vertex 44.43847763108502 81.60363390001771 8
      vertex 44.66271868475721 81.85933181568006 8
    endloop
  endfacet
  facet normal 0 0 1
    outer loop
      vertex 41.3 81.1904454812632 8
      vertex 44.600000001490116 86.0421115309 8
      vertex 40.53728131524278 85.02489124652541 8
    endloop
  endfacet
  facet normal 0 0 1
    outer loop
      vertex 40.53728131524278 85.02489124652541 8
      vertex 44.600000001490116 86.0421115309 8
      vertex 41.3 85.69377758094228 8
    endloop
  endfacet
  facet normal 0 0 1
    outer loop
      vertex 41.3 85.69377758094228 8
      vertex 44.600000001490116 86.0421115309 8
      vertex 41.60502307585076 85.84419831563208 8
    endloop
  endfacet
  facet normal 0 0 1
    outer loop
      vertex 41.60502307585076 85.84419831563208 8
      vertex 44.600000001490116 86.0421115309 8
      vertex 42.05290061083546 86.0421115309 8
    endloop
  endfacet
  facet normal 0 0 1
    outer loop
      vertex 41.3 81.1904454812632 8
      vertex 45.119615241885185 85.74211152642965 8
      vertex 45.07601200789213 85.80736839026213 8
    endloop
  endfacet
  facet normal 0 0 1
    outer loop
      vertex 41.3 81.1904454812632 8
      vertex 45.07601200789213 85.80736839026213 8
      vertex 45.02426406741142 85.86637559533119 8
    endloop
  endfacet
  facet normal 0 0 1
    outer loop
      vertex 41.3 81.1904454812632 8
      vertex 45.15432772040367 85.67172159254551 8
      vertex 45.119615241885185 85.74211152642965 8
    endloop
  endfacet
  facet normal 0 0 1
    outer loop
      vertex 41.3 81.1904454812632 8
      vertex 44.678315714001656 86.03697844594717 8
      vertex 44.600000001490116 86.0421115309 8
    endloop
  endfacet
  facet normal 0 0 1
    outer loop
      vertex 41.3 81.1904454812632 8
      vertex 44.75529143214226 86.02166702598333 8
      vertex 44.678315714001656 86.03697844594717 8
    endloop
  endfacet
  facet normal 0 0 1
    outer loop
      vertex 41.3 81.1904454812632 8
      vertex 44.82961006462574 85.99643924832344 8
      vertex 44.75529143214226 86.02166702598333 8
    endloop
  endfacet
  facet normal 0 0 1
    outer loop
      vertex 41.3 81.1904454812632 8
      vertex 44.899999998509884 85.96172676980495 8
      vertex 44.82961006462574 85.99643924832344 8
    endloop
  endfacet
  facet normal 0 0 1
    outer loop
      vertex 41.3 81.1904454812632 8
      vertex 44.96525686234236 85.9181235358119 8
      vertex 44.899999998509884 85.96172676980495 8
    endloop
  endfacet
  facet normal 0 0 1
    outer loop
      vertex 41.3 81.1904454812632 8
      vertex 45.02426406741142 85.86637559533119 8
      vertex 44.96525686234236 85.9181235358119 8
    endloop
  endfacet
  facet normal 0 0 1
    outer loop
      vertex 41.3 81.1904454812632 8
      vertex 45.199999999999996 82.89501214239701 8
      vertex 45.15432772040367 85.67172159254551 8
    endloop
  endfacet
  facet normal 0 0 1
    outer loop
      vertex 44.66271868475721 81.85933181568006 8
      vertex 44.85166604983954 82.14211153110274 8
      vertex 45.00208678452934 82.44713460695351 8
    endloop
  endfacet
  facet normal 0 0 1
    outer loop
      vertex 44.66271868475721 81.85933181568006 8
      vertex 45.00208678452934 82.44713460695351 8
      vertex 45.199999999999996 82.89501214239701 8
    endloop
  endfacet
  facet normal 0 0 1
    outer loop
      vertex 45.199999999999996 82.89501214239701 8
      vertex 45.179555498063564 85.59740296006203 8
      vertex 45.15432772040367 85.67172159254551 8
    endloop
  endfacet
  facet normal 0 0 1
    outer loop
      vertex 45.199999999999996 82.89501214239701 8
      vertex 45.199999999999996 85.44211157487949 8
      vertex 45.1948669180274 85.52042724192142 8
    endloop
  endfacet
  facet normal 0 0 1
    outer loop
      vertex 45.199999999999996 82.89501214239701 8
      vertex 45.1948669180274 85.52042724192142 8
      vertex 45.179555498063564 85.59740296006203 8
    endloop
  endfacet
  facet normal 0.6702979160660321 -0.54400857235271 0.5047329758637737
    outer loop
      vertex 8.876148341000079 4.486731480395685 24.17844374445362
      vertex 8.286933591820208 3.8671609217335585 24.293153355613857
      vertex 8.359214989453854 3.7771710642480505 24.10016948342997
    endloop
  endfacet
  facet normal 0.6942627592037413 -0.581806709242634 0.42367460894307235
    outer loop
      vertex 8.876148341000079 4.486731480395685 24.17844374445362
      vertex 8.24306404830343 3.9603681434455655 24.493036887648362
      vertex 8.286933591820208 3.8671609217335585 24.293153355613857
    endloop
  endfacet
  facet normal 0.6348640734368498 -0.5078557521661642 0.5822629502646632
    outer loop
      vertex 9.075949189960955 4.282876527308931 23.741275386778923
      vertex 8.448217186114137 3.686362948497374 23.905430850733392
      vertex 8.547673696282775 3.6011302099064273 23.722648652942194
    endloop
  endfacet
  facet normal 0.5885675532638548 -0.4739668699760909 0.6549378912615049
    outer loop
      vertex 9.22129331320524 4.190947394507169 23.544132725289103
      vertex 8.612417896858354 3.560179959709995 23.63483055798545
      vertex 8.737347777424894 3.4811626920443244 23.46537748060984
    endloop
  endfacet
  facet normal 0.5885675543490405 -0.47396687130178766 0.654937889326907
    outer loop
      vertex 9.075949189960955 4.282876527308931 23.741275386778923
      vertex 8.547673696282775 3.6011302099064273 23.722648652942194
      vertex 8.612417896858354 3.560179959709995 23.63483055798545
    endloop
  endfacet
  facet normal 0.6348640739654503 -0.5078557531068263 0.5822629488678543
    outer loop
      vertex 8.960240928232668 4.382036774046133 23.95392522214629
      vertex 8.396674414804544 3.7305343312739714 24.000156686801272
      vertex 8.448217186114137 3.686362948497374 23.905430850733392
    endloop
  endfacet
  facet normal 0.6702979128452596 -0.5440085706773331 0.5047329819467851
    outer loop
      vertex 8.960240928232668 4.382036774046133 23.95392522214629
      vertex 8.359214989453854 3.7771710642480505 24.10016948342997
      vertex 8.396674414804544 3.7305343312739714 24.000156686801272
    endloop
  endfacet
  facet normal 0.6348640739654587 -0.5078557531068315 0.5822629488678405
    outer loop
      vertex 9.075949189960955 4.282876527308931 23.741275386778923
      vertex 8.960240928232668 4.382036774046133 23.95392522214629
      vertex 8.448217186114137 3.686362948497374 23.905430850733392
    endloop
  endfacet
  facet normal 0.6702979128452594 -0.5440085706773324 0.5047329819467862
    outer loop
      vertex 8.876148341000079 4.486731480395685 24.17844374445362
      vertex 8.359214989453854 3.7771710642480505 24.10016948342997
      vertex 8.960240928232668 4.382036774046133 23.95392522214629
    endloop
  endfacet
  facet normal 0.6942627602395982 -0.5818067218527105 0.4236745899289888
    outer loop
      vertex 8.825110276937483 4.595169283889257 24.410989364490444
      vertex 8.220328910595414 4.008672256059881 24.59662539145523
      vertex 8.24306404830343 3.9603681434455655 24.493036887648362
    endloop
  endfacet
  facet normal 0.7063485770180608 -0.6206034557853215 0.34047472507056525
    outer loop
      vertex 8.825110276937483 4.595169283889257 24.410989364490444
      vertex 8.21270705825557 4.057817253963325 24.702017179584274
      vertex 8.220328910595414 4.008672256059881 24.59662539145523
    endloop
  endfacet
  facet normal 0.7063485788645117 -0.6206034581696422 0.3404747168938775
    outer loop
      vertex 8.807999996244906 4.70549478904963 24.647583173815576
      vertex 8.197999996969994 4.152647040363342 24.90538031282174
      vertex 8.21270705825557 4.057817253963325 24.702017179584274
    endloop
  endfacet
  facet normal 0.6942627602395953 -0.5818067218527065 0.4236745899289992
    outer loop
      vertex 8.876148341000079 4.486731480395685 24.17844374445362
      vertex 8.825110276937483 4.595169283889257 24.410989364490444
      vertex 8.24306404830343 3.9603681434455655 24.493036887648362
    endloop
  endfacet
  facet normal 0.7063485770180609 -0.6206034557853252 0.34047472507055876
    outer loop
      vertex 8.825110276937483 4.595169283889257 24.410989364490444
      vertex 8.807999996244906 4.70549478904963 24.647583173815576
      vertex 8.21270705825557 4.057817253963325 24.702017179584274
    endloop
  endfacet
  facet normal 0.5322004522859717 -0.4429217417034896 0.7215143860748408
    outer loop
      vertex 9.393786435723303 4.107822312371864 23.36587041138202
      vertex 8.885613455397866 3.4097129047819648 23.312152917332522
      vertex 8.962451301146935 3.3726844589846197 23.232745159051838
    endloop
  endfacet
  facet normal 0.46672728532450625 -0.4152515843378324 0.7808532274624578
    outer loop
      vertex 9.590477136671542 4.034923568771056 23.20953855123363
      vertex 9.05006806823451 3.3402113821847887 23.16310642111334
      vertex 9.21913266800154 3.2775515990996658 23.028732082628395
    endloop
  endfacet
  facet normal 0.46672728999269336 -0.41525158766443754 0.7808532229031524
    outer loop
      vertex 9.393786435723303 4.107822312371864 23.36587041138202
      vertex 8.962451301146935 3.3726844589846197 23.232745159051838
      vertex 9.05006806823451 3.3402113821847887 23.16310642111334
    endloop
  endfacet
  facet normal 0.39326825616368905 -0.3914298205164387 0.8319391650261693
    outer loop
      vertex 9.590477136671542 4.034923568771056 23.20953855123363
      vertex 9.21913266800154 3.2775515990996658 23.028732082628395
      vertex 9.406103451869505 3.2247539501525297 22.91550715905671
    endloop
  endfacet
  facet normal 0.4667272899926956 -0.4152515876644381 0.780853222903151
    outer loop
      vertex 9.590477136671542 4.034923568771056 23.20953855123363
      vertex 9.393786435723303 4.107822312371864 23.36587041138202
      vertex 9.05006806823451 3.3402113821847887 23.16310642111334
    endloop
  endfacet
  facet normal 0.3932682538500902 -0.3914298204057467 0.8319391661719179
    outer loop
      vertex 9.807999996244906 3.9734984880513298 23.07781204053732
      vertex 9.406103451869505 3.2247539501525297 22.91550715905671
      vertex 9.502999998741805 3.1973918686519434 22.856828985909868
    endloop
  endfacet
  facet normal 0.3932682538500857 -0.3914298204057451 0.8319391661719208
    outer loop
      vertex 9.590477136671542 4.034923568771056 23.20953855123363
      vertex 9.406103451869505 3.2247539501525297 22.91550715905671
      vertex 9.807999996244906 3.9734984880513298 23.07781204053732
    endloop
  endfacet
  facet normal 0.5322004578240047 -0.44292174269021967 0.7215143813841679
    outer loop
      vertex 9.22129331320524 4.190947394507169 23.544132725289103
      vertex 8.737347777424894 3.4811626920443244 23.46537748060984
      vertex 8.885613455397866 3.4097129047819648 23.312152917332522
    endloop
  endfacet
  facet normal 0.5885675543490398 -0.4739668713017874 0.6549378893269079
    outer loop
      vertex 9.22129331320524 4.190947394507169 23.544132725289103
      vertex 9.075949189960955 4.282876527308931 23.741275386778923
      vertex 8.612417896858354 3.560179959709995 23.63483055798545
    endloop
  endfacet
  facet normal 0.5322004522859781 -0.44292174170349374 0.7215143860748335
    outer loop
      vertex 9.22129331320524 4.190947394507169 23.544132725289103
      vertex 8.885613455397866 3.4097129047819648 23.312152917332522
      vertex 9.393786435723303 4.107822312371864 23.36587041138202
    endloop
  endfacet
  facet normal 0.3130803307323234 -0.37186406616796097 0.8738980620195753
    outer loop
      vertex 9.807999996244906 3.9734984880513298 23.07781204053732
      vertex 9.502999998741805 3.1973918686519434 22.856828985909868
      vertex 9.70467783974229 3.1553597312230712 22.766690776295576
    endloop
  endfacet
  facet normal 0.3130803290688081 -0.3718640661822008 0.8738980626094824
    outer loop
      vertex 10.042633129060267 3.9245980636106834 22.9729447419085
      vertex 9.70467783974229 3.1553597312230712 22.766690776295576
      vertex 9.809196235631767 3.133576814810053 22.719977161291585
    endloop
  endfacet
  facet normal 0.22753547540092348 -0.3568890790005259 0.9060120268099271
    outer loop
      vertex 10.042633129060267 3.9245980636106834 22.9729447419085
      vertex 9.809196235631767 3.133576814810053 22.719977161291585
      vertex 9.919548147067168 3.1177457775850397 22.686027392398323
    endloop
  endfacet
  facet normal 0.31308032906882305 -0.3718640661822053 0.873898062609475
    outer loop
      vertex 9.807999996244906 3.9734984880513298 23.07781204053732
      vertex 9.70467783974229 3.1553597312230712 22.766690776295576
      vertex 10.042633129060267 3.9245980636106834 22.9729447419085
    endloop
  endfacet
  facet normal 0.22753546917976594 -0.3568890766855784 0.9060120292841917
    outer loop
      vertex 10.290361908972262 3.889059000569168 22.896730975267545
      vertex 9.919548147067168 3.1177457775850397 22.686027392398323
      vertex 10.132482290316188 3.087198338976688 22.620518198888504
    endloop
  endfacet
  facet normal 0.1380974571256237 -0.34676109603788363 0.9277315530960679
    outer loop
      vertex 10.290361908972262 3.889059000569168 22.896730975267545
      vertex 10.132482290316188 3.087198338976688 22.620518198888504
      vertex 10.353029365878959 3.0686582687651094 22.58075889000675
    endloop
  endfacet
  facet normal 0.22753547540090593 -0.35688907900052497 0.906012026809932
    outer loop
      vertex 10.042633129060267 3.9245980636106834 22.9729447419085
      vertex 9.919548147067168 3.1177457775850397 22.686027392398323
      vertex 10.290361908972262 3.889059000569168 22.896730975267545
    endloop
  endfacet
  facet normal 0.13809743456376172 -0.34676109867513727 0.9277315554687785
    outer loop
      vertex 10.290361908972262 3.889059000569168 22.896730975267545
      vertex 10.353029365878959 3.0686582687651094 22.58075889000675
      vertex 10.546947611272333 3.8674893826524235 22.85047478037234
    endloop
  endfacet
  facet normal 0.13809743456376947 -0.3467610986751386 0.9277315554687768
    outer loop
      vertex 10.546947611272333 3.8674893826524235 22.85047478037234
      vertex 10.353029365878959 3.0686582687651094 22.58075889000675
      vertex 10.467326633665508 3.059049984388734 22.560153857664126
    endloop
  endfacet
  facet normal 0.04629654090635009 -0.3416534116253841 0.9386850252480021
    outer loop
      vertex 10.546947611272333 3.8674893826524235 22.85047478037234
      vertex 10.467326633665508 3.059049984388734 22.560153857664126
      vertex 10.583613605558874 3.055828850404246 22.55324611354141
    endloop
  endfacet
  facet normal 0.04629653248808855 -0.34165340967164964 0.9386850263742973
    outer loop
      vertex 10.807999996244906 3.860258265568231 22.834967599742274
      vertex 10.583613605558874 3.055828850404246 22.55324611354141
      vertex 10.807999996244906 3.0496133777368213 22.53991698938977
    endloop
  endfacet
  facet normal 0.04629654090634891 -0.3416534116253842 0.9386850252480022
    outer loop
      vertex 10.546947611272333 3.8674893826524235 22.85047478037234
      vertex 10.583613605558874 3.055828850404246 22.55324611354141
      vertex 10.807999996244906 3.860258265568231 22.834967599742274
    endloop
  endfacet
  facet normal 0 -0.34202014396214514 0.9396926205542498
    outer loop
      vertex 10.807999996244906 3.860258265568231 22.834967599742274
      vertex 10.807999996244906 3.0496133777368213 22.53991698938977
      vertex 36.779999999105925 3.860258265568231 22.834967599742274
    endloop
  endfacet
  facet normal 0.7071067807076059 -0.640856382489857 0.29883623893252936
    outer loop
      vertex 8.807999996244906 4.70549478904963 24.647583173815576
      vertex 8.19799999511289 17.09913487025546 52.669213064712444
      vertex 8.197999996969994 4.152647040363342 24.90538031282174
    endloop
  endfacet
  facet normal 0.7071067807076069 -0.6408563824898562 0.298836238932529
    outer loop
      vertex 8.807999996244906 4.70549478904963 24.647583173815576
      vertex 8.807999996244906 17.651982620624857 52.41141592492143
      vertex 8.19799999511289 17.09913487025546 52.669213064712444
    endloop
  endfacet
  facet normal 0.7063485788645122 -0.6597349783391244 0.256556901080363
    outer loop
      vertex 8.807999996244906 17.651982620624857 52.41141592492143
      vertex 8.212707056416688 17.19396465694841 52.8725761985781
      vertex 8.19799999511289 17.09913487025546 52.669213064712444
    endloop
  endfacet
  facet normal 0.7063485770180593 -0.6597349830702235 0.25655689399798737
    outer loop
      vertex 8.825110276937483 17.762308125785232 52.64800973424657
      vertex 8.220328908713245 17.243109654663645 52.97796798630353
      vertex 8.212707056416688 17.19396465694841 52.8725761985781
    endloop
  endfacet
  facet normal 0.6942627602395972 -0.6985317173450802 0.17335702929915578
    outer loop
      vertex 8.825110276937483 17.762308125785232 52.64800973424657
      vertex 8.243064046318795 17.291413767090212 53.08155648970777
      vertex 8.220328908713245 17.243109654663645 52.97796798630353
    endloop
  endfacet
  facet normal 0.6942627592037405 -0.6985317238051147 0.17335700741724872
    outer loop
      vertex 8.876148341000079 17.870745929278804 52.88055535428339
      vertex 8.286933589947271 17.384620989097336 53.281440022375165
      vertex 8.243064046318795 17.291413767090212 53.08155648970777
    endloop
  endfacet
  facet normal 0.6702979160660371 -0.736329861290929 0.09229864077444043
    outer loop
      vertex 8.876148341000079 17.870745929278804 52.88055535428339
      vertex 8.359214987788798 17.47461084687553 53.47442389518672
      vertex 8.286933589947271 17.384620989097336 53.281440022375165
    endloop
  endfacet
  facet normal 0.7063485770180595 -0.659734983070221 0.25655689399799353
    outer loop
      vertex 8.807999996244906 17.651982620624857 52.41141592492143
      vertex 8.825110276937483 17.762308125785232 52.64800973424657
      vertex 8.212707056416688 17.19396465694841 52.8725761985781
    endloop
  endfacet
  facet normal 0.6942627602395951 -0.6985317173450842 0.1733570292991491
    outer loop
      vertex 8.825110276937483 17.762308125785232 52.64800973424657
      vertex 8.876148341000079 17.870745929278804 52.88055535428339
      vertex 8.243064046318795 17.291413767090212 53.08155648970777
    endloop
  endfacet
  facet normal 0.6702979128452571 -0.7363298648738831 0.09229863558092989
    outer loop
      vertex 8.876148341000079 17.870745929278804 52.88055535428339
      vertex 8.960240928232668 17.975440635628356 53.10507387659072
      vertex 8.359214987788798 17.47461084687553 53.47442389518672
    endloop
  endfacet
  facet normal 0.6702979128452543 -0.7363298648738866 0.09229863558092091
    outer loop
      vertex 8.960240928232668 17.975440635628356 53.10507387659072
      vertex 8.396674412976923 17.521247579664767 53.57443669141902
      vertex 8.359214987788798 17.47461084687553 53.47442389518672
    endloop
  endfacet
  facet normal 0.634864073965458 -0.7724826820193771 0.014768668461697654
    outer loop
      vertex 8.960240928232668 17.975440635628356 53.10507387659072
      vertex 8.448217184065388 17.565418962263944 53.66916252710642
      vertex 8.396674412976923 17.521247579664767 53.57443669141902
    endloop
  endfacet
  facet normal 0.6348640734368486 -0.7724826824847563 0.014768666843241875
    outer loop
      vertex 9.075949189960955 18.07460088236556 53.31772371195808
      vertex 8.547673694537448 17.650651701138234 53.85194472550525
      vertex 8.448217184065388 17.565418962263944 53.66916252710642
    endloop
  endfacet
  facet normal 0.6348640739654593 -0.7724826820193759 0.014768668461699887
    outer loop
      vertex 8.960240928232668 17.975440635628356 53.10507387659072
      vertex 9.075949189960955 18.07460088236556 53.31772371195808
      vertex 8.448217184065388 17.565418962263944 53.66916252710642
    endloop
  endfacet
  facet normal 0.5885675543490348 -0.8063715629816365 -0.057906272390375116
    outer loop
      vertex 9.075949189960955 18.07460088236556 53.31772371195808
      vertex 8.612417894835014 17.69160195116774 53.93976282010402
      vertex 8.547673694537448 17.650651701138234 53.85194472550525
    endloop
  endfacet
  facet normal 0.5885675532638525 -0.8063715636114811 -0.057906274649448496
    outer loop
      vertex 9.22129331320524 18.166530015167318 53.5148663734479
      vertex 8.73734777579872 17.770619219101825 54.10921589805524
      vertex 8.612417894835014 17.69160195116774 53.93976282010402
    endloop
  endfacet
  facet normal 0.5322004578240048 -0.8374166907518115 -0.12448276483997445
    outer loop
      vertex 9.22129331320524 18.166530015167318 53.5148663734479
      vertex 8.885613454258621 17.842069006611947 54.26244046186389
      vertex 8.73734777579872 17.770619219101825 54.10921589805524
    endloop
  endfacet
  facet normal 0.5885675543490356 -0.8063715629816361 -0.05790627239037451
    outer loop
      vertex 9.075949189960955 18.07460088236556 53.31772371195808
      vertex 9.22129331320524 18.166530015167318 53.5148663734479
      vertex 8.612417894835014 17.69160195116774 53.93976282010402
    endloop
  endfacet
  facet normal 0.5322004522859717 -0.8374166937108174 -0.12448276861096139
    outer loop
      vertex 9.393786435723303 18.24965509730262 53.693128687354985
      vertex 8.96245129967554 17.87909745225602 54.34184821981589
      vertex 8.885613454258621 17.842069006611947 54.26244046186389
    endloop
  endfacet
  facet normal 0.5322004522859807 -0.8374166937108134 -0.12448276861095046
    outer loop
      vertex 9.22129331320524 18.166530015167318 53.5148663734479
      vertex 9.393786435723303 18.24965509730262 53.693128687354985
      vertex 8.885613454258621 17.842069006611947 54.26244046186389
    endloop
  endfacet
  facet normal 0.46672728999270635 -0.8650868477498641 -0.18382160543926204
    outer loop
      vertex 9.393786435723303 18.24965509730262 53.693128687354985
      vertex 9.05006806638278 17.911570528920116 54.411486957463296
      vertex 8.96245129967554 17.87909745225602 54.34184821981589
    endloop
  endfacet
  facet normal 0.46672728532450014 -0.8650868491042016 -0.18382161091826807
    outer loop
      vertex 9.590477136671542 18.32255384090343 53.84946054750337
      vertex 9.219132666718174 17.974230312225973 54.545861296421606
      vertex 9.05006806638278 17.911570528920116 54.411486957463296
    endloop
  endfacet
  facet normal 0.4667272899926915 -0.8650868477498701 -0.18382160543927178
    outer loop
      vertex 9.393786435723303 18.24965509730262 53.693128687354985
      vertex 9.590477136671542 18.32255384090343 53.84946054750337
      vertex 9.05006806638278 17.911570528920116 54.411486957463296
    endloop
  endfacet
  facet normal 0.39326825385007375 -0.888908613877681 -0.23490754923538265
    outer loop
      vertex 9.590477136671542 18.32255384090343 53.84946054750337
      vertex 9.807999996244906 18.383978921623154 53.98118705819968
      vertex 9.40610345122773 18.027027961361966 54.6590862203983
    endloop
  endfacet
  facet normal 0.3932682561636917 -0.8889086130711319 -0.23490754841410633
    outer loop
      vertex 9.590477136671542 18.32255384090343 53.84946054750337
      vertex 9.40610345122773 18.027027961361966 54.6590862203983
      vertex 9.219132666718174 17.974230312225973 54.545861296421606
    endloop
  endfacet
  facet normal 0.39326825385006703 -0.8889086138776827 -0.2349075492353877
    outer loop
      vertex 9.807999996244906 18.383978921623154 53.98118705819968
      vertex 9.502999997676227 18.054390042746856 54.71776439329703
      vertex 9.40610345122773 18.027027961361966 54.6590862203983
    endloop
  endfacet
  facet normal 0.3130803307323261 -0.9084743684829608 -0.2768664449116629
    outer loop
      vertex 9.807999996244906 18.383978921623154 53.98118705819968
      vertex 9.70467783937927 18.09642218032782 54.80790260323749
      vertex 9.502999997676227 18.054390042746856 54.71776439329703
    endloop
  endfacet
  facet normal 0.3130803290688293 -0.9084743689440054 -0.27686644527993054
    outer loop
      vertex 9.807999996244906 18.383978921623154 53.98118705819968
      vertex 10.042633129060267 18.4328793460638 54.08605435682851
      vertex 9.70467783937927 18.09642218032782 54.80790260323749
    endloop
  endfacet
  facet normal 0.31308032906882427 -0.9084743689440062 -0.2768664452799334
    outer loop
      vertex 10.042633129060267 18.4328793460638 54.08605435682851
      vertex 9.809196234809201 18.118205096648005 54.85461621804239
      vertex 9.70467783937927 18.09642218032782 54.80790260323749
    endloop
  endfacet
  facet normal 0.2275354754009163 -0.923449356550688 -0.30898040928220544
    outer loop
      vertex 10.042633129060267 18.4328793460638 54.08605435682851
      vertex 9.919548145757764 18.1340361338052 54.88856598679021
      vertex 9.809196234809201 18.118205096648005 54.85461621804239
    endloop
  endfacet
  facet normal 0.22753546917976994 -0.9234493569580632 -0.3089804126459825
    outer loop
      vertex 10.290361908972262 18.46841840910532 54.16226812346946
      vertex 10.132482289756421 18.164583572524997 54.95407518053903
      vertex 9.919548145757764 18.1340361338052 54.88856598679021
    endloop
  endfacet
  facet normal 0.22753547540091038 -0.923449356550689 -0.3089804092822068
    outer loop
      vertex 10.042633129060267 18.4328793460638 54.08605435682851
      vertex 10.290361908972262 18.46841840910532 54.16226812346946
      vertex 9.919548145757764 18.1340361338052 54.88856598679021
    endloop
  endfacet
  facet normal 0.13809745712562474 -0.9335773370098586 -0.3306999367357321
    outer loop
      vertex 10.290361908972262 18.46841840910532 54.16226812346946
      vertex 10.353029366101694 18.18312364280464 54.99383448956676
      vertex 10.132482289756421 18.164583572524997 54.95407518053903
    endloop
  endfacet
  facet normal 0.13809743456377774 -0.9335773405226521 -0.33069993624062793
    outer loop
      vertex 10.290361908972262 18.46841840910532 54.16226812346946
      vertex 10.546947611272333 18.489988027022065 54.20852431836467
      vertex 10.353029366101694 18.18312364280464 54.99383448956676
    endloop
  endfacet
  facet normal 0.13809743456375148 -0.9335773405226534 -0.33069993624063493
    outer loop
      vertex 10.546947611272333 18.489988027022065 54.20852431836467
      vertex 10.467326633382156 18.192731927139658 55.014439521820684
      vertex 10.353029366101694 18.18312364280464 54.99383448956676
    endloop
  endfacet
  facet normal 0.04629654090633253 -0.9386850272301605 -0.34165340617945156
    outer loop
      vertex 10.546947611272333 18.489988027022065 54.20852431836467
      vertex 10.807999996244906 18.497219144106253 54.224031498994734
      vertex 10.583613604759995 18.195953061110256 55.02134726591361
    endloop
  endfacet
  facet normal 0.04629654090633202 -0.9386850272301605 -0.34165340617945156
    outer loop
      vertex 10.546947611272333 18.489988027022065 54.20852431836467
      vertex 10.583613604759995 18.195953061110256 55.02134726591361
      vertex 10.467326633382156 18.192731927139658 55.014439521820684
    endloop
  endfacet
  facet normal 0.046296532488101144 -0.9386850268371175 -0.34165340840005987
    outer loop
      vertex 10.807999996244906 18.497219144106253 54.224031498994734
      vertex 10.807999996244906 18.202168533800563 55.03467639011433
      vertex 10.583613604759995 18.195953061110256 55.02134726591361
    endloop
  endfacet
  facet normal -2.38639308473245e-19 -0.9396926210175676 -0.3420201426891906
    outer loop
      vertex 10.807999996244906 18.497219144106253 54.224031498994734
      vertex 36.779999999105925 18.202168533800563 55.03467639011433
      vertex 10.807999996244906 18.202168533800563 55.03467639011433
    endloop
  endfacet
  facet normal -2.8829692229122525e-17 -0.3420201439621443 0.9396926205542502
    outer loop
      vertex 36.779999999105925 3.860258265568231 22.834967599742274
      vertex 10.807999996244906 3.0496133777368213 22.53991698938977
      vertex 36.779999999105925 3.049613377736819 22.53991698938977
    endloop
  endfacet
  facet normal -0.046296532488087835 -0.3416534096716488 0.9386850263742976
    outer loop
      vertex 36.779999999105925 3.860258265568231 22.834967599742274
      vertex 36.779999999105925 3.049613377736819 22.53991698938977
      vertex 37.00438638979196 3.055828850404244 22.55324611354141
    endloop
  endfacet
  facet normal -0.046296540906351526 -0.3416534116253834 0.9386850252480025
    outer loop
      vertex 37.0410523840785 3.8674893826524235 22.85047478037234
      vertex 37.00438638979196 3.055828850404244 22.55324611354141
      vertex 37.12067336168532 3.059049984388732 22.560153857664126
    endloop
  endfacet
  facet normal -0.1380974345637703 -0.3467610986751373 0.9277315554687772
    outer loop
      vertex 37.0410523840785 3.8674893826524235 22.85047478037234
      vertex 37.12067336168532 3.059049984388732 22.560153857664126
      vertex 37.23497062947187 3.068658268765108 22.58075889000675
    endloop
  endfacet
  facet normal -0.046296540906348944 -0.34165341162538354 0.9386850252480025
    outer loop
      vertex 36.779999999105925 3.860258265568231 22.834967599742274
      vertex 37.00438638979196 3.055828850404244 22.55324611354141
      vertex 37.0410523840785 3.8674893826524235 22.85047478037234
    endloop
  endfacet
  facet normal -0.13809745712561955 -0.34676109603788285 0.9277315530960687
    outer loop
      vertex 37.29763808637857 3.889059000569168 22.896730975267545
      vertex 37.23497062947187 3.068658268765108 22.58075889000675
      vertex 37.455517705034644 3.0871983389766866 22.620518198888504
    endloop
  endfacet
  facet normal -0.22753546917976433 -0.35688907668557807 0.9060120292841922
    outer loop
      vertex 37.29763808637857 3.889059000569168 22.896730975267545
      vertex 37.455517705034644 3.0871983389766866 22.620518198888504
      vertex 37.66845184828367 3.1177457775850383 22.686027392398323
    endloop
  endfacet
  facet normal -0.13809743456376192 -0.34676109867513594 0.927731555468779
    outer loop
      vertex 37.0410523840785 3.8674893826524235 22.85047478037234
      vertex 37.23497062947187 3.068658268765108 22.58075889000675
      vertex 37.29763808637857 3.889059000569168 22.896730975267545
    endloop
  endfacet
  facet normal -0.22753547540090585 -0.35688907900052524 0.9060120268099319
    outer loop
      vertex 37.29763808637857 3.889059000569168 22.896730975267545
      vertex 37.66845184828367 3.1177457775850383 22.686027392398323
      vertex 37.545366866290564 3.9245980636106834 22.9729447419085
    endloop
  endfacet
  facet normal -0.22753547540091942 -0.3568890790005259 0.9060120268099281
    outer loop
      vertex 37.545366866290564 3.9245980636106834 22.9729447419085
      vertex 37.66845184828367 3.1177457775850383 22.686027392398323
      vertex 37.77880375971907 3.133576814810053 22.719977161291585
    endloop
  endfacet
  facet normal -0.3130803290688232 -0.37186406618220447 0.8738980626094753
    outer loop
      vertex 37.545366866290564 3.9245980636106834 22.9729447419085
      vertex 37.77880375971907 3.133576814810053 22.719977161291585
      vertex 37.88332215560854 3.1553597312230703 22.766690776295576
    endloop
  endfacet
  facet normal -0.31308033073231956 -0.3718640661679601 0.873898062019577
    outer loop
      vertex 37.779999999105925 3.9734984880513298 23.07781204053732
      vertex 37.88332215560854 3.1553597312230703 22.766690776295576
      vertex 38.08499999660903 3.197391868651942 22.856828985909868
    endloop
  endfacet
  facet normal -0.3130803290688234 -0.3718640661822044 0.8738980626094752
    outer loop
      vertex 37.545366866290564 3.9245980636106834 22.9729447419085
      vertex 37.88332215560854 3.1553597312230703 22.766690776295576
      vertex 37.779999999105925 3.9734984880513298 23.07781204053732
    endloop
  endfacet
  facet normal -0.39326825385010383 -0.39142982040575014 0.8319391661719098
    outer loop
      vertex 37.779999999105925 3.9734984880513298 23.07781204053732
      vertex 38.08499999660903 3.197391868651942 22.856828985909868
      vertex 38.18189654348132 3.224753950152529 22.91550715905671
    endloop
  endfacet
  facet normal -0.39326825385008646 -0.39142982040574326 0.8319391661719211
    outer loop
      vertex 37.779999999105925 3.9734984880513298 23.07781204053732
      vertex 38.18189654348132 3.224753950152529 22.91550715905671
      vertex 37.99752285867929 4.034923568771056 23.20953855123363
    endloop
  endfacet
  facet normal -0.3932682561636812 -0.3914298205164366 0.8319391650261739
    outer loop
      vertex 37.99752285867929 4.034923568771056 23.20953855123363
      vertex 38.18189654348132 3.224753950152529 22.91550715905671
      vertex 38.36886732734929 3.277551599099665 23.028732082628395
    endloop
  endfacet
  facet normal -0.46672728532450203 -0.4152515843378316 0.7808532274624609
    outer loop
      vertex 37.99752285867929 4.034923568771056 23.20953855123363
      vertex 38.36886732734929 3.277551599099665 23.028732082628395
      vertex 38.537931927116325 3.3402113821847887 23.16310642111334
    endloop
  endfacet
  facet normal -0.46672728999269464 -0.4152515876644397 0.7808532229031505
    outer loop
      vertex 37.99752285867929 4.034923568771056 23.20953855123363
      vertex 38.537931927116325 3.3402113821847887 23.16310642111334
      vertex 38.19421355962753 4.107822312371864 23.36587041138202
    endloop
  endfacet
  facet normal -0.4667272899926923 -0.4152515876644392 0.7808532229031523
    outer loop
      vertex 38.19421355962753 4.107822312371864 23.36587041138202
      vertex 38.537931927116325 3.3402113821847887 23.16310642111334
      vertex 38.6255486942039 3.3726844589846197 23.232745159051838
    endloop
  endfacet
  facet normal -0.532200452285975 -0.44292174170349324 0.721514386074836
    outer loop
      vertex 38.19421355962753 4.107822312371864 23.36587041138202
      vertex 38.6255486942039 3.3726844589846197 23.232745159051838
      vertex 38.70238653995297 3.409712904781963 23.312152917332522
    endloop
  endfacet
  facet normal -0.5322004522859775 -0.44292174170349485 0.7215143860748334
    outer loop
      vertex 38.19421355962753 4.107822312371864 23.36587041138202
      vertex 38.70238653995297 3.409712904781963 23.312152917332522
      vertex 38.36670668214559 4.190947394507169 23.544132725289103
    endloop
  endfacet
  facet normal -0.5322004578240045 -0.4429217426902208 0.7215143813841675
    outer loop
      vertex 38.36670668214559 4.190947394507169 23.544132725289103
      vertex 38.70238653995297 3.409712904781963 23.312152917332522
      vertex 38.85065221792594 3.481162692044322 23.46537748060984
    endloop
  endfacet
  facet normal -0.5885675543490387 -0.4739668713017887 0.6549378893269079
    outer loop
      vertex 38.36670668214559 4.190947394507169 23.544132725289103
      vertex 38.97558209849248 3.5601799597099935 23.63483055798545
      vertex 38.512050805389876 4.282876527308931 23.741275386778923
    endloop
  endfacet
  facet normal -0.588567553263853 -0.4739668699760913 0.6549378912615063
    outer loop
      vertex 38.36670668214559 4.190947394507169 23.544132725289103
      vertex 38.85065221792594 3.481162692044322 23.46537748060984
      vertex 38.97558209849248 3.5601799597099935 23.63483055798545
    endloop
  endfacet
  facet normal -0.5885675543490493 -0.4739668713017935 0.6549378893268948
    outer loop
      vertex 38.512050805389876 4.282876527308931 23.741275386778923
      vertex 38.97558209849248 3.5601799597099935 23.63483055798545
      vertex 39.040326299068056 3.6011302099064264 23.722648652942194
    endloop
  endfacet
  facet normal -0.6348640734368393 -0.5078557521661557 0.5822629502646822
    outer loop
      vertex 38.512050805389876 4.282876527308931 23.741275386778923
      vertex 39.040326299068056 3.6011302099064264 23.722648652942194
      vertex 39.1397828092367 3.6863629484973726 23.90543085073339
    endloop
  endfacet
  facet normal -0.6348640739654553 -0.507855753106836 0.5822629488678406
    outer loop
      vertex 38.512050805389876 4.282876527308931 23.741275386778923
      vertex 39.1397828092367 3.6863629484973726 23.90543085073339
      vertex 38.62775906711816 4.382036774046133 23.95392522214629
    endloop
  endfacet
  facet normal -0.6348640739654616 -0.5078557531068398 0.5822629488678303
    outer loop
      vertex 38.62775906711816 4.382036774046133 23.95392522214629
      vertex 39.1397828092367 3.6863629484973726 23.90543085073339
      vertex 39.19132558054629 3.7305343312739696 24.000156686801272
    endloop
  endfacet
  facet normal -0.67029791284526 -0.5440085706773359 0.5047329819467817
    outer loop
      vertex 38.62775906711816 4.382036774046133 23.95392522214629
      vertex 39.19132558054629 3.7305343312739696 24.000156686801272
      vertex 39.22878500589698 3.777171064248048 24.10016948342997
    endloop
  endfacet
  facet normal -0.670297916066029 -0.5440085723527095 0.5047329758637784
    outer loop
      vertex 38.71185165435075 4.486731480395685 24.17844374445362
      vertex 39.22878500589698 3.777171064248048 24.10016948342997
      vertex 39.301066403530626 3.867160921733558 24.293153355613857
    endloop
  endfacet
  facet normal -0.6942627592037401 -0.5818067092426369 0.4236746089430698
    outer loop
      vertex 38.71185165435075 4.486731480395685 24.17844374445362
      vertex 39.301066403530626 3.867160921733558 24.293153355613857
      vertex 39.344935947047404 3.960368143445566 24.493036887648362
    endloop
  endfacet
  facet normal -0.6702979128452586 -0.5440085706773333 0.5047329819467863
    outer loop
      vertex 38.62775906711816 4.382036774046133 23.95392522214629
      vertex 39.22878500589698 3.777171064248048 24.10016948342997
      vertex 38.71185165435075 4.486731480395685 24.17844374445362
    endloop
  endfacet
  facet normal -0.6942627602395941 -0.5818067218527077 0.4236745899289994
    outer loop
      vertex 38.71185165435075 4.486731480395685 24.17844374445362
      vertex 39.344935947047404 3.960368143445566 24.493036887648362
      vertex 38.76288971841335 4.595169283889257 24.410989364490444
    endloop
  endfacet
  facet normal -0.7063485770180614 -0.6206034557853245 0.3404747250705585
    outer loop
      vertex 38.76288971841335 4.595169283889257 24.410989364490444
      vertex 39.37529293709526 4.057817253963326 24.702017179584274
      vertex 38.779999999105925 4.70549478904963 24.647583173815576
    endloop
  endfacet
  facet normal -0.694262760239602 -0.5818067218527184 0.42367458992897195
    outer loop
      vertex 38.76288971841335 4.595169283889257 24.410989364490444
      vertex 39.344935947047404 3.960368143445566 24.493036887648362
      vertex 39.367671084755415 4.0086722560598815 24.59662539145523
    endloop
  endfacet
  facet normal -0.7063485770180614 -0.6206034557853211 0.3404747250705648
    outer loop
      vertex 38.76288971841335 4.595169283889257 24.410989364490444
      vertex 39.367671084755415 4.0086722560598815 24.59662539145523
      vertex 39.37529293709526 4.057817253963326 24.702017179584274
    endloop
  endfacet
  facet normal -0.7063485788645114 -0.6206034581696407 0.34047471689388037
    outer loop
      vertex 38.779999999105925 4.70549478904963 24.647583173815576
      vertex 39.37529293709526 4.057817253963326 24.702017179584274
      vertex 39.38999999838084 4.152647040363342 24.90538031282174
    endloop
  endfacet
  facet normal 0 -0.9396926210175676 -0.3420201426891906
    outer loop
      vertex 10.807999996244906 18.497219144106253 54.224031498994734
      vertex 36.779999999105925 18.497219144106253 54.224031498994734
      vertex 36.779999999105925 18.202168533800563 55.03467639011433
    endloop
  endfacet
  facet normal -0.7071067807076059 -0.640856382489857 0.29883623893252936
    outer loop
      vertex 38.779999999105925 4.70549478904963 24.647583173815576
      vertex 39.38999999838084 4.152647040363342 24.90538031282174
      vertex 38.779999999105925 17.651982620624857 52.41141592492143
    endloop
  endfacet
  facet normal -0.7071067807076069 -0.6408563824898561 0.2988362389325289
    outer loop
      vertex 38.779999999105925 17.651982620624857 52.41141592492143
      vertex 39.38999999838084 4.152647040363342 24.90538031282174
      vertex 39.39000000023795 17.099134870255455 52.669213064712444
    endloop
  endfacet
  facet normal -0.04629654090633251 -0.9386850272301605 -0.34165340617945145
    outer loop
      vertex 36.779999999105925 18.497219144106253 54.224031498994734
      vertex 37.0410523840785 18.489988027022065 54.20852431836467
      vertex 37.00438639059084 18.195953061110256 55.02134726591361
    endloop
  endfacet
  facet normal -0.13809743456375762 -0.9335773405226528 -0.3306999362406339
    outer loop
      vertex 37.0410523840785 18.489988027022065 54.20852431836467
      vertex 37.23497062924913 18.18312364280464 54.99383448956676
      vertex 37.12067336196868 18.192731927139658 55.014439521820684
    endloop
  endfacet
  facet normal -0.04629653248810076 -0.9386850268371176 -0.3416534084000599
    outer loop
      vertex 36.779999999105925 18.497219144106253 54.224031498994734
      vertex 37.00438639059084 18.195953061110256 55.02134726591361
      vertex 36.779999999105925 18.202168533800563 55.03467639011433
    endloop
  endfacet
  facet normal -0.046296540906332 -0.9386850272301605 -0.34165340617945145
    outer loop
      vertex 37.0410523840785 18.489988027022065 54.20852431836467
      vertex 37.12067336196868 18.192731927139658 55.014439521820684
      vertex 37.00438639059084 18.195953061110256 55.02134726591361
    endloop
  endfacet
  facet normal -0.5322004578240053 -0.8374166907518115 -0.12448276483997431
    outer loop
      vertex 38.36670668214559 18.166530015167318 53.5148663734479
      vertex 38.85065221955211 17.770619219101825 54.10921589805525
      vertex 38.70238654109221 17.842069006611947 54.26244046186389
    endloop
  endfacet
  facet normal -0.3932682538500741 -0.8889086138776807 -0.23490754923538334
    outer loop
      vertex 37.99752285867929 18.32255384090343 53.84946054750337
      vertex 38.1818965441231 18.027027961361966 54.6590862203983
      vertex 37.779999999105925 18.383978921623154 53.98118705819968
    endloop
  endfacet
  facet normal -0.466727289992692 -0.8650868477498695 -0.1838216054392725
    outer loop
      vertex 37.99752285867929 18.32255384090343 53.84946054750337
      vertex 38.19421355962753 18.24965509730262 53.693128687354985
      vertex 38.53793192896805 17.911570528920116 54.411486957463296
    endloop
  endfacet
  facet normal -0.46672728532450775 -0.8650868491041991 -0.1838216109182603
    outer loop
      vertex 37.99752285867929 18.32255384090343 53.84946054750337
      vertex 38.53793192896805 17.911570528920116 54.411486957463296
      vertex 38.36886732863266 17.974230312225973 54.545861296421606
    endloop
  endfacet
  facet normal -0.5885675543490363 -0.8063715629816356 -0.05790627239037532
    outer loop
      vertex 38.512050805389876 18.07460088236556 53.31772371195808
      vertex 38.975582100515815 17.69160195116774 53.93976282010402
      vertex 38.36670668214559 18.166530015167318 53.5148663734479
    endloop
  endfacet
  facet normal -0.5322004522859807 -0.8374166937108134 -0.12448276861095046
    outer loop
      vertex 38.36670668214559 18.166530015167318 53.5148663734479
      vertex 38.70238654109221 17.842069006611947 54.26244046186389
      vertex 38.19421355962753 18.24965509730262 53.693128687354985
    endloop
  endfacet
  facet normal -0.466727289992701 -0.865086847749866 -0.1838216054392665
    outer loop
      vertex 38.19421355962753 18.24965509730262 53.693128687354985
      vertex 38.62554869567529 17.87909745225602 54.34184821981589
      vertex 38.53793192896805 17.911570528920116 54.411486957463296
    endloop
  endfacet
  facet normal -0.5322004522859719 -0.8374166937108174 -0.12448276861096128
    outer loop
      vertex 38.19421355962753 18.24965509730262 53.693128687354985
      vertex 38.70238654109221 17.842069006611947 54.26244046186389
      vertex 38.62554869567529 17.87909745225602 54.34184821981589
    endloop
  endfacet
  facet normal -0.1380974571256227 -0.9335773370098587 -0.3306999367357326
    outer loop
      vertex 37.29763808637857 18.46841840910532 54.16226812346946
      vertex 37.45551770559441 18.164583572524997 54.95407518053903
      vertex 37.23497062924913 18.18312364280464 54.99383448956676
    endloop
  endfacet
  facet normal -0.13809743456377782 -0.9335773405226517 -0.33069993624062843
    outer loop
      vertex 37.0410523840785 18.489988027022065 54.20852431836467
      vertex 37.29763808637857 18.46841840910532 54.16226812346946
      vertex 37.23497062924913 18.18312364280464 54.99383448956676
    endloop
  endfacet
  facet normal -0.22753546917976836 -0.9234493569580633 -0.30898041264598297
    outer loop
      vertex 37.29763808637857 18.46841840910532 54.16226812346946
      vertex 37.66845184959307 18.1340361338052 54.88856598679021
      vertex 37.45551770559441 18.164583572524997 54.95407518053903
    endloop
  endfacet
  facet normal -0.22753547540091026 -0.9234493565506893 -0.3089804092822063
    outer loop
      vertex 37.545366866290564 18.4328793460638 54.08605435682851
      vertex 37.66845184959307 18.1340361338052 54.88856598679021
      vertex 37.29763808637857 18.46841840910532 54.16226812346946
    endloop
  endfacet
  facet normal -0.3130803290688291 -0.9084743689440056 -0.27686644527993
    outer loop
      vertex 37.545366866290564 18.4328793460638 54.08605435682851
      vertex 37.779999999105925 18.383978921623154 53.98118705819968
      vertex 37.88332215597156 18.09642218032782 54.80790260323749
    endloop
  endfacet
  facet normal -0.22753547540092303 -0.9234493565506872 -0.30898040928220355
    outer loop
      vertex 37.545366866290564 18.4328793460638 54.08605435682851
      vertex 37.77880376054163 18.118205096648005 54.85461621804239
      vertex 37.66845184959307 18.1340361338052 54.88856598679021
    endloop
  endfacet
  facet normal -0.31308032906881567 -0.908474368944008 -0.27686644527993737
    outer loop
      vertex 37.545366866290564 18.4328793460638 54.08605435682851
      vertex 37.88332215597156 18.09642218032782 54.80790260323749
      vertex 37.77880376054163 18.118205096648005 54.85461621804239
    endloop
  endfacet
  facet normal -0.31308033073232344 -0.9084743684829617 -0.27686644491166285
    outer loop
      vertex 37.779999999105925 18.383978921623154 53.98118705819968
      vertex 38.08499999767461 18.054390042746856 54.71776439329703
      vertex 37.88332215597156 18.09642218032782 54.80790260323749
    endloop
  endfacet
  facet normal -0.3932682538500816 -0.8889086138776788 -0.23490754923537777
    outer loop
      vertex 37.779999999105925 18.383978921623154 53.98118705819968
      vertex 38.1818965441231 18.027027961361966 54.6590862203983
      vertex 38.08499999767461 18.054390042746856 54.71776439329703
    endloop
  endfacet
  facet normal -0.3932682561636837 -0.8889086130711344 -0.23490754841410996
    outer loop
      vertex 37.99752285867929 18.32255384090343 53.84946054750337
      vertex 38.36886732863266 17.974230312225973 54.545861296421606
      vertex 38.1818965441231 18.027027961361966 54.6590862203983
    endloop
  endfacet
  facet normal -0.7063485770180624 -0.6597349830702184 0.25655689399799203
    outer loop
      vertex 38.779999999105925 17.651982620624857 52.41141592492143
      vertex 39.37529293893414 17.19396465694841 52.8725761985781
      vertex 38.76288971841335 17.762308125785232 52.64800973424657
    endloop
  endfacet
  facet normal -0.6702979128452574 -0.7363298648738827 0.09229863558092957
    outer loop
      vertex 38.62775906711816 17.975440635628356 53.10507387659072
      vertex 38.71185165435075 17.870745929278804 52.88055535428339
      vertex 39.22878500756203 17.47461084687553 53.47442389518671
    endloop
  endfacet
  facet normal -0.694262760239596 -0.6985317173450833 0.17335702929914848
    outer loop
      vertex 38.76288971841335 17.762308125785232 52.64800973424657
      vertex 39.344935949032035 17.291413767090212 53.08155648970777
      vertex 38.71185165435075 17.870745929278804 52.88055535428339
    endloop
  endfacet
  facet normal -0.7063485788645125 -0.6597349783391288 0.256556901080351
    outer loop
      vertex 38.779999999105925 17.651982620624857 52.41141592492143
      vertex 39.39000000023795 17.099134870255455 52.669213064712444
      vertex 39.37529293893414 17.19396465694841 52.8725761985781
    endloop
  endfacet
  facet normal -0.7063485770180626 -0.6597349830702015 0.2565568939980347
    outer loop
      vertex 38.76288971841335 17.762308125785232 52.64800973424657
      vertex 39.37529293893414 17.19396465694841 52.8725761985781
      vertex 39.367671086637586 17.243109654663648 52.97796798630353
    endloop
  endfacet
  facet normal -0.6942627592037417 -0.6985317238051124 0.1733570074172534
    outer loop
      vertex 38.71185165435075 17.870745929278804 52.88055535428339
      vertex 39.344935949032035 17.291413767090212 53.08155648970777
      vertex 39.30106640540356 17.384620989097336 53.281440022375165
    endloop
  endfacet
  facet normal -0.6942627602395899 -0.6985317173450944 0.17335702929912797
    outer loop
      vertex 38.76288971841335 17.762308125785232 52.64800973424657
      vertex 39.367671086637586 17.243109654663648 52.97796798630353
      vertex 39.344935949032035 17.291413767090212 53.08155648970777
    endloop
  endfacet
  facet normal -0.6702979160660364 -0.7363298612909297 0.0922986407744384
    outer loop
      vertex 38.71185165435075 17.870745929278804 52.88055535428339
      vertex 39.30106640540356 17.384620989097336 53.281440022375165
      vertex 39.22878500756203 17.47461084687553 53.47442389518671
    endloop
  endfacet
  facet normal -0.6348640739654592 -0.772482682019376 0.014768668461699875
    outer loop
      vertex 38.62775906711816 17.975440635628356 53.10507387659072
      vertex 39.13978281128544 17.565418962263944 53.66916252710642
      vertex 38.512050805389876 18.07460088236556 53.31772371195808
    endloop
  endfacet
  facet normal -0.5885675543490302 -0.8063715629816396 -0.05790627239038229
    outer loop
      vertex 38.512050805389876 18.07460088236556 53.31772371195808
      vertex 39.04032630081338 17.650651701138234 53.85194472550525
      vertex 38.975582100515815 17.69160195116774 53.93976282010402
    endloop
  endfacet
  facet normal -0.6348640739654627 -0.7724826820193729 0.014768668461705258
    outer loop
      vertex 38.62775906711816 17.975440635628356 53.10507387659072
      vertex 39.191325582373906 17.521247579664767 53.57443669141902
      vertex 39.13978281128544 17.565418962263944 53.66916252710642
    endloop
  endfacet
  facet normal -0.6702979128452532 -0.7363298648738883 0.09229863558091586
    outer loop
      vertex 38.62775906711816 17.975440635628356 53.10507387659072
      vertex 39.22878500756203 17.47461084687553 53.47442389518671
      vertex 39.191325582373906 17.521247579664767 53.57443669141902
    endloop
  endfacet
  facet normal -0.6348640734368486 -0.7724826824847563 0.014768666843241919
    outer loop
      vertex 38.512050805389876 18.07460088236556 53.31772371195808
      vertex 39.13978281128544 17.565418962263944 53.66916252710642
      vertex 39.04032630081338 17.650651701138234 53.85194472550525
    endloop
  endfacet
  facet normal -0.5885675532638538 -0.80637156361148 -0.05790627464944757
    outer loop
      vertex 38.36670668214559 18.166530015167318 53.5148663734479
      vertex 38.975582100515815 17.69160195116774 53.93976282010402
      vertex 38.85065221955211 17.770619219101825 54.10921589805525
    endloop
  endfacet
  facet normal 0.9469301319984071 0.13584618496468884 0.2913230837815958
    outer loop
      vertex 8.876148341000079 4.486731480395685 24.17844374445362
      vertex 8.960240928232668 4.382036774046133 23.95392522214629
      vertex 8.876148341000079 4.840191517339978 24.013622622374747
    endloop
  endfacet
  facet normal 0.9807852843656897 0.0824487243540679 0.17681185996448304
    outer loop
      vertex 8.876148341000079 4.486731480395685 24.17844374445362
      vertex 8.876148341000079 4.840191517339978 24.013622622374747
      vertex 8.825110276937483 4.94862932083355 24.24616824241157
    endloop
  endfacet
  facet normal 0.9807852843656897 0.0824487243540679 0.17681185996448304
    outer loop
      vertex 8.876148341000079 4.486731480395685 24.17844374445362
      vertex 8.825110276937483 4.94862932083355 24.24616824241157
      vertex 8.825110276937483 4.595169283889257 24.410989364490444
    endloop
  endfacet
  facet normal 0.9978589223891016 0.02764056226515599 0.05927537706440107
    outer loop
      vertex 8.825110276937483 4.595169283889257 24.410989364490444
      vertex 8.807999996244906 5.058954825993924 24.4827620517367
      vertex 8.807999996244906 4.70549478904963 24.647583173815576
    endloop
  endfacet
  facet normal 0.9978589223891016 0.027640562265155863 0.05927537706440192
    outer loop
      vertex 8.825110276937483 4.595169283889257 24.410989364490444
      vertex 8.825110276937483 4.94862932083355 24.24616824241157
      vertex 8.807999996244906 5.058954825993924 24.4827620517367
    endloop
  endfacet
  facet normal 0.5555702203832525 0.35139424580982503 0.7535673919664042
    outer loop
      vertex 9.590477136671542 4.034923568771056 23.20953855123363
      vertex 9.807999996244906 3.9734984880513298 23.07781204053732
      vertex 9.590477136671542 4.388383605715349 23.04471742915476
    endloop
  endfacet
  facet normal 0.7518397936522635 0.27865158892674136 0.597570260864381
    outer loop
      vertex 9.393786435723303 4.461282349316158 23.201049289303146
      vertex 9.22129331320524 4.544407431451463 23.379311603210233
      vertex 9.393786435723303 4.107822312371864 23.36587041138202
    endloop
  endfacet
  facet normal 0.659345830866418 0.31774122670080446 0.6813982595910713
    outer loop
      vertex 9.590477136671542 4.034923568771056 23.20953855123363
      vertex 9.393786435723303 4.461282349316158 23.201049289303146
      vertex 9.393786435723303 4.107822312371864 23.36587041138202
    endloop
  endfacet
  facet normal 0.6593458308664187 0.3177412267008048 0.6813982595910704
    outer loop
      vertex 9.590477136671542 4.034923568771056 23.20953855123363
      vertex 9.590477136671542 4.388383605715349 23.04471742915476
      vertex 9.393786435723303 4.461282349316158 23.201049289303146
    endloop
  endfacet
  facet normal 0.8968727332159222 0.18691928457526638 0.4008496993483617
    outer loop
      vertex 9.075949189960955 4.282876527308931 23.741275386778923
      vertex 8.960240928232668 4.735496810990426 23.78910410006742
      vertex 8.960240928232668 4.382036774046133 23.95392522214629
    endloop
  endfacet
  facet normal 0.8968727332159245 0.18691928457526763 0.40084969934835574
    outer loop
      vertex 9.075949189960955 4.636336564253224 23.57645426470005
      vertex 8.960240928232668 4.735496810990426 23.78910410006742
      vertex 9.075949189960955 4.282876527308931 23.741275386778923
    endloop
  endfacet
  facet normal 0.8314696207458813 0.23479412081326526 0.5035176169790152
    outer loop
      vertex 9.22129331320524 4.190947394507169 23.544132725289103
      vertex 9.22129331320524 4.544407431451463 23.379311603210233
      vertex 9.075949189960955 4.636336564253224 23.57645426470005
    endloop
  endfacet
  facet normal 0.8314696207458854 0.23479412081326717 0.5035176169790073
    outer loop
      vertex 9.22129331320524 4.190947394507169 23.544132725289103
      vertex 9.075949189960955 4.636336564253224 23.57645426470005
      vertex 9.075949189960955 4.282876527308931 23.741275386778923
    endloop
  endfacet
  facet normal 0.7518397936522581 0.27865158892673897 0.5975702608643889
    outer loop
      vertex 9.22129331320524 4.190947394507169 23.544132725289103
      vertex 9.393786435723303 4.107822312371864 23.36587041138202
      vertex 9.22129331320524 4.544407431451463 23.379311603210233
    endloop
  endfacet
  facet normal 0.9469301319984059 0.13584618496468803 0.2913230837816003
    outer loop
      vertex 8.960240928232668 4.382036774046133 23.95392522214629
      vertex 8.960240928232668 4.735496810990426 23.78910410006742
      vertex 8.876148341000079 4.840191517339978 24.013622622374747
    endloop
  endfacet
  facet normal 0.4422887070837349 0.37903479551434355 0.8128427420944336
    outer loop
      vertex 9.807999996244906 3.9734984880513298 23.07781204053732
      vertex 10.042633129060267 3.9245980636106834 22.9729447419085
      vertex 9.807999996244906 4.326958524995623 22.912990918458448
    endloop
  endfacet
  facet normal 0.3214394579286741 0.4001899663750517 0.8582101524098018
    outer loop
      vertex 10.042633129060267 3.9245980636106834 22.9729447419085
      vertex 10.290361908972262 3.889059000569168 22.896730975267545
      vertex 10.042633129060267 4.2780581005549765 22.80812361982963
    endloop
  endfacet
  facet normal 0.32143945792868445 0.4001899663750569 0.8582101524097954
    outer loop
      vertex 10.290361908972262 4.242519037513461 22.73190985318867
      vertex 10.042633129060267 4.2780581005549765 22.80812361982963
      vertex 10.290361908972262 3.889059000569168 22.896730975267545
    endloop
  endfacet
  facet normal 0.19509030209549266 0.41449777201948657 0.8888933406315807
    outer loop
      vertex 10.290361908972262 4.242519037513461 22.73190985318867
      vertex 10.290361908972262 3.889059000569168 22.896730975267545
      vertex 10.546947611272333 3.8674893826524235 22.85047478037234
    endloop
  endfacet
  facet normal 0.44228870708372564 0.3790347955143392 0.8128427420944407
    outer loop
      vertex 9.807999996244906 4.326958524995623 22.912990918458448
      vertex 10.042633129060267 3.9245980636106834 22.9729447419085
      vertex 10.042633129060267 4.2780581005549765 22.80812361982963
    endloop
  endfacet
  facet normal 0.555570220383252 0.35139424580982487 0.7535673919664048
    outer loop
      vertex 9.807999996244906 3.9734984880513298 23.07781204053732
      vertex 9.807999996244906 4.326958524995623 22.912990918458448
      vertex 9.590477136671542 4.388383605715349 23.04471742915476
    endloop
  endfacet
  facet normal 0.19509030209549202 0.4144977720194862 0.8888933406315809
    outer loop
      vertex 10.290361908972262 4.242519037513461 22.73190985318867
      vertex 10.546947611272333 3.8674893826524235 22.85047478037234
      vertex 10.546947611272333 4.220949419596717 22.685653658293468
    endloop
  endfacet
  facet normal 0.06540314219104028 0.4217134032425298 0.9043673117252425
    outer loop
      vertex 10.546947611272333 4.220949419596717 22.685653658293468
      vertex 10.546947611272333 3.8674893826524235 22.85047478037234
      vertex 10.807999996244906 3.860258265568231 22.834967599742274
    endloop
  endfacet
  facet normal 0.06540314219104103 0.42171340324253026 0.9043673117252423
    outer loop
      vertex 10.546947611272333 4.220949419596717 22.685653658293468
      vertex 10.807999996244906 3.860258265568231 22.834967599742274
      vertex 10.807999996244906 4.213718302512524 22.6701464776634
    endloop
  endfacet
  facet normal 3.863719301361747e-20 0.4226182617407001 0.9063077870366496
    outer loop
      vertex 10.807999996244906 4.213718302512524 22.6701464776634
      vertex 10.807999996244906 3.860258265568231 22.834967599742274
      vertex 36.779999999105925 3.860258265568231 22.834967599742274
    endloop
  endfacet
  facet normal 1 0 0
    outer loop
      vertex 8.807999996244906 5.058954825993924 24.4827620517367
      vertex 8.807999996244906 18.00544265756915 52.246594802842566
      vertex 8.807999996244906 4.70549478904963 24.647583173815576
    endloop
  endfacet
  facet normal 1 0 0
    outer loop
      vertex 8.807999996244906 4.70549478904963 24.647583173815576
      vertex 8.807999996244906 18.00544265756915 52.246594802842566
      vertex 8.807999996244906 17.651982620624857 52.41141592492143
    endloop
  endfacet
  facet normal 0.9978589223891016 -0.027640562265154364 -0.05927537706440283
    outer loop
      vertex 8.807999996244906 17.651982620624857 52.41141592492143
      vertex 8.807999996244906 18.00544265756915 52.246594802842566
      vertex 8.825110276937483 18.115768162729523 52.483188612167694
    endloop
  endfacet
  facet normal 0.9978589223891018 -0.027640562265155034 -0.059275377064398546
    outer loop
      vertex 8.807999996244906 17.651982620624857 52.41141592492143
      vertex 8.825110276937483 18.115768162729523 52.483188612167694
      vertex 8.825110276937483 17.762308125785232 52.64800973424657
    endloop
  endfacet
  facet normal 0.9807852843656888 -0.08244872435406585 -0.17681185996448917
    outer loop
      vertex 8.825110276937483 17.762308125785232 52.64800973424657
      vertex 8.876148341000079 18.224205966223096 52.715734232204525
      vertex 8.876148341000079 17.870745929278804 52.88055535428339
    endloop
  endfacet
  facet normal 0.9807852843656907 -0.08244872435406772 -0.17681185996447796
    outer loop
      vertex 8.825110276937483 18.115768162729523 52.483188612167694
      vertex 8.876148341000079 18.224205966223096 52.715734232204525
      vertex 8.825110276937483 17.762308125785232 52.64800973424657
    endloop
  endfacet
  facet normal 0.9469301319984039 -0.1358461849646862 -0.29132308378160754
    outer loop
      vertex 8.876148341000079 17.870745929278804 52.88055535428339
      vertex 8.876148341000079 18.224205966223096 52.715734232204525
      vertex 8.960240928232668 18.32890067257265 52.940252754511846
    endloop
  endfacet
  facet normal 0.9469301319984085 -0.13584618496468912 -0.29132308378159155
    outer loop
      vertex 8.876148341000079 17.870745929278804 52.88055535428339
      vertex 8.960240928232668 18.32890067257265 52.940252754511846
      vertex 8.960240928232668 17.975440635628356 53.10507387659072
    endloop
  endfacet
  facet normal 0.8968727332159259 -0.18691928457526905 -0.40084969934835213
    outer loop
      vertex 8.960240928232668 17.975440635628356 53.10507387659072
      vertex 8.960240928232668 18.32890067257265 52.940252754511846
      vertex 9.075949189960955 18.42806091930985 53.15290258987922
    endloop
  endfacet
  facet normal 0.8968727332159173 -0.18691928457526466 -0.4008496993483732
    outer loop
      vertex 8.960240928232668 17.975440635628356 53.10507387659072
      vertex 9.075949189960955 18.42806091930985 53.15290258987922
      vertex 9.075949189960955 18.07460088236556 53.31772371195808
    endloop
  endfacet
  facet normal 0.8314696207458842 -0.23479412081325654 -0.5035176169790144
    outer loop
      vertex 9.075949189960955 18.07460088236556 53.31772371195808
      vertex 9.075949189960955 18.42806091930985 53.15290258987922
      vertex 9.22129331320524 18.51999005211161 53.35004525136904
    endloop
  endfacet
  facet normal 0.8314696207458842 -0.23479412081325654 -0.5035176169790144
    outer loop
      vertex 9.075949189960955 18.07460088236556 53.31772371195808
      vertex 9.22129331320524 18.51999005211161 53.35004525136904
      vertex 9.22129331320524 18.166530015167318 53.5148663734479
    endloop
  endfacet
  facet normal 0.7518397936522574 -0.27865158892673114 -0.5975702608643934
    outer loop
      vertex 9.22129331320524 18.51999005211161 53.35004525136904
      vertex 9.393786435723303 18.603115134246913 53.52830756527612
      vertex 9.22129331320524 18.166530015167318 53.5148663734479
    endloop
  endfacet
  facet normal 0.7518397936522574 -0.27865158892673114 -0.5975702608643934
    outer loop
      vertex 9.22129331320524 18.166530015167318 53.5148663734479
      vertex 9.393786435723303 18.603115134246913 53.52830756527612
      vertex 9.393786435723303 18.24965509730262 53.693128687354985
    endloop
  endfacet
  facet normal 0.6593458308664126 -0.3177412267007916 -0.6813982595910825
    outer loop
      vertex 9.393786435723303 18.24965509730262 53.693128687354985
      vertex 9.393786435723303 18.603115134246913 53.52830756527612
      vertex 9.590477136671542 18.676013877847723 53.68463942542451
    endloop
  endfacet
  facet normal 0.6593458308664126 -0.31774122670079163 -0.6813982595910825
    outer loop
      vertex 9.393786435723303 18.24965509730262 53.693128687354985
      vertex 9.590477136671542 18.676013877847723 53.68463942542451
      vertex 9.590477136671542 18.32255384090343 53.84946054750337
    endloop
  endfacet
  facet normal 0.555570220383256 -0.3513942458098068 -0.7535673919664103
    outer loop
      vertex 9.590477136671542 18.32255384090343 53.84946054750337
      vertex 9.590477136671542 18.676013877847723 53.68463942542451
      vertex 9.807999996244906 18.737438958567452 53.81636593612082
    endloop
  endfacet
  facet normal 0.5555702203832481 -0.3513942458098033 -0.7535673919664178
    outer loop
      vertex 9.590477136671542 18.32255384090343 53.84946054750337
      vertex 9.807999996244906 18.737438958567452 53.81636593612082
      vertex 9.807999996244906 18.383978921623154 53.98118705819968
    endloop
  endfacet
  facet normal 0.4422887070837244 -0.37903479551432134 -0.8128427420944496
    outer loop
      vertex 9.807999996244906 18.737438958567452 53.81636593612082
      vertex 10.042633129060267 18.786339383008098 53.921233234749636
      vertex 9.807999996244906 18.383978921623154 53.98118705819968
    endloop
  endfacet
  facet normal 0.44228870708376405 -0.37903479551433994 -0.8128427420944195
    outer loop
      vertex 9.807999996244906 18.383978921623154 53.98118705819968
      vertex 10.042633129060267 18.786339383008098 53.921233234749636
      vertex 10.042633129060267 18.4328793460638 54.08605435682851
    endloop
  endfacet
  facet normal 0.3214394579286565 -0.40018996637504173 -0.8582101524098129
    outer loop
      vertex 10.042633129060267 18.4328793460638 54.08605435682851
      vertex 10.290361908972262 18.82187844604961 53.9974470013906
      vertex 10.290361908972262 18.46841840910532 54.16226812346946
    endloop
  endfacet
  facet normal 0.3214394579286904 -0.4001899663750586 -0.8582101524097924
    outer loop
      vertex 10.042633129060267 18.786339383008098 53.921233234749636
      vertex 10.290361908972262 18.82187844604961 53.9974470013906
      vertex 10.042633129060267 18.4328793460638 54.08605435682851
    endloop
  endfacet
  facet normal 0.195090302095508 -0.41449777201946547 -0.8888933406315871
    outer loop
      vertex 10.290361908972262 18.46841840910532 54.16226812346946
      vertex 10.290361908972262 18.82187844604961 53.9974470013906
      vertex 10.546947611272333 18.843448063966356 54.043703196285804
    endloop
  endfacet
  facet normal 0.19509030209550796 -0.41449777201946536 -0.888893340631587
    outer loop
      vertex 10.290361908972262 18.46841840910532 54.16226812346946
      vertex 10.546947611272333 18.843448063966356 54.043703196285804
      vertex 10.546947611272333 18.489988027022065 54.20852431836467
    endloop
  endfacet
  facet normal 0.06540314219103387 -0.421713403242533 -0.9043673117252414
    outer loop
      vertex 10.546947611272333 18.489988027022065 54.20852431836467
      vertex 10.807999996244906 18.850679181050552 54.05921037691586
      vertex 10.807999996244906 18.497219144106253 54.224031498994734
    endloop
  endfacet
  facet normal 0.06540314219099629 -0.42171340324251116 -0.9043673117252543
    outer loop
      vertex 10.546947611272333 18.489988027022065 54.20852431836467
      vertex 10.546947611272333 18.843448063966356 54.043703196285804
      vertex 10.807999996244906 18.850679181050552 54.05921037691586
    endloop
  endfacet
  facet normal 3.479486206446866e-20 -0.4226182617407028 -0.9063077870366484
    outer loop
      vertex 10.807999996244906 18.497219144106253 54.224031498994734
      vertex 10.807999996244906 18.850679181050552 54.05921037691586
      vertex 36.779999999105925 18.850679181050552 54.05921037691586
    endloop
  endfacet
  facet normal 0 0.4226182617407001 0.9063077870366496
    outer loop
      vertex 10.807999996244906 4.213718302512524 22.6701464776634
      vertex 36.779999999105925 3.860258265568231 22.834967599742274
      vertex 36.779999999105925 4.213718302512524 22.6701464776634
    endloop
  endfacet
  facet normal -0.0654031421910403 0.4217134032425302 0.9043673117252423
    outer loop
      vertex 36.779999999105925 4.213718302512524 22.6701464776634
      vertex 36.779999999105925 3.860258265568231 22.834967599742274
      vertex 37.0410523840785 3.8674893826524235 22.85047478037234
    endloop
  endfacet
  facet normal -0.06540314219104103 0.4217134032425297 0.9043673117252425
    outer loop
      vertex 36.779999999105925 4.213718302512524 22.6701464776634
      vertex 37.0410523840785 3.8674893826524235 22.85047478037234
      vertex 37.0410523840785 4.220949419596717 22.685653658293468
    endloop
  endfacet
  facet normal -0.1950903020954927 0.4144977720194861 0.8888933406315808
    outer loop
      vertex 37.0410523840785 4.220949419596717 22.685653658293468
      vertex 37.0410523840785 3.8674893826524235 22.85047478037234
      vertex 37.29763808637857 3.889059000569168 22.896730975267545
    endloop
  endfacet
  facet normal -0.19509030209549202 0.4144977720194867 0.8888933406315808
    outer loop
      vertex 37.0410523840785 4.220949419596717 22.685653658293468
      vertex 37.29763808637857 3.889059000569168 22.896730975267545
      vertex 37.29763808637857 4.242519037513461 22.73190985318867
    endloop
  endfacet
  facet normal -0.3214394579286741 0.40018996637505844 0.8582101524097987
    outer loop
      vertex 37.29763808637857 4.242519037513461 22.73190985318867
      vertex 37.29763808637857 3.889059000569168 22.896730975267545
      vertex 37.545366866290564 3.9245980636106834 22.9729447419085
    endloop
  endfacet
  facet normal -0.4422887070837349 0.3790347955143373 0.8128427420944365
    outer loop
      vertex 37.545366866290564 3.9245980636106834 22.9729447419085
      vertex 37.779999999105925 3.9734984880513298 23.07781204053732
      vertex 37.545366866290564 4.2780581005549765 22.80812361982963
    endloop
  endfacet
  facet normal -0.5555702203832525 0.3513942458098247 0.7535673919664045
    outer loop
      vertex 37.779999999105925 3.9734984880513298 23.07781204053732
      vertex 37.99752285867929 4.034923568771056 23.20953855123363
      vertex 37.779999999105925 4.326958524995623 22.912990918458448
    endloop
  endfacet
  facet normal -0.3214394579286844 0.40018996637505017 0.8582101524097985
    outer loop
      vertex 37.29763808637857 4.242519037513461 22.73190985318867
      vertex 37.545366866290564 3.9245980636106834 22.9729447419085
      vertex 37.545366866290564 4.2780581005549765 22.80812361982963
    endloop
  endfacet
  facet normal -0.4422887070837256 0.3790347955143455 0.8128427420944377
    outer loop
      vertex 37.545366866290564 4.2780581005549765 22.80812361982963
      vertex 37.779999999105925 3.9734984880513298 23.07781204053732
      vertex 37.779999999105925 4.326958524995623 22.912990918458448
    endloop
  endfacet
  facet normal -0.555570220383252 0.3513942458098252 0.7535673919664045
    outer loop
      vertex 37.99752285867929 4.034923568771056 23.20953855123363
      vertex 37.99752285867929 4.388383605715349 23.04471742915476
      vertex 37.779999999105925 4.326958524995623 22.912990918458448
    endloop
  endfacet
  facet normal -0.6593458308664178 0.3177412267008051 0.681398259591071
    outer loop
      vertex 37.99752285867929 4.034923568771056 23.20953855123363
      vertex 38.19421355962753 4.107822312371864 23.36587041138202
      vertex 37.99752285867929 4.388383605715349 23.04471742915476
    endloop
  endfacet
  facet normal -0.6593458308664187 0.3177412267008041 0.6813982595910706
    outer loop
      vertex 37.99752285867929 4.388383605715349 23.04471742915476
      vertex 38.19421355962753 4.107822312371864 23.36587041138202
      vertex 38.19421355962753 4.461282349316158 23.201049289303146
    endloop
  endfacet
  facet normal -0.7518397936522581 0.2786515889267439 0.5975702608643866
    outer loop
      vertex 38.19421355962753 4.461282349316158 23.201049289303146
      vertex 38.19421355962753 4.107822312371864 23.36587041138202
      vertex 38.36670668214559 4.190947394507169 23.544132725289103
    endloop
  endfacet
  facet normal -0.7518397936522634 0.27865158892673636 0.5975702608643834
    outer loop
      vertex 38.19421355962753 4.461282349316158 23.201049289303146
      vertex 38.36670668214559 4.190947394507169 23.544132725289103
      vertex 38.36670668214559 4.544407431451463 23.379311603210233
    endloop
  endfacet
  facet normal -0.8314696207458855 0.23479412081326256 0.5035176169790094
    outer loop
      vertex 38.36670668214559 4.190947394507169 23.544132725289103
      vertex 38.512050805389876 4.282876527308931 23.741275386778923
      vertex 38.36670668214559 4.544407431451463 23.379311603210233
    endloop
  endfacet
  facet normal -0.8314696207458813 0.23479412081326992 0.5035176169790131
    outer loop
      vertex 38.36670668214559 4.544407431451463 23.379311603210233
      vertex 38.512050805389876 4.282876527308931 23.741275386778923
      vertex 38.512050805389876 4.636336564253224 23.57645426470005
    endloop
  endfacet
  facet normal -0.8968727332159222 0.18691928457526966 0.4008496993483601
    outer loop
      vertex 38.512050805389876 4.636336564253224 23.57645426470005
      vertex 38.512050805389876 4.282876527308931 23.741275386778923
      vertex 38.62775906711816 4.382036774046133 23.95392522214629
    endloop
  endfacet
  facet normal -0.8968727332159245 0.18691928457526427 0.4008496993483573
    outer loop
      vertex 38.512050805389876 4.636336564253224 23.57645426470005
      vertex 38.62775906711816 4.382036774046133 23.95392522214629
      vertex 38.62775906711816 4.735496810990426 23.78910410006742
    endloop
  endfacet
  facet normal -0.9469301319984073 0.13584618496468645 0.291323083781597
    outer loop
      vertex 38.62775906711816 4.382036774046133 23.95392522214629
      vertex 38.71185165435075 4.486731480395685 24.17844374445362
      vertex 38.62775906711816 4.735496810990426 23.78910410006742
    endloop
  endfacet
  facet normal -0.9469301319984059 0.13584618496469042 0.29132308378159916
    outer loop
      vertex 38.62775906711816 4.735496810990426 23.78910410006742
      vertex 38.71185165435075 4.486731480395685 24.17844374445362
      vertex 38.71185165435075 4.840191517339978 24.013622622374747
    endloop
  endfacet
  facet normal -0.9807852843656897 0.0824487243540679 0.17681185996448304
    outer loop
      vertex 38.71185165435075 4.486731480395685 24.17844374445362
      vertex 38.76288971841335 4.595169283889257 24.410989364490444
      vertex 38.71185165435075 4.840191517339978 24.013622622374747
    endloop
  endfacet
  facet normal -0.9807852843656897 0.0824487243540679 0.17681185996448304
    outer loop
      vertex 38.76288971841335 4.595169283889257 24.410989364490444
      vertex 38.76288971841335 4.94862932083355 24.24616824241157
      vertex 38.71185165435075 4.840191517339978 24.013622622374747
    endloop
  endfacet
  facet normal -0.9978589223891016 0.02764056226515556 0.05927537706440127
    outer loop
      vertex 38.76288971841335 4.595169283889257 24.410989364490444
      vertex 38.779999999105925 4.70549478904963 24.647583173815576
      vertex 38.76288971841335 4.94862932083355 24.24616824241157
    endloop
  endfacet
  facet normal -0.9978589223891016 0.0276405622651563 0.059275377064401724
    outer loop
      vertex 38.76288971841335 4.94862932083355 24.24616824241157
      vertex 38.779999999105925 4.70549478904963 24.647583173815576
      vertex 38.779999999105925 5.058954825993924 24.4827620517367
    endloop
  endfacet
  facet normal 0 -0.4226182617407028 -0.9063077870366484
    outer loop
      vertex 10.807999996244906 18.497219144106253 54.224031498994734
      vertex 36.779999999105925 18.850679181050552 54.05921037691586
      vertex 36.779999999105925 18.497219144106253 54.224031498994734
    endloop
  endfacet
  facet normal -1 0 0
    outer loop
      vertex 38.779999999105925 5.058954825993924 24.4827620517367
      vertex 38.779999999105925 4.70549478904963 24.647583173815576
      vertex 38.779999999105925 17.651982620624857 52.41141592492143
    endloop
  endfacet
  facet normal -1 0 0
    outer loop
      vertex 38.779999999105925 5.058954825993924 24.4827620517367
      vertex 38.779999999105925 17.651982620624857 52.41141592492143
      vertex 38.779999999105925 18.00544265756915 52.246594802842566
    endloop
  endfacet
  facet normal -0.06540314219103388 -0.42171340324251017 -0.9043673117252522
    outer loop
      vertex 36.779999999105925 18.497219144106253 54.224031498994734
      vertex 37.0410523840785 18.843448063966356 54.043703196285804
      vertex 37.0410523840785 18.489988027022065 54.20852431836467
    endloop
  endfacet
  facet normal -0.06540314219099626 -0.4217134032425341 -0.9043673117252438
    outer loop
      vertex 36.779999999105925 18.497219144106253 54.224031498994734
      vertex 36.779999999105925 18.850679181050552 54.05921037691586
      vertex 37.0410523840785 18.843448063966356 54.043703196285804
    endloop
  endfacet
  facet normal -0.195090302095508 -0.4144977720194654 -0.888893340631587
    outer loop
      vertex 37.0410523840785 18.489988027022065 54.20852431836467
      vertex 37.0410523840785 18.843448063966356 54.043703196285804
      vertex 37.29763808637857 18.82187844604961 53.9974470013906
    endloop
  endfacet
  facet normal -0.195090302095508 -0.41449777201946547 -0.8888933406315871
    outer loop
      vertex 37.0410523840785 18.489988027022065 54.20852431836467
      vertex 37.29763808637857 18.82187844604961 53.9974470013906
      vertex 37.29763808637857 18.46841840910532 54.16226812346946
    endloop
  endfacet
  facet normal -0.3214394579286565 -0.4001899663750635 -0.8582101524098028
    outer loop
      vertex 37.545366866290564 18.786339383008098 53.921233234749636
      vertex 37.545366866290564 18.4328793460638 54.08605435682851
      vertex 37.29763808637857 18.46841840910532 54.16226812346946
    endloop
  endfacet
  facet normal -0.3214394579286904 -0.40018996637503684 -0.8582101524098026
    outer loop
      vertex 37.545366866290564 18.786339383008098 53.921233234749636
      vertex 37.29763808637857 18.46841840910532 54.16226812346946
      vertex 37.29763808637857 18.82187844604961 53.9974470013906
    endloop
  endfacet
  facet normal -0.4422887070837244 -0.37903479551434816 -0.8128427420944372
    outer loop
      vertex 37.545366866290564 18.786339383008098 53.921233234749636
      vertex 37.779999999105925 18.737438958567452 53.81636593612082
      vertex 37.545366866290564 18.4328793460638 54.08605435682851
    endloop
  endfacet
  facet normal -0.44228870708376405 -0.3790347955143131 -0.812842742094432
    outer loop
      vertex 37.545366866290564 18.4328793460638 54.08605435682851
      vertex 37.779999999105925 18.737438958567452 53.81636593612082
      vertex 37.779999999105925 18.383978921623154 53.98118705819968
    endloop
  endfacet
  facet normal -0.5555702203832481 -0.35139424580980905 -0.7535673919664151
    outer loop
      vertex 37.99752285867929 18.32255384090343 53.84946054750337
      vertex 37.779999999105925 18.383978921623154 53.98118705819968
      vertex 37.99752285867929 18.676013877847723 53.68463942542451
    endloop
  endfacet
  facet normal -0.555570220383256 -0.351394245809801 -0.7535673919664129
    outer loop
      vertex 37.99752285867929 18.676013877847723 53.68463942542451
      vertex 37.779999999105925 18.383978921623154 53.98118705819968
      vertex 37.779999999105925 18.737438958567452 53.81636593612082
    endloop
  endfacet
  facet normal -0.8314696207458842 -0.23479412081325657 -0.5035176169790145
    outer loop
      vertex 38.512050805389876 18.07460088236556 53.31772371195808
      vertex 38.36670668214559 18.166530015167318 53.5148663734479
      vertex 38.512050805389876 18.42806091930985 53.15290258987922
    endloop
  endfacet
  facet normal -0.946930131998404 -0.1358461849646947 -0.2913230837816036
    outer loop
      vertex 38.62775906711816 17.975440635628356 53.10507387659072
      vertex 38.62775906711816 18.32890067257265 52.940252754511846
      vertex 38.71185165435075 18.224205966223096 52.715734232204525
    endloop
  endfacet
  facet normal -0.8968727332159259 -0.18691928457525736 -0.40084969934835757
    outer loop
      vertex 38.512050805389876 18.07460088236556 53.31772371195808
      vertex 38.512050805389876 18.42806091930985 53.15290258987922
      vertex 38.62775906711816 18.32890067257265 52.940252754511846
    endloop
  endfacet
  facet normal -0.8968727332159173 -0.18691928457527635 -0.4008496993483677
    outer loop
      vertex 38.62775906711816 17.975440635628356 53.10507387659072
      vertex 38.512050805389876 18.07460088236556 53.31772371195808
      vertex 38.62775906711816 18.32890067257265 52.940252754511846
    endloop
  endfacet
  facet normal -0.6593458308664126 -0.3177412267007916 -0.6813982595910825
    outer loop
      vertex 37.99752285867929 18.32255384090343 53.84946054750337
      vertex 37.99752285867929 18.676013877847723 53.68463942542451
      vertex 38.19421355962753 18.603115134246913 53.52830756527612
    endloop
  endfacet
  facet normal -0.7518397936522574 -0.27865158892673114 -0.5975702608643934
    outer loop
      vertex 38.36670668214559 18.51999005211161 53.35004525136904
      vertex 38.19421355962753 18.24965509730262 53.693128687354985
      vertex 38.19421355962753 18.603115134246913 53.52830756527612
    endloop
  endfacet
  facet normal -0.6593458308664126 -0.3177412267007916 -0.6813982595910825
    outer loop
      vertex 37.99752285867929 18.32255384090343 53.84946054750337
      vertex 38.19421355962753 18.603115134246913 53.52830756527612
      vertex 38.19421355962753 18.24965509730262 53.693128687354985
    endloop
  endfacet
  facet normal -0.7518397936522574 -0.27865158892673114 -0.5975702608643934
    outer loop
      vertex 38.36670668214559 18.51999005211161 53.35004525136904
      vertex 38.36670668214559 18.166530015167318 53.5148663734479
      vertex 38.19421355962753 18.24965509730262 53.693128687354985
    endloop
  endfacet
  facet normal -0.8314696207458842 -0.23479412081325654 -0.5035176169790144
    outer loop
      vertex 38.512050805389876 18.42806091930985 53.15290258987922
      vertex 38.36670668214559 18.166530015167318 53.5148663734479
      vertex 38.36670668214559 18.51999005211161 53.35004525136904
    endloop
  endfacet
  facet normal -0.9978589223891018 -0.027640562265152845 -0.05927537706439957
    outer loop
      vertex 38.779999999105925 17.651982620624857 52.41141592492143
      vertex 38.76288971841335 17.762308125785232 52.64800973424657
      vertex 38.779999999105925 18.00544265756915 52.246594802842566
    endloop
  endfacet
  facet normal -0.9978589223891016 -0.02764056226515655 -0.059275377064401814
    outer loop
      vertex 38.779999999105925 18.00544265756915 52.246594802842566
      vertex 38.76288971841335 17.762308125785232 52.64800973424657
      vertex 38.76288971841335 18.115768162729523 52.483188612167694
    endloop
  endfacet
  facet normal -0.9807852843656887 -0.08244872435407169 -0.17681185996448648
    outer loop
      vertex 38.76288971841335 18.115768162729523 52.483188612167694
      vertex 38.76288971841335 17.762308125785232 52.64800973424657
      vertex 38.71185165435075 17.870745929278804 52.88055535428339
    endloop
  endfacet
  facet normal -0.9807852843656907 -0.08244872435406188 -0.17681185996448068
    outer loop
      vertex 38.76288971841335 18.115768162729523 52.483188612167694
      vertex 38.71185165435075 17.870745929278804 52.88055535428339
      vertex 38.71185165435075 18.224205966223096 52.715734232204525
    endloop
  endfacet
  facet normal -0.9469301319984085 -0.1358461849646806 -0.2913230837815955
    outer loop
      vertex 38.62775906711816 17.975440635628356 53.10507387659072
      vertex 38.71185165435075 18.224205966223096 52.715734232204525
      vertex 38.71185165435075 17.870745929278804 52.88055535428339
    endloop
  endfacet
  facet normal 0.946930128385518 0.1358461894627111 0.2913230934276366
    outer loop
      vertex 7.41455894500017 3.8177648769239667 21.821021616289272
      vertex 7.41455894500017 5.086595783471739 21.229356047662296
      vertex 7.149667290747164 4.1475531953126765 22.52825494737707
    endloop
  endfacet
  facet normal 0.9469301283855178 0.13584618946271182 0.2913230934276371
    outer loop
      vertex 7.149667290747164 4.1475531953126765 22.52825494737707
      vertex 7.41455894500017 5.086595783471739 21.229356047662296
      vertex 7.149667290747164 5.41638410176946 21.936589378792522
    endloop
  endfacet
  facet normal 0.8314696136421454 0.23479412530633192 0.5035176266144176
    outer loop
      vertex 8.236873952448367 3.2158333298018547 20.530175247812878
      vertex 8.236873952448367 4.484664236515703 19.93850967910846
      vertex 7.779039954543112 3.505410096238152 21.1511746274543
    endloop
  endfacet
  facet normal 0.8314696136421451 0.23479412530633245 0.5035176266144178
    outer loop
      vertex 7.779039954543112 3.505410096238152 21.1511746274543
      vertex 8.236873952448367 4.484664236515703 19.93850967910846
      vertex 7.779039954543112 4.774241002872107 20.559509058787135
    endloop
  endfacet
  facet normal 0.7518398037746741 0.2786515840487133 0.5975702504034169
    outer loop
      vertex 8.236873952448367 3.2158333298018547 20.530175247812878
      vertex 8.780227279067038 4.222820224240675 19.376983382502058
      vertex 8.236873952448367 4.484664236515703 19.93850967910846
    endloop
  endfacet
  facet normal 0.7518398037746747 0.27865158404871226 0.5975702504034164
    outer loop
      vertex 8.780227279067038 2.953989317454582 19.968648951240162
      vertex 8.780227279067038 4.222820224240675 19.376983382502058
      vertex 8.236873952448367 3.2158333298018547 20.530175247812878
    endloop
  endfacet
  facet normal 0.8968727423341795 0.1869192767610593 0.4008496825907327
    outer loop
      vertex 7.779039954543112 3.505410096238152 21.1511746274543
      vertex 7.779039954543112 4.774241002872107 20.559509058787135
      vertex 7.41455894500017 3.8177648769239667 21.821021616289272
    endloop
  endfacet
  facet normal 0.8968727423341796 0.18691927676105896 0.40084968259073245
    outer loop
      vertex 7.41455894500017 3.8177648769239667 21.821021616289272
      vertex 7.779039954543112 4.774241002872107 20.559509058787135
      vertex 7.41455894500017 5.086595783471739 21.229356047662296
    endloop
  endfacet
  facet normal 0.4422886885937344 0.3790347993678858 0.8128427503583834
    outer loop
      vertex 10.084999998807906 2.530869270687459 19.061265082741738
      vertex 10.824094375371931 3.6456638469422584 18.139267536753632
      vertex 10.084999998807906 3.799700177590292 18.469599513949195
    endloop
  endfacet
  facet normal 0.3214394685719033 0.4001899648481842 0.8582101491354095
    outer loop
      vertex 10.824094375371931 2.3768329399969255 18.730933105565992
      vertex 11.604440016448496 2.264884889526902 18.49085973659547
      vertex 11.604440016448496 3.5337157965031207 17.89919416776871
    endloop
  endfacet
  facet normal 0.44228868859373544 0.3790347993678849 0.8128427503583832
    outer loop
      vertex 10.824094375371931 2.3768329399969255 18.730933105565992
      vertex 10.824094375371931 3.6456638469422584 18.139267536753632
      vertex 10.084999998807906 2.530869270687459 19.061265082741738
    endloop
  endfacet
  facet normal 0.3214394685719036 0.4001899648481839 0.8582101491354094
    outer loop
      vertex 10.824094375371931 2.3768329399969255 18.730933105565992
      vertex 11.604440016448496 3.5337157965031207 17.89919416776871
      vertex 10.824094375371931 3.6456638469422584 18.139267536753632
    endloop
  endfacet
  facet normal 0.19509031732942084 0.41449777073886046 0.8888933378852722
    outer loop
      vertex 11.604440016448496 2.264884889526902 18.49085973659547
      vertex 12.412684989869593 3.4657714936291817 17.753487139997404
      vertex 11.604440016448496 3.5337157965031207 17.89919416776871
    endloop
  endfacet
  facet normal 0.659345819324016 0.3177412309787215 0.6813982687650951
    outer loop
      vertex 8.780227279067038 2.953989317454582 19.968648951240162
      vertex 9.399802995622156 2.724358279047973 19.476203600213392
      vertex 9.399802995622156 3.993189185897421 18.884538031445743
    endloop
  endfacet
  facet normal 0.6593458193240169 0.31774123097872053 0.6813982687650946
    outer loop
      vertex 8.780227279067038 2.953989317454582 19.968648951240162
      vertex 9.399802995622156 3.993189185897421 18.884538031445743
      vertex 8.780227279067038 4.222820224240675 19.376983382502058
    endloop
  endfacet
  facet normal 0.5555702310147503 0.3513942428076538 0.7535673855282304
    outer loop
      vertex 9.399802995622156 2.724358279047973 19.476203600213392
      vertex 10.084999998807906 3.799700177590292 18.469599513949195
      vertex 9.399802995622156 3.993189185897421 18.884538031445743
    endloop
  endfacet
  facet normal 0.55557023101475 0.35139424280765397 0.7535673855282304
    outer loop
      vertex 9.399802995622156 2.724358279047973 19.476203600213392
      vertex 10.084999998807906 2.530869270687459 19.061265082741738
      vertex 10.084999998807906 3.799700177590292 18.469599513949195
    endloop
  endfacet
  facet normal 0.9807852813354747 0.08244873079220089 0.17681187377110397
    outer loop
      vertex 6.9888973736762985 4.489132281040558 23.26077366062184
      vertex 7.149667290747164 5.41638410176946 21.936589378792522
      vertex 6.9888973736762985 5.7579631874030985 22.66910809208124
    endloop
  endfacet
  facet normal 0.9978589232176022 0.027640556923059546 0.05927536560823945
    outer loop
      vertex 6.9888973736762985 4.489132281040558 23.26077366062184
      vertex 6.9888973736762985 5.7579631874030985 22.66910809208124
      vertex 6.935000000298022 4.836657620091605 24.006044155269244
    endloop
  endfacet
  facet normal 0.9807852813354748 0.08244873079220108 0.1768118737711041
    outer loop
      vertex 7.149667290747164 4.1475531953126765 22.52825494737707
      vertex 7.149667290747164 5.41638410176946 21.936589378792522
      vertex 6.9888973736762985 4.489132281040558 23.26077366062184
    endloop
  endfacet
  facet normal 6.995620823854978e-17 0.9063077870366499 -0.4226182617406994
    outer loop
      vertex 7.149667290747164 4.1475531953126765 22.52825494737707
      vertex 6.9888973736762985 4.489132281040558 23.26077366062184
      vertex 9.22129331320524 4.544407431451463 23.379311603210233
    endloop
  endfacet
  facet normal -2.712761102421691e-16 0.90630778703665 -0.422618261740699
    outer loop
      vertex 6.9888973736762985 4.489132281040558 23.26077366062184
      vertex 6.935000000298022 4.836657620091605 24.006044155269244
      vertex 8.876148341000079 4.840191517339978 24.013622622374747
    endloop
  endfacet
  facet normal -8.718089655670513e-16 0.906307787036651 -0.4226182617406972
    outer loop
      vertex 7.149667290747164 4.1475531953126765 22.52825494737707
      vertex 9.393786435723303 4.461282349316158 23.201049289303146
      vertex 9.590477136671542 4.388383605715349 23.04471742915476
    endloop
  endfacet
  facet normal -3.4361475183416083e-16 0.9063077870366499 -0.4226182617406994
    outer loop
      vertex 7.149667290747164 4.1475531953126765 22.52825494737707
      vertex 9.590477136671542 4.388383605715349 23.04471742915476
      vertex 9.807999996244906 4.326958524995623 22.912990918458448
    endloop
  endfacet
  facet normal -4.793182497971793e-16 0.9063077870366504 -0.4226182617406982
    outer loop
      vertex 7.149667290747164 4.1475531953126765 22.52825494737707
      vertex 9.22129331320524 4.544407431451463 23.379311603210233
      vertex 9.393786435723303 4.461282349316158 23.201049289303146
    endloop
  endfacet
  facet normal -9.947107995263082e-16 0.9063077870366518 -0.4226182617406956
    outer loop
      vertex 6.9888973736762985 4.489132281040558 23.26077366062184
      vertex 8.960240928232668 4.735496810990426 23.78910410006742
      vertex 9.075949189960955 4.636336564253224 23.57645426470005
    endloop
  endfacet
  facet normal 9.515393829171427e-16 0.9063077870366489 -0.4226182617407015
    outer loop
      vertex 6.9888973736762985 4.489132281040558 23.26077366062184
      vertex 8.876148341000079 4.840191517339978 24.013622622374747
      vertex 8.960240928232668 4.735496810990426 23.78910410006742
    endloop
  endfacet
  facet normal 2.755047878534265e-16 0.9063077870366485 -0.4226182617407025
    outer loop
      vertex 6.9888973736762985 4.489132281040558 23.26077366062184
      vertex 9.075949189960955 4.636336564253224 23.57645426470005
      vertex 9.22129331320524 4.544407431451463 23.379311603210233
    endloop
  endfacet
  facet normal -2.869614721079385e-16 0.9063077870366513 -0.4226182617406966
    outer loop
      vertex 6.935000000298022 4.836657620091605 24.006044155269244
      vertex 8.825110276937483 4.94862932083355 24.24616824241157
      vertex 8.876148341000079 4.840191517339978 24.013622622374747
    endloop
  endfacet
  facet normal 1.3436552040144314e-15 0.9063077870366464 -0.42261826174070716
    outer loop
      vertex 6.935000000298022 4.836657620091605 24.006044155269244
      vertex 8.807999996244906 5.058954825993924 24.4827620517367
      vertex 8.825110276937483 4.94862932083355 24.24616824241157
    endloop
  endfacet
  facet normal 0.9978589232176022 0.027640556923059615 0.059275365608239504
    outer loop
      vertex 6.935000000298022 4.836657620091605 24.006044155269244
      vertex 6.9888973736762985 5.7579631874030985 22.66910809208124
      vertex 6.935000000298022 6.105488526358261 23.414378586773353
    endloop
  endfacet
  facet normal 1.3675528319345435e-15 0.9063077870366455 -0.422618261740709
    outer loop
      vertex 7.149667290747164 4.1475531953126765 22.52825494737707
      vertex 9.807999996244906 4.326958524995623 22.912990918458448
      vertex 10.042633129060267 4.2780581005549765 22.80812361982963
    endloop
  endfacet
  facet normal -1.1605817991797827e-15 0.9063077870366554 -0.42261826174068756
    outer loop
      vertex 7.149667290747164 4.1475531953126765 22.52825494737707
      vertex 10.042633129060267 4.2780581005549765 22.80812361982963
      vertex 10.290361908972262 4.242519037513461 22.73190985318867
    endloop
  endfacet
  facet normal 1.6722018655780147e-16 0.9063077870366476 -0.4226182617407044
    outer loop
      vertex 7.149667290747164 4.1475531953126765 22.52825494737707
      vertex 10.290361908972262 4.242519037513461 22.73190985318867
      vertex 10.546947611272333 4.220949419596717 22.685653658293468
    endloop
  endfacet
  facet normal -1.0314801483443928e-16 0.9063077870366499 -0.42261826174069944
    outer loop
      vertex 7.149667290747164 4.1475531953126765 22.52825494737707
      vertex 10.546947611272333 4.220949419596717 22.685653658293468
      vertex 10.807999996244906 4.213718302512524 22.6701464776634
    endloop
  endfacet
  facet normal 0.1950903173294191 0.41449777073886157 0.8888933378852721
    outer loop
      vertex 11.604440016448496 2.264884889526902 18.49085973659547
      vertex 12.412684989869593 2.1969405866342164 18.34515270883291
      vertex 12.412684989869593 3.4657714936291817 17.753487139997404
    endloop
  endfacet
  facet normal 0.06540312955056087 0.42171340359267 0.904367312476119
    outer loop
      vertex 12.412684989869593 2.1969405866342164 18.34515270883291
      vertex 13.23499999731779 2.1741625723846996 18.296305099639355
      vertex 13.23499999731779 3.4429934793859482 17.704639530800918
    endloop
  endfacet
  facet normal 0.06540312955056198 0.4217134035926694 0.9043673124761192
    outer loop
      vertex 12.412684989869593 2.1969405866342164 18.34515270883291
      vertex 13.23499999731779 3.4429934793859482 17.704639530800918
      vertex 12.412684989869593 3.4657714936291817 17.753487139997404
    endloop
  endfacet
  facet normal -1.0539225213171208e-19 0.9063077870366509 -0.4226182617406973
    outer loop
      vertex 10.824094375371931 2.3768329399969255 18.730933105565992
      vertex 35.99555998086929 2.264884889526902 18.49085973659547
      vertex 11.604440016448496 2.264884889526902 18.49085973659547
    endloop
  endfacet
  facet normal 2.342605911185606e-21 0.9063077870366505 -0.42261826174069844
    outer loop
      vertex 11.604440016448496 2.264884889526902 18.49085973659547
      vertex 35.18731500744819 2.1969405866342164 18.34515270883291
      vertex 12.412684989869593 2.1969405866342164 18.34515270883291
    endloop
  endfacet
  facet normal 4.8492369970132284e-20 0.906307787036651 -0.4226182617406973
    outer loop
      vertex 12.412684989869593 2.1969405866342164 18.34515270883291
      vertex 34.364999999999995 2.1741625723846996 18.296305099639355
      vertex 13.23499999731779 2.1741625723846996 18.296305099639355
    endloop
  endfacet
  facet normal -1.8607897972705757e-17 0.42261826174070033 0.9063077870366495
    outer loop
      vertex 13.23499999731779 2.1741625723846996 18.296305099639355
      vertex 34.364999999999995 3.442993479385949 17.704639530800918
      vertex 13.23499999731779 3.4429934793859482 17.704639530800918
    endloop
  endfacet
  facet normal 0 0.9063077870366487 -0.4226182617407022
    outer loop
      vertex 10.824094375371931 2.3768329399969255 18.730933105565992
      vertex 10.084999998807906 2.530869270687459 19.061265082741738
      vertex 36.77590562194585 2.3768329399969255 18.730933105565992
    endloop
  endfacet
  facet normal 4.784640503864507e-19 0.9063077870366503 -0.42261826174069866
    outer loop
      vertex 9.399802995622156 2.724358279047973 19.476203600213392
      vertex 37.51499999850988 2.530869270687459 19.061265082741738
      vertex 10.084999998807906 2.530869270687459 19.061265082741738
    endloop
  endfacet
  facet normal -7.667901369526149e-20 0.90630778703665 -0.4226182617406992
    outer loop
      vertex 8.780227279067038 2.953989317454582 19.968648951240162
      vertex 38.20019700169563 2.724358279047973 19.476203600213392
      vertex 9.399802995622156 2.724358279047973 19.476203600213392
    endloop
  endfacet
  facet normal 0 0.9063077870366497 -0.4226182617406999
    outer loop
      vertex 8.780227279067038 2.953989317454582 19.968648951240162
      vertex 8.236873952448367 3.2158333298018547 20.530175247812878
      vertex 38.819772718250746 2.953989317454582 19.968648951240162
    endloop
  endfacet
  facet normal 0 0.9063077870366504 -0.4226182617406984
    outer loop
      vertex 8.236873952448367 3.2158333298018547 20.530175247812878
      vertex 7.779039954543112 3.505410096238152 21.1511746274543
      vertex 39.36312604486942 3.2158333298018547 20.530175247812878
    endloop
  endfacet
  facet normal 0 0.9063077870366495 -0.42261826174070066
    outer loop
      vertex 7.779039954543112 3.505410096238152 21.1511746274543
      vertex 7.41455894500017 3.8177648769239667 21.821021616289272
      vertex 39.82096004277467 3.505410096238152 21.1511746274543
    endloop
  endfacet
  facet normal 0 0.9063077870366503 -0.42261826174069866
    outer loop
      vertex 7.41455894500017 3.8177648769239667 21.821021616289272
      vertex 7.149667290747164 4.1475531953126765 22.52825494737707
      vertex 40.185441052317614 3.8177648769239667 21.821021616289272
    endloop
  endfacet
  facet normal 0 0.9063077870366488 -0.4226182617407018
    outer loop
      vertex 7.149667290747164 4.1475531953126765 22.52825494737707
      vertex 10.807999996244906 4.213718302512524 22.6701464776634
      vertex 40.45033270657062 4.1475531953126765 22.52825494737707
    endloop
  endfacet
  facet normal 1 0 0
    outer loop
      vertex 6.935000000298022 4.836657620091605 24.006044155269244
      vertex 6.935000000298022 6.105488526358261 23.414378586773353
      vertex 6.935000000298022 17.14752758573173 50.40678999407776
    endloop
  endfacet
  facet normal -1.059359354633548e-15 0.90630778703665 -0.4226182617406994
    outer loop
      vertex 6.935000000298022 4.836657620091605 24.006044155269244
      vertex 8.807999996244906 18.00544265756915 52.246594802842566
      vertex 8.807999996244906 5.058954825993924 24.4827620517367
    endloop
  endfacet
  facet normal 1 0 0
    outer loop
      vertex 6.935000000298022 17.14752758573173 50.40678999407776
      vertex 6.935000000298022 6.105488526358261 23.414378586773353
      vertex 6.935000000298022 18.41635848860177 49.81512442716574
    endloop
  endfacet
  facet normal -2.905166812379699e-16 0.9063077870366499 -0.42261826174069944
    outer loop
      vertex 6.935000000298022 4.836657620091605 24.006044155269244
      vertex 6.935000000298022 17.14752758573173 50.40678999407776
      vertex 8.807999996244906 18.00544265756915 52.246594802842566
    endloop
  endfacet
  facet normal 0.9978589232176023 -0.027640556923059407 -0.05927536560823932
    outer loop
      vertex 6.935000000298022 17.14752758573173 50.40678999407776
      vertex 6.935000000298022 18.41635848860177 49.81512442716574
      vertex 6.9888973736762985 17.495052924782776 51.15206048872517
    endloop
  endfacet
  facet normal 0.9978589232176022 -0.027640556923059584 -0.059275365608239435
    outer loop
      vertex 6.9888973736762985 17.495052924782776 51.15206048872517
      vertex 6.935000000298022 18.41635848860177 49.81512442716574
      vertex 6.9888973736762985 18.763883827556935 50.560394921857856
    endloop
  endfacet
  facet normal 0.9807852813354743 -0.08244873079220194 -0.17681187377110594
    outer loop
      vertex 6.9888973736762985 17.495052924782776 51.15206048872517
      vertex 6.9888973736762985 18.763883827556935 50.560394921857856
      vertex 7.149667290747164 17.83663201051066 51.88457920196993
    endloop
  endfacet
  facet normal 0.9807852813354746 -0.08244873079220065 -0.17681187377110508
    outer loop
      vertex 7.149667290747164 17.83663201051066 51.88457920196993
      vertex 6.9888973736762985 18.763883827556935 50.560394921857856
      vertex 7.149667290747164 19.10546291319057 51.29291363514657
    endloop
  endfacet
  facet normal 0.9469301283855189 -0.13584618946270918 -0.29132309342763457
    outer loop
      vertex 7.149667290747164 17.83663201051066 51.88457920196993
      vertex 7.149667290747164 19.10546291319057 51.29291363514657
      vertex 7.41455894500017 18.16642032889937 52.591812533057734
    endloop
  endfacet
  facet normal 0.9469301283855185 -0.13584618946271043 -0.2913230934276354
    outer loop
      vertex 7.41455894500017 18.16642032889937 52.591812533057734
      vertex 7.149667290747164 19.10546291319057 51.29291363514657
      vertex 7.41455894500017 19.43525123148829 52.0001469662768
    endloop
  endfacet
  facet normal -5.44463494396565e-15 0.9063077870366519 -0.42261826174069533
    outer loop
      vertex 6.935000000298022 17.14752758573173 50.40678999407776
      vertex 6.9888973736762985 17.495052924782776 51.15206048872517
      vertex 8.807999996244906 18.00544265756915 52.246594802842566
    endloop
  endfacet
  facet normal 3.0193821773314005e-15 0.9063077870366465 -0.42261826174070694
    outer loop
      vertex 6.9888973736762985 17.495052924782776 51.15206048872517
      vertex 7.149667290747164 17.83663201051066 51.88457920196993
      vertex 8.807999996244906 18.00544265756915 52.246594802842566
    endloop
  endfacet
  facet normal 4.775381510462412e-16 0.906307787036651 -0.4226182617406973
    outer loop
      vertex 7.149667290747164 17.83663201051066 51.88457920196993
      vertex 7.41455894500017 18.16642032889937 52.591812533057734
      vertex 8.807999996244906 18.00544265756915 52.246594802842566
    endloop
  endfacet
  facet normal 0.8968727423341802 -0.1869192767610583 -0.4008496825907312
    outer loop
      vertex 7.41455894500017 18.16642032889937 52.591812533057734
      vertex 7.41455894500017 19.43525123148829 52.0001469662768
      vertex 7.779039954543112 18.478775109585186 53.26165952189271
    endloop
  endfacet
  facet normal 0.8968727423341792 -0.1869192767610602 -0.4008496825907324
    outer loop
      vertex 7.779039954543112 18.478775109585186 53.26165952189271
      vertex 7.41455894500017 19.43525123148829 52.0001469662768
      vertex 7.779039954543112 19.747606012087928 52.66999395515196
    endloop
  endfacet
  facet normal 2.1232990516574624e-15 0.9063077870366494 -0.4226182617407007
    outer loop
      vertex 7.41455894500017 18.16642032889937 52.591812533057734
      vertex 7.779039954543112 18.478775109585186 53.26165952189271
      vertex 8.876148341000079 18.224205966223096 52.715734232204525
    endloop
  endfacet
  facet normal 0.8314696136421443 -0.23479412530633403 -0.5035176266144183
    outer loop
      vertex 7.779039954543112 18.478775109585186 53.26165952189271
      vertex 7.779039954543112 19.747606012087928 52.66999395515196
      vertex 8.236873952448367 18.768351876021484 53.88265890153413
    endloop
  endfacet
  facet normal -8.463636314270349e-16 0.9063077870366488 -0.4226182617407016
    outer loop
      vertex 7.41455894500017 18.16642032889937 52.591812533057734
      vertex 8.825110276937483 18.115768162729523 52.483188612167694
      vertex 8.807999996244906 18.00544265756915 52.246594802842566
    endloop
  endfacet
  facet normal 6.109083814313994e-16 0.9063077870366562 -0.422618261740686
    outer loop
      vertex 7.41455894500017 18.16642032889937 52.591812533057734
      vertex 8.876148341000079 18.224205966223096 52.715734232204525
      vertex 8.825110276937483 18.115768162729523 52.483188612167694
    endloop
  endfacet
  facet normal -1.04177457796703e-14 0.9063077870366397 -0.4226182617407215
    outer loop
      vertex 7.779039954543112 18.478775109585186 53.26165952189271
      vertex 8.960240928232668 18.32890067257265 52.940252754511846
      vertex 8.876148341000079 18.224205966223096 52.715734232204525
    endloop
  endfacet
  facet normal 3.750644293540923e-15 0.9063077870366596 -0.4226182617406786
    outer loop
      vertex 7.779039954543112 18.478775109585186 53.26165952189271
      vertex 9.075949189960955 18.42806091930985 53.15290258987922
      vertex 8.960240928232668 18.32890067257265 52.940252754511846
    endloop
  endfacet
  facet normal 2.4708960429259134e-15 0.9063077870366538 -0.4226182617406911
    outer loop
      vertex 7.779039954543112 18.478775109585186 53.26165952189271
      vertex 9.22129331320524 18.51999005211161 53.35004525136904
      vertex 9.075949189960955 18.42806091930985 53.15290258987922
    endloop
  endfacet
  facet normal 3.3454045013882026e-15 0.9063077870366484 -0.4226182617407029
    outer loop
      vertex 7.779039954543112 18.478775109585186 53.26165952189271
      vertex 8.236873952448367 18.768351876021484 53.88265890153413
      vertex 9.22129331320524 18.51999005211161 53.35004525136904
    endloop
  endfacet
  facet normal 0.7518398037746704 -0.2786515840487151 -0.5975702504034207
    outer loop
      vertex 8.236873952448367 18.768351876021484 53.88265890153413
      vertex 8.236873952448367 20.03718277844433 53.29099333483064
      vertex 8.780227279067038 19.030195888368752 54.44418519810684
    endloop
  endfacet
  facet normal 0.8314696136421457 -0.23479412530633167 -0.5035176266144169
    outer loop
      vertex 8.236873952448367 18.768351876021484 53.88265890153413
      vertex 7.779039954543112 19.747606012087928 52.66999395515196
      vertex 8.236873952448367 20.03718277844433 53.29099333483064
    endloop
  endfacet
  facet normal 0.7518398037746707 -0.2786515840487149 -0.5975702504034205
    outer loop
      vertex 8.780227279067038 19.030195888368752 54.44418519810684
      vertex 8.236873952448367 20.03718277844433 53.29099333483064
      vertex 8.780227279067038 20.299026790719356 53.85251963143703
    endloop
  endfacet
  facet normal 2.9759073110890094e-15 0.9063077870366482 -0.42261826174070355
    outer loop
      vertex 9.22129331320524 18.51999005211161 53.35004525136904
      vertex 8.236873952448367 18.768351876021484 53.88265890153413
      vertex 9.393786435723303 18.603115134246913 53.52830756527612
    endloop
  endfacet
  facet normal 8.092095684801519e-16 0.9063077870366455 -0.4226182617407093
    outer loop
      vertex 8.236873952448367 18.768351876021484 53.88265890153413
      vertex 9.590477136671542 18.676013877847723 53.68463942542451
      vertex 9.393786435723303 18.603115134246913 53.52830756527612
    endloop
  endfacet
  facet normal -7.337170406021714e-16 0.9063077870366414 -0.4226182617407179
    outer loop
      vertex 8.236873952448367 18.768351876021484 53.88265890153413
      vertex 9.807999996244906 18.737438958567452 53.81636593612082
      vertex 9.590477136671542 18.676013877847723 53.68463942542451
    endloop
  endfacet
  facet normal -2.51724302567506e-16 0.9063077870366506 -0.4226182617406982
    outer loop
      vertex 8.236873952448367 18.768351876021484 53.88265890153413
      vertex 8.780227279067038 19.030195888368752 54.44418519810684
      vertex 10.042633129060267 18.786339383008098 53.921233234749636
    endloop
  endfacet
  facet normal -7.245649713353705e-17 0.9063077870366473 -0.4226182617407051
    outer loop
      vertex 8.236873952448367 18.768351876021484 53.88265890153413
      vertex 10.042633129060267 18.786339383008098 53.921233234749636
      vertex 9.807999996244906 18.737438958567452 53.81636593612082
    endloop
  endfacet
  facet normal 1.377574565968712e-14 0.9063077870366635 -0.42261826174067046
    outer loop
      vertex 8.780227279067038 19.030195888368752 54.44418519810684
      vertex 10.290361908972262 18.82187844604961 53.9974470013906
      vertex 10.042633129060267 18.786339383008098 53.921233234749636
    endloop
  endfacet
  facet normal -1.7597930813040585e-15 0.9063077870366435 -0.42261826174071343
    outer loop
      vertex 8.780227279067038 19.030195888368752 54.44418519810684
      vertex 10.546947611272333 18.843448063966356 54.043703196285804
      vertex 10.290361908972262 18.82187844604961 53.9974470013906
    endloop
  endfacet
  facet normal -2.5055416562346045e-14 0.9063077870366041 -0.4226182617407979
    outer loop
      vertex 8.780227279067038 19.030195888368752 54.44418519810684
      vertex 10.807999996244906 18.850679181050552 54.05921037691586
      vertex 10.546947611272333 18.843448063966356 54.043703196285804
    endloop
  endfacet
  facet normal 0.6593458193240181 -0.3177412309787207 -0.6813982687650935
    outer loop
      vertex 8.780227279067038 19.030195888368752 54.44418519810684
      vertex 8.780227279067038 20.299026790719356 53.85251963143703
      vertex 9.399802995622156 19.25982692677536 54.93663054913361
    endloop
  endfacet
  facet normal 0.6593458193240188 -0.31774123097871987 -0.681398268765093
    outer loop
      vertex 9.399802995622156 19.25982692677536 54.93663054913361
      vertex 8.780227279067038 20.299026790719356 53.85251963143703
      vertex 9.399802995622156 20.52865782906261 54.34496498249335
    endloop
  endfacet
  facet normal 0.5555702310147507 -0.3513942428076531 -0.7535673855282305
    outer loop
      vertex 9.399802995622156 19.25982692677536 54.93663054913361
      vertex 9.399802995622156 20.52865782906261 54.34496498249335
      vertex 10.084999998807906 19.453315935135876 55.351569066605265
    endloop
  endfacet
  facet normal 0.5555702310147486 -0.35139424280765486 -0.7535673855282311
    outer loop
      vertex 10.084999998807906 19.453315935135876 55.351569066605265
      vertex 9.399802995622156 20.52865782906261 54.34496498249335
      vertex 10.084999998807906 20.722146837369742 54.759903499989896
    endloop
  endfacet
  facet normal 0.44228868859373416 -0.37903479936788637 -0.8128427503583832
    outer loop
      vertex 10.084999998807906 19.453315935135876 55.351569066605265
      vertex 10.084999998807906 20.722146837369742 54.759903499989896
      vertex 10.824094375371931 19.607352265826407 55.68190104378101
    endloop
  endfacet
  facet normal 0.4422886885937328 -0.3790347993678875 -0.8128427503583835
    outer loop
      vertex 10.824094375371931 19.607352265826407 55.68190104378101
      vertex 10.084999998807906 20.722146837369742 54.759903499989896
      vertex 10.824094375371931 20.87618316801777 55.09023547718546
    endloop
  endfacet
  facet normal 0.32143946857191147 -0.40018996484818486 -0.8582101491354059
    outer loop
      vertex 10.824094375371931 19.607352265826407 55.68190104378101
      vertex 10.824094375371931 20.87618316801777 55.09023547718546
      vertex 11.604440016448496 19.719300316296433 55.92197441275154
    endloop
  endfacet
  facet normal 0.32143946857191275 -0.40018996484818387 -0.8582101491354058
    outer loop
      vertex 11.604440016448496 19.719300316296433 55.92197441275154
      vertex 10.824094375371931 20.87618316801777 55.09023547718546
      vertex 11.604440016448496 20.988131218456914 55.33030884617039
    endloop
  endfacet
  facet normal 0.19509031732941093 -0.4144977707388625 -0.8888933378852736
    outer loop
      vertex 11.604440016448496 19.719300316296433 55.92197441275154
      vertex 11.604440016448496 20.988131218456914 55.33030884617039
      vertex 12.412684989869593 19.787244619189117 56.06768144051409
    endloop
  endfacet
  facet normal 0.1950903173294158 -0.4144977707388595 -0.8888933378852739
    outer loop
      vertex 12.412684989869593 19.787244619189117 56.06768144051409
      vertex 11.604440016448496 20.988131218456914 55.33030884617039
      vertex 12.412684989869593 21.05607552133085 55.47601587394169
    endloop
  endfacet
  facet normal 0.06540312955056521 -0.4217134035926669 -0.9043673124761202
    outer loop
      vertex 12.412684989869593 19.787244619189117 56.06768144051409
      vertex 12.412684989869593 21.05607552133085 55.47601587394169
      vertex 13.23499999731779 19.810022633438635 56.11652904970765
    endloop
  endfacet
  facet normal 0.06540312955056166 -0.42171340359266885 -0.9043673124761195
    outer loop
      vertex 13.23499999731779 19.810022633438635 56.11652904970765
      vertex 12.412684989869593 21.05607552133085 55.47601587394169
      vertex 13.23499999731779 21.078853535574083 55.524863483138176
    endloop
  endfacet
  facet normal -2.5768884180052627e-19 0.9063077870366545 -0.42261826174068956
    outer loop
      vertex 8.780227279067038 19.030195888368752 54.44418519810684
      vertex 36.779999999105925 18.850679181050552 54.05921037691586
      vertex 10.807999996244906 18.850679181050552 54.05921037691586
    endloop
  endfacet
  facet normal 0 0.9063077870366516 -0.4226182617406961
    outer loop
      vertex 8.780227279067038 19.030195888368752 54.44418519810684
      vertex 9.399802995622156 19.25982692677536 54.93663054913361
      vertex 38.819772718250746 19.030195888368752 54.44418519810684
    endloop
  endfacet
  facet normal 0 0.9063077870366487 -0.4226182617407018
    outer loop
      vertex 9.399802995622156 19.25982692677536 54.93663054913361
      vertex 10.084999998807906 19.453315935135876 55.351569066605265
      vertex 38.20019700169563 19.25982692677536 54.93663054913361
    endloop
  endfacet
  facet normal 0 0.9063077870366519 -0.42261826174069517
    outer loop
      vertex 10.084999998807906 19.453315935135876 55.351569066605265
      vertex 10.824094375371931 19.607352265826407 55.68190104378101
      vertex 37.51499999850988 19.453315935135876 55.351569066605265
    endloop
  endfacet
  facet normal 0 0.9063077870366519 -0.4226182617406953
    outer loop
      vertex 10.824094375371931 19.607352265826407 55.68190104378101
      vertex 11.604440016448496 19.719300316296433 55.92197441275154
      vertex 36.77590562194585 19.607352265826407 55.68190104378101
    endloop
  endfacet
  facet normal 0 0.9063077870366457 -0.4226182617407086
    outer loop
      vertex 11.604440016448496 19.719300316296433 55.92197441275154
      vertex 12.412684989869593 19.787244619189117 56.06768144051409
      vertex 35.99555998086929 19.719300316296433 55.92197441275154
    endloop
  endfacet
  facet normal 0 0.9063077870366565 -0.4226182617406855
    outer loop
      vertex 12.412684989869593 19.787244619189117 56.06768144051409
      vertex 13.23499999731779 19.810022633438635 56.11652904970765
      vertex 35.18731500744819 19.787244619189117 56.06768144051409
    endloop
  endfacet
  facet normal 0 -0.42261826174069916 -0.90630778703665
    outer loop
      vertex 13.23499999731779 19.810022633438635 56.11652904970765
      vertex 13.23499999731779 21.078853535574083 55.524863483138176
      vertex 34.364999999999995 19.810022633438635 56.11652904970765
    endloop
  endfacet
  facet normal 0 0.42261826174070016 0.9063077870366496
    outer loop
      vertex 13.23499999731779 2.1741625723846996 18.296305099639355
      vertex 34.364999999999995 2.1741625723846996 18.296305099639355
      vertex 34.364999999999995 3.442993479385949 17.704639530800918
    endloop
  endfacet
  facet normal 0 0.906307787036651 -0.42261826174069717
    outer loop
      vertex 12.412684989869593 2.1969405866342164 18.34515270883291
      vertex 35.18731500744819 2.1969405866342164 18.34515270883291
      vertex 34.364999999999995 2.1741625723846996 18.296305099639355
    endloop
  endfacet
  facet normal 0 0.9063077870366504 -0.42261826174069844
    outer loop
      vertex 11.604440016448496 2.264884889526902 18.49085973659547
      vertex 35.99555998086929 2.264884889526902 18.49085973659547
      vertex 35.18731500744819 2.1969405866342164 18.34515270883291
    endloop
  endfacet
  facet normal 0 0.9063077870366509 -0.4226182617406972
    outer loop
      vertex 10.824094375371931 2.3768329399969255 18.730933105565992
      vertex 36.77590562194585 2.3768329399969255 18.730933105565992
      vertex 35.99555998086929 2.264884889526902 18.49085973659547
    endloop
  endfacet
  facet normal 0 0.9063077870366487 -0.42261826174070216
    outer loop
      vertex 10.084999998807906 2.530869270687459 19.061265082741738
      vertex 37.51499999850988 2.530869270687459 19.061265082741738
      vertex 36.77590562194585 2.3768329399969255 18.730933105565992
    endloop
  endfacet
  facet normal 0 0.9063077870366504 -0.4226182617406987
    outer loop
      vertex 9.399802995622156 2.724358279047973 19.476203600213392
      vertex 38.20019700169563 2.724358279047973 19.476203600213392
      vertex 37.51499999850988 2.530869270687459 19.061265082741738
    endloop
  endfacet
  facet normal 0 0.90630778703665 -0.4226182617406992
    outer loop
      vertex 8.780227279067038 2.953989317454582 19.968648951240162
      vertex 38.819772718250746 2.953989317454582 19.968648951240162
      vertex 38.20019700169563 2.724358279047973 19.476203600213392
    endloop
  endfacet
  facet normal 0 0.9063077870366498 -0.42261826174069994
    outer loop
      vertex 8.236873952448367 3.2158333298018547 20.530175247812878
      vertex 39.36312604486942 3.2158333298018547 20.530175247812878
      vertex 38.819772718250746 2.953989317454582 19.968648951240162
    endloop
  endfacet
  facet normal 0 0.9063077870366504 -0.4226182617406983
    outer loop
      vertex 7.779039954543112 3.505410096238152 21.1511746274543
      vertex 39.82096004277467 3.505410096238152 21.1511746274543
      vertex 39.36312604486942 3.2158333298018547 20.530175247812878
    endloop
  endfacet
  facet normal 0 0.9063077870366494 -0.4226182617407006
    outer loop
      vertex 7.41455894500017 3.8177648769239667 21.821021616289272
      vertex 40.185441052317614 3.8177648769239667 21.821021616289272
      vertex 39.82096004277467 3.505410096238152 21.1511746274543
    endloop
  endfacet
  facet normal 0 0.9063077870366503 -0.4226182617406987
    outer loop
      vertex 7.149667290747164 4.1475531953126765 22.52825494737707
      vertex 40.45033270657062 4.1475531953126765 22.52825494737707
      vertex 40.185441052317614 3.8177648769239667 21.821021616289272
    endloop
  endfacet
  facet normal 0 0.9063077870366488 -0.4226182617407018
    outer loop
      vertex 10.807999996244906 4.213718302512524 22.6701464776634
      vertex 36.779999999105925 4.213718302512524 22.6701464776634
      vertex 40.45033270657062 4.1475531953126765 22.52825494737707
    endloop
  endfacet
  facet normal -0.06540312955056087 0.42171340359266757 0.9043673124761202
    outer loop
      vertex 34.364999999999995 2.1741625723846996 18.296305099639355
      vertex 35.18731500744819 2.1969405866342164 18.34515270883291
      vertex 35.18731500744819 3.4657714936291812 17.753487139997407
    endloop
  endfacet
  facet normal -0.06540312955056515 0.4217134035926697 0.9043673124761189
    outer loop
      vertex 34.364999999999995 2.1741625723846996 18.296305099639355
      vertex 35.18731500744819 3.4657714936291812 17.753487139997407
      vertex 34.364999999999995 3.442993479385949 17.704639530800918
    endloop
  endfacet
  facet normal -0.19509031732941717 0.41449777073885985 0.8888933378852735
    outer loop
      vertex 35.18731500744819 2.1969405866342164 18.34515270883291
      vertex 35.99555998086929 3.5337157965031203 17.89919416776871
      vertex 35.18731500744819 3.4657714936291812 17.753487139997407
    endloop
  endfacet
  facet normal -0.1950903173294191 0.4144977707388607 0.8888933378852726
    outer loop
      vertex 35.18731500744819 2.1969405866342164 18.34515270883291
      vertex 35.99555998086929 2.264884889526902 18.49085973659547
      vertex 35.99555998086929 3.5337157965031203 17.89919416776871
    endloop
  endfacet
  facet normal -0.32143946857190325 0.40018996484818403 0.8582101491354094
    outer loop
      vertex 35.99555998086929 2.264884889526902 18.49085973659547
      vertex 36.77590562194585 2.3768329399969255 18.730933105565992
      vertex 36.77590562194585 3.645663846942258 18.139267536753632
    endloop
  endfacet
  facet normal -0.3214394685719036 0.4001899648481842 0.8582101491354092
    outer loop
      vertex 35.99555998086929 2.264884889526902 18.49085973659547
      vertex 36.77590562194585 3.645663846942258 18.139267536753632
      vertex 35.99555998086929 3.5337157965031203 17.89919416776871
    endloop
  endfacet
  facet normal -0.4422886885937347 0.37903479936788514 0.8128427503583834
    outer loop
      vertex 36.77590562194585 2.3768329399969255 18.730933105565992
      vertex 37.51499999850988 3.7997001775902923 18.469599513949195
      vertex 36.77590562194585 3.645663846942258 18.139267536753632
    endloop
  endfacet
  facet normal -0.4422886885937355 0.3790347993678854 0.8128427503583829
    outer loop
      vertex 36.77590562194585 2.3768329399969255 18.730933105565992
      vertex 37.51499999850988 2.530869270687459 19.061265082741738
      vertex 37.51499999850988 3.7997001775902923 18.469599513949195
    endloop
  endfacet
  facet normal -0.5555702310147503 0.3513942428076538 0.7535673855282303
    outer loop
      vertex 37.51499999850988 2.530869270687459 19.061265082741738
      vertex 38.20019700169563 3.993189185897422 18.884538031445743
      vertex 37.51499999850988 3.7997001775902923 18.469599513949195
    endloop
  endfacet
  facet normal -0.5555702310147501 0.35139424280765363 0.7535673855282308
    outer loop
      vertex 37.51499999850988 2.530869270687459 19.061265082741738
      vertex 38.20019700169563 2.724358279047973 19.476203600213392
      vertex 38.20019700169563 3.993189185897422 18.884538031445743
    endloop
  endfacet
  facet normal -0.659345819324016 0.3177412309787213 0.6813982687650952
    outer loop
      vertex 38.20019700169563 2.724358279047973 19.476203600213392
      vertex 38.819772718250746 2.953989317454582 19.968648951240162
      vertex 38.819772718250746 4.222820224240674 19.376983382502058
    endloop
  endfacet
  facet normal -0.659345819324016 0.31774123097872126 0.681398268765095
    outer loop
      vertex 38.20019700169563 2.724358279047973 19.476203600213392
      vertex 38.819772718250746 4.222820224240674 19.376983382502058
      vertex 38.20019700169563 3.993189185897422 18.884538031445743
    endloop
  endfacet
  facet normal -0.7518398037746746 0.27865158404871276 0.5975702504034166
    outer loop
      vertex 38.819772718250746 2.953989317454582 19.968648951240162
      vertex 39.36312604486942 4.4846642365157035 19.93850967910846
      vertex 38.819772718250746 4.222820224240674 19.376983382502058
    endloop
  endfacet
  facet normal -0.7518398037746749 0.2786515840487128 0.5975702504034163
    outer loop
      vertex 38.819772718250746 2.953989317454582 19.968648951240162
      vertex 39.36312604486942 3.2158333298018547 20.530175247812878
      vertex 39.36312604486942 4.4846642365157035 19.93850967910846
    endloop
  endfacet
  facet normal -0.8314696136421448 0.23479412530633215 0.5035176266144183
    outer loop
      vertex 39.36312604486942 3.2158333298018547 20.530175247812878
      vertex 39.82096004277467 4.774241002872106 20.559509058787135
      vertex 39.36312604486942 4.4846642365157035 19.93850967910846
    endloop
  endfacet
  facet normal -0.8314696136421454 0.23479412530633237 0.5035176266144172
    outer loop
      vertex 39.36312604486942 3.2158333298018547 20.530175247812878
      vertex 39.82096004277467 3.505410096238152 21.1511746274543
      vertex 39.82096004277467 4.774241002872106 20.559509058787135
    endloop
  endfacet
  facet normal -0.8968727423341794 0.186919276761059 0.40084968259073284
    outer loop
      vertex 39.82096004277467 3.505410096238152 21.1511746274543
      vertex 40.185441052317614 3.8177648769239667 21.821021616289272
      vertex 40.185441052317614 5.08659578347174 21.229356047662296
    endloop
  endfacet
  facet normal -0.8968727423341797 0.1869192767610591 0.400849682590732
    outer loop
      vertex 39.82096004277467 3.505410096238152 21.1511746274543
      vertex 40.185441052317614 5.08659578347174 21.229356047662296
      vertex 39.82096004277467 4.774241002872106 20.559509058787135
    endloop
  endfacet
  facet normal -0.9469301283855182 0.13584618946271096 0.2913230934276365
    outer loop
      vertex 40.185441052317614 3.8177648769239667 21.821021616289272
      vertex 40.45033270657062 5.416384101769459 21.936589378792526
      vertex 40.185441052317614 5.08659578347174 21.229356047662296
    endloop
  endfacet
  facet normal -0.946930128385518 0.1358461894627109 0.2913230934276367
    outer loop
      vertex 40.185441052317614 3.8177648769239667 21.821021616289272
      vertex 40.45033270657062 4.1475531953126765 22.52825494737707
      vertex 40.45033270657062 5.416384101769459 21.936589378792526
    endloop
  endfacet
  facet normal -0.9807852813354747 0.08244873079220087 0.17681187377110463
    outer loop
      vertex 40.45033270657062 4.1475531953126765 22.52825494737707
      vertex 40.611102623641486 5.757963187403099 22.66910809208124
      vertex 40.45033270657062 5.416384101769459 21.936589378792526
    endloop
  endfacet
  facet normal 1.06754674020616e-16 0.9063077870366499 -0.4226182617406995
    outer loop
      vertex 36.779999999105925 4.213718302512524 22.6701464776634
      vertex 37.0410523840785 4.220949419596717 22.685653658293468
      vertex 40.45033270657062 4.1475531953126765 22.52825494737707
    endloop
  endfacet
  facet normal -1.6449390943603345e-16 0.9063077870366476 -0.42261826174070427
    outer loop
      vertex 37.0410523840785 4.220949419596717 22.685653658293468
      vertex 37.29763808637857 4.242519037513461 22.73190985318867
      vertex 40.45033270657062 4.1475531953126765 22.52825494737707
    endloop
  endfacet
  facet normal 1.1539968915046437e-15 0.9063077870366556 -0.42261826174068756
    outer loop
      vertex 37.29763808637857 4.242519037513461 22.73190985318867
      vertex 37.545366866290564 4.2780581005549765 22.80812361982963
      vertex 40.45033270657062 4.1475531953126765 22.52825494737707
    endloop
  endfacet
  facet normal -1.361105151851307e-15 0.9063077870366456 -0.42261826174070904
    outer loop
      vertex 37.545366866290564 4.2780581005549765 22.80812361982963
      vertex 37.779999999105925 4.326958524995623 22.912990918458448
      vertex 40.45033270657062 4.1475531953126765 22.52825494737707
    endloop
  endfacet
  facet normal 3.459795523452497e-16 0.90630778703665 -0.4226182617406993
    outer loop
      vertex 40.45033270657062 4.1475531953126765 22.52825494737707
      vertex 37.779999999105925 4.326958524995623 22.912990918458448
      vertex 37.99752285867929 4.388383605715349 23.04471742915476
    endloop
  endfacet
  facet normal 8.854946660813135e-16 0.906307787036651 -0.4226182617406973
    outer loop
      vertex 40.45033270657062 4.1475531953126765 22.52825494737707
      vertex 37.99752285867929 4.388383605715349 23.04471742915476
      vertex 38.19421355962753 4.461282349316158 23.201049289303146
    endloop
  endfacet
  facet normal 2.0341458064507136e-17 0.9063077870366506 -0.42261826174069794
    outer loop
      vertex 38.19421355962753 4.461282349316158 23.201049289303146
      vertex 38.36670668214559 4.544407431451463 23.379311603210233
      vertex 40.611102623641486 4.489132281040558 23.26077366062184
    endloop
  endfacet
  facet normal -2.7163705197407807e-16 0.9063077870366486 -0.42261826174070244
    outer loop
      vertex 38.36670668214559 4.544407431451463 23.379311603210233
      vertex 38.512050805389876 4.636336564253224 23.57645426470005
      vertex 40.611102623641486 4.489132281040558 23.26077366062184
    endloop
  endfacet
  facet normal 9.842104995768337e-16 0.9063077870366517 -0.42261826174069556
    outer loop
      vertex 38.512050805389876 4.636336564253224 23.57645426470005
      vertex 38.62775906711816 4.735496810990426 23.78910410006742
      vertex 40.611102623641486 4.489132281040558 23.26077366062184
    endloop
  endfacet
  facet normal 2.60594801328905e-16 0.9063077870366487 -0.42261826174070194
    outer loop
      vertex 38.62775906711816 4.735496810990426 23.78910410006742
      vertex 38.71185165435075 4.840191517339978 24.013622622374747
      vertex 40.66499999701976 4.836657620091605 24.006044155269244
    endloop
  endfacet
  facet normal 2.8523505439183836e-16 0.9063077870366514 -0.42261826174069667
    outer loop
      vertex 38.71185165435075 4.840191517339978 24.013622622374747
      vertex 38.76288971841335 4.94862932083355 24.24616824241157
      vertex 40.66499999701976 4.836657620091605 24.006044155269244
    endloop
  endfacet
  facet normal -1.3371103971092536e-15 0.9063077870366463 -0.4226182617407071
    outer loop
      vertex 38.76288971841335 4.94862932083355 24.24616824241157
      vertex 38.779999999105925 5.058954825993924 24.4827620517367
      vertex 40.66499999701976 4.836657620091605 24.006044155269244
    endloop
  endfacet
  facet normal 5.996238580583695e-17 0.9063077870366499 -0.42261826174069944
    outer loop
      vertex 40.45033270657062 4.1475531953126765 22.52825494737707
      vertex 38.19421355962753 4.461282349316158 23.201049289303146
      vertex 40.611102623641486 4.489132281040558 23.26077366062184
    endloop
  endfacet
  facet normal -1.1855060589955257e-16 0.9063077870366502 -0.422618261740699
    outer loop
      vertex 38.62775906711816 4.735496810990426 23.78910410006742
      vertex 40.66499999701976 4.836657620091605 24.006044155269244
      vertex 40.611102623641486 4.489132281040558 23.26077366062184
    endloop
  endfacet
  facet normal -0.9807852813354747 0.08244873079220091 0.17681187377110416
    outer loop
      vertex 40.45033270657062 4.1475531953126765 22.52825494737707
      vertex 40.611102623641486 4.489132281040558 23.26077366062184
      vertex 40.611102623641486 5.757963187403099 22.66910809208124
    endloop
  endfacet
  facet normal -0.9978589232176023 0.02764055692305947 0.05927536560823934
    outer loop
      vertex 40.611102623641486 4.489132281040558 23.26077366062184
      vertex 40.66499999701976 6.105488526358261 23.414378586773356
      vertex 40.611102623641486 5.757963187403099 22.66910809208124
    endloop
  endfacet
  facet normal -0.9978589232176022 0.02764055692305945 0.059275365608239504
    outer loop
      vertex 40.611102623641486 4.489132281040558 23.26077366062184
      vertex 40.66499999701976 4.836657620091605 24.006044155269244
      vertex 40.66499999701976 6.105488526358261 23.414378586773356
    endloop
  endfacet
  facet normal 0 0.9063077870366546 -0.42261826174068956
    outer loop
      vertex 8.780227279067038 19.030195888368752 54.44418519810684
      vertex 38.819772718250746 19.030195888368752 54.44418519810684
      vertex 36.779999999105925 18.850679181050552 54.05921037691586
    endloop
  endfacet
  facet normal -2.874030671119458e-19 -0.42261826174069916 -0.90630778703665
    outer loop
      vertex 34.364999999999995 19.810022633438635 56.11652904970765
      vertex 13.23499999731779 21.078853535574083 55.524863483138176
      vertex 34.364999999999995 21.078853535574083 55.524863483138176
    endloop
  endfacet
  facet normal 0 0.9063077870366565 -0.42261826174068545
    outer loop
      vertex 13.23499999731779 19.810022633438635 56.11652904970765
      vertex 34.364999999999995 19.810022633438635 56.11652904970765
      vertex 35.18731500744819 19.787244619189117 56.06768144051409
    endloop
  endfacet
  facet normal 0 0.9063077870366457 -0.4226182617407086
    outer loop
      vertex 12.412684989869593 19.787244619189117 56.06768144051409
      vertex 35.18731500744819 19.787244619189117 56.06768144051409
      vertex 35.99555998086929 19.719300316296433 55.92197441275154
    endloop
  endfacet
  facet normal 0 0.9063077870366519 -0.4226182617406952
    outer loop
      vertex 11.604440016448496 19.719300316296433 55.92197441275154
      vertex 35.99555998086929 19.719300316296433 55.92197441275154
      vertex 36.77590562194585 19.607352265826407 55.68190104378101
    endloop
  endfacet
  facet normal 0 0.9063077870366516 -0.4226182617406961
    outer loop
      vertex 9.399802995622156 19.25982692677536 54.93663054913361
      vertex 38.20019700169563 19.25982692677536 54.93663054913361
      vertex 38.819772718250746 19.030195888368752 54.44418519810684
    endloop
  endfacet
  facet normal 0 0.9063077870366519 -0.42261826174069517
    outer loop
      vertex 10.824094375371931 19.607352265826407 55.68190104378101
      vertex 36.77590562194585 19.607352265826407 55.68190104378101
      vertex 37.51499999850988 19.453315935135876 55.351569066605265
    endloop
  endfacet
  facet normal 0 0.9063077870366488 -0.4226182617407019
    outer loop
      vertex 10.084999998807906 19.453315935135876 55.351569066605265
      vertex 37.51499999850988 19.453315935135876 55.351569066605265
      vertex 38.20019700169563 19.25982692677536 54.93663054913361
    endloop
  endfacet
  facet normal -0.06540312955056521 -0.42171340359266873 -0.9043673124761193
    outer loop
      vertex 34.364999999999995 19.810022633438635 56.11652904970765
      vertex 34.364999999999995 21.078853535574083 55.524863483138176
      vertex 35.18731500744819 19.787244619189117 56.06768144051409
    endloop
  endfacet
  facet normal -0.06540312955056171 -0.42171340359266696 -0.9043673124761203
    outer loop
      vertex 35.18731500744819 19.787244619189117 56.06768144051409
      vertex 34.364999999999995 21.078853535574083 55.524863483138176
      vertex 35.18731500744819 21.05607552133085 55.47601587394169
    endloop
  endfacet
  facet normal -0.19509031732941096 -0.4144977707388599 -0.8888933378852748
    outer loop
      vertex 35.18731500744819 19.787244619189117 56.06768144051409
      vertex 35.18731500744819 21.05607552133085 55.47601587394169
      vertex 35.99555998086929 19.719300316296433 55.92197441275154
    endloop
  endfacet
  facet normal 1.0325366074417484e-15 0.9063077870366499 -0.4226182617406995
    outer loop
      vertex 38.779999999105925 5.058954825993924 24.4827620517367
      vertex 40.66499999701976 17.14752758573173 50.40678999407776
      vertex 40.66499999701976 4.836657620091605 24.006044155269244
    endloop
  endfacet
  facet normal -1 0 0
    outer loop
      vertex 40.66499999701976 4.836657620091605 24.006044155269244
      vertex 40.66499999701976 18.416358488601766 49.81512442716574
      vertex 40.66499999701976 6.105488526358261 23.414378586773356
    endloop
  endfacet
  facet normal -9.602149471933597e-16 0.90630778703665 -0.42261826174069944
    outer loop
      vertex 38.779999999105925 5.058954825993924 24.4827620517367
      vertex 38.779999999105925 18.00544265756915 52.246594802842566
      vertex 40.45033270657062 17.83663201051066 51.88457920196993
    endloop
  endfacet
  facet normal -2.9999680265184516e-14 0.9063077870366509 -0.4226182617406975
    outer loop
      vertex 38.779999999105925 5.058954825993924 24.4827620517367
      vertex 40.611102623641486 17.495052924782776 51.15206048872517
      vertex 40.66499999701976 17.14752758573173 50.40678999407776
    endloop
  endfacet
  facet normal 2.6088047681379292e-14 0.9063077870366494 -0.4226182617407007
    outer loop
      vertex 38.779999999105925 5.058954825993924 24.4827620517367
      vertex 40.45033270657062 17.83663201051066 51.88457920196993
      vertex 40.611102623641486 17.495052924782776 51.15206048872517
    endloop
  endfacet
  facet normal -1 0 0
    outer loop
      vertex 40.66499999701976 4.836657620091605 24.006044155269244
      vertex 40.66499999701976 17.14752758573173 50.40678999407776
      vertex 40.66499999701976 18.416358488601766 49.81512442716574
    endloop
  endfacet
  facet normal -4.70456682646084e-16 0.906307787036651 -0.42261826174069733
    outer loop
      vertex 38.779999999105925 18.00544265756915 52.246594802842566
      vertex 40.185441052317614 18.16642032889937 52.591812533057734
      vertex 40.45033270657062 17.83663201051066 51.88457920196993
    endloop
  endfacet
  facet normal -0.9978589232176023 -0.027640556923059497 -0.059275365608239344
    outer loop
      vertex 40.66499999701976 17.14752758573173 50.40678999407776
      vertex 40.611102623641486 18.763883827556935 50.560394921857856
      vertex 40.66499999701976 18.416358488601766 49.81512442716574
    endloop
  endfacet
  facet normal -0.9978589232176024 -0.027640556923059504 -0.05927536560823927
    outer loop
      vertex 40.66499999701976 17.14752758573173 50.40678999407776
      vertex 40.611102623641486 17.495052924782776 51.15206048872517
      vertex 40.611102623641486 18.763883827556935 50.560394921857856
    endloop
  endfacet
  facet normal -0.9807852813354744 -0.08244873079220141 -0.1768118737711062
    outer loop
      vertex 40.611102623641486 17.495052924782776 51.15206048872517
      vertex 40.45033270657062 17.83663201051066 51.88457920196993
      vertex 40.45033270657062 19.105462913190568 51.29291363514657
    endloop
  endfacet
  facet normal -0.9807852813354745 -0.08244873079220152 -0.17681187377110505
    outer loop
      vertex 40.611102623641486 17.495052924782776 51.15206048872517
      vertex 40.45033270657062 19.105462913190568 51.29291363514657
      vertex 40.611102623641486 18.763883827556935 50.560394921857856
    endloop
  endfacet
  facet normal -0.9469301283855188 -0.13584618946270957 -0.29132309342763435
    outer loop
      vertex 40.45033270657062 17.83663201051066 51.88457920196993
      vertex 40.185441052317614 18.16642032889937 52.591812533057734
      vertex 40.185441052317614 19.435251231488294 52.0001469662768
    endloop
  endfacet
  facet normal -0.946930128385519 -0.13584618946270957 -0.29132309342763457
    outer loop
      vertex 40.45033270657062 17.83663201051066 51.88457920196993
      vertex 40.185441052317614 19.435251231488294 52.0001469662768
      vertex 40.45033270657062 19.105462913190568 51.29291363514657
    endloop
  endfacet
  facet normal -0.1950903173294158 -0.4144977707388621 -0.8888933378852727
    outer loop
      vertex 35.99555998086929 19.719300316296433 55.92197441275154
      vertex 35.18731500744819 21.05607552133085 55.47601587394169
      vertex 35.99555998086929 20.988131218456914 55.33030884617039
    endloop
  endfacet
  facet normal -0.32143946857191147 -0.4001899648481841 -0.8582101491354063
    outer loop
      vertex 35.99555998086929 19.719300316296433 55.92197441275154
      vertex 35.99555998086929 20.988131218456914 55.33030884617039
      vertex 36.77590562194585 19.607352265826407 55.68190104378101
    endloop
  endfacet
  facet normal -0.3214394685719112 -0.4001899648481839 -0.8582101491354064
    outer loop
      vertex 36.77590562194585 19.607352265826407 55.68190104378101
      vertex 35.99555998086929 20.988131218456914 55.33030884617039
      vertex 36.77590562194585 20.876183168017775 55.09023547718546
    endloop
  endfacet
  facet normal -0.44228868859373416 -0.3790347993678863 -0.8128427503583833
    outer loop
      vertex 37.51499999850988 19.453315935135876 55.351569066605265
      vertex 36.77590562194585 19.607352265826407 55.68190104378101
      vertex 36.77590562194585 20.876183168017775 55.09023547718546
    endloop
  endfacet
  facet normal 2.5000629598760107e-14 0.906307787036604 -0.4226182617407984
    outer loop
      vertex 36.779999999105925 18.850679181050552 54.05921037691586
      vertex 38.819772718250746 19.030195888368752 54.44418519810684
      vertex 37.0410523840785 18.843448063966356 54.043703196285804
    endloop
  endfacet
  facet normal 1.7213345493794683e-15 0.9063077870366434 -0.4226182617407134
    outer loop
      vertex 37.0410523840785 18.843448063966356 54.043703196285804
      vertex 38.819772718250746 19.030195888368752 54.44418519810684
      vertex 37.29763808637857 18.82187844604961 53.9974470013906
    endloop
  endfacet
  facet normal -1.3724667223927878e-14 0.9063077870366637 -0.42261826174067024
    outer loop
      vertex 37.545366866290564 18.786339383008098 53.921233234749636
      vertex 37.29763808637857 18.82187844604961 53.9974470013906
      vertex 38.819772718250746 19.030195888368752 54.44418519810684
    endloop
  endfacet
  facet normal 1.9570154229982576e-15 0.9063077870366488 -0.42261826174070155
    outer loop
      vertex 37.545366866290564 18.786339383008098 53.921233234749636
      vertex 38.819772718250746 19.030195888368752 54.44418519810684
      vertex 37.779999999105925 18.737438958567452 53.81636593612082
    endloop
  endfacet
  facet normal -2.9573731354979483e-15 0.906307787036648 -0.4226182617407035
    outer loop
      vertex 38.36670668214559 18.51999005211161 53.35004525136904
      vertex 38.19421355962753 18.603115134246913 53.52830756527612
      vertex 39.36312604486942 18.768351876021484 53.88265890153413
    endloop
  endfacet
  facet normal 7.291902601730762e-16 0.9063077870366413 -0.4226182617407179
    outer loop
      vertex 37.99752285867929 18.676013877847723 53.68463942542451
      vertex 37.779999999105925 18.737438958567452 53.81636593612082
      vertex 39.36312604486942 18.768351876021484 53.88265890153413
    endloop
  endfacet
  facet normal -8.025996816362034e-16 0.9063077870366454 -0.4226182617407093
    outer loop
      vertex 37.99752285867929 18.676013877847723 53.68463942542451
      vertex 39.36312604486942 18.768351876021484 53.88265890153413
      vertex 38.19421355962753 18.603115134246913 53.52830756527612
    endloop
  endfacet
  facet normal -2.5675707198790166e-16 0.9063077870366504 -0.42261826174069855
    outer loop
      vertex 37.779999999105925 18.737438958567452 53.81636593612082
      vertex 38.819772718250746 19.030195888368752 54.44418519810684
      vertex 39.36312604486942 18.768351876021484 53.88265890153413
    endloop
  endfacet
  facet normal -0.6593458193240189 -0.3177412309787205 -0.6813982687650929
    outer loop
      vertex 38.819772718250746 19.030195888368752 54.44418519810684
      vertex 38.20019700169563 20.52865782906261 54.34496498249335
      vertex 38.819772718250746 20.299026790719356 53.85251963143703
    endloop
  endfacet
  facet normal -0.44228868859373577 -0.3790347993678869 -0.812842750358382
    outer loop
      vertex 37.51499999850988 19.453315935135876 55.351569066605265
      vertex 36.77590562194585 20.876183168017775 55.09023547718546
      vertex 37.51499999850988 20.72214683736974 54.759903499989896
    endloop
  endfacet
  facet normal -0.5555702310147507 -0.35139424280765513 -0.7535673855282295
    outer loop
      vertex 37.51499999850988 19.453315935135876 55.351569066605265
      vertex 37.51499999850988 20.72214683736974 54.759903499989896
      vertex 38.20019700169563 19.25982692677536 54.93663054913361
    endloop
  endfacet
  facet normal -0.5555702310147473 -0.35139424280765397 -0.7535673855282324
    outer loop
      vertex 38.20019700169563 19.25982692677536 54.93663054913361
      vertex 37.51499999850988 20.72214683736974 54.759903499989896
      vertex 38.20019700169563 20.52865782906261 54.34496498249335
    endloop
  endfacet
  facet normal -0.6593458193240181 -0.31774123097872015 -0.6813982687650937
    outer loop
      vertex 38.20019700169563 19.25982692677536 54.93663054913361
      vertex 38.20019700169563 20.52865782906261 54.34496498249335
      vertex 38.819772718250746 19.030195888368752 54.44418519810684
    endloop
  endfacet
  facet normal -3.72063109006058e-15 0.9063077870366596 -0.42261826174067857
    outer loop
      vertex 38.62775906711816 18.32890067257265 52.940252754511846
      vertex 38.512050805389876 18.42806091930985 53.15290258987922
      vertex 39.82096004277467 18.478775109585186 53.26165952189271
    endloop
  endfacet
  facet normal -9.891079429064096e-15 0.9063077870366554 -0.42261826174068773
    outer loop
      vertex 38.76288971841335 18.115768162729523 52.483188612167694
      vertex 38.71185165435075 18.224205966223096 52.715734232204525
      vertex 39.82096004277467 18.478775109585186 53.26165952189271
    endloop
  endfacet
  facet normal 8.487915225289597e-16 0.9063077870366489 -0.4226182617407016
    outer loop
      vertex 38.779999999105925 18.00544265756915 52.246594802842566
      vertex 38.76288971841335 18.115768162729523 52.483188612167694
      vertex 40.185441052317614 18.16642032889937 52.591812533057734
    endloop
  endfacet
  facet normal 1.0319730336056253e-14 0.9063077870366396 -0.42261826174072153
    outer loop
      vertex 38.62775906711816 18.32890067257265 52.940252754511846
      vertex 39.82096004277467 18.478775109585186 53.26165952189271
      vertex 38.71185165435075 18.224205966223096 52.715734232204525
    endloop
  endfacet
  facet normal -8.555642709685357e-15 0.9063077870366523 -0.4226182617406948
    outer loop
      vertex 38.512050805389876 18.42806091930985 53.15290258987922
      vertex 38.36670668214559 18.51999005211161 53.35004525136904
      vertex 39.36312604486942 18.768351876021484 53.88265890153413
    endloop
  endfacet
  facet normal -1.3808418836197853e-15 0.9063077870366489 -0.4226182617407017
    outer loop
      vertex 38.512050805389876 18.42806091930985 53.15290258987922
      vertex 39.36312604486942 18.768351876021484 53.88265890153413
      vertex 39.82096004277467 18.478775109585186 53.26165952189271
    endloop
  endfacet
  facet normal 6.385743357498961e-16 0.9063077870366499 -0.42261826174069944
    outer loop
      vertex 38.76288971841335 18.115768162729523 52.483188612167694
      vertex 39.82096004277467 18.478775109585186 53.26165952189271
      vertex 40.185441052317614 18.16642032889937 52.591812533057734
    endloop
  endfacet
  facet normal -0.8968727423341802 -0.18691927676105757 -0.40084968259073156
    outer loop
      vertex 40.185441052317614 18.16642032889937 52.591812533057734
      vertex 39.82096004277467 18.478775109585186 53.26165952189271
      vertex 39.82096004277467 19.747606012087928 52.669993955151966
    endloop
  endfacet
  facet normal -0.8968727423341806 -0.18691927676105768 -0.40084968259073106
    outer loop
      vertex 40.185441052317614 18.16642032889937 52.591812533057734
      vertex 39.82096004277467 19.747606012087928 52.669993955151966
      vertex 40.185441052317614 19.435251231488294 52.0001469662768
    endloop
  endfacet
  facet normal -0.8314696136421442 -0.2347941253063321 -0.5035176266144192
    outer loop
      vertex 39.36312604486942 18.768351876021484 53.88265890153413
      vertex 39.36312604486942 20.037182778444333 53.29099333483064
      vertex 39.82096004277467 18.478775109585186 53.26165952189271
    endloop
  endfacet
  facet normal -0.7518398037746705 -0.278651584048715 -0.5975702504034207
    outer loop
      vertex 39.36312604486942 18.768351876021484 53.88265890153413
      vertex 38.819772718250746 19.030195888368752 54.44418519810684
      vertex 38.819772718250746 20.299026790719356 53.85251963143703
    endloop
  endfacet
  facet normal -0.75183980377467 -0.27865158404871476 -0.5975702504034216
    outer loop
      vertex 39.36312604486942 18.768351876021484 53.88265890153413
      vertex 38.819772718250746 20.299026790719356 53.85251963143703
      vertex 39.36312604486942 20.037182778444333 53.29099333483064
    endloop
  endfacet
  facet normal -0.8314696136421438 -0.23479412530633192 -0.5035176266144199
    outer loop
      vertex 39.82096004277467 18.478775109585186 53.26165952189271
      vertex 39.36312604486942 20.037182778444333 53.29099333483064
      vertex 39.82096004277467 19.747606012087928 52.669993955151966
    endloop
  endfacet
  facet normal -1.8582112564160913e-18 0.7798844830928947 0.6259234721840429
    outer loop
      vertex 45.199999999999996 20.396655781912273 41.89776418655239
      vertex 45.199999999999996 20.298406132937636 42.02018071206993
      vertex 47.599999999999994 20.298406132937636 42.02018071206993
    endloop
  endfacet
  facet normal 1.6481392819821695e-18 0.6915130557822786 0.7223639620597467
    outer loop
      vertex 45.199999999999996 20.510043454460572 41.78921910394841
      vertex 45.199999999999996 20.396655781912273 41.89776418655239
      vertex 47.599999999999994 20.396655781912273 41.89776418655239
    endloop
  endfacet
  facet normal 1.0995404103286331e-18 0.5913096483635609 0.8064446042674983
    outer loop
      vertex 45.199999999999996 20.636629056068237 41.69640270071572
      vertex 45.199999999999996 20.510043454460572 41.78921910394841
      vertex 47.599999999999994 20.510043454460572 41.78921910394841
    endloop
  endfacet
  facet normal -2.123328511078465e-19 0.4809887689193854 0.8767267557075088
    outer loop
      vertex 45.199999999999996 20.774246671995584 41.62090309124721
      vertex 45.199999999999996 20.636629056068237 41.69640270071572
      vertex 47.599999999999994 20.636629056068237 41.69640270071572
    endloop
  endfacet
  facet normal 2.2856592773015376e-18 0.9153114791194358 0.40274668985876283
    outer loop
      vertex 45.199999999999996 20.216975586270557 42.15437409980915
      vertex 45.199999999999996 20.15375744114133 42.29804826370038
      vertex 47.599999999999994 20.15375744114133 42.29804826370038
    endloop
  endfacet
  facet normal -5.3353965317818665e-19 0.8549118706729416 0.5187732581605297
    outer loop
      vertex 45.199999999999996 20.298406132937636 42.02018071206993
      vertex 45.199999999999996 20.216975586270557 42.15437409980915
      vertex 47.599999999999994 20.216975586270557 42.15437409980915
    endloop
  endfacet
  facet normal -3.5520220019481055e-19 0.960049854385934 0.2798290140309735
    outer loop
      vertex 45.199999999999996 20.15375744114133 42.29804826370038
      vertex 45.199999999999996 20.109833377540504 42.44874489896546
      vertex 47.599999999999994 20.109833377540504 42.44874489896546
    endloop
  endfacet
  facet normal -1.0349086758590942e-19 0.9883615104677625 0.1521233861899043
    outer loop
      vertex 45.199999999999996 20.109833377540504 42.44874489896546
      vertex 45.199999999999996 20.08595494837433 42.603885544394004
      vertex 47.599999999999994 20.08595494837433 42.603885544394004
    endloop
  endfacet
  facet normal -6.023516599044509e-20 0.9997620270799088 0.021814885034580497
    outer loop
      vertex 45.199999999999996 20.08595494837433 42.603885544394004
      vertex 45.199999999999996 20.082530720186192 42.76081570052959
      vertex 47.599999999999994 20.082530720186192 42.76081570052959
    endloop
  endfacet
  facet normal 2.47891345615156e-19 0.9940563382223179 -0.10886687485198121
    outer loop
      vertex 45.199999999999996 20.082530720186192 42.76081570052959
      vertex 45.199999999999996 20.099619282469774 42.91685024889151
      vertex 47.599999999999994 20.099619282469774 42.91685024889151
    endloop
  endfacet
  facet normal -4.537992067396562e-19 0.9713420698132583 -0.23768589232618528
    outer loop
      vertex 45.199999999999996 20.099619282469774 42.91685024889151
      vertex 45.199999999999996 20.136928245186553 43.069319395096315
      vertex 47.599999999999994 20.136928245186553 43.069319395096315
    endloop
  endfacet
  facet normal -3.347068367846236e-19 0.3624380382837156 0.9320078692827931
    outer loop
      vertex 45.199999999999996 20.920541626679295 41.56401209479331
      vertex 45.199999999999996 20.774246671995584 41.62090309124721
      vertex 47.599999999999994 20.774246671995584 41.62090309124721
    endloop
  endfacet
  facet normal 4.537992067396562e-19 0.23768589232618528 0.9713420698132583
    outer loop
      vertex 45.199999999999996 21.073010772884103 41.526703132076534
      vertex 45.199999999999996 20.920541626679295 41.56401209479331
      vertex 47.599999999999994 20.920541626679295 41.56401209479331
    endloop
  endfacet
  facet normal 2.9321721536484814e-19 0.10886687485193647 0.9940563382223226
    outer loop
      vertex 45.199999999999996 21.22904532124602 41.50961456979296
      vertex 45.199999999999996 21.073010772884103 41.526703132076534
      vertex 47.599999999999994 21.073010772884103 41.526703132076534
    endloop
  endfacet
  facet normal -1.0950334178643462e-19 -0.02181488503457951 0.9997620270799088
    outer loop
      vertex 45.199999999999996 21.385975477381614 41.513038797981096
      vertex 45.199999999999996 21.22904532124602 41.50961456979296
      vertex 47.599999999999994 21.22904532124602 41.50961456979296
    endloop
  endfacet
  facet normal -2.1044213110983046e-19 -0.15212338618987373 0.9883615104677673
    outer loop
      vertex 45.199999999999996 21.541116122810145 41.53691722714726
      vertex 45.199999999999996 21.385975477381614 41.513038797981096
      vertex 47.599999999999994 21.385975477381614 41.513038797981096
    endloop
  endfacet
  facet normal -7.802543887712029e-19 -0.2798290140310152 0.9600498543859219
    outer loop
      vertex 45.199999999999996 21.691812758075223 41.5808412907481
      vertex 45.199999999999996 21.541116122810145 41.53691722714726
      vertex 47.599999999999994 21.541116122810145 41.53691722714726
    endloop
  endfacet
  facet normal 2.0498480473183274e-18 -0.40274668985874623 0.9153114791194432
    outer loop
      vertex 45.199999999999996 21.835486921966464 41.644059435877324
      vertex 45.199999999999996 21.691812758075223 41.5808412907481
      vertex 47.599999999999994 21.691812758075223 41.5808412907481
    endloop
  endfacet
  facet normal 5.3353965317818665e-19 -0.5187732581605297 0.8549118706729416
    outer loop
      vertex 45.199999999999996 21.96968030970568 41.7254899825444
      vertex 45.199999999999996 21.835486921966464 41.644059435877324
      vertex 47.599999999999994 21.835486921966464 41.644059435877324
    endloop
  endfacet
  facet normal 1.8582112564160913e-18 -0.6259234721840429 0.7798844830928947
    outer loop
      vertex 45.199999999999996 22.092096835223217 41.82373963151904
      vertex 45.199999999999996 21.96968030970568 41.7254899825444
      vertex 47.599999999999994 21.96968030970568 41.7254899825444
    endloop
  endfacet
  facet normal -6.973835465305713e-19 0.9320078692828083 -0.3624380382836763
    outer loop
      vertex 45.199999999999996 20.136928245186553 43.069319395096315
      vertex 45.199999999999996 20.19381924164044 43.215614349780026
      vertex 47.599999999999994 20.19381924164044 43.215614349780026
    endloop
  endfacet
  facet normal 2.123328511078465e-19 0.8767267557075088 -0.4809887689193854
    outer loop
      vertex 45.199999999999996 20.19381924164044 43.215614349780026
      vertex 45.199999999999996 20.269318851108956 43.35323196570737
      vertex 47.599999999999994 20.269318851108956 43.35323196570737
    endloop
  endfacet
  facet normal -1.9099254495417906e-18 0.8064446042674825 -0.5913096483635826
    outer loop
      vertex 45.199999999999996 20.269318851108956 43.35323196570737
      vertex 45.199999999999996 20.362135254341645 43.47981756731503
      vertex 47.599999999999994 20.362135254341645 43.47981756731503
    endloop
  endfacet
  facet normal -1.4797648843837578e-18 0.7223639620597456 -0.6915130557822796
    outer loop
      vertex 45.199999999999996 20.362135254341645 43.47981756731503
      vertex 45.199999999999996 20.470680336945634 43.59320523986334
      vertex 47.599999999999994 20.470680336945634 43.59320523986334
    endloop
  endfacet
  facet normal -1.244345887805952e-19 0.6259234721840652 -0.7798844830928771
    outer loop
      vertex 45.199999999999996 20.470680336945634 43.59320523986334
      vertex 45.199999999999996 20.593096862463163 43.691454888837974
      vertex 47.599999999999994 20.593096862463163 43.691454888837974
    endloop
  endfacet
  facet normal 5.3353965317818665e-19 0.5187732581605297 -0.8549118706729416
    outer loop
      vertex 45.199999999999996 20.593096862463163 43.691454888837974
      vertex 45.199999999999996 20.72729025020238 43.77288543550505
      vertex 47.599999999999994 20.72729025020238 43.77288543550505
    endloop
  endfacet
  facet normal -2.0361940083504156e-19 0.4027466898587082 -0.9153114791194599
    outer loop
      vertex 45.199999999999996 20.72729025020238 43.77288543550505
      vertex 45.199999999999996 20.87096441409362 43.83610358063427
      vertex 47.599999999999994 20.87096441409362 43.83610358063427
    endloop
  endfacet
  facet normal 3.866809236892712e-19 0.27982901403105687 -0.9600498543859097
    outer loop
      vertex 45.199999999999996 20.87096441409362 43.83610358063427
      vertex 45.199999999999996 21.0216610493587 43.88002764423511
      vertex 47.599999999999994 21.0216610493587 43.88002764423511
    endloop
  endfacet
  facet normal -2.1044213110983046e-19 0.15212338618987373 -0.9883615104677673
    outer loop
      vertex 45.199999999999996 21.0216610493587 43.88002764423511
      vertex 45.199999999999996 21.17680169478723 43.90390607340128
      vertex 47.599999999999994 21.17680169478723 43.90390607340128
    endloop
  endfacet
  facet normal 1.2893969522581381e-20 0.021814885034534257 -0.9997620270799097
    outer loop
      vertex 45.199999999999996 21.17680169478723 43.90390607340128
      vertex 45.199999999999996 21.333731850922824 43.90733030158941
      vertex 47.599999999999994 21.333731850922824 43.90733030158941
    endloop
  endfacet
  facet normal 2.9321721536484814e-19 -0.10886687485193647 -0.9940563382223226
    outer loop
      vertex 45.199999999999996 21.333731850922824 43.90733030158941
      vertex 45.199999999999996 21.48976639928474 43.890241739305836
      vertex 47.599999999999994 21.48976639928474 43.890241739305836
    endloop
  endfacet
  facet normal 4.537992067396562e-19 -0.23768589232618528 -0.9713420698132583
    outer loop
      vertex 45.199999999999996 21.48976639928474 43.890241739305836
      vertex 45.199999999999996 21.642235545489548 43.85293277658906
      vertex 47.599999999999994 21.642235545489548 43.85293277658906
    endloop
  endfacet
  facet normal 6.973835465305713e-19 -0.3624380382836763 -0.9320078692828083
    outer loop
      vertex 45.199999999999996 21.642235545489548 43.85293277658906
      vertex 45.199999999999996 21.78853050017326 43.79604178013517
      vertex 47.599999999999994 21.78853050017326 43.79604178013517
    endloop
  endfacet
  facet normal 1.1849682133335605e-19 -0.4809887689194011 -0.8767267557075004
    outer loop
      vertex 45.199999999999996 21.78853050017326 43.79604178013517
      vertex 45.199999999999996 21.926148116100613 43.72054217066665
      vertex 47.599999999999994 21.926148116100613 43.72054217066665
    endloop
  endfacet
  facet normal 1.9099254495417906e-18 -0.5913096483635826 -0.8064446042674825
    outer loop
      vertex 45.199999999999996 21.926148116100613 43.72054217066665
      vertex 45.199999999999996 22.05273371770827 43.62772576743396
      vertex 47.599999999999994 22.05273371770827 43.62772576743396
    endloop
  endfacet
  facet normal 0 0.7798844830928947 0.6259234721840429
    outer loop
      vertex 45.199999999999996 20.396655781912273 41.89776418655239
      vertex 47.599999999999994 20.298406132937636 42.02018071206993
      vertex 47.599999999999994 20.396655781912273 41.89776418655239
    endloop
  endfacet
  facet normal 0 0.8549118706729416 0.5187732581605297
    outer loop
      vertex 47.599999999999994 20.298406132937636 42.02018071206993
      vertex 45.199999999999996 20.298406132937636 42.02018071206993
      vertex 47.599999999999994 20.216975586270557 42.15437409980915
    endloop
  endfacet
  facet normal 0 0.6915130557822786 0.7223639620597467
    outer loop
      vertex 45.199999999999996 20.510043454460572 41.78921910394841
      vertex 47.599999999999994 20.396655781912273 41.89776418655239
      vertex 47.599999999999994 20.510043454460572 41.78921910394841
    endloop
  endfacet
  facet normal 0 0.5913096483635609 0.8064446042674983
    outer loop
      vertex 45.199999999999996 20.636629056068237 41.69640270071572
      vertex 47.599999999999994 20.510043454460572 41.78921910394841
      vertex 47.599999999999994 20.636629056068237 41.69640270071572
    endloop
  endfacet
  facet normal 0 0.4809887689193854 0.8767267557075088
    outer loop
      vertex 45.199999999999996 20.774246671995584 41.62090309124721
      vertex 47.599999999999994 20.636629056068237 41.69640270071572
      vertex 47.599999999999994 20.774246671995584 41.62090309124721
    endloop
  endfacet
  facet normal 0 0.9153114791194358 0.40274668985876283
    outer loop
      vertex 45.199999999999996 20.216975586270557 42.15437409980915
      vertex 47.599999999999994 20.15375744114133 42.29804826370038
      vertex 47.599999999999994 20.216975586270557 42.15437409980915
    endloop
  endfacet
  facet normal 0 0.960049854385934 0.2798290140309735
    outer loop
      vertex 45.199999999999996 20.15375744114133 42.29804826370038
      vertex 47.599999999999994 20.109833377540504 42.44874489896546
      vertex 47.599999999999994 20.15375744114133 42.29804826370038
    endloop
  endfacet
  facet normal 0 0.9883615104677625 0.1521233861899043
    outer loop
      vertex 45.199999999999996 20.109833377540504 42.44874489896546
      vertex 47.599999999999994 20.08595494837433 42.603885544394004
      vertex 47.599999999999994 20.109833377540504 42.44874489896546
    endloop
  endfacet
  facet normal 0 0.9997620270799088 0.021814885034580497
    outer loop
      vertex 45.199999999999996 20.08595494837433 42.603885544394004
      vertex 47.599999999999994 20.082530720186192 42.76081570052959
      vertex 47.599999999999994 20.08595494837433 42.603885544394004
    endloop
  endfacet
  facet normal 0 0.9940563382223179 -0.10886687485198121
    outer loop
      vertex 45.199999999999996 20.082530720186192 42.76081570052959
      vertex 47.599999999999994 20.099619282469774 42.91685024889151
      vertex 47.599999999999994 20.082530720186192 42.76081570052959
    endloop
  endfacet
  facet normal 0 0.9713420698132583 -0.23768589232618528
    outer loop
      vertex 45.199999999999996 20.099619282469774 42.91685024889151
      vertex 47.599999999999994 20.136928245186553 43.069319395096315
      vertex 47.599999999999994 20.099619282469774 42.91685024889151
    endloop
  endfacet
  facet normal 0 0.3624380382837156 0.9320078692827931
    outer loop
      vertex 45.199999999999996 20.920541626679295 41.56401209479331
      vertex 47.599999999999994 20.774246671995584 41.62090309124721
      vertex 47.599999999999994 20.920541626679295 41.56401209479331
    endloop
  endfacet
  facet normal 0 0.23768589232618528 0.9713420698132583
    outer loop
      vertex 45.199999999999996 21.073010772884103 41.526703132076534
      vertex 47.599999999999994 20.920541626679295 41.56401209479331
      vertex 47.599999999999994 21.073010772884103 41.526703132076534
    endloop
  endfacet
  facet normal 0 0.10886687485193647 0.9940563382223226
    outer loop
      vertex 45.199999999999996 21.22904532124602 41.50961456979296
      vertex 47.599999999999994 21.073010772884103 41.526703132076534
      vertex 47.599999999999994 21.22904532124602 41.50961456979296
    endloop
  endfacet
  facet normal 0 -0.02181488503457951 0.9997620270799088
    outer loop
      vertex 45.199999999999996 21.385975477381614 41.513038797981096
      vertex 47.599999999999994 21.22904532124602 41.50961456979296
      vertex 47.599999999999994 21.385975477381614 41.513038797981096
    endloop
  endfacet
  facet normal 0 -0.15212338618987373 0.9883615104677673
    outer loop
      vertex 45.199999999999996 21.541116122810145 41.53691722714726
      vertex 47.599999999999994 21.385975477381614 41.513038797981096
      vertex 47.599999999999994 21.541116122810145 41.53691722714726
    endloop
  endfacet
  facet normal 0 -0.2798290140310152 0.9600498543859219
    outer loop
      vertex 45.199999999999996 21.691812758075223 41.5808412907481
      vertex 47.599999999999994 21.541116122810145 41.53691722714726
      vertex 47.599999999999994 21.691812758075223 41.5808412907481
    endloop
  endfacet
  facet normal 0 -0.40274668985874623 0.9153114791194432
    outer loop
      vertex 45.199999999999996 21.835486921966464 41.644059435877324
      vertex 47.599999999999994 21.691812758075223 41.5808412907481
      vertex 47.599999999999994 21.835486921966464 41.644059435877324
    endloop
  endfacet
  facet normal 0 -0.5187732581605297 0.8549118706729416
    outer loop
      vertex 45.199999999999996 21.96968030970568 41.7254899825444
      vertex 47.599999999999994 21.835486921966464 41.644059435877324
      vertex 47.599999999999994 21.96968030970568 41.7254899825444
    endloop
  endfacet
  facet normal 0 -0.6259234721840429 0.7798844830928947
    outer loop
      vertex 45.199999999999996 22.092096835223217 41.82373963151904
      vertex 47.599999999999994 21.96968030970568 41.7254899825444
      vertex 47.599999999999994 22.092096835223217 41.82373963151904
    endloop
  endfacet
  facet normal 0 0.9320078692828083 -0.3624380382836763
    outer loop
      vertex 45.199999999999996 20.136928245186553 43.069319395096315
      vertex 47.599999999999994 20.19381924164044 43.215614349780026
      vertex 47.599999999999994 20.136928245186553 43.069319395096315
    endloop
  endfacet
  facet normal 0 0.8767267557075088 -0.4809887689193854
    outer loop
      vertex 45.199999999999996 20.19381924164044 43.215614349780026
      vertex 47.599999999999994 20.269318851108956 43.35323196570737
      vertex 47.599999999999994 20.19381924164044 43.215614349780026
    endloop
  endfacet
  facet normal 0 0.8064446042674825 -0.5913096483635826
    outer loop
      vertex 45.199999999999996 20.269318851108956 43.35323196570737
      vertex 47.599999999999994 20.362135254341645 43.47981756731503
      vertex 47.599999999999994 20.269318851108956 43.35323196570737
    endloop
  endfacet
  facet normal 0 0.7223639620597456 -0.6915130557822796
    outer loop
      vertex 45.199999999999996 20.362135254341645 43.47981756731503
      vertex 47.599999999999994 20.470680336945634 43.59320523986334
      vertex 47.599999999999994 20.362135254341645 43.47981756731503
    endloop
  endfacet
  facet normal 0 0.6259234721840652 -0.7798844830928771
    outer loop
      vertex 45.199999999999996 20.470680336945634 43.59320523986334
      vertex 47.599999999999994 20.593096862463163 43.691454888837974
      vertex 47.599999999999994 20.470680336945634 43.59320523986334
    endloop
  endfacet
  facet normal 0 0.5187732581605297 -0.8549118706729416
    outer loop
      vertex 45.199999999999996 20.593096862463163 43.691454888837974
      vertex 47.599999999999994 20.72729025020238 43.77288543550505
      vertex 47.599999999999994 20.593096862463163 43.691454888837974
    endloop
  endfacet
  facet normal 0 0.4027466898587082 -0.9153114791194599
    outer loop
      vertex 45.199999999999996 20.72729025020238 43.77288543550505
      vertex 47.599999999999994 20.87096441409362 43.83610358063427
      vertex 47.599999999999994 20.72729025020238 43.77288543550505
    endloop
  endfacet
  facet normal 0 0.27982901403105687 -0.9600498543859097
    outer loop
      vertex 45.199999999999996 20.87096441409362 43.83610358063427
      vertex 47.599999999999994 21.0216610493587 43.88002764423511
      vertex 47.599999999999994 20.87096441409362 43.83610358063427
    endloop
  endfacet
  facet normal 0 0.15212338618987373 -0.9883615104677673
    outer loop
      vertex 45.199999999999996 21.0216610493587 43.88002764423511
      vertex 47.599999999999994 21.17680169478723 43.90390607340128
      vertex 47.599999999999994 21.0216610493587 43.88002764423511
    endloop
  endfacet
  facet normal 0 0.021814885034534257 -0.9997620270799097
    outer loop
      vertex 45.199999999999996 21.17680169478723 43.90390607340128
      vertex 47.599999999999994 21.333731850922824 43.90733030158941
      vertex 47.599999999999994 21.17680169478723 43.90390607340128
    endloop
  endfacet
  facet normal 0 -0.10886687485193647 -0.9940563382223226
    outer loop
      vertex 45.199999999999996 21.333731850922824 43.90733030158941
      vertex 47.599999999999994 21.48976639928474 43.890241739305836
      vertex 47.599999999999994 21.333731850922824 43.90733030158941
    endloop
  endfacet
  facet normal 0 -0.23768589232618528 -0.9713420698132583
    outer loop
      vertex 45.199999999999996 21.48976639928474 43.890241739305836
      vertex 47.599999999999994 21.642235545489548 43.85293277658906
      vertex 47.599999999999994 21.48976639928474 43.890241739305836
    endloop
  endfacet
  facet normal 0 -0.3624380382836763 -0.9320078692828083
    outer loop
      vertex 45.199999999999996 21.642235545489548 43.85293277658906
      vertex 47.599999999999994 21.78853050017326 43.79604178013517
      vertex 47.599999999999994 21.642235545489548 43.85293277658906
    endloop
  endfacet
  facet normal 0 -0.6915130557822786 -0.7223639620597467
    outer loop
      vertex 45.199999999999996 22.05273371770827 43.62772576743396
      vertex 47.599999999999994 22.16612139025657 43.519180684829976
      vertex 47.599999999999994 22.05273371770827 43.62772576743396
    endloop
  endfacet
  facet normal 0 -0.5913096483635826 -0.8064446042674825
    outer loop
      vertex 45.199999999999996 21.926148116100613 43.72054217066665
      vertex 47.599999999999994 22.05273371770827 43.62772576743396
      vertex 47.599999999999994 21.926148116100613 43.72054217066665
    endloop
  endfacet
  facet normal 0 -0.4809887689194011 -0.8767267557075004
    outer loop
      vertex 45.199999999999996 21.78853050017326 43.79604178013517
      vertex 47.599999999999994 21.926148116100613 43.72054217066665
      vertex 47.599999999999994 21.78853050017326 43.79604178013517
    endloop
  endfacet
  facet normal 1.1177625403095307e-18 -0.7223639620597683 0.691513055782256
    outer loop
      vertex 45.199999999999996 22.2006419178272 41.937127304067346
      vertex 45.199999999999996 22.092096835223217 41.82373963151904
      vertex 47.599999999999994 22.092096835223217 41.82373963151904
    endloop
  endfacet
  facet normal 1.884473314098142e-18 -0.8064446042674667 0.5913096483636041
    outer loop
      vertex 45.199999999999996 22.293458321059887 42.063712905675
      vertex 45.199999999999996 22.2006419178272 41.937127304067346
      vertex 47.599999999999994 22.2006419178272 41.937127304067346
    endloop
  endfacet
  facet normal 0 -0.8767267557075088 0.4809887689193854
    outer loop
      vertex 45.199999999999996 22.293458321059887 42.063712905675
      vertex 47.599999999999994 22.293458321059887 42.063712905675
      vertex 45.199999999999996 22.368957930528403 42.201330521602344
    endloop
  endfacet
  facet normal -6.973835465305713e-19 -0.9320078692828083 0.3624380382836763
    outer loop
      vertex 45.199999999999996 22.42584892698229 42.347625476286055
      vertex 45.199999999999996 22.368957930528403 42.201330521602344
      vertex 47.599999999999994 22.368957930528403 42.201330521602344
    endloop
  endfacet
  facet normal -4.537992067396562e-19 -0.9713420698132583 0.23768589232618528
    outer loop
      vertex 45.199999999999996 22.46315788969907 42.50009462249086
      vertex 45.199999999999996 22.42584892698229 42.347625476286055
      vertex 47.599999999999994 22.42584892698229 42.347625476286055
    endloop
  endfacet
  facet normal 2.47891345615156e-19 -0.9940563382223179 0.10886687485198121
    outer loop
      vertex 45.199999999999996 22.48024645198265 42.65612917085278
      vertex 45.199999999999996 22.46315788969907 42.50009462249086
      vertex 47.599999999999994 22.46315788969907 42.50009462249086
    endloop
  endfacet
  facet normal 7.802543887712029e-19 -0.9600498543859219 -0.2798290140310152
    outer loop
      vertex 45.199999999999996 22.409019731027513 43.11889660768199
      vertex 45.199999999999996 22.452943794628347 42.96819997241691
      vertex 47.599999999999994 22.452943794628347 42.96819997241691
    endloop
  endfacet
  facet normal 1.0950334178643462e-19 -0.9997620270799088 -0.02181488503457951
    outer loop
      vertex 45.199999999999996 22.476822223794514 42.81305932698837
      vertex 45.199999999999996 22.48024645198265 42.65612917085278
      vertex 47.599999999999994 22.48024645198265 42.65612917085278
    endloop
  endfacet
  facet normal -4.7636958515732804e-20 -0.9883615104677683 -0.1521233861898669
    outer loop
      vertex 45.199999999999996 22.452943794628347 42.96819997241691
      vertex 45.199999999999996 22.476822223794514 42.81305932698837
      vertex 47.599999999999994 22.476822223794514 42.81305932698837
    endloop
  endfacet
  facet normal -6.565707753207961e-20 -0.9153114791194527 -0.40274668985872497
    outer loop
      vertex 45.199999999999996 22.345801585898293 43.26257077157322
      vertex 45.199999999999996 22.409019731027513 43.11889660768199
      vertex 47.599999999999994 22.409019731027513 43.11889660768199
    endloop
  endfacet
  facet normal -1.8582112564160913e-18 -0.7798844830928947 -0.6259234721840429
    outer loop
      vertex 45.199999999999996 22.16612139025657 43.519180684829976
      vertex 45.199999999999996 22.264371039231207 43.39676415931244
      vertex 47.599999999999994 22.264371039231207 43.39676415931244
    endloop
  endfacet
  facet normal 1.0499709919998148e-18 -0.8549118706729214 -0.5187732581605627
    outer loop
      vertex 45.199999999999996 22.264371039231207 43.39676415931244
      vertex 45.199999999999996 22.345801585898293 43.26257077157322
      vertex 47.599999999999994 22.345801585898293 43.26257077157322
    endloop
  endfacet
  facet normal 1.6481392819821695e-18 -0.6915130557822786 -0.7223639620597467
    outer loop
      vertex 45.199999999999996 22.05273371770827 43.62772576743396
      vertex 45.199999999999996 22.16612139025657 43.519180684829976
      vertex 47.599999999999994 22.16612139025657 43.519180684829976
    endloop
  endfacet
  facet normal 0 -0.7223639620597683 0.691513055782256
    outer loop
      vertex 45.199999999999996 22.2006419178272 41.937127304067346
      vertex 47.599999999999994 22.092096835223217 41.82373963151904
      vertex 47.599999999999994 22.2006419178272 41.937127304067346
    endloop
  endfacet
  facet normal 0 -0.8064446042674667 0.5913096483636041
    outer loop
      vertex 45.199999999999996 22.293458321059887 42.063712905675
      vertex 47.599999999999994 22.2006419178272 41.937127304067346
      vertex 47.599999999999994 22.293458321059887 42.063712905675
    endloop
  endfacet
  facet normal 0 -0.8767267557075088 0.4809887689193854
    outer loop
      vertex 45.199999999999996 22.368957930528403 42.201330521602344
      vertex 47.599999999999994 22.293458321059887 42.063712905675
      vertex 47.599999999999994 22.368957930528403 42.201330521602344
    endloop
  endfacet
  facet normal 0 -0.9320078692828083 0.3624380382836763
    outer loop
      vertex 45.199999999999996 22.42584892698229 42.347625476286055
      vertex 47.599999999999994 22.368957930528403 42.201330521602344
      vertex 47.599999999999994 22.42584892698229 42.347625476286055
    endloop
  endfacet
  facet normal 0 -0.9713420698132583 0.23768589232618528
    outer loop
      vertex 45.199999999999996 22.46315788969907 42.50009462249086
      vertex 47.599999999999994 22.42584892698229 42.347625476286055
      vertex 47.599999999999994 22.46315788969907 42.50009462249086
    endloop
  endfacet
  facet normal 0 -0.9940563382223179 0.10886687485198121
    outer loop
      vertex 45.199999999999996 22.48024645198265 42.65612917085278
      vertex 47.599999999999994 22.46315788969907 42.50009462249086
      vertex 47.599999999999994 22.48024645198265 42.65612917085278
    endloop
  endfacet
  facet normal 0 -0.9997620270799088 -0.02181488503457951
    outer loop
      vertex 45.199999999999996 22.476822223794514 42.81305932698837
      vertex 47.599999999999994 22.48024645198265 42.65612917085278
      vertex 47.599999999999994 22.476822223794514 42.81305932698837
    endloop
  endfacet
  facet normal 0 -0.9883615104677683 -0.1521233861898669
    outer loop
      vertex 45.199999999999996 22.452943794628347 42.96819997241691
      vertex 47.599999999999994 22.476822223794514 42.81305932698837
      vertex 47.599999999999994 22.452943794628347 42.96819997241691
    endloop
  endfacet
  facet normal 0 -0.9600498543859219 -0.2798290140310152
    outer loop
      vertex 45.199999999999996 22.409019731027513 43.11889660768199
      vertex 47.599999999999994 22.452943794628347 42.96819997241691
      vertex 47.599999999999994 22.409019731027513 43.11889660768199
    endloop
  endfacet
  facet normal 0 -0.9153114791194527 -0.40274668985872497
    outer loop
      vertex 45.199999999999996 22.345801585898293 43.26257077157322
      vertex 47.599999999999994 22.409019731027513 43.11889660768199
      vertex 47.599999999999994 22.345801585898293 43.26257077157322
    endloop
  endfacet
  facet normal 0 -0.7798844830928947 -0.6259234721840429
    outer loop
      vertex 45.199999999999996 22.16612139025657 43.519180684829976
      vertex 47.599999999999994 22.264371039231207 43.39676415931244
      vertex 47.599999999999994 22.16612139025657 43.519180684829976
    endloop
  endfacet
  facet normal 0 -0.8549118706729214 -0.5187732581605627
    outer loop
      vertex 45.199999999999996 22.264371039231207 43.39676415931244
      vertex 47.599999999999994 22.345801585898293 43.26257077157322
      vertex 47.599999999999994 22.264371039231207 43.39676415931244
    endloop
  endfacet
  facet normal 8.213653021680617e-19 0.7798844830928726 0.6259234721840705
    outer loop
      vertex 45.199999999999996 16.631127069802645 33.822561804055844
      vertex 45.199999999999996 16.532877420828 33.94497832957338
      vertex 47.599999999999994 16.532877420828 33.94497832957338
    endloop
  endfacet
  facet normal -5.3353965317818665e-19 0.8549118706729416 0.5187732581605297
    outer loop
      vertex 45.199999999999996 16.532877420828 33.94497832957338
      vertex 45.199999999999996 16.451446874160922 34.0791717173126
      vertex 47.599999999999994 16.451446874160922 34.0791717173126
    endloop
  endfacet
  facet normal -6.565707753207961e-20 0.9153114791194527 0.40274668985872497
    outer loop
      vertex 45.199999999999996 16.451446874160922 34.0791717173126
      vertex 45.199999999999996 16.388228729031702 34.22284588120383
      vertex 47.599999999999994 16.388228729031702 34.22284588120383
    endloop
  endfacet
  facet normal -1.1213578934908047e-18 0.9600498543859255 0.279829014031003
    outer loop
      vertex 45.199999999999996 16.388228729031702 34.22284588120383
      vertex 45.199999999999996 16.34430466543087 34.373542516468916
      vertex 47.599999999999994 16.34430466543087 34.373542516468916
    endloop
  endfacet
  facet normal 4.1266731193324225e-19 0.9883615104677606 0.15212338618991794
    outer loop
      vertex 45.199999999999996 16.34430466543087 34.373542516468916
      vertex 45.199999999999996 16.320426236264694 34.52868316189745
      vertex 47.599999999999994 16.320426236264694 34.52868316189745
    endloop
  endfacet
  facet normal 2.2465672127196416e-20 0.9997620270799091 0.021814885034557873
    outer loop
      vertex 45.199999999999996 16.320426236264694 34.52868316189745
      vertex 45.199999999999996 16.31700200807656 34.685613318033035
      vertex 47.599999999999994 16.31700200807656 34.685613318033035
    endloop
  endfacet
  facet normal -2.266293487484542e-20 0.9940563382223203 -0.10886687485195884
    outer loop
      vertex 45.199999999999996 16.31700200807656 34.685613318033035
      vertex 45.199999999999996 16.33409057036014 34.84164786639495
      vertex 47.599999999999994 16.33409057036014 34.84164786639495
    endloop
  endfacet
  facet normal -4.537992067396562e-19 0.9713420698132583 -0.23768589232618528
    outer loop
      vertex 45.199999999999996 16.33409057036014 34.84164786639495
      vertex 45.199999999999996 16.371399533076918 34.99411701259976
      vertex 47.599999999999994 16.371399533076918 34.99411701259976
    endloop
  endfacet
  facet normal 3.3470683678462357e-19 0.932007869282793 -0.36243803828371557
    outer loop
      vertex 45.199999999999996 16.371399533076918 34.99411701259976
      vertex 45.199999999999996 16.428290529530813 35.14041196728347
      vertex 47.599999999999994 16.428290529530813 35.14041196728347
    endloop
  endfacet
  facet normal 1.3469533439432355e-18 0.8767267557075195 -0.48098876891936637
    outer loop
      vertex 45.199999999999996 16.428290529530813 35.14041196728347
      vertex 45.199999999999996 16.503790138999328 35.278029583210824
      vertex 47.599999999999994 16.503790138999328 35.278029583210824
    endloop
  endfacet
  facet normal -1.9099254495417906e-18 0.8064446042674825 -0.5913096483635826
    outer loop
      vertex 45.199999999999996 16.503790138999328 35.278029583210824
      vertex 45.199999999999996 16.596606542232017 35.40461518481848
      vertex 47.599999999999994 16.596606542232017 35.40461518481848
    endloop
  endfacet
  facet normal 0 0.8549118706729416 0.5187732581605297
    outer loop
      vertex 45.199999999999996 16.532877420828 33.94497832957338
      vertex 47.599999999999994 16.451446874160922 34.0791717173126
      vertex 47.599999999999994 16.532877420828 33.94497832957338
    endloop
  endfacet
  facet normal 0 0.9153114791194527 0.40274668985872497
    outer loop
      vertex 45.199999999999996 16.451446874160922 34.0791717173126
      vertex 47.599999999999994 16.388228729031702 34.22284588120383
      vertex 47.599999999999994 16.451446874160922 34.0791717173126
    endloop
  endfacet
  facet normal 0 0.9600498543859255 0.279829014031003
    outer loop
      vertex 45.199999999999996 16.388228729031702 34.22284588120383
      vertex 47.599999999999994 16.34430466543087 34.373542516468916
      vertex 47.599999999999994 16.388228729031702 34.22284588120383
    endloop
  endfacet
  facet normal 0 0.9883615104677606 0.15212338618991794
    outer loop
      vertex 45.199999999999996 16.34430466543087 34.373542516468916
      vertex 47.599999999999994 16.320426236264694 34.52868316189745
      vertex 47.599999999999994 16.34430466543087 34.373542516468916
    endloop
  endfacet
  facet normal 0 0.9997620270799091 0.021814885034557873
    outer loop
      vertex 45.199999999999996 16.320426236264694 34.52868316189745
      vertex 47.599999999999994 16.31700200807656 34.685613318033035
      vertex 47.599999999999994 16.320426236264694 34.52868316189745
    endloop
  endfacet
  facet normal 0 0.9940563382223203 -0.10886687485195884
    outer loop
      vertex 45.199999999999996 16.31700200807656 34.685613318033035
      vertex 47.599999999999994 16.33409057036014 34.84164786639495
      vertex 47.599999999999994 16.31700200807656 34.685613318033035
    endloop
  endfacet
  facet normal 0 0.9713420698132583 -0.23768589232618528
    outer loop
      vertex 45.199999999999996 16.33409057036014 34.84164786639495
      vertex 47.599999999999994 16.371399533076918 34.99411701259976
      vertex 47.599999999999994 16.33409057036014 34.84164786639495
    endloop
  endfacet
  facet normal 0 0.932007869282793 -0.36243803828371557
    outer loop
      vertex 45.199999999999996 16.371399533076918 34.99411701259976
      vertex 47.599999999999994 16.428290529530813 35.14041196728347
      vertex 47.599999999999994 16.371399533076918 34.99411701259976
    endloop
  endfacet
  facet normal 0 0.8767267557075195 -0.48098876891936637
    outer loop
      vertex 45.199999999999996 16.428290529530813 35.14041196728347
      vertex 47.599999999999994 16.503790138999328 35.278029583210824
      vertex 47.599999999999994 16.428290529530813 35.14041196728347
    endloop
  endfacet
  facet normal 0 0.8064446042674825 -0.5913096483635826
    outer loop
      vertex 45.199999999999996 16.503790138999328 35.278029583210824
      vertex 47.599999999999994 16.596606542232017 35.40461518481848
      vertex 47.599999999999994 16.503790138999328 35.278029583210824
    endloop
  endfacet
  facet normal 1.9099254495417906e-18 0.5913096483635826 0.8064446042674825
    outer loop
      vertex 45.199999999999996 16.871100343958602 33.621200318219174
      vertex 45.199999999999996 16.744514742350944 33.71401672145186
      vertex 47.599999999999994 16.744514742350944 33.71401672145186
    endloop
  endfacet
  facet normal -2.123328511078465e-19 0.4809887689193854 0.8767267557075088
    outer loop
      vertex 45.199999999999996 17.00871795988595 33.54570070875066
      vertex 45.199999999999996 16.871100343958602 33.621200318219174
      vertex 47.599999999999994 16.871100343958602 33.621200318219174
    endloop
  endfacet
  facet normal 1.908924626938602e-18 0.36243803828370796 0.932007869282796
    outer loop
      vertex 45.199999999999996 17.155012914569664 33.488809712296764
      vertex 45.199999999999996 17.00871795988595 33.54570070875066
      vertex 47.599999999999994 17.00871795988595 33.54570070875066
    endloop
  endfacet
  facet normal 8.73959739522185e-19 0.23768589232618006 0.9713420698132598
    outer loop
      vertex 45.199999999999996 17.307482060774475 33.451500749579985
      vertex 45.199999999999996 17.155012914569664 33.488809712296764
      vertex 47.599999999999994 17.155012914569664 33.488809712296764
    endloop
  endfacet
  facet normal 2.6904722794234733e-19 0.10886687485194135 0.9940563382223221
    outer loop
      vertex 45.199999999999996 17.463516609136384 33.43441218729641
      vertex 45.199999999999996 17.307482060774475 33.451500749579985
      vertex 47.599999999999994 17.307482060774475 33.451500749579985
    endloop
  endfacet
  facet normal 1.2893969522581381e-20 -0.021814885034534257 0.9997620270799097
    outer loop
      vertex 45.199999999999996 17.62044676527198 33.43783641548454
      vertex 45.199999999999996 17.463516609136384 33.43441218729641
      vertex 47.599999999999994 17.463516609136384 33.43441218729641
    endloop
  endfacet
  facet normal 2.9197020830317133e-19 -0.15212338618991453 0.9883615104677611
    outer loop
      vertex 45.199999999999996 17.775587410700513 33.461714844650714
      vertex 45.199999999999996 17.62044676527198 33.43783641548454
      vertex 47.599999999999994 17.62044676527198 33.43783641548454
    endloop
  endfacet
  facet normal 1.5481239054558046e-19 -0.2798290140309674 0.9600498543859359
    outer loop
      vertex 45.199999999999996 17.926284045965595 33.50563890825154
      vertex 45.199999999999996 17.775587410700513 33.461714844650714
      vertex 47.599999999999994 17.775587410700513 33.461714844650714
    endloop
  endfacet
  facet normal -2.2856592773015376e-18 -0.40274668985876283 0.9153114791194358
    outer loop
      vertex 45.199999999999996 18.06995820985683 33.56885705338077
      vertex 45.199999999999996 17.926284045965595 33.50563890825154
      vertex 47.599999999999994 17.926284045965595 33.50563890825154
    endloop
  endfacet
  facet normal 5.3353965317818665e-19 -0.5187732581605297 0.8549118706729416
    outer loop
      vertex 45.199999999999996 18.204151597596045 33.65028760004785
      vertex 45.199999999999996 18.06995820985683 33.56885705338077
      vertex 47.599999999999994 18.06995820985683 33.56885705338077
    endloop
  endfacet
  facet normal -8.213653021680617e-19 -0.6259234721840705 0.7798844830928726
    outer loop
      vertex 45.199999999999996 18.32656812311358 33.74853724902249
      vertex 45.199999999999996 18.204151597596045 33.65028760004785
      vertex 47.599999999999994 18.204151597596045 33.65028760004785
    endloop
  endfacet
  facet normal 0 0.5913096483635826 0.8064446042674825
    outer loop
      vertex 45.199999999999996 16.871100343958602 33.621200318219174
      vertex 47.599999999999994 16.744514742350944 33.71401672145186
      vertex 47.599999999999994 16.871100343958602 33.621200318219174
    endloop
  endfacet
  facet normal 0 0.4809887689193854 0.8767267557075088
    outer loop
      vertex 45.199999999999996 17.00871795988595 33.54570070875066
      vertex 47.599999999999994 16.871100343958602 33.621200318219174
      vertex 47.599999999999994 17.00871795988595 33.54570070875066
    endloop
  endfacet
  facet normal 0 0.36243803828370796 0.932007869282796
    outer loop
      vertex 45.199999999999996 17.155012914569664 33.488809712296764
      vertex 47.599999999999994 17.00871795988595 33.54570070875066
      vertex 47.599999999999994 17.155012914569664 33.488809712296764
    endloop
  endfacet
  facet normal 0 0.23768589232618006 0.9713420698132598
    outer loop
      vertex 45.199999999999996 17.307482060774475 33.451500749579985
      vertex 47.599999999999994 17.155012914569664 33.488809712296764
      vertex 47.599999999999994 17.307482060774475 33.451500749579985
    endloop
  endfacet
  facet normal 0 0.10886687485194135 0.9940563382223221
    outer loop
      vertex 45.199999999999996 17.463516609136384 33.43441218729641
      vertex 47.599999999999994 17.307482060774475 33.451500749579985
      vertex 47.599999999999994 17.463516609136384 33.43441218729641
    endloop
  endfacet
  facet normal 0 -0.021814885034534257 0.9997620270799097
    outer loop
      vertex 45.199999999999996 17.62044676527198 33.43783641548454
      vertex 47.599999999999994 17.463516609136384 33.43441218729641
      vertex 47.599999999999994 17.62044676527198 33.43783641548454
    endloop
  endfacet
  facet normal 0 -0.15212338618991453 0.9883615104677611
    outer loop
      vertex 45.199999999999996 17.775587410700513 33.461714844650714
      vertex 47.599999999999994 17.62044676527198 33.43783641548454
      vertex 47.599999999999994 17.775587410700513 33.461714844650714
    endloop
  endfacet
  facet normal 0 -0.2798290140309674 0.9600498543859359
    outer loop
      vertex 45.199999999999996 17.926284045965595 33.50563890825154
      vertex 47.599999999999994 17.775587410700513 33.461714844650714
      vertex 47.599999999999994 17.926284045965595 33.50563890825154
    endloop
  endfacet
  facet normal 0 -0.40274668985876283 0.9153114791194358
    outer loop
      vertex 45.199999999999996 18.06995820985683 33.56885705338077
      vertex 47.599999999999994 17.926284045965595 33.50563890825154
      vertex 47.599999999999994 18.06995820985683 33.56885705338077
    endloop
  endfacet
  facet normal 0 -0.5187732581605297 0.8549118706729416
    outer loop
      vertex 45.199999999999996 18.204151597596045 33.65028760004785
      vertex 47.599999999999994 18.06995820985683 33.56885705338077
      vertex 47.599999999999994 18.204151597596045 33.65028760004785
    endloop
  endfacet
  facet normal 1.6481392819821695e-18 0.6915130557822786 0.7223639620597467
    outer loop
      vertex 45.199999999999996 16.744514742350944 33.71401672145186
      vertex 45.199999999999996 16.631127069802645 33.822561804055844
      vertex 47.599999999999994 16.631127069802645 33.822561804055844
    endloop
  endfacet
  facet normal -1.6481392819821697e-18 0.7223639620597468 -0.6915130557822787
    outer loop
      vertex 45.199999999999996 16.596606542232017 35.40461518481848
      vertex 45.199999999999996 16.705151624836 35.51800285736678
      vertex 47.599999999999994 16.705151624836 35.51800285736678
    endloop
  endfacet
  facet normal 1.9074269857911527e-19 -0.7223639620597251 0.6915130557823012
    outer loop
      vertex 45.199999999999996 18.435113205717563 33.86192492157078
      vertex 45.199999999999996 18.32656812311358 33.74853724902249
      vertex 47.599999999999994 18.32656812311358 33.74853724902249
    endloop
  endfacet
  facet normal -1.0995404103286331e-18 -0.8064446042674983 0.5913096483635609
    outer loop
      vertex 45.199999999999996 18.527929608950252 33.98851052317845
      vertex 45.199999999999996 18.435113205717563 33.86192492157078
      vertex 47.599999999999994 18.435113205717563 33.86192492157078
    endloop
  endfacet
  facet normal 2.123328511078465e-19 -0.8767267557075088 0.4809887689193854
    outer loop
      vertex 45.199999999999996 18.603429218418768 34.126128139105795
      vertex 45.199999999999996 18.527929608950252 33.98851052317845
      vertex 47.599999999999994 18.527929608950252 33.98851052317845
    endloop
  endfacet
  facet normal 4.522277121910389e-19 -0.9320078692827989 0.3624380382837003
    outer loop
      vertex 45.199999999999996 18.660320214872662 34.27242309378951
      vertex 45.199999999999996 18.603429218418768 34.126128139105795
      vertex 47.599999999999994 18.603429218418768 34.126128139105795
    endloop
  endfacet
  facet normal -4.537992067396562e-19 -0.9713420698132583 0.23768589232618528
    outer loop
      vertex 45.199999999999996 18.69762917758944 34.42489223999432
      vertex 45.199999999999996 18.660320214872662 34.27242309378951
      vertex 47.599999999999994 18.660320214872662 34.27242309378951
    endloop
  endfacet
  facet normal -2.932172153648482e-19 -0.9940563382223228 0.10886687485193648
    outer loop
      vertex 45.199999999999996 18.714717739873016 34.58092678835624
      vertex 45.199999999999996 18.69762917758944 34.42489223999432
      vertex 47.599999999999994 18.69762917758944 34.42489223999432
    endloop
  endfacet
  facet normal 2.0361940083504156e-19 -0.9153114791194599 -0.4027466898587082
    outer loop
      vertex 45.199999999999996 18.580272873788658 35.187368389076674
      vertex 45.199999999999996 18.643491018917878 35.04369422518543
      vertex 47.599999999999994 18.643491018917878 35.04369422518543
    endloop
  endfacet
  facet normal -5.3353965317818665e-19 -0.8549118706729416 -0.5187732581605297
    outer loop
      vertex 45.199999999999996 18.49884232712158 35.32156177681589
      vertex 45.199999999999996 18.580272873788658 35.187368389076674
      vertex 47.599999999999994 18.580272873788658 35.187368389076674
    endloop
  endfacet
  facet normal 8.213653021680617e-19 -0.7798844830928726 -0.6259234721840705
    outer loop
      vertex 45.199999999999996 18.400592678146936 35.44397830233343
      vertex 45.199999999999996 18.49884232712158 35.32156177681589
      vertex 47.599999999999994 18.49884232712158 35.32156177681589
    endloop
  endfacet
  facet normal 1.6481392819821695e-18 -0.6915130557822786 -0.7223639620597467
    outer loop
      vertex 45.199999999999996 18.287205005598636 35.55252338493741
      vertex 45.199999999999996 18.400592678146936 35.44397830233343
      vertex 47.599999999999994 18.400592678146936 35.44397830233343
    endloop
  endfacet
  facet normal 1.05166510244838e-19 -0.9997620270799096 -0.021814885034535245
    outer loop
      vertex 45.199999999999996 18.711293511684886 34.737856944491824
      vertex 45.199999999999996 18.714717739873016 34.58092678835624
      vertex 47.599999999999994 18.714717739873016 34.58092678835624
    endloop
  endfacet
  facet normal 4.1266731193324225e-19 -0.9883615104677606 -0.15212338618991794
    outer loop
      vertex 45.199999999999996 18.68741508251871 34.892997589920355
      vertex 45.199999999999996 18.711293511684886 34.737856944491824
      vertex 47.599999999999994 18.711293511684886 34.737856944491824
    endloop
  endfacet
  facet normal 7.802543887712029e-19 -0.9600498543859219 -0.2798290140310152
    outer loop
      vertex 45.199999999999996 18.643491018917878 35.04369422518543
      vertex 45.199999999999996 18.68741508251871 34.892997589920355
      vertex 47.599999999999994 18.68741508251871 34.892997589920355
    endloop
  endfacet
  facet normal -8.213653021680617e-19 0.6259234721840705 -0.7798844830928726
    outer loop
      vertex 45.199999999999996 16.705151624836 35.51800285736678
      vertex 45.199999999999996 16.827568150353535 35.616252506341425
      vertex 47.599999999999994 16.827568150353535 35.616252506341425
    endloop
  endfacet
  facet normal -1.9508293824954395e-18 0.5187732581605499 -0.8549118706729295
    outer loop
      vertex 45.199999999999996 16.827568150353535 35.616252506341425
      vertex 45.199999999999996 16.961761538092745 35.697683053008504
      vertex 47.599999999999994 16.961761538092745 35.697683053008504
    endloop
  endfacet
  facet normal 2.1476969538645424e-18 0.40274668985867035 -0.9153114791194766
    outer loop
      vertex 45.199999999999996 16.961761538092745 35.697683053008504
      vertex 45.199999999999996 17.105435701983986 35.76090119813772
      vertex 47.599999999999994 17.105435701983986 35.76090119813772
    endloop
  endfacet
  facet normal 3.866809236892712e-19 0.27982901403105687 -0.9600498543859097
    outer loop
      vertex 45.199999999999996 17.105435701983986 35.76090119813772
      vertex 45.199999999999996 17.256132337249063 35.80482526173856
      vertex 47.599999999999994 17.256132337249063 35.80482526173856
    endloop
  endfacet
  facet normal -1.5458822217365486e-19 0.15212338618991111 -0.9883615104677614
    outer loop
      vertex 45.199999999999996 17.256132337249063 35.80482526173856
      vertex 45.199999999999996 17.411272982677602 35.82870369090473
      vertex 47.599999999999994 17.411272982677602 35.82870369090473
    endloop
  endfacet
  facet normal 1.2893969522581381e-20 0.021814885034534257 -0.9997620270799097
    outer loop
      vertex 45.199999999999996 17.411272982677602 35.82870369090473
      vertex 45.199999999999996 17.568203138813196 35.83212791909286
      vertex 47.599999999999994 17.568203138813196 35.83212791909286
    endloop
  endfacet
  facet normal -1.008271629121729e-18 -0.23768589232617485 -0.9713420698132609
    outer loop
      vertex 45.199999999999996 17.724237687175105 35.81503935680929
      vertex 45.199999999999996 17.87670683337992 35.77773039409251
      vertex 47.599999999999994 17.87670683337992 35.77773039409251
    endloop
  endfacet
  facet normal 2.6904722794234733e-19 -0.10886687485194135 -0.9940563382223221
    outer loop
      vertex 45.199999999999996 17.568203138813196 35.83212791909286
      vertex 45.199999999999996 17.724237687175105 35.81503935680929
      vertex 47.599999999999994 17.724237687175105 35.81503935680929
    endloop
  endfacet
  facet normal -2.123328511078465e-19 -0.4809887689193854 -0.8767267557075088
    outer loop
      vertex 45.199999999999996 18.02300178806363 35.72083939763861
      vertex 45.199999999999996 18.160619403990978 35.6453397881701
      vertex 47.599999999999994 18.160619403990978 35.6453397881701
    endloop
  endfacet
  facet normal -3.347068367846236e-19 -0.3624380382837156 -0.9320078692827931
    outer loop
      vertex 45.199999999999996 17.87670683337992 35.77773039409251
      vertex 45.199999999999996 18.02300178806363 35.72083939763861
      vertex 47.599999999999994 18.02300178806363 35.72083939763861
    endloop
  endfacet
  facet normal 1.9099254495417906e-18 -0.5913096483635826 -0.8064446042674825
    outer loop
      vertex 45.199999999999996 18.160619403990978 35.6453397881701
      vertex 45.199999999999996 18.287205005598636 35.55252338493741
      vertex 47.599999999999994 18.287205005598636 35.55252338493741
    endloop
  endfacet
  facet normal 0 0.6915130557822786 0.7223639620597467
    outer loop
      vertex 45.199999999999996 16.744514742350944 33.71401672145186
      vertex 47.599999999999994 16.631127069802645 33.822561804055844
      vertex 47.599999999999994 16.744514742350944 33.71401672145186
    endloop
  endfacet
  facet normal 0 0.7798844830928726 0.6259234721840705
    outer loop
      vertex 45.199999999999996 16.631127069802645 33.822561804055844
      vertex 47.599999999999994 16.532877420828 33.94497832957338
      vertex 47.599999999999994 16.631127069802645 33.822561804055844
    endloop
  endfacet
  facet normal 0 0.7223639620597468 -0.6915130557822787
    outer loop
      vertex 45.199999999999996 16.596606542232017 35.40461518481848
      vertex 47.599999999999994 16.705151624836 35.51800285736678
      vertex 47.599999999999994 16.596606542232017 35.40461518481848
    endloop
  endfacet
  facet normal 0 0.6259234721840705 -0.7798844830928726
    outer loop
      vertex 45.199999999999996 16.705151624836 35.51800285736678
      vertex 47.599999999999994 16.827568150353535 35.616252506341425
      vertex 47.599999999999994 16.705151624836 35.51800285736678
    endloop
  endfacet
  facet normal 0 -0.6259234721840705 0.7798844830928726
    outer loop
      vertex 45.199999999999996 18.32656812311358 33.74853724902249
      vertex 47.599999999999994 18.204151597596045 33.65028760004785
      vertex 47.599999999999994 18.32656812311358 33.74853724902249
    endloop
  endfacet
  facet normal 0 -0.7223639620597251 0.6915130557823012
    outer loop
      vertex 45.199999999999996 18.435113205717563 33.86192492157078
      vertex 47.599999999999994 18.32656812311358 33.74853724902249
      vertex 47.599999999999994 18.435113205717563 33.86192492157078
    endloop
  endfacet
  facet normal 0 -0.8064446042674983 0.5913096483635609
    outer loop
      vertex 45.199999999999996 18.527929608950252 33.98851052317845
      vertex 47.599999999999994 18.435113205717563 33.86192492157078
      vertex 47.599999999999994 18.527929608950252 33.98851052317845
    endloop
  endfacet
  facet normal 0 -0.8767267557075088 0.4809887689193854
    outer loop
      vertex 45.199999999999996 18.603429218418768 34.126128139105795
      vertex 47.599999999999994 18.527929608950252 33.98851052317845
      vertex 47.599999999999994 18.603429218418768 34.126128139105795
    endloop
  endfacet
  facet normal 0 -0.9320078692827989 0.3624380382837003
    outer loop
      vertex 45.199999999999996 18.660320214872662 34.27242309378951
      vertex 47.599999999999994 18.603429218418768 34.126128139105795
      vertex 47.599999999999994 18.660320214872662 34.27242309378951
    endloop
  endfacet
  facet normal 0 -0.9713420698132583 0.23768589232618528
    outer loop
      vertex 45.199999999999996 18.69762917758944 34.42489223999432
      vertex 47.599999999999994 18.660320214872662 34.27242309378951
      vertex 47.599999999999994 18.69762917758944 34.42489223999432
    endloop
  endfacet
  facet normal 0 -0.9940563382223228 0.10886687485193648
    outer loop
      vertex 45.199999999999996 18.714717739873016 34.58092678835624
      vertex 47.599999999999994 18.69762917758944 34.42489223999432
      vertex 47.599999999999994 18.714717739873016 34.58092678835624
    endloop
  endfacet
  facet normal 0 -0.9153114791194599 -0.4027466898587082
    outer loop
      vertex 45.199999999999996 18.580272873788658 35.187368389076674
      vertex 47.599999999999994 18.643491018917878 35.04369422518543
      vertex 47.599999999999994 18.580272873788658 35.187368389076674
    endloop
  endfacet
  facet normal 0 -0.8549118706729416 -0.5187732581605297
    outer loop
      vertex 45.199999999999996 18.49884232712158 35.32156177681589
      vertex 47.599999999999994 18.580272873788658 35.187368389076674
      vertex 47.599999999999994 18.49884232712158 35.32156177681589
    endloop
  endfacet
  facet normal 0 -0.7798844830928726 -0.6259234721840705
    outer loop
      vertex 45.199999999999996 18.400592678146936 35.44397830233343
      vertex 47.599999999999994 18.49884232712158 35.32156177681589
      vertex 47.599999999999994 18.400592678146936 35.44397830233343
    endloop
  endfacet
  facet normal 0 -0.6915130557822786 -0.7223639620597467
    outer loop
      vertex 45.199999999999996 18.287205005598636 35.55252338493741
      vertex 47.599999999999994 18.400592678146936 35.44397830233343
      vertex 47.599999999999994 18.287205005598636 35.55252338493741
    endloop
  endfacet
  facet normal 0 -0.9997620270799096 -0.021814885034535245
    outer loop
      vertex 45.199999999999996 18.711293511684886 34.737856944491824
      vertex 47.599999999999994 18.714717739873016 34.58092678835624
      vertex 47.599999999999994 18.711293511684886 34.737856944491824
    endloop
  endfacet
  facet normal 0 -0.9883615104677606 -0.15212338618991794
    outer loop
      vertex 45.199999999999996 18.68741508251871 34.892997589920355
      vertex 47.599999999999994 18.711293511684886 34.737856944491824
      vertex 47.599999999999994 18.68741508251871 34.892997589920355
    endloop
  endfacet
  facet normal 0 -0.9600498543859219 -0.2798290140310152
    outer loop
      vertex 45.199999999999996 18.643491018917878 35.04369422518543
      vertex 47.599999999999994 18.68741508251871 34.892997589920355
      vertex 47.599999999999994 18.643491018917878 35.04369422518543
    endloop
  endfacet
  facet normal 0 0.5187732581605499 -0.8549118706729295
    outer loop
      vertex 45.199999999999996 16.827568150353535 35.616252506341425
      vertex 47.599999999999994 16.961761538092745 35.697683053008504
      vertex 47.599999999999994 16.827568150353535 35.616252506341425
    endloop
  endfacet
  facet normal 0 0.40274668985867035 -0.9153114791194766
    outer loop
      vertex 45.199999999999996 16.961761538092745 35.697683053008504
      vertex 47.599999999999994 17.105435701983986 35.76090119813772
      vertex 47.599999999999994 16.961761538092745 35.697683053008504
    endloop
  endfacet
  facet normal 0 0.27982901403105687 -0.9600498543859097
    outer loop
      vertex 45.199999999999996 17.105435701983986 35.76090119813772
      vertex 47.599999999999994 17.256132337249063 35.80482526173856
      vertex 47.599999999999994 17.105435701983986 35.76090119813772
    endloop
  endfacet
  facet normal 0 0.15212338618991111 -0.9883615104677614
    outer loop
      vertex 45.199999999999996 17.256132337249063 35.80482526173856
      vertex 47.599999999999994 17.411272982677602 35.82870369090473
      vertex 47.599999999999994 17.256132337249063 35.80482526173856
    endloop
  endfacet
  facet normal 0 0.021814885034534257 -0.9997620270799097
    outer loop
      vertex 45.199999999999996 17.411272982677602 35.82870369090473
      vertex 47.599999999999994 17.568203138813196 35.83212791909286
      vertex 47.599999999999994 17.411272982677602 35.82870369090473
    endloop
  endfacet
  facet normal 0 -0.3624380382837156 -0.9320078692827931
    outer loop
      vertex 45.199999999999996 17.87670683337992 35.77773039409251
      vertex 47.599999999999994 18.02300178806363 35.72083939763861
      vertex 47.599999999999994 17.87670683337992 35.77773039409251
    endloop
  endfacet
  facet normal 0 -0.10886687485194135 -0.9940563382223221
    outer loop
      vertex 45.199999999999996 17.568203138813196 35.83212791909286
      vertex 47.599999999999994 17.724237687175105 35.81503935680929
      vertex 47.599999999999994 17.568203138813196 35.83212791909286
    endloop
  endfacet
  facet normal 0 -0.23768589232617485 -0.9713420698132609
    outer loop
      vertex 45.199999999999996 17.724237687175105 35.81503935680929
      vertex 47.599999999999994 17.87670683337992 35.77773039409251
      vertex 47.599999999999994 17.724237687175105 35.81503935680929
    endloop
  endfacet
  facet normal 0 -0.4809887689193854 -0.8767267557075088
    outer loop
      vertex 45.199999999999996 18.02300178806363 35.72083939763861
      vertex 47.599999999999994 18.160619403990978 35.6453397881701
      vertex 47.599999999999994 18.02300178806363 35.72083939763861
    endloop
  endfacet
  facet normal 0 -0.5913096483635826 -0.8064446042674825
    outer loop
      vertex 45.199999999999996 18.160619403990978 35.6453397881701
      vertex 47.599999999999994 18.287205005598636 35.55252338493741
      vertex 47.599999999999994 18.160619403990978 35.6453397881701
    endloop
  endfacet
  facet normal 9.566638264092276e-19 0.691513055782273 0.7223639620597522
    outer loop
      vertex 45.199999999999996 12.97898603024131 25.63881433895531
      vertex 45.199999999999996 12.86559835769301 25.747359421559292
      vertex 47.599999999999994 12.86559835769301 25.747359421559292
    endloop
  endfacet
  facet normal -1.5560396355902529e-18 0.5913096483635679 0.8064446042674933
    outer loop
      vertex 45.199999999999996 13.105571631848969 25.545997935722625
      vertex 45.199999999999996 12.97898603024131 25.63881433895531
      vertex 47.599999999999994 12.97898603024131 25.63881433895531
    endloop
  endfacet
  facet normal -1.3252949757672154e-18 0.8549118706729517 0.5187732581605131
    outer loop
      vertex 45.199999999999996 12.767348708718368 25.869775947076825
      vertex 45.199999999999996 12.685918162051292 26.00396933481604
      vertex 47.599999999999994 12.685918162051292 26.00396933481604
    endloop
  endfacet
  facet normal -9.231143232416531e-19 0.9153114791194515 0.40274668985872725
    outer loop
      vertex 45.199999999999996 12.685918162051292 26.00396933481604
      vertex 45.199999999999996 12.622700016922069 26.147643498707282
      vertex 47.599999999999994 12.622700016922069 26.147643498707282
    endloop
  endfacet
  facet normal -1.1595978162558912e-18 0.7798844830928693 0.6259234721840746
    outer loop
      vertex 45.199999999999996 12.86559835769301 25.747359421559292
      vertex 45.199999999999996 12.767348708718368 25.869775947076825
      vertex 47.599999999999994 12.767348708718368 25.869775947076825
    endloop
  endfacet
  facet normal -2.121053546553532e-18 0.3624380382836959 0.9320078692828007
    outer loop
      vertex 45.199999999999996 13.38948420246003 25.413607329800215
      vertex 45.199999999999996 13.24318924777632 25.470498326254106
      vertex 47.599999999999994 13.24318924777632 25.470498326254106
    endloop
  endfacet
  facet normal 8.73959739522185e-19 0.23768589232618006 0.9713420698132598
    outer loop
      vertex 45.199999999999996 13.541953348664842 25.376298367083436
      vertex 45.199999999999996 13.38948420246003 25.413607329800215
      vertex 47.599999999999994 13.38948420246003 25.413607329800215
    endloop
  endfacet
  facet normal 2.2554738865727203e-18 0.4809887689193933 0.8767267557075047
    outer loop
      vertex 45.199999999999996 13.24318924777632 25.470498326254106
      vertex 45.199999999999996 13.105571631848969 25.545997935722625
      vertex 47.599999999999994 13.105571631848969 25.545997935722625
    endloop
  endfacet
  facet normal -2.5997633925940983e-19 0.10886687485198367 0.9940563382223175
    outer loop
      vertex 45.199999999999996 13.697987897026755 25.359209804799853
      vertex 45.199999999999996 13.541953348664842 25.376298367083436
      vertex 47.599999999999994 13.541953348664842 25.376298367083436
    endloop
  endfacet
  facet normal 3.6564567790016925e-20 -0.02181488503455738 0.9997620270799092
    outer loop
      vertex 45.199999999999996 13.854918053162345 25.362634032987987
      vertex 45.199999999999996 13.697987897026755 25.359209804799853
      vertex 47.599999999999994 13.697987897026755 25.359209804799853
    endloop
  endfacet
  facet normal -3.242159729669104e-20 -0.15212338618993493 0.9883615104677579
    outer loop
      vertex 45.199999999999996 14.010058698590882 25.386512462154165
      vertex 45.199999999999996 13.854918053162345 25.362634032987987
      vertex 47.599999999999994 13.854918053162345 25.362634032987987
    endloop
  endfacet
  facet normal 8.384749516171818e-19 -0.27982901403099125 0.9600498543859288
    outer loop
      vertex 45.199999999999996 14.160755333855962 25.430436525754995
      vertex 45.199999999999996 14.010058698590882 25.386512462154165
      vertex 47.599999999999994 14.010058698590882 25.386512462154165
    endloop
  endfacet
  facet normal -1.2446393390347732e-18 -0.4027466898587355 0.9153114791194479
    outer loop
      vertex 45.199999999999996 14.304429497747199 25.49365467088422
      vertex 45.199999999999996 14.160755333855962 25.430436525754995
      vertex 47.599999999999994 14.160755333855962 25.430436525754995
    endloop
  endfacet
  facet normal -1.4275261208400542e-18 -0.5187732581605067 0.8549118706729556
    outer loop
      vertex 45.199999999999996 14.438622885486412 25.57508521755129
      vertex 45.199999999999996 14.304429497747199 25.49365467088422
      vertex 47.599999999999994 14.304429497747199 25.49365467088422
    endloop
  endfacet
  facet normal 1.6995762049725672e-19 -0.6259234721840594 0.7798844830928814
    outer loop
      vertex 45.199999999999996 14.561039411003952 25.673334866525934
      vertex 45.199999999999996 14.438622885486412 25.57508521755129
      vertex 47.599999999999994 14.438622885486412 25.57508521755129
    endloop
  endfacet
  facet normal 1.1177625403095307e-18 -0.7223639620597683 0.691513055782256
    outer loop
      vertex 45.199999999999996 14.669584493607934 25.78672253907424
      vertex 45.199999999999996 14.561039411003952 25.673334866525934
      vertex 47.599999999999994 14.561039411003952 25.673334866525934
    endloop
  endfacet
  facet normal 7.456545964441599e-19 -0.8064446042674773 0.5913096483635893
    outer loop
      vertex 45.199999999999996 14.762400896840619 25.91330814068189
      vertex 45.199999999999996 14.669584493607934 25.78672253907424
      vertex 47.599999999999994 14.669584493607934 25.78672253907424
    endloop
  endfacet
  facet normal 6.142282613049317e-19 -0.8767267557075099 0.48098876891938375
    outer loop
      vertex 45.199999999999996 14.837900506309138 26.050925756609246
      vertex 45.199999999999996 14.762400896840619 25.91330814068189
      vertex 47.599999999999994 14.762400896840619 25.91330814068189
    endloop
  endfacet
  facet normal 1.227880191669074e-18 -0.9320078692827968 0.3624380382837058
    outer loop
      vertex 45.199999999999996 14.89479150276303 26.197220711292957
      vertex 45.199999999999996 14.837900506309138 26.050925756609246
      vertex 47.599999999999994 14.837900506309138 26.050925756609246
    endloop
  endfacet
  facet normal 0 0.691513055782273 0.7223639620597522
    outer loop
      vertex 45.199999999999996 12.97898603024131 25.63881433895531
      vertex 47.599999999999994 12.86559835769301 25.747359421559292
      vertex 47.599999999999994 12.97898603024131 25.63881433895531
    endloop
  endfacet
  facet normal 0 0.5913096483635679 0.8064446042674933
    outer loop
      vertex 45.199999999999996 13.105571631848969 25.545997935722625
      vertex 47.599999999999994 12.97898603024131 25.63881433895531
      vertex 47.599999999999994 13.105571631848969 25.545997935722625
    endloop
  endfacet
  facet normal 0 0.8549118706729517 0.5187732581605131
    outer loop
      vertex 45.199999999999996 12.767348708718368 25.869775947076825
      vertex 47.599999999999994 12.685918162051292 26.00396933481604
      vertex 47.599999999999994 12.767348708718368 25.869775947076825
    endloop
  endfacet
  facet normal 0 0.960049854385925 0.27982901403100474
    outer loop
      vertex 45.199999999999996 12.622700016922069 26.147643498707282
      vertex 47.599999999999994 12.578775953321237 26.29834013397236
      vertex 47.599999999999994 12.622700016922069 26.147643498707282
    endloop
  endfacet
  facet normal 0 0.9153114791194515 0.40274668985872725
    outer loop
      vertex 45.199999999999996 12.685918162051292 26.00396933481604
      vertex 47.599999999999994 12.622700016922069 26.147643498707282
      vertex 47.599999999999994 12.685918162051292 26.00396933481604
    endloop
  endfacet
  facet normal 0 0.7798844830928693 0.6259234721840746
    outer loop
      vertex 45.199999999999996 12.86559835769301 25.747359421559292
      vertex 47.599999999999994 12.767348708718368 25.869775947076825
      vertex 47.599999999999994 12.86559835769301 25.747359421559292
    endloop
  endfacet
  facet normal 0 0.4809887689193933 0.8767267557075047
    outer loop
      vertex 45.199999999999996 13.24318924777632 25.470498326254106
      vertex 47.599999999999994 13.105571631848969 25.545997935722625
      vertex 47.599999999999994 13.24318924777632 25.470498326254106
    endloop
  endfacet
  facet normal 0 0.3624380382836959 0.9320078692828007
    outer loop
      vertex 45.199999999999996 13.38948420246003 25.413607329800215
      vertex 47.599999999999994 13.24318924777632 25.470498326254106
      vertex 47.599999999999994 13.38948420246003 25.413607329800215
    endloop
  endfacet
  facet normal 0 0.10886687485198367 0.9940563382223175
    outer loop
      vertex 45.199999999999996 13.697987897026755 25.359209804799853
      vertex 47.599999999999994 13.541953348664842 25.376298367083436
      vertex 47.599999999999994 13.697987897026755 25.359209804799853
    endloop
  endfacet
  facet normal 0 0.23768589232618006 0.9713420698132598
    outer loop
      vertex 45.199999999999996 13.541953348664842 25.376298367083436
      vertex 47.599999999999994 13.38948420246003 25.413607329800215
      vertex 47.599999999999994 13.541953348664842 25.376298367083436
    endloop
  endfacet
  facet normal 0 -0.02181488503455738 0.9997620270799092
    outer loop
      vertex 45.199999999999996 13.854918053162345 25.362634032987987
      vertex 47.599999999999994 13.697987897026755 25.359209804799853
      vertex 47.599999999999994 13.854918053162345 25.362634032987987
    endloop
  endfacet
  facet normal 0 -0.15212338618993493 0.9883615104677579
    outer loop
      vertex 45.199999999999996 14.010058698590882 25.386512462154165
      vertex 47.599999999999994 13.854918053162345 25.362634032987987
      vertex 47.599999999999994 14.010058698590882 25.386512462154165
    endloop
  endfacet
  facet normal 0 -0.27982901403099125 0.9600498543859288
    outer loop
      vertex 45.199999999999996 14.160755333855962 25.430436525754995
      vertex 47.599999999999994 14.010058698590882 25.386512462154165
      vertex 47.599999999999994 14.160755333855962 25.430436525754995
    endloop
  endfacet
  facet normal 0 -0.4027466898587355 0.9153114791194479
    outer loop
      vertex 45.199999999999996 14.304429497747199 25.49365467088422
      vertex 47.599999999999994 14.160755333855962 25.430436525754995
      vertex 47.599999999999994 14.304429497747199 25.49365467088422
    endloop
  endfacet
  facet normal 0 -0.5187732581605067 0.8549118706729556
    outer loop
      vertex 45.199999999999996 14.438622885486412 25.57508521755129
      vertex 47.599999999999994 14.304429497747199 25.49365467088422
      vertex 47.599999999999994 14.438622885486412 25.57508521755129
    endloop
  endfacet
  facet normal 0 -0.6259234721840594 0.7798844830928814
    outer loop
      vertex 45.199999999999996 14.561039411003952 25.673334866525934
      vertex 47.599999999999994 14.438622885486412 25.57508521755129
      vertex 47.599999999999994 14.561039411003952 25.673334866525934
    endloop
  endfacet
  facet normal 0 -0.7223639620597683 0.691513055782256
    outer loop
      vertex 45.199999999999996 14.669584493607934 25.78672253907424
      vertex 47.599999999999994 14.561039411003952 25.673334866525934
      vertex 47.599999999999994 14.669584493607934 25.78672253907424
    endloop
  endfacet
  facet normal 0 -0.8064446042674773 0.5913096483635893
    outer loop
      vertex 45.199999999999996 14.762400896840619 25.91330814068189
      vertex 47.599999999999994 14.669584493607934 25.78672253907424
      vertex 47.599999999999994 14.762400896840619 25.91330814068189
    endloop
  endfacet
  facet normal 0 -0.8767267557075099 0.48098876891938375
    outer loop
      vertex 45.199999999999996 14.837900506309138 26.050925756609246
      vertex 47.599999999999994 14.762400896840619 25.91330814068189
      vertex 47.599999999999994 14.837900506309138 26.050925756609246
    endloop
  endfacet
  facet normal 0 -0.9320078692827968 0.3624380382837058
    outer loop
      vertex 45.199999999999996 14.89479150276303 26.197220711292957
      vertex 47.599999999999994 14.837900506309138 26.050925756609246
      vertex 47.599999999999994 14.89479150276303 26.197220711292957
    endloop
  endfacet
  facet normal -7.920773382692159e-20 0.960049854385925 0.27982901403100474
    outer loop
      vertex 45.199999999999996 12.622700016922069 26.147643498707282
      vertex 45.199999999999996 12.578775953321237 26.29834013397236
      vertex 47.599999999999994 12.578775953321237 26.29834013397236
    endloop
  endfacet
  facet normal 4.1266731193324225e-19 0.9883615104677606 0.15212338618991794
    outer loop
      vertex 45.199999999999996 12.578775953321237 26.29834013397236
      vertex 45.199999999999996 12.554897524155063 26.45348077940089
      vertex 47.599999999999994 12.554897524155063 26.45348077940089
    endloop
  endfacet
  facet normal -9.559480770722759e-20 0.9997620270799092 0.021814885034556884
    outer loop
      vertex 45.199999999999996 12.554897524155063 26.45348077940089
      vertex 45.199999999999996 12.551473295966929 26.610410935536486
      vertex 47.599999999999994 12.551473295966929 26.610410935536486
    endloop
  endfacet
  facet normal 1.1261420537015546e-19 0.9940563382223191 -0.10886687485197002
    outer loop
      vertex 45.199999999999996 12.551473295966929 26.610410935536486
      vertex 45.199999999999996 12.56856185825051 26.7664454838984
      vertex 47.599999999999994 12.56856185825051 26.7664454838984
    endloop
  endfacet
  facet normal 6.660315931902212e-19 0.9713420698132637 -0.23768589232616394
    outer loop
      vertex 45.199999999999996 12.56856185825051 26.7664454838984
      vertex 45.199999999999996 12.605870820967285 26.91891463010321
      vertex 47.599999999999994 12.605870820967285 26.91891463010321
    endloop
  endfacet
  facet normal -1.0157512720709314e-18 0.9320078692827999 -0.3624380382836982
    outer loop
      vertex 45.199999999999996 12.605870820967285 26.91891463010321
      vertex 45.199999999999996 12.662761817421178 27.065209584786924
      vertex 47.599999999999994 12.662761817421178 27.065209584786924
    endloop
  endfacet
  facet normal -1.8891113452368264e-18 0.8767267557075095 -0.48098876891938463
    outer loop
      vertex 45.199999999999996 12.662761817421178 27.065209584786924
      vertex 45.199999999999996 12.738261426889695 27.202827200714275
      vertex 47.599999999999994 12.738261426889695 27.202827200714275
    endloop
  endfacet
  facet normal 2.2896658337046736e-18 0.8064446042674746 -0.5913096483635933
    outer loop
      vertex 45.199999999999996 12.738261426889695 27.202827200714275
      vertex 45.199999999999996 12.831077830122384 27.32941280232193
      vertex 47.599999999999994 12.831077830122384 27.32941280232193
    endloop
  endfacet
  facet normal -2.651883708362968e-19 0.7223639620597575 -0.6915130557822674
    outer loop
      vertex 45.199999999999996 12.831077830122384 27.32941280232193
      vertex 45.199999999999996 12.939622912726366 27.442800474870232
      vertex 47.599999999999994 12.939622912726366 27.442800474870232
    endloop
  endfacet
  facet normal 1.97668806059105e-18 0.6259234721840651 -0.7798844830928771
    outer loop
      vertex 45.199999999999996 12.939622912726366 27.442800474870232
      vertex 45.199999999999996 13.062039438243904 27.541050123844876
      vertex 47.599999999999994 13.062039438243904 27.541050123844876
    endloop
  endfacet
  facet normal 1.4049694724148564e-18 0.5187732581605117 -0.8549118706729525
    outer loop
      vertex 45.199999999999996 13.062039438243904 27.541050123844876
      vertex 45.199999999999996 13.196232825983115 27.622480670511948
      vertex 47.599999999999994 13.196232825983115 27.622480670511948
    endloop
  endfacet
  facet normal -1.3364206852630625e-18 0.40274668985875034 -0.9153114791194413
    outer loop
      vertex 45.199999999999996 13.196232825983115 27.622480670511948
      vertex 45.199999999999996 13.339906989874354 27.685698815641175
      vertex 47.599999999999994 13.339906989874354 27.685698815641175
    endloop
  endfacet
  facet normal 8.384749516171818e-19 0.27982901403099125 -0.9600498543859288
    outer loop
      vertex 45.199999999999996 13.339906989874354 27.685698815641175
      vertex 45.199999999999996 13.490603625139434 27.729622879242005
      vertex 47.599999999999994 13.490603625139434 27.729622879242005
    endloop
  endfacet
  facet normal 2.9197020830317133e-19 0.15212338618991453 -0.9883615104677611
    outer loop
      vertex 45.199999999999996 13.490603625139434 27.729622879242005
      vertex 45.199999999999996 13.645744270567969 27.75350130840818
      vertex 47.599999999999994 13.645744270567969 27.75350130840818
    endloop
  endfacet
  facet normal 3.6564567790016925e-20 0.02181488503455738 -0.9997620270799092
    outer loop
      vertex 45.199999999999996 13.645744270567969 27.75350130840818
      vertex 45.199999999999996 13.80267442670356 27.756925536596313
      vertex 47.599999999999994 13.80267442670356 27.756925536596313
    endloop
  endfacet
  facet normal -1.0450797574879848e-18 -0.9713420698132611 0.23768589232617465
    outer loop
      vertex 45.199999999999996 14.932100465479808 26.349689857497765
      vertex 45.199999999999996 14.89479150276303 26.197220711292957
      vertex 47.599999999999994 14.89479150276303 26.197220711292957
    endloop
  endfacet
  facet normal -2.266293487484542e-20 -0.9940563382223203 0.10886687485195884
    outer loop
      vertex 45.199999999999996 14.949189027763387 26.50572440585968
      vertex 45.199999999999996 14.932100465479808 26.349689857497765
      vertex 47.599999999999994 14.932100465479808 26.349689857497765
    endloop
  endfacet
  facet normal -9.559480770722759e-20 -0.9997620270799092 -0.021814885034556884
    outer loop
      vertex 45.199999999999996 14.945764799575253 26.662654561995275
      vertex 45.199999999999996 14.949189027763387 26.50572440585968
      vertex 47.599999999999994 14.949189027763387 26.50572440585968
    endloop
  endfacet
  facet normal 4.1266731193324225e-19 -0.9883615104677606 -0.15212338618991794
    outer loop
      vertex 45.199999999999996 14.921886370409078 26.817795207423806
      vertex 45.199999999999996 14.945764799575253 26.662654561995275
      vertex 47.599999999999994 14.945764799575253 26.662654561995275
    endloop
  endfacet
  facet normal -7.920773382692159e-20 -0.960049854385925 -0.27982901403100474
    outer loop
      vertex 45.199999999999996 14.877962306808246 26.968491842688884
      vertex 45.199999999999996 14.921886370409078 26.817795207423806
      vertex 47.599999999999994 14.921886370409078 26.817795207423806
    endloop
  endfacet
  facet normal -3.597474612033083e-19 -0.9153114791194557 -0.4027466898587177
    outer loop
      vertex 45.199999999999996 14.814744161679025 27.112166006580125
      vertex 45.199999999999996 14.877962306808246 26.968491842688884
      vertex 47.599999999999994 14.877962306808246 26.968491842688884
    endloop
  endfacet
  facet normal 5.203922315974823e-19 -0.48098876891940284 -0.8767267557074994
    outer loop
      vertex 45.199999999999996 14.257473075953998 27.645637015142064
      vertex 45.199999999999996 14.395090691881345 27.570137405673545
      vertex 47.599999999999994 14.395090691881345 27.570137405673545
    endloop
  endfacet
  facet normal 1.7073291897384955e-18 -0.5913096483635771 -0.8064446042674864
    outer loop
      vertex 45.199999999999996 14.395090691881345 27.570137405673545
      vertex 45.199999999999996 14.521676293489005 27.477321002440856
      vertex 47.599999999999994 14.521676293489005 27.477321002440856
    endloop
  endfacet
  facet normal -2.47891345615156e-19 -0.10886687485198121 -0.9940563382223179
    outer loop
      vertex 45.199999999999996 13.80267442670356 27.756925536596313
      vertex 45.199999999999996 13.958708975065475 27.73983697431273
      vertex 47.599999999999994 13.958708975065475 27.73983697431273
    endloop
  endfacet
  facet normal 6.952446239310673e-19 -0.23768589232616133 -0.9713420698132644
    outer loop
      vertex 45.199999999999996 13.958708975065475 27.73983697431273
      vertex 45.199999999999996 14.111178121270285 27.702528011595955
      vertex 47.599999999999994 14.111178121270285 27.702528011595955
    endloop
  endfacet
  facet normal 1.3031540867513502e-18 -0.3624380382836922 -0.9320078692828022
    outer loop
      vertex 45.199999999999996 14.111178121270285 27.702528011595955
      vertex 45.199999999999996 14.257473075953998 27.645637015142064
      vertex 47.599999999999994 14.257473075953998 27.645637015142064
    endloop
  endfacet
  facet normal 1.3729745869537541e-18 -0.8549118706729466 -0.5187732581605214
    outer loop
      vertex 45.199999999999996 14.733313615011948 27.24635939431934
      vertex 45.199999999999996 14.814744161679025 27.112166006580125
      vertex 47.599999999999994 14.814744161679025 27.112166006580125
    endloop
  endfacet
  facet normal -1.1595978162558912e-18 -0.7798844830928693 -0.6259234721840746
    outer loop
      vertex 45.199999999999996 14.635063966037306 27.368775919836875
      vertex 45.199999999999996 14.733313615011948 27.24635939431934
      vertex 47.599999999999994 14.733313615011948 27.24635939431934
    endloop
  endfacet
  facet normal 9.566638264092276e-19 -0.691513055782273 -0.7223639620597522
    outer loop
      vertex 45.199999999999996 14.521676293489005 27.477321002440856
      vertex 45.199999999999996 14.635063966037306 27.368775919836875
      vertex 47.599999999999994 14.635063966037306 27.368775919836875
    endloop
  endfacet
  facet normal 0 0.9883615104677606 0.15212338618991794
    outer loop
      vertex 45.199999999999996 12.578775953321237 26.29834013397236
      vertex 47.599999999999994 12.554897524155063 26.45348077940089
      vertex 47.599999999999994 12.578775953321237 26.29834013397236
    endloop
  endfacet
  facet normal 0 0.9997620270799092 0.021814885034556884
    outer loop
      vertex 45.199999999999996 12.554897524155063 26.45348077940089
      vertex 47.599999999999994 12.551473295966929 26.610410935536486
      vertex 47.599999999999994 12.554897524155063 26.45348077940089
    endloop
  endfacet
  facet normal 0 0.9940563382223191 -0.10886687485197002
    outer loop
      vertex 45.199999999999996 12.551473295966929 26.610410935536486
      vertex 47.599999999999994 12.56856185825051 26.7664454838984
      vertex 47.599999999999994 12.551473295966929 26.610410935536486
    endloop
  endfacet
  facet normal 0 0.9713420698132637 -0.23768589232616394
    outer loop
      vertex 45.199999999999996 12.56856185825051 26.7664454838984
      vertex 47.599999999999994 12.605870820967285 26.91891463010321
      vertex 47.599999999999994 12.56856185825051 26.7664454838984
    endloop
  endfacet
  facet normal 0 0.9320078692827999 -0.3624380382836982
    outer loop
      vertex 45.199999999999996 12.605870820967285 26.91891463010321
      vertex 47.599999999999994 12.662761817421178 27.065209584786924
      vertex 47.599999999999994 12.605870820967285 26.91891463010321
    endloop
  endfacet
  facet normal 0 0.8767267557075095 -0.48098876891938463
    outer loop
      vertex 45.199999999999996 12.662761817421178 27.065209584786924
      vertex 47.599999999999994 12.738261426889695 27.202827200714275
      vertex 47.599999999999994 12.662761817421178 27.065209584786924
    endloop
  endfacet
  facet normal 0 0.8064446042674746 -0.5913096483635933
    outer loop
      vertex 45.199999999999996 12.738261426889695 27.202827200714275
      vertex 47.599999999999994 12.831077830122384 27.32941280232193
      vertex 47.599999999999994 12.738261426889695 27.202827200714275
    endloop
  endfacet
  facet normal 0 0.7223639620597575 -0.6915130557822674
    outer loop
      vertex 45.199999999999996 12.831077830122384 27.32941280232193
      vertex 47.599999999999994 12.939622912726366 27.442800474870232
      vertex 47.599999999999994 12.831077830122384 27.32941280232193
    endloop
  endfacet
  facet normal 0 0.6259234721840651 -0.7798844830928771
    outer loop
      vertex 45.199999999999996 12.939622912726366 27.442800474870232
      vertex 47.599999999999994 13.062039438243904 27.541050123844876
      vertex 47.599999999999994 12.939622912726366 27.442800474870232
    endloop
  endfacet
  facet normal 0 0.5187732581605117 -0.8549118706729525
    outer loop
      vertex 45.199999999999996 13.062039438243904 27.541050123844876
      vertex 47.599999999999994 13.196232825983115 27.622480670511948
      vertex 47.599999999999994 13.062039438243904 27.541050123844876
    endloop
  endfacet
  facet normal 0 0.40274668985875034 -0.9153114791194413
    outer loop
      vertex 45.199999999999996 13.196232825983115 27.622480670511948
      vertex 47.599999999999994 13.339906989874354 27.685698815641175
      vertex 47.599999999999994 13.196232825983115 27.622480670511948
    endloop
  endfacet
  facet normal 0 0.27982901403099125 -0.9600498543859288
    outer loop
      vertex 45.199999999999996 13.339906989874354 27.685698815641175
      vertex 47.599999999999994 13.490603625139434 27.729622879242005
      vertex 47.599999999999994 13.339906989874354 27.685698815641175
    endloop
  endfacet
  facet normal 0 0.15212338618991453 -0.9883615104677611
    outer loop
      vertex 45.199999999999996 13.490603625139434 27.729622879242005
      vertex 47.599999999999994 13.645744270567969 27.75350130840818
      vertex 47.599999999999994 13.490603625139434 27.729622879242005
    endloop
  endfacet
  facet normal 0 0.02181488503455738 -0.9997620270799092
    outer loop
      vertex 45.199999999999996 13.645744270567969 27.75350130840818
      vertex 47.599999999999994 13.80267442670356 27.756925536596313
      vertex 47.599999999999994 13.645744270567969 27.75350130840818
    endloop
  endfacet
  facet normal 0 -0.9713420698132611 0.23768589232617465
    outer loop
      vertex 45.199999999999996 14.932100465479808 26.349689857497765
      vertex 47.599999999999994 14.89479150276303 26.197220711292957
      vertex 47.599999999999994 14.932100465479808 26.349689857497765
    endloop
  endfacet
  facet normal 0 -0.9940563382223203 0.10886687485195884
    outer loop
      vertex 45.199999999999996 14.949189027763387 26.50572440585968
      vertex 47.599999999999994 14.932100465479808 26.349689857497765
      vertex 47.599999999999994 14.949189027763387 26.50572440585968
    endloop
  endfacet
  facet normal 0 -0.9997620270799092 -0.021814885034556884
    outer loop
      vertex 45.199999999999996 14.945764799575253 26.662654561995275
      vertex 47.599999999999994 14.949189027763387 26.50572440585968
      vertex 47.599999999999994 14.945764799575253 26.662654561995275
    endloop
  endfacet
  facet normal 0 -0.9153114791194557 -0.4027466898587177
    outer loop
      vertex 45.199999999999996 14.814744161679025 27.112166006580125
      vertex 47.599999999999994 14.877962306808246 26.968491842688884
      vertex 47.599999999999994 14.814744161679025 27.112166006580125
    endloop
  endfacet
  facet normal 0 -0.9883615104677606 -0.15212338618991794
    outer loop
      vertex 45.199999999999996 14.921886370409078 26.817795207423806
      vertex 47.599999999999994 14.945764799575253 26.662654561995275
      vertex 47.599999999999994 14.921886370409078 26.817795207423806
    endloop
  endfacet
  facet normal 0 -0.960049854385925 -0.27982901403100474
    outer loop
      vertex 45.199999999999996 14.877962306808246 26.968491842688884
      vertex 47.599999999999994 14.921886370409078 26.817795207423806
      vertex 47.599999999999994 14.877962306808246 26.968491842688884
    endloop
  endfacet
  facet normal 0 -0.5913096483635771 -0.8064446042674864
    outer loop
      vertex 45.199999999999996 14.395090691881345 27.570137405673545
      vertex 47.599999999999994 14.521676293489005 27.477321002440856
      vertex 47.599999999999994 14.395090691881345 27.570137405673545
    endloop
  endfacet
  facet normal 0 -0.10886687485198121 -0.9940563382223179
    outer loop
      vertex 45.199999999999996 13.80267442670356 27.756925536596313
      vertex 47.599999999999994 13.958708975065475 27.73983697431273
      vertex 47.599999999999994 13.80267442670356 27.756925536596313
    endloop
  endfacet
  facet normal 0 -0.3624380382836922 -0.9320078692828022
    outer loop
      vertex 45.199999999999996 14.111178121270285 27.702528011595955
      vertex 47.599999999999994 14.257473075953998 27.645637015142064
      vertex 47.599999999999994 14.111178121270285 27.702528011595955
    endloop
  endfacet
  facet normal 0 -0.23768589232616133 -0.9713420698132644
    outer loop
      vertex 45.199999999999996 13.958708975065475 27.73983697431273
      vertex 47.599999999999994 14.111178121270285 27.702528011595955
      vertex 47.599999999999994 13.958708975065475 27.73983697431273
    endloop
  endfacet
  facet normal 0 -0.48098876891940284 -0.8767267557074994
    outer loop
      vertex 45.199999999999996 14.257473075953998 27.645637015142064
      vertex 47.599999999999994 14.395090691881345 27.570137405673545
      vertex 47.599999999999994 14.257473075953998 27.645637015142064
    endloop
  endfacet
  facet normal 0 -0.7798844830928693 -0.6259234721840746
    outer loop
      vertex 45.199999999999996 14.635063966037306 27.368775919836875
      vertex 47.599999999999994 14.733313615011948 27.24635939431934
      vertex 47.599999999999994 14.635063966037306 27.368775919836875
    endloop
  endfacet
  facet normal 0 -0.8549118706729466 -0.5187732581605214
    outer loop
      vertex 45.199999999999996 14.733313615011948 27.24635939431934
      vertex 47.599999999999994 14.814744161679025 27.112166006580125
      vertex 47.599999999999994 14.733313615011948 27.24635939431934
    endloop
  endfacet
  facet normal 0 -0.691513055782273 -0.7223639620597522
    outer loop
      vertex 45.199999999999996 14.521676293489005 27.477321002440856
      vertex 47.599999999999994 14.635063966037306 27.368775919836875
      vertex 47.599999999999994 14.521676293489005 27.477321002440856
    endloop
  endfacet
  facet normal 0.9469301294951052 0.3214394653031632 0
    outer loop
      vertex 4.1306667563398385 4.767062859407732 6.99
      vertex 4.168508420739842 4.655584910871419 0
      vertex 4.1306667563398385 4.767062859407732 0
    endloop
  endfacet
  facet normal 0.8968727415326904 0.442288690218997 0
    outer loop
      vertex 4.168508420739842 4.655584910871419 6.99
      vertex 4.220577136594005 4.55 0
      vertex 4.168508420739842 4.655584910871419 0
    endloop
  endfacet
  facet normal 0.831469612302545 0.5555702330196025 0
    outer loop
      vertex 4.220577136594005 4.55 6.99
      vertex 4.285981993737888 4.4521147138921515 0
      vertex 4.220577136594005 4.55 0
    endloop
  endfacet
  facet normal 0.7518398074789805 0.6593458151000654 0
    outer loop
      vertex 4.285981993737888 4.4521147138921515 6.99
      vertex 4.363603896932107 4.363603896932107 0
      vertex 4.285981993737888 4.4521147138921515 0
    endloop
  endfacet
  facet normal 0.6593458151000654 0.7518398074789805 0
    outer loop
      vertex 4.363603896932107 4.363603896932107 6.99
      vertex 4.4521147138921515 4.285981993737888 0
      vertex 4.363603896932107 4.363603896932107 0
    endloop
  endfacet
  facet normal 0.9807852804032307 0.1950903220161271 0
    outer loop
      vertex 4.107699624763571 4.882526427001953 6.99
      vertex 4.1306667563398385 4.767062859407732 0
      vertex 4.107699624763571 4.882526427001953 0
    endloop
  endfacet
  facet normal 0.9978589232386033 0.0654031292301479 0
    outer loop
      vertex 4.1 5 6.99
      vertex 4.107699624763571 4.882526427001953 0
      vertex 4.1 5 0
    endloop
  endfacet
  facet normal 0.9978589232386033 -0.0654031292301479 0
    outer loop
      vertex 4.107699624763571 5.117473572998047 6.99
      vertex 4.1 5 0
      vertex 4.107699624763571 5.117473572998047 0
    endloop
  endfacet
  facet normal 0.9807852804032307 -0.1950903220161271 0
    outer loop
      vertex 4.1306667563398385 5.232937140592268 6.99
      vertex 4.107699624763571 5.117473572998047 0
      vertex 4.1306667563398385 5.232937140592268 0
    endloop
  endfacet
  facet normal 0.9469301294951052 -0.3214394653031632 0
    outer loop
      vertex 4.168508420739842 5.344415089128581 6.99
      vertex 4.1306667563398385 5.232937140592268 0
      vertex 4.168508420739842 5.344415089128581 0
    endloop
  endfacet
  facet normal 0.8968727415326904 -0.442288690218997 0
    outer loop
      vertex 4.220577136594005 5.45 6.99
      vertex 4.168508420739842 5.344415089128581 0
      vertex 4.220577136594005 5.45 0
    endloop
  endfacet
  facet normal 0.831469612302545 -0.5555702330196025 0
    outer loop
      vertex 4.285981993737888 5.5478852861078485 6.99
      vertex 4.220577136594005 5.45 0
      vertex 4.285981993737888 5.5478852861078485 0
    endloop
  endfacet
  facet normal 0.1950903220161271 0.9807852804032307 0
    outer loop
      vertex 4.767062859407732 4.1306667563398385 6.99
      vertex 4.882526427001953 4.107699624763571 0
      vertex 4.767062859407732 4.1306667563398385 0
    endloop
  endfacet
  facet normal 0.0654031292301479 0.9978589232386033 0
    outer loop
      vertex 4.882526427001953 4.107699624763571 6.99
      vertex 5 4.1 0
      vertex 4.882526427001953 4.107699624763571 0
    endloop
  endfacet
  facet normal -0.0654031292301479 0.9978589232386033 0
    outer loop
      vertex 5 4.1 6.99
      vertex 5.117473572998047 4.107699624763571 0
      vertex 5 4.1 0
    endloop
  endfacet
  facet normal -0.1950903220161271 0.9807852804032307 0
    outer loop
      vertex 5.117473572998047 4.107699624763571 6.99
      vertex 5.232937140592268 4.1306667563398385 0
      vertex 5.117473572998047 4.107699624763571 0
    endloop
  endfacet
  facet normal 0.5555702330196025 0.831469612302545 0
    outer loop
      vertex 4.4521147138921515 4.285981993737888 6.99
      vertex 4.55 4.220577136594005 0
      vertex 4.4521147138921515 4.285981993737888 0
    endloop
  endfacet
  facet normal 0.442288690218997 0.8968727415326904 0
    outer loop
      vertex 4.55 4.220577136594005 6.99
      vertex 4.655584910871419 4.168508420739842 0
      vertex 4.55 4.220577136594005 0
    endloop
  endfacet
  facet normal 0.3214394653031632 0.9469301294951052 0
    outer loop
      vertex 4.655584910871419 4.168508420739842 6.99
      vertex 4.767062859407732 4.1306667563398385 0
      vertex 4.655584910871419 4.168508420739842 0
    endloop
  endfacet
  facet normal -0.3214394653031632 0.9469301294951052 0
    outer loop
      vertex 5.232937140592268 4.1306667563398385 6.99
      vertex 5.344415089128581 4.168508420739842 0
      vertex 5.232937140592268 4.1306667563398385 0
    endloop
  endfacet
  facet normal -0.442288690218997 0.8968727415326904 0
    outer loop
      vertex 5.344415089128581 4.168508420739842 6.99
      vertex 5.45 4.220577136594005 0
      vertex 5.344415089128581 4.168508420739842 0
    endloop
  endfacet
  facet normal -0.5555702330196025 0.831469612302545 0
    outer loop
      vertex 5.45 4.220577136594005 6.99
      vertex 5.5478852861078485 4.285981993737888 0
      vertex 5.45 4.220577136594005 0
    endloop
  endfacet
  facet normal -0.6593458151000654 0.7518398074789805 0
    outer loop
      vertex 5.5478852861078485 4.285981993737888 6.99
      vertex 5.636396103067893 4.363603896932107 0
      vertex 5.5478852861078485 4.285981993737888 0
    endloop
  endfacet
  facet normal -0.7518398074789805 0.6593458151000654 0
    outer loop
      vertex 5.636396103067893 4.363603896932107 6.99
      vertex 5.714018006262112 4.4521147138921515 0
      vertex 5.636396103067893 4.363603896932107 0
    endloop
  endfacet
  facet normal -0.831469612302545 0.5555702330196025 0
    outer loop
      vertex 5.714018006262112 4.4521147138921515 6.99
      vertex 5.779422863405995 4.55 0
      vertex 5.714018006262112 4.4521147138921515 0
    endloop
  endfacet
  facet normal -0.8968727415326904 0.442288690218997 0
    outer loop
      vertex 5.779422863405995 4.55 6.99
      vertex 5.831491579260158 4.655584910871419 0
      vertex 5.779422863405995 4.55 0
    endloop
  endfacet
  facet normal -0.9469301294951052 0.3214394653031632 0
    outer loop
      vertex 5.831491579260158 4.655584910871419 6.99
      vertex 5.8693332436601615 4.767062859407732 0
      vertex 5.831491579260158 4.655584910871419 0
    endloop
  endfacet
  facet normal -0.9807852804032307 0.1950903220161271 0
    outer loop
      vertex 5.8693332436601615 4.767062859407732 6.99
      vertex 5.892300375236429 4.882526427001953 0
      vertex 5.8693332436601615 4.767062859407732 0
    endloop
  endfacet
  facet normal -0.831469612302545 -0.5555702330196025 0
    outer loop
      vertex 5.779422863405995 5.45 6.99
      vertex 5.714018006262112 5.5478852861078485 0
      vertex 5.779422863405995 5.45 0
    endloop
  endfacet
  facet normal -0.9978589232386033 0.0654031292301479 0
    outer loop
      vertex 5.892300375236429 4.882526427001953 6.99
      vertex 5.9 5 0
      vertex 5.892300375236429 4.882526427001953 0
    endloop
  endfacet
  facet normal -0.9978589232386033 -0.0654031292301479 0
    outer loop
      vertex 5.9 5 6.99
      vertex 5.892300375236429 5.117473572998047 0
      vertex 5.9 5 0
    endloop
  endfacet
  facet normal -0.9807852804032307 -0.1950903220161271 0
    outer loop
      vertex 5.892300375236429 5.117473572998047 6.99
      vertex 5.8693332436601615 5.232937140592268 0
      vertex 5.892300375236429 5.117473572998047 0
    endloop
  endfacet
  facet normal -0.9469301294951052 -0.3214394653031632 0
    outer loop
      vertex 5.8693332436601615 5.232937140592268 6.99
      vertex 5.831491579260158 5.344415089128581 0
      vertex 5.8693332436601615 5.232937140592268 0
    endloop
  endfacet
  facet normal -0.8968727415326904 -0.442288690218997 0
    outer loop
      vertex 5.831491579260158 5.344415089128581 6.99
      vertex 5.779422863405995 5.45 0
      vertex 5.831491579260158 5.344415089128581 0
    endloop
  endfacet
  facet normal 0.831469612302545 0.5555702330196025 0
    outer loop
      vertex 4.285981993737888 4.4521147138921515 6.99
      vertex 4.285981993737888 4.4521147138921515 0
      vertex 4.220577136594005 4.55 6.99
    endloop
  endfacet
  facet normal 0.9807852804032307 0.1950903220161271 0
    outer loop
      vertex 4.1306667563398385 4.767062859407732 6.99
      vertex 4.1306667563398385 4.767062859407732 0
      vertex 4.107699624763571 4.882526427001953 6.99
    endloop
  endfacet
  facet normal 0.9469301294951052 0.3214394653031632 0
    outer loop
      vertex 4.168508420739842 4.655584910871419 6.99
      vertex 4.168508420739842 4.655584910871419 0
      vertex 4.1306667563398385 4.767062859407732 6.99
    endloop
  endfacet
  facet normal 0.8968727415326904 0.442288690218997 3.2844629729622926e-19
    outer loop
      vertex 4.168508420739842 4.655584910871419 6.99
      vertex 4.220577136594005 4.55 6.99
      vertex 4.220577136594005 4.55 0
    endloop
  endfacet
  facet normal 0.7518398074789805 0.6593458151000654 0
    outer loop
      vertex 4.363603896932107 4.363603896932107 6.99
      vertex 4.363603896932107 4.363603896932107 0
      vertex 4.285981993737888 4.4521147138921515 6.99
    endloop
  endfacet
  facet normal 0.6593458151000654 0.7518398074789805 2.670542145504673e-19
    outer loop
      vertex 4.363603896932107 4.363603896932107 6.99
      vertex 4.4521147138921515 4.285981993737888 6.99
      vertex 4.4521147138921515 4.285981993737888 0
    endloop
  endfacet
  facet normal 0.9978589232386033 0.0654031292301479 0
    outer loop
      vertex 4.107699624763571 4.882526427001953 6.99
      vertex 4.107699624763571 4.882526427001953 0
      vertex 4.1 5 6.99
    endloop
  endfacet
  facet normal 0.9978589232386033 -0.0654031292301479 0
    outer loop
      vertex 4.1 5 6.99
      vertex 4.1 5 0
      vertex 4.107699624763571 5.117473572998047 6.99
    endloop
  endfacet
  facet normal 0.9807852804032307 -0.1950903220161271 0
    outer loop
      vertex 4.107699624763571 5.117473572998047 6.99
      vertex 4.107699624763571 5.117473572998047 0
      vertex 4.1306667563398385 5.232937140592268 6.99
    endloop
  endfacet
  facet normal 0.9469301294951052 -0.3214394653031632 0
    outer loop
      vertex 4.1306667563398385 5.232937140592268 6.99
      vertex 4.1306667563398385 5.232937140592268 0
      vertex 4.168508420739842 5.344415089128581 6.99
    endloop
  endfacet
  facet normal 0.8968727415326904 -0.442288690218997 0
    outer loop
      vertex 4.168508420739842 5.344415089128581 6.99
      vertex 4.168508420739842 5.344415089128581 0
      vertex 4.220577136594005 5.45 6.99
    endloop
  endfacet
  facet normal 0.831469612302545 -0.5555702330196025 0
    outer loop
      vertex 4.220577136594005 5.45 6.99
      vertex 4.220577136594005 5.45 0
      vertex 4.285981993737888 5.5478852861078485 6.99
    endloop
  endfacet
  facet normal 0 0 -1
    outer loop
      vertex 4.285981993737888 4.4521147138921515 6.99
      vertex 4.220577136594005 4.55 6.99
      vertex 4.220577136594005 5.45 6.99
    endloop
  endfacet
  facet normal 0 0 -1
    outer loop
      vertex 4.363603896932107 4.363603896932107 6.99
      vertex 4.285981993737888 4.4521147138921515 6.99
      vertex 4.285981993737888 5.5478852861078485 6.99
    endloop
  endfacet
  facet normal 0 0 -1
    outer loop
      vertex 4.363603896932107 4.363603896932107 6.99
      vertex 4.363603896932107 5.636396103067893 6.99
      vertex 4.4521147138921515 4.285981993737888 6.99
    endloop
  endfacet
  facet normal 0 0 -1
    outer loop
      vertex 4.1306667563398385 4.767062859407732 6.99
      vertex 4.107699624763571 4.882526427001953 6.99
      vertex 4.107699624763571 5.117473572998047 6.99
    endloop
  endfacet
  facet normal 0 0 -1
    outer loop
      vertex 4.107699624763571 4.882526427001953 6.99
      vertex 4.1 5 6.99
      vertex 4.107699624763571 5.117473572998047 6.99
    endloop
  endfacet
  facet normal 0 0 -1
    outer loop
      vertex 4.168508420739842 4.655584910871419 6.99
      vertex 4.1306667563398385 4.767062859407732 6.99
      vertex 4.1306667563398385 5.232937140592268 6.99
    endloop
  endfacet
  facet normal 0 0 -1
    outer loop
      vertex 4.1306667563398385 4.767062859407732 6.99
      vertex 4.107699624763571 5.117473572998047 6.99
      vertex 4.1306667563398385 5.232937140592268 6.99
    endloop
  endfacet
  facet normal 0 0 -1
    outer loop
      vertex 4.168508420739842 4.655584910871419 6.99
      vertex 4.1306667563398385 5.232937140592268 6.99
      vertex 4.168508420739842 5.344415089128581 6.99
    endloop
  endfacet
  facet normal 0 0 -1
    outer loop
      vertex 4.168508420739842 4.655584910871419 6.99
      vertex 4.168508420739842 5.344415089128581 6.99
      vertex 4.220577136594005 4.55 6.99
    endloop
  endfacet
  facet normal 0 0 -1
    outer loop
      vertex 4.220577136594005 4.55 6.99
      vertex 4.168508420739842 5.344415089128581 6.99
      vertex 4.220577136594005 5.45 6.99
    endloop
  endfacet
  facet normal 0 0 -1
    outer loop
      vertex 4.285981993737888 4.4521147138921515 6.99
      vertex 4.220577136594005 5.45 6.99
      vertex 4.285981993737888 5.5478852861078485 6.99
    endloop
  endfacet
  facet normal 0 0 -1
    outer loop
      vertex 4.363603896932107 4.363603896932107 6.99
      vertex 4.285981993737888 5.5478852861078485 6.99
      vertex 4.363603896932107 5.636396103067893 6.99
    endloop
  endfacet
  facet normal 0 0 -1
    outer loop
      vertex 4.4521147138921515 4.285981993737888 6.99
      vertex 4.363603896932107 5.636396103067893 6.99
      vertex 4.4521147138921515 5.714018006262112 6.99
    endloop
  endfacet
  facet normal 0.3214394653031632 0.9469301294951052 1.9309504400148223e-19
    outer loop
      vertex 4.655584910871419 4.168508420739842 6.99
      vertex 4.767062859407732 4.1306667563398385 6.99
      vertex 4.767062859407732 4.1306667563398385 0
    endloop
  endfacet
  facet normal 0.1950903220161271 0.9807852804032307 2.926220841636815e-20
    outer loop
      vertex 4.767062859407732 4.1306667563398385 6.99
      vertex 4.882526427001953 4.107699624763571 6.99
      vertex 4.882526427001953 4.107699624763571 0
    endloop
  endfacet
  facet normal 0.0654031292301479 0.9978589232386033 -1.8756640007198232e-20
    outer loop
      vertex 4.882526427001953 4.107699624763571 6.99
      vertex 5 4.1 6.99
      vertex 5 4.1 0
    endloop
  endfacet
  facet normal -0.0654031292301479 0.9978589232386033 1.8756640007198232e-20
    outer loop
      vertex 5 4.1 6.99
      vertex 5.117473572998047 4.107699624763571 6.99
      vertex 5.117473572998047 4.107699624763571 0
    endloop
  endfacet
  facet normal -0.1950903220161271 0.9807852804032307 -2.926220841636815e-20
    outer loop
      vertex 5.117473572998047 4.107699624763571 6.99
      vertex 5.232937140592268 4.1306667563398385 6.99
      vertex 5.232937140592268 4.1306667563398385 0
    endloop
  endfacet
  facet normal 0.5555702330196025 0.831469612302545 0
    outer loop
      vertex 4.55 4.220577136594005 6.99
      vertex 4.55 4.220577136594005 0
      vertex 4.4521147138921515 4.285981993737888 6.99
    endloop
  endfacet
  facet normal 0.442288690218997 0.8968727415326904 3.2844629729622926e-19
    outer loop
      vertex 4.55 4.220577136594005 6.99
      vertex 4.655584910871419 4.168508420739842 6.99
      vertex 4.655584910871419 4.168508420739842 0
    endloop
  endfacet
  facet normal -0.3214394653031632 0.9469301294951052 -1.9309504400148223e-19
    outer loop
      vertex 5.232937140592268 4.1306667563398385 6.99
      vertex 5.344415089128581 4.168508420739842 6.99
      vertex 5.344415089128581 4.168508420739842 0
    endloop
  endfacet
  facet normal -0.442288690218997 0.8968727415326904 -3.2844629729622926e-19
    outer loop
      vertex 5.344415089128581 4.168508420739842 6.99
      vertex 5.45 4.220577136594005 6.99
      vertex 5.45 4.220577136594005 0
    endloop
  endfacet
  facet normal -0.5555702330196025 0.831469612302545 -4.2380721160211e-20
    outer loop
      vertex 5.45 4.220577136594005 6.99
      vertex 5.5478852861078485 4.285981993737888 6.99
      vertex 5.5478852861078485 4.285981993737888 0
    endloop
  endfacet
  facet normal -0.6593458151000654 0.7518398074789805 -2.670542145504673e-19
    outer loop
      vertex 5.5478852861078485 4.285981993737888 6.99
      vertex 5.636396103067893 4.363603896932107 6.99
      vertex 5.636396103067893 4.363603896932107 0
    endloop
  endfacet
  facet normal -0.7518398074789805 0.6593458151000654 -2.670542145504673e-19
    outer loop
      vertex 5.636396103067893 4.363603896932107 6.99
      vertex 5.714018006262112 4.4521147138921515 6.99
      vertex 5.714018006262112 4.4521147138921515 0
    endloop
  endfacet
  facet normal -0.831469612302545 0.5555702330196025 -4.2380721160211e-20
    outer loop
      vertex 5.714018006262112 4.4521147138921515 6.99
      vertex 5.779422863405995 4.55 6.99
      vertex 5.779422863405995 4.55 0
    endloop
  endfacet
  facet normal -0.8968727415326904 0.442288690218997 -3.2844629729622926e-19
    outer loop
      vertex 5.779422863405995 4.55 6.99
      vertex 5.831491579260158 4.655584910871419 6.99
      vertex 5.831491579260158 4.655584910871419 0
    endloop
  endfacet
  facet normal -0.9469301294951052 0.3214394653031632 -1.9309504400148223e-19
    outer loop
      vertex 5.831491579260158 4.655584910871419 6.99
      vertex 5.8693332436601615 4.767062859407732 6.99
      vertex 5.8693332436601615 4.767062859407732 0
    endloop
  endfacet
  facet normal -0.831469612302545 -0.5555702330196025 4.2380721160211e-20
    outer loop
      vertex 5.779422863405995 5.45 6.99
      vertex 5.714018006262112 5.5478852861078485 6.99
      vertex 5.714018006262112 5.5478852861078485 0
    endloop
  endfacet
  facet normal -0.9807852804032307 0.1950903220161271 -2.926220841636815e-20
    outer loop
      vertex 5.8693332436601615 4.767062859407732 6.99
      vertex 5.892300375236429 4.882526427001953 6.99
      vertex 5.892300375236429 4.882526427001953 0
    endloop
  endfacet
  facet normal -0.9978589232386033 0.0654031292301479 1.8756640007198232e-20
    outer loop
      vertex 5.892300375236429 4.882526427001953 6.99
      vertex 5.9 5 6.99
      vertex 5.9 5 0
    endloop
  endfacet
  facet normal -0.9978589232386033 -0.0654031292301479 -1.8756640007198232e-20
    outer loop
      vertex 5.9 5 6.99
      vertex 5.892300375236429 5.117473572998047 6.99
      vertex 5.892300375236429 5.117473572998047 0
    endloop
  endfacet
  facet normal -0.9469301294951052 -0.3214394653031632 1.9309504400148223e-19
    outer loop
      vertex 5.8693332436601615 5.232937140592268 6.99
      vertex 5.831491579260158 5.344415089128581 6.99
      vertex 5.831491579260158 5.344415089128581 0
    endloop
  endfacet
  facet normal -0.8968727415326904 -0.442288690218997 3.2844629729622926e-19
    outer loop
      vertex 5.831491579260158 5.344415089128581 6.99
      vertex 5.779422863405995 5.45 6.99
      vertex 5.779422863405995 5.45 0
    endloop
  endfacet
  facet normal -0.9807852804032307 -0.1950903220161271 2.926220841636815e-20
    outer loop
      vertex 5.892300375236429 5.117473572998047 6.99
      vertex 5.8693332436601615 5.232937140592268 6.99
      vertex 5.8693332436601615 5.232937140592268 0
    endloop
  endfacet
  facet normal 0 0 -1
    outer loop
      vertex 4.55 4.220577136594005 6.99
      vertex 4.4521147138921515 4.285981993737888 6.99
      vertex 4.4521147138921515 5.714018006262112 6.99
    endloop
  endfacet
  facet normal 0 0 -1
    outer loop
      vertex 4.55 4.220577136594005 6.99
      vertex 4.55 5.779422863405995 6.99
      vertex 4.655584910871419 4.168508420739842 6.99
    endloop
  endfacet
  facet normal 0 0 -1
    outer loop
      vertex 4.655584910871419 4.168508420739842 6.99
      vertex 4.655584910871419 5.831491579260158 6.99
      vertex 4.767062859407732 4.1306667563398385 6.99
    endloop
  endfacet
  facet normal 0 0 -1
    outer loop
      vertex 4.767062859407732 4.1306667563398385 6.99
      vertex 4.767062859407732 5.8693332436601615 6.99
      vertex 4.882526427001953 4.107699624763571 6.99
    endloop
  endfacet
  facet normal 0 0 -1
    outer loop
      vertex 4.55 4.220577136594005 6.99
      vertex 4.4521147138921515 5.714018006262112 6.99
      vertex 4.55 5.779422863405995 6.99
    endloop
  endfacet
  facet normal 0 0 -1
    outer loop
      vertex 4.655584910871419 4.168508420739842 6.99
      vertex 4.55 5.779422863405995 6.99
      vertex 4.655584910871419 5.831491579260158 6.99
    endloop
  endfacet
  facet normal 0 0 -1
    outer loop
      vertex 4.767062859407732 4.1306667563398385 6.99
      vertex 4.655584910871419 5.831491579260158 6.99
      vertex 4.767062859407732 5.8693332436601615 6.99
    endloop
  endfacet
  facet normal 0 0 -1
    outer loop
      vertex 4.882526427001953 4.107699624763571 6.99
      vertex 4.882526427001953 5.892300375236429 6.99
      vertex 5 4.1 6.99
    endloop
  endfacet
  facet normal 0 0 -1
    outer loop
      vertex 5 4.1 6.99
      vertex 5 5.9 6.99
      vertex 5.117473572998047 4.107699624763571 6.99
    endloop
  endfacet
  facet normal 0 0 -1
    outer loop
      vertex 5.117473572998047 4.107699624763571 6.99
      vertex 5.117473572998047 5.892300375236429 6.99
      vertex 5.232937140592268 4.1306667563398385 6.99
    endloop
  endfacet
  facet normal 0 0 -1
    outer loop
      vertex 4.882526427001953 4.107699624763571 6.99
      vertex 4.767062859407732 5.8693332436601615 6.99
      vertex 4.882526427001953 5.892300375236429 6.99
    endloop
  endfacet
  facet normal 0 0 -1
    outer loop
      vertex 5 4.1 6.99
      vertex 4.882526427001953 5.892300375236429 6.99
      vertex 5 5.9 6.99
    endloop
  endfacet
  facet normal 0 0 -1
    outer loop
      vertex 5.117473572998047 4.107699624763571 6.99
      vertex 5 5.9 6.99
      vertex 5.117473572998047 5.892300375236429 6.99
    endloop
  endfacet
  facet normal 0 0 -1
    outer loop
      vertex 5.232937140592268 4.1306667563398385 6.99
      vertex 5.117473572998047 5.892300375236429 6.99
      vertex 5.232937140592268 5.8693332436601615 6.99
    endloop
  endfacet
  facet normal 0 0 -1
    outer loop
      vertex 5.232937140592268 4.1306667563398385 6.99
      vertex 5.232937140592268 5.8693332436601615 6.99
      vertex 5.344415089128581 4.168508420739842 6.99
    endloop
  endfacet
  facet normal 0 0 -1
    outer loop
      vertex 5.344415089128581 4.168508420739842 6.99
      vertex 5.344415089128581 5.831491579260158 6.99
      vertex 5.45 4.220577136594005 6.99
    endloop
  endfacet
  facet normal 0 0 -1
    outer loop
      vertex 5.45 4.220577136594005 6.99
      vertex 5.45 5.779422863405995 6.99
      vertex 5.5478852861078485 4.285981993737888 6.99
    endloop
  endfacet
  facet normal 0 0 -1
    outer loop
      vertex 5.5478852861078485 4.285981993737888 6.99
      vertex 5.5478852861078485 5.714018006262112 6.99
      vertex 5.636396103067893 4.363603896932107 6.99
    endloop
  endfacet
  facet normal 0 0 -1
    outer loop
      vertex 5.344415089128581 4.168508420739842 6.99
      vertex 5.232937140592268 5.8693332436601615 6.99
      vertex 5.344415089128581 5.831491579260158 6.99
    endloop
  endfacet
  facet normal 0 0 -1
    outer loop
      vertex 5.45 4.220577136594005 6.99
      vertex 5.344415089128581 5.831491579260158 6.99
      vertex 5.45 5.779422863405995 6.99
    endloop
  endfacet
  facet normal 0 0 -1
    outer loop
      vertex 5.5478852861078485 4.285981993737888 6.99
      vertex 5.45 5.779422863405995 6.99
      vertex 5.5478852861078485 5.714018006262112 6.99
    endloop
  endfacet
  facet normal 0 0 -1
    outer loop
      vertex 5.636396103067893 4.363603896932107 6.99
      vertex 5.636396103067893 5.636396103067893 6.99
      vertex 5.714018006262112 4.4521147138921515 6.99
    endloop
  endfacet
  facet normal 0 0 -1
    outer loop
      vertex 5.714018006262112 4.4521147138921515 6.99
      vertex 5.714018006262112 5.5478852861078485 6.99
      vertex 5.779422863405995 4.55 6.99
    endloop
  endfacet
  facet normal 0 0 -1
    outer loop
      vertex 5.636396103067893 4.363603896932107 6.99
      vertex 5.5478852861078485 5.714018006262112 6.99
      vertex 5.636396103067893 5.636396103067893 6.99
    endloop
  endfacet
  facet normal 0 0 -1
    outer loop
      vertex 5.714018006262112 4.4521147138921515 6.99
      vertex 5.636396103067893 5.636396103067893 6.99
      vertex 5.714018006262112 5.5478852861078485 6.99
    endloop
  endfacet
  facet normal 0 0 -1
    outer loop
      vertex 5.779422863405995 4.55 6.99
      vertex 5.714018006262112 5.5478852861078485 6.99
      vertex 5.779422863405995 5.45 6.99
    endloop
  endfacet
  facet normal 0 0 -1
    outer loop
      vertex 5.779422863405995 4.55 6.99
      vertex 5.779422863405995 5.45 6.99
      vertex 5.831491579260158 4.655584910871419 6.99
    endloop
  endfacet
  facet normal 0 0 -1
    outer loop
      vertex 5.831491579260158 4.655584910871419 6.99
      vertex 5.831491579260158 5.344415089128581 6.99
      vertex 5.8693332436601615 4.767062859407732 6.99
    endloop
  endfacet
  facet normal 0 0 -1
    outer loop
      vertex 5.8693332436601615 4.767062859407732 6.99
      vertex 5.831491579260158 5.344415089128581 6.99
      vertex 5.8693332436601615 5.232937140592268 6.99
    endloop
  endfacet
  facet normal 0 0 -1
    outer loop
      vertex 5.831491579260158 4.655584910871419 6.99
      vertex 5.779422863405995 5.45 6.99
      vertex 5.831491579260158 5.344415089128581 6.99
    endloop
  endfacet
  facet normal 0 0 -1
    outer loop
      vertex 5.8693332436601615 4.767062859407732 6.99
      vertex 5.8693332436601615 5.232937140592268 6.99
      vertex 5.892300375236429 4.882526427001953 6.99
    endloop
  endfacet
  facet normal 0 0 -1
    outer loop
      vertex 5.892300375236429 4.882526427001953 6.99
      vertex 5.892300375236429 5.117473572998047 6.99
      vertex 5.9 5 6.99
    endloop
  endfacet
  facet normal 0 0 -1
    outer loop
      vertex 5.892300375236429 4.882526427001953 6.99
      vertex 5.8693332436601615 5.232937140592268 6.99
      vertex 5.892300375236429 5.117473572998047 6.99
    endloop
  endfacet
  facet normal 0.7518398074789805 -0.6593458151000654 0
    outer loop
      vertex 4.363603896932107 5.636396103067893 6.99
      vertex 4.285981993737888 5.5478852861078485 0
      vertex 4.363603896932107 5.636396103067893 0
    endloop
  endfacet
  facet normal 0.6593458151000654 -0.7518398074789805 0
    outer loop
      vertex 4.4521147138921515 5.714018006262112 6.99
      vertex 4.363603896932107 5.636396103067893 0
      vertex 4.4521147138921515 5.714018006262112 0
    endloop
  endfacet
  facet normal 0.5555702330196025 -0.831469612302545 0
    outer loop
      vertex 4.55 5.779422863405995 6.99
      vertex 4.4521147138921515 5.714018006262112 0
      vertex 4.55 5.779422863405995 0
    endloop
  endfacet
  facet normal 0.442288690218997 -0.8968727415326904 0
    outer loop
      vertex 4.655584910871419 5.831491579260158 6.99
      vertex 4.55 5.779422863405995 0
      vertex 4.655584910871419 5.831491579260158 0
    endloop
  endfacet
  facet normal 0.3214394653031632 -0.9469301294951052 0
    outer loop
      vertex 4.767062859407732 5.8693332436601615 6.99
      vertex 4.655584910871419 5.831491579260158 0
      vertex 4.767062859407732 5.8693332436601615 0
    endloop
  endfacet
  facet normal 0.1950903220161271 -0.9807852804032307 0
    outer loop
      vertex 4.882526427001953 5.892300375236429 6.99
      vertex 4.767062859407732 5.8693332436601615 0
      vertex 4.882526427001953 5.892300375236429 0
    endloop
  endfacet
  facet normal 0.0654031292301479 -0.9978589232386033 0
    outer loop
      vertex 5 5.9 6.99
      vertex 4.882526427001953 5.892300375236429 0
      vertex 5 5.9 0
    endloop
  endfacet
  facet normal -0.0654031292301479 -0.9978589232386033 0
    outer loop
      vertex 5.117473572998047 5.892300375236429 6.99
      vertex 5 5.9 0
      vertex 5.117473572998047 5.892300375236429 0
    endloop
  endfacet
  facet normal -0.1950903220161271 -0.9807852804032307 0
    outer loop
      vertex 5.232937140592268 5.8693332436601615 6.99
      vertex 5.117473572998047 5.892300375236429 0
      vertex 5.232937140592268 5.8693332436601615 0
    endloop
  endfacet
  facet normal -0.3214394653031632 -0.9469301294951052 0
    outer loop
      vertex 5.344415089128581 5.831491579260158 6.99
      vertex 5.232937140592268 5.8693332436601615 0
      vertex 5.344415089128581 5.831491579260158 0
    endloop
  endfacet
  facet normal -0.442288690218997 -0.8968727415326904 0
    outer loop
      vertex 5.45 5.779422863405995 6.99
      vertex 5.344415089128581 5.831491579260158 0
      vertex 5.45 5.779422863405995 0
    endloop
  endfacet
  facet normal -0.5555702330196025 -0.831469612302545 0
    outer loop
      vertex 5.5478852861078485 5.714018006262112 6.99
      vertex 5.45 5.779422863405995 0
      vertex 5.5478852861078485 5.714018006262112 0
    endloop
  endfacet
  facet normal -0.6593458151000654 -0.7518398074789805 0
    outer loop
      vertex 5.636396103067893 5.636396103067893 6.99
      vertex 5.5478852861078485 5.714018006262112 0
      vertex 5.636396103067893 5.636396103067893 0
    endloop
  endfacet
  facet normal -0.7518398074789805 -0.6593458151000654 0
    outer loop
      vertex 5.714018006262112 5.5478852861078485 6.99
      vertex 5.636396103067893 5.636396103067893 0
      vertex 5.714018006262112 5.5478852861078485 0
    endloop
  endfacet
  facet normal 0.7518398074789805 -0.6593458151000654 0
    outer loop
      vertex 4.285981993737888 5.5478852861078485 6.99
      vertex 4.285981993737888 5.5478852861078485 0
      vertex 4.363603896932107 5.636396103067893 6.99
    endloop
  endfacet
  facet normal 0.6593458151000654 -0.7518398074789805 0
    outer loop
      vertex 4.363603896932107 5.636396103067893 6.99
      vertex 4.363603896932107 5.636396103067893 0
      vertex 4.4521147138921515 5.714018006262112 6.99
    endloop
  endfacet
  facet normal 0.5555702330196025 -0.831469612302545 0
    outer loop
      vertex 4.4521147138921515 5.714018006262112 6.99
      vertex 4.4521147138921515 5.714018006262112 0
      vertex 4.55 5.779422863405995 6.99
    endloop
  endfacet
  facet normal 0.442288690218997 -0.8968727415326904 0
    outer loop
      vertex 4.55 5.779422863405995 6.99
      vertex 4.55 5.779422863405995 0
      vertex 4.655584910871419 5.831491579260158 6.99
    endloop
  endfacet
  facet normal 0.3214394653031632 -0.9469301294951052 0
    outer loop
      vertex 4.655584910871419 5.831491579260158 6.99
      vertex 4.655584910871419 5.831491579260158 0
      vertex 4.767062859407732 5.8693332436601615 6.99
    endloop
  endfacet
  facet normal 0.1950903220161271 -0.9807852804032307 0
    outer loop
      vertex 4.767062859407732 5.8693332436601615 6.99
      vertex 4.767062859407732 5.8693332436601615 0
      vertex 4.882526427001953 5.892300375236429 6.99
    endloop
  endfacet
  facet normal 0.0654031292301479 -0.9978589232386033 0
    outer loop
      vertex 4.882526427001953 5.892300375236429 6.99
      vertex 4.882526427001953 5.892300375236429 0
      vertex 5 5.9 6.99
    endloop
  endfacet
  facet normal -0.0654031292301479 -0.9978589232386033 0
    outer loop
      vertex 5 5.9 6.99
      vertex 5 5.9 0
      vertex 5.117473572998047 5.892300375236429 6.99
    endloop
  endfacet
  facet normal -0.1950903220161271 -0.9807852804032307 0
    outer loop
      vertex 5.117473572998047 5.892300375236429 6.99
      vertex 5.117473572998047 5.892300375236429 0
      vertex 5.232937140592268 5.8693332436601615 6.99
    endloop
  endfacet
  facet normal -0.3214394653031632 -0.9469301294951052 1.9309504400148223e-19
    outer loop
      vertex 5.344415089128581 5.831491579260158 6.99
      vertex 5.232937140592268 5.8693332436601615 6.99
      vertex 5.232937140592268 5.8693332436601615 0
    endloop
  endfacet
  facet normal -0.442288690218997 -0.8968727415326904 0
    outer loop
      vertex 5.344415089128581 5.831491579260158 6.99
      vertex 5.344415089128581 5.831491579260158 0
      vertex 5.45 5.779422863405995 6.99
    endloop
  endfacet
  facet normal -0.5555702330196025 -0.831469612302545 0
    outer loop
      vertex 5.45 5.779422863405995 6.99
      vertex 5.45 5.779422863405995 0
      vertex 5.5478852861078485 5.714018006262112 6.99
    endloop
  endfacet
  facet normal -0.6593458151000654 -0.7518398074789805 2.670542145504673e-19
    outer loop
      vertex 5.636396103067893 5.636396103067893 6.99
      vertex 5.5478852861078485 5.714018006262112 6.99
      vertex 5.5478852861078485 5.714018006262112 0
    endloop
  endfacet
  facet normal -0.7518398074789805 -0.6593458151000654 0
    outer loop
      vertex 5.636396103067893 5.636396103067893 6.99
      vertex 5.636396103067893 5.636396103067893 0
      vertex 5.714018006262112 5.5478852861078485 6.99
    endloop
  endfacet
  facet normal 0.7518398074790099 0.6593458151000318 0
    outer loop
      vertex 4.285981993737888 82.8942262449949 6.99
      vertex 4.363603896932107 82.80571542803484 0
      vertex 4.285981993737888 82.8942262449949 0
    endloop
  endfacet
  facet normal 0.6593458151000398 0.7518398074790029 0
    outer loop
      vertex 4.363603896932107 82.80571542803484 6.99
      vertex 4.4521147138921515 82.72809352484063 0
      vertex 4.363603896932107 82.80571542803484 0
    endloop
  endfacet
  facet normal 0.555570233019639 0.8314696123025207 0
    outer loop
      vertex 4.4521147138921515 82.72809352484063 6.99
      vertex 4.55 82.66268866769674 0
      vertex 4.4521147138921515 82.72809352484063 0
    endloop
  endfacet
  facet normal 0.442288690218991 0.8968727415326934 0
    outer loop
      vertex 4.55 82.66268866769674 6.99
      vertex 4.655584910871419 82.61061995184258 0
      vertex 4.55 82.66268866769674 0
    endloop
  endfacet
  facet normal 0.1950903220161126 0.9807852804032337 0
    outer loop
      vertex 4.767062859407732 82.57277828744257 6.99
      vertex 4.882526427001953 82.54981115586631 0
      vertex 4.767062859407732 82.57277828744257 0
    endloop
  endfacet
  facet normal 0.3214394653031767 0.9469301294951006 0
    outer loop
      vertex 4.655584910871419 82.61061995184258 6.99
      vertex 4.767062859407732 82.57277828744257 0
      vertex 4.655584910871419 82.61061995184258 0
    endloop
  endfacet
  facet normal 0.06540312923017795 0.9978589232386011 0
    outer loop
      vertex 4.882526427001953 82.54981115586631 6.99
      vertex 5 82.54211153110273 0
      vertex 4.882526427001953 82.54981115586631 0
    endloop
  endfacet
  facet normal -0.06540312923017795 0.9978589232386011 0
    outer loop
      vertex 5 82.54211153110273 6.99
      vertex 5.117473572998047 82.54981115586631 0
      vertex 5 82.54211153110273 0
    endloop
  endfacet
  facet normal -0.1950903220161126 0.9807852804032337 0
    outer loop
      vertex 5.117473572998047 82.54981115586631 6.99
      vertex 5.232937140592268 82.57277828744257 0
      vertex 5.117473572998047 82.54981115586631 0
    endloop
  endfacet
  facet normal -0.3214394653031767 0.9469301294951006 0
    outer loop
      vertex 5.232937140592268 82.57277828744257 6.99
      vertex 5.344415089128581 82.61061995184258 0
      vertex 5.232937140592268 82.57277828744257 0
    endloop
  endfacet
  facet normal -0.442288690218991 0.8968727415326934 0
    outer loop
      vertex 5.344415089128581 82.61061995184258 6.99
      vertex 5.45 82.66268866769674 0
      vertex 5.344415089128581 82.61061995184258 0
    endloop
  endfacet
  facet normal -0.555570233019639 0.8314696123025207 0
    outer loop
      vertex 5.45 82.66268866769674 6.99
      vertex 5.5478852861078485 82.72809352484063 0
      vertex 5.45 82.66268866769674 0
    endloop
  endfacet
  facet normal -0.6593458151000398 0.7518398074790029 0
    outer loop
      vertex 5.5478852861078485 82.72809352484063 6.99
      vertex 5.636396103067893 82.80571542803484 0
      vertex 5.5478852861078485 82.72809352484063 0
    endloop
  endfacet
  facet normal -0.7518398074790099 0.6593458151000318 0
    outer loop
      vertex 5.636396103067893 82.80571542803484 6.99
      vertex 5.714018006262112 82.8942262449949 0
      vertex 5.636396103067893 82.80571542803484 0
    endloop
  endfacet
  facet normal 0.7518398074790099 0.6593458151000318 -1.1604254645415699e-19
    outer loop
      vertex 4.285981993737888 82.8942262449949 6.99
      vertex 4.363603896932107 82.80571542803484 6.99
      vertex 4.363603896932107 82.80571542803484 0
    endloop
  endfacet
  facet normal 0.6593458151000398 0.7518398074790029 6.727316201130857e-20
    outer loop
      vertex 4.363603896932107 82.80571542803484 6.99
      vertex 4.4521147138921515 82.72809352484063 6.99
      vertex 4.4521147138921515 82.72809352484063 0
    endloop
  endfacet
  facet normal 0.555570233019639 0.8314696123025207 0
    outer loop
      vertex 4.55 82.66268866769674 6.99
      vertex 4.55 82.66268866769674 0
      vertex 4.4521147138921515 82.72809352484063 6.99
    endloop
  endfacet
  facet normal 0.442288690218991 0.8968727415326934 4.538215639101637e-19
    outer loop
      vertex 4.55 82.66268866769674 6.99
      vertex 4.655584910871419 82.61061995184258 6.99
      vertex 4.655584910871419 82.61061995184258 0
    endloop
  endfacet
  facet normal 0.3214394653031767 0.9469301294951006 -1.30321362584741e-19
    outer loop
      vertex 4.655584910871419 82.61061995184258 6.99
      vertex 4.767062859407732 82.57277828744257 6.99
      vertex 4.767062859407732 82.57277828744257 0
    endloop
  endfacet
  facet normal 0.1950903220161126 0.9807852804032337 -3.0053412551543785e-21
    outer loop
      vertex 4.767062859407732 82.57277828744257 6.99
      vertex 4.882526427001953 82.54981115586631 6.99
      vertex 4.882526427001953 82.54981115586631 0
    endloop
  endfacet
  facet normal 0.06540312923017795 0.9978589232386011 6.371576254662651e-20
    outer loop
      vertex 4.882526427001953 82.54981115586631 6.99
      vertex 5 82.54211153110273 6.99
      vertex 5 82.54211153110273 0
    endloop
  endfacet
  facet normal -0.06540312923017795 0.9978589232386011 -6.371576254662651e-20
    outer loop
      vertex 5 82.54211153110273 6.99
      vertex 5.117473572998047 82.54981115586631 6.99
      vertex 5.117473572998047 82.54981115586631 0
    endloop
  endfacet
  facet normal -0.1950903220161126 0.9807852804032337 3.0053412551543785e-21
    outer loop
      vertex 5.117473572998047 82.54981115586631 6.99
      vertex 5.232937140592268 82.57277828744257 6.99
      vertex 5.232937140592268 82.57277828744257 0
    endloop
  endfacet
  facet normal -0.3214394653031767 0.9469301294951006 1.30321362584741e-19
    outer loop
      vertex 5.232937140592268 82.57277828744257 6.99
      vertex 5.344415089128581 82.61061995184258 6.99
      vertex 5.344415089128581 82.61061995184258 0
    endloop
  endfacet
  facet normal -0.442288690218991 0.8968727415326934 -4.538215639101637e-19
    outer loop
      vertex 5.344415089128581 82.61061995184258 6.99
      vertex 5.45 82.66268866769674 6.99
      vertex 5.45 82.66268866769674 0
    endloop
  endfacet
  facet normal -0.555570233019639 0.8314696123025207 -4.2000638348005766e-19
    outer loop
      vertex 5.45 82.66268866769674 6.99
      vertex 5.5478852861078485 82.72809352484063 6.99
      vertex 5.5478852861078485 82.72809352484063 0
    endloop
  endfacet
  facet normal -0.6593458151000398 0.7518398074790029 -6.727316201130857e-20
    outer loop
      vertex 5.5478852861078485 82.72809352484063 6.99
      vertex 5.636396103067893 82.80571542803484 6.99
      vertex 5.636396103067893 82.80571542803484 0
    endloop
  endfacet
  facet normal -0.7518398074790099 0.6593458151000318 1.1604254645415699e-19
    outer loop
      vertex 5.636396103067893 82.80571542803484 6.99
      vertex 5.714018006262112 82.8942262449949 6.99
      vertex 5.714018006262112 82.8942262449949 0
    endloop
  endfacet
  facet normal 0.9469301294950981 0.32143946530318385 0
    outer loop
      vertex 4.1306667563398385 83.20917439051047 6.99
      vertex 4.168508420739842 83.09769644197416 0
      vertex 4.1306667563398385 83.20917439051047 0
    endloop
  endfacet
  facet normal 0.8968727415327052 0.44228869021896716 0
    outer loop
      vertex 4.168508420739842 83.09769644197416 6.99
      vertex 4.220577136594005 82.99211153110274 0
      vertex 4.168508420739842 83.09769644197416 0
    endloop
  endfacet
  facet normal 0.8314696123025218 0.5555702330196374 0
    outer loop
      vertex 4.220577136594005 82.99211153110274 6.99
      vertex 4.285981993737888 82.8942262449949 0
      vertex 4.220577136594005 82.99211153110274 0
    endloop
  endfacet
  facet normal 0.9807852804032298 0.1950903220161314 0
    outer loop
      vertex 4.107699624763571 83.32463795810469 6.99
      vertex 4.1306667563398385 83.20917439051047 0
      vertex 4.107699624763571 83.32463795810469 0
    endloop
  endfacet
  facet normal 0.9978589232386033 0.06540312923014545 0
    outer loop
      vertex 4.1 83.44211153110274 6.99
      vertex 4.107699624763571 83.32463795810469 0
      vertex 4.1 83.44211153110274 0
    endloop
  endfacet
  facet normal 0.9978589232386033 -0.06540312923014545 0
    outer loop
      vertex 4.107699624763571 83.55958510410079 6.99
      vertex 4.1 83.44211153110274 0
      vertex 4.107699624763571 83.55958510410079 0
    endloop
  endfacet
  facet normal 0.9807852804032298 -0.1950903220161314 0
    outer loop
      vertex 4.1306667563398385 83.67504867169501 6.99
      vertex 4.107699624763571 83.55958510410079 0
      vertex 4.1306667563398385 83.67504867169501 0
    endloop
  endfacet
  facet normal 0.9469301294950981 -0.32143946530318385 0
    outer loop
      vertex 4.168508420739842 83.78652662023131 6.99
      vertex 4.1306667563398385 83.67504867169501 0
      vertex 4.168508420739842 83.78652662023131 0
    endloop
  endfacet
  facet normal 0.8968727415327052 -0.44228869021896716 0
    outer loop
      vertex 4.220577136594005 83.89211153110274 6.99
      vertex 4.168508420739842 83.78652662023131 0
      vertex 4.220577136594005 83.89211153110274 0
    endloop
  endfacet
  facet normal 0.8314696123025218 -0.5555702330196374 0
    outer loop
      vertex 4.285981993737888 83.98999681721058 6.99
      vertex 4.220577136594005 83.89211153110274 0
      vertex 4.285981993737888 83.98999681721058 0
    endloop
  endfacet
  facet normal 0.7518398074790099 -0.6593458151000318 0
    outer loop
      vertex 4.363603896932107 84.07850763417063 6.99
      vertex 4.285981993737888 83.98999681721058 0
      vertex 4.363603896932107 84.07850763417063 0
    endloop
  endfacet
  facet normal 0.6593458151000398 -0.7518398074790029 0
    outer loop
      vertex 4.4521147138921515 84.15612953736485 6.99
      vertex 4.363603896932107 84.07850763417063 0
      vertex 4.4521147138921515 84.15612953736485 0
    endloop
  endfacet
  facet normal 0.555570233019639 -0.8314696123025207 0
    outer loop
      vertex 4.55 84.22153439450874 6.99
      vertex 4.4521147138921515 84.15612953736485 0
      vertex 4.55 84.22153439450874 0
    endloop
  endfacet
  facet normal 0.442288690218991 -0.8968727415326934 0
    outer loop
      vertex 4.655584910871419 84.2736031103629 6.99
      vertex 4.55 84.22153439450874 0
      vertex 4.655584910871419 84.2736031103629 0
    endloop
  endfacet
  facet normal 0.3214394653031767 -0.9469301294951006 0
    outer loop
      vertex 4.767062859407732 84.3114447747629 6.99
      vertex 4.655584910871419 84.2736031103629 0
      vertex 4.767062859407732 84.3114447747629 0
    endloop
  endfacet
  facet normal 0.1950903220161126 -0.9807852804032337 0
    outer loop
      vertex 4.882526427001953 84.33441190633917 6.99
      vertex 4.767062859407732 84.3114447747629 0
      vertex 4.882526427001953 84.33441190633917 0
    endloop
  endfacet
  facet normal 0.06540312923017795 -0.9978589232386011 0
    outer loop
      vertex 5 84.34211153110274 6.99
      vertex 4.882526427001953 84.33441190633917 0
      vertex 5 84.34211153110274 0
    endloop
  endfacet
  facet normal -0.06540312923017795 -0.9978589232386011 0
    outer loop
      vertex 5.117473572998047 84.33441190633917 6.99
      vertex 5 84.34211153110274 0
      vertex 5.117473572998047 84.33441190633917 0
    endloop
  endfacet
  facet normal -0.1950903220161126 -0.9807852804032337 0
    outer loop
      vertex 5.232937140592268 84.3114447747629 6.99
      vertex 5.117473572998047 84.33441190633917 0
      vertex 5.232937140592268 84.3114447747629 0
    endloop
  endfacet
  facet normal -0.3214394653031767 -0.9469301294951006 0
    outer loop
      vertex 5.344415089128581 84.2736031103629 6.99
      vertex 5.232937140592268 84.3114447747629 0
      vertex 5.344415089128581 84.2736031103629 0
    endloop
  endfacet
  facet normal -0.442288690218991 -0.8968727415326934 0
    outer loop
      vertex 5.45 84.22153439450874 6.99
      vertex 5.344415089128581 84.2736031103629 0
      vertex 5.45 84.22153439450874 0
    endloop
  endfacet
  facet normal -0.555570233019639 -0.8314696123025207 0
    outer loop
      vertex 5.5478852861078485 84.15612953736485 6.99
      vertex 5.45 84.22153439450874 0
      vertex 5.5478852861078485 84.15612953736485 0
    endloop
  endfacet
  facet normal -0.8314696123025218 0.5555702330196374 0
    outer loop
      vertex 5.714018006262112 82.8942262449949 6.99
      vertex 5.779422863405995 82.99211153110274 0
      vertex 5.714018006262112 82.8942262449949 0
    endloop
  endfacet
  facet normal -0.8968727415327052 0.44228869021896716 0
    outer loop
      vertex 5.779422863405995 82.99211153110274 6.99
      vertex 5.831491579260158 83.09769644197416 0
      vertex 5.779422863405995 82.99211153110274 0
    endloop
  endfacet
  facet normal -0.9469301294950981 0.32143946530318385 0
    outer loop
      vertex 5.831491579260158 83.09769644197416 6.99
      vertex 5.8693332436601615 83.20917439051047 0
      vertex 5.831491579260158 83.09769644197416 0
    endloop
  endfacet
  facet normal -0.9807852804032298 0.1950903220161314 0
    outer loop
      vertex 5.8693332436601615 83.20917439051047 6.99
      vertex 5.892300375236429 83.32463795810469 0
      vertex 5.8693332436601615 83.20917439051047 0
    endloop
  endfacet
  facet normal -0.9978589232386033 0.06540312923014545 0
    outer loop
      vertex 5.892300375236429 83.32463795810469 6.99
      vertex 5.9 83.44211153110274 0
      vertex 5.892300375236429 83.32463795810469 0
    endloop
  endfacet
  facet normal -0.9978589232386033 -0.06540312923014545 0
    outer loop
      vertex 5.9 83.44211153110274 6.99
      vertex 5.892300375236429 83.55958510410079 0
      vertex 5.9 83.44211153110274 0
    endloop
  endfacet
  facet normal -0.9807852804032298 -0.1950903220161314 0
    outer loop
      vertex 5.892300375236429 83.55958510410079 6.99
      vertex 5.8693332436601615 83.67504867169501 0
      vertex 5.892300375236429 83.55958510410079 0
    endloop
  endfacet
  facet normal -0.8314696123025218 -0.5555702330196374 0
    outer loop
      vertex 5.779422863405995 83.89211153110274 6.99
      vertex 5.714018006262112 83.98999681721058 0
      vertex 5.779422863405995 83.89211153110274 0
    endloop
  endfacet
  facet normal -0.6593458151000398 -0.7518398074790029 0
    outer loop
      vertex 5.636396103067893 84.07850763417063 6.99
      vertex 5.5478852861078485 84.15612953736485 0
      vertex 5.636396103067893 84.07850763417063 0
    endloop
  endfacet
  facet normal -0.7518398074790099 -0.6593458151000318 0
    outer loop
      vertex 5.714018006262112 83.98999681721058 6.99
      vertex 5.636396103067893 84.07850763417063 0
      vertex 5.714018006262112 83.98999681721058 0
    endloop
  endfacet
  facet normal -0.9469301294950981 -0.32143946530318385 0
    outer loop
      vertex 5.8693332436601615 83.67504867169501 6.99
      vertex 5.831491579260158 83.78652662023131 0
      vertex 5.8693332436601615 83.67504867169501 0
    endloop
  endfacet
  facet normal -0.8968727415327052 -0.44228869021896716 0
    outer loop
      vertex 5.831491579260158 83.78652662023131 6.99
      vertex 5.779422863405995 83.89211153110274 0
      vertex 5.831491579260158 83.78652662023131 0
    endloop
  endfacet
  facet normal 0.9807852804032298 0.1950903220161314 0
    outer loop
      vertex 4.1306667563398385 83.20917439051047 6.99
      vertex 4.1306667563398385 83.20917439051047 0
      vertex 4.107699624763571 83.32463795810469 6.99
    endloop
  endfacet
  facet normal 0.9469301294950981 0.32143946530318385 0
    outer loop
      vertex 4.168508420739842 83.09769644197416 6.99
      vertex 4.168508420739842 83.09769644197416 0
      vertex 4.1306667563398385 83.20917439051047 6.99
    endloop
  endfacet
  facet normal 0.8968727415327052 0.44228869021896716 0
    outer loop
      vertex 4.220577136594005 82.99211153110274 6.99
      vertex 4.220577136594005 82.99211153110274 0
      vertex 4.168508420739842 83.09769644197416 6.99
    endloop
  endfacet
  facet normal 0.8314696123025218 0.5555702330196374 0
    outer loop
      vertex 4.285981993737888 82.8942262449949 6.99
      vertex 4.285981993737888 82.8942262449949 0
      vertex 4.220577136594005 82.99211153110274 6.99
    endloop
  endfacet
  facet normal 0.9978589232386033 0.06540312923014545 0
    outer loop
      vertex 4.107699624763571 83.32463795810469 6.99
      vertex 4.107699624763571 83.32463795810469 0
      vertex 4.1 83.44211153110274 6.99
    endloop
  endfacet
  facet normal 0.9978589232386033 -0.06540312923014545 0
    outer loop
      vertex 4.1 83.44211153110274 6.99
      vertex 4.1 83.44211153110274 0
      vertex 4.107699624763571 83.55958510410079 6.99
    endloop
  endfacet
  facet normal 0.9807852804032298 -0.1950903220161314 0
    outer loop
      vertex 4.107699624763571 83.55958510410079 6.99
      vertex 4.107699624763571 83.55958510410079 0
      vertex 4.1306667563398385 83.67504867169501 6.99
    endloop
  endfacet
  facet normal 0.9469301294950981 -0.32143946530318385 0
    outer loop
      vertex 4.1306667563398385 83.67504867169501 6.99
      vertex 4.1306667563398385 83.67504867169501 0
      vertex 4.168508420739842 83.78652662023131 6.99
    endloop
  endfacet
  facet normal 0.8968727415327052 -0.44228869021896716 0
    outer loop
      vertex 4.168508420739842 83.78652662023131 6.99
      vertex 4.168508420739842 83.78652662023131 0
      vertex 4.220577136594005 83.89211153110274 6.99
    endloop
  endfacet
  facet normal 0.8314696123025218 -0.5555702330196374 0
    outer loop
      vertex 4.220577136594005 83.89211153110274 6.99
      vertex 4.220577136594005 83.89211153110274 0
      vertex 4.285981993737888 83.98999681721058 6.99
    endloop
  endfacet
  facet normal 0.7518398074790099 -0.6593458151000318 0
    outer loop
      vertex 4.285981993737888 83.98999681721058 6.99
      vertex 4.285981993737888 83.98999681721058 0
      vertex 4.363603896932107 84.07850763417063 6.99
    endloop
  endfacet
  facet normal 0.6593458151000398 -0.7518398074790029 0
    outer loop
      vertex 4.363603896932107 84.07850763417063 6.99
      vertex 4.363603896932107 84.07850763417063 0
      vertex 4.4521147138921515 84.15612953736485 6.99
    endloop
  endfacet
  facet normal 0 0 -1
    outer loop
      vertex 4.285981993737888 82.8942262449949 6.99
      vertex 4.220577136594005 82.99211153110274 6.99
      vertex 4.220577136594005 83.89211153110274 6.99
    endloop
  endfacet
  facet normal 0 0 -1
    outer loop
      vertex 4.1306667563398385 83.20917439051047 6.99
      vertex 4.107699624763571 83.32463795810469 6.99
      vertex 4.107699624763571 83.55958510410079 6.99
    endloop
  endfacet
  facet normal 0 0 -1
    outer loop
      vertex 4.168508420739842 83.09769644197416 6.99
      vertex 4.1306667563398385 83.20917439051047 6.99
      vertex 4.1306667563398385 83.67504867169501 6.99
    endloop
  endfacet
  facet normal 0 0 -1
    outer loop
      vertex 4.107699624763571 83.32463795810469 6.99
      vertex 4.1 83.44211153110274 6.99
      vertex 4.107699624763571 83.55958510410079 6.99
    endloop
  endfacet
  facet normal 0 0 -1
    outer loop
      vertex 4.1306667563398385 83.20917439051047 6.99
      vertex 4.107699624763571 83.55958510410079 6.99
      vertex 4.1306667563398385 83.67504867169501 6.99
    endloop
  endfacet
  facet normal 0 0 -1
    outer loop
      vertex 4.168508420739842 83.09769644197416 6.99
      vertex 4.1306667563398385 83.67504867169501 6.99
      vertex 4.168508420739842 83.78652662023131 6.99
    endloop
  endfacet
  facet normal 0 0 -1
    outer loop
      vertex 4.220577136594005 82.99211153110274 6.99
      vertex 4.168508420739842 83.09769644197416 6.99
      vertex 4.168508420739842 83.78652662023131 6.99
    endloop
  endfacet
  facet normal 0 0 -1
    outer loop
      vertex 4.220577136594005 82.99211153110274 6.99
      vertex 4.168508420739842 83.78652662023131 6.99
      vertex 4.220577136594005 83.89211153110274 6.99
    endloop
  endfacet
  facet normal 0 0 -1
    outer loop
      vertex 4.285981993737888 82.8942262449949 6.99
      vertex 4.220577136594005 83.89211153110274 6.99
      vertex 4.285981993737888 83.98999681721058 6.99
    endloop
  endfacet
  facet normal 0 0 -1
    outer loop
      vertex 4.285981993737888 82.8942262449949 6.99
      vertex 4.285981993737888 83.98999681721058 6.99
      vertex 4.363603896932107 82.80571542803484 6.99
    endloop
  endfacet
  facet normal 0 0 -1
    outer loop
      vertex 4.363603896932107 82.80571542803484 6.99
      vertex 4.363603896932107 84.07850763417063 6.99
      vertex 4.4521147138921515 82.72809352484063 6.99
    endloop
  endfacet
  facet normal 0 0 -1
    outer loop
      vertex 4.363603896932107 82.80571542803484 6.99
      vertex 4.285981993737888 83.98999681721058 6.99
      vertex 4.363603896932107 84.07850763417063 6.99
    endloop
  endfacet
  facet normal 0 0 -1
    outer loop
      vertex 4.4521147138921515 82.72809352484063 6.99
      vertex 4.363603896932107 84.07850763417063 6.99
      vertex 4.4521147138921515 84.15612953736485 6.99
    endloop
  endfacet
  facet normal 0.555570233019639 -0.8314696123025207 0
    outer loop
      vertex 4.4521147138921515 84.15612953736485 6.99
      vertex 4.4521147138921515 84.15612953736485 0
      vertex 4.55 84.22153439450874 6.99
    endloop
  endfacet
  facet normal 0.442288690218991 -0.8968727415326934 0
    outer loop
      vertex 4.55 84.22153439450874 6.99
      vertex 4.55 84.22153439450874 0
      vertex 4.655584910871419 84.2736031103629 6.99
    endloop
  endfacet
  facet normal 0.3214394653031767 -0.9469301294951006 0
    outer loop
      vertex 4.655584910871419 84.2736031103629 6.99
      vertex 4.655584910871419 84.2736031103629 0
      vertex 4.767062859407732 84.3114447747629 6.99
    endloop
  endfacet
  facet normal 0.1950903220161126 -0.9807852804032337 0
    outer loop
      vertex 4.767062859407732 84.3114447747629 6.99
      vertex 4.767062859407732 84.3114447747629 0
      vertex 4.882526427001953 84.33441190633917 6.99
    endloop
  endfacet
  facet normal 0.06540312923017795 -0.9978589232386011 0
    outer loop
      vertex 4.882526427001953 84.33441190633917 6.99
      vertex 4.882526427001953 84.33441190633917 0
      vertex 5 84.34211153110274 6.99
    endloop
  endfacet
  facet normal -0.06540312923017795 -0.9978589232386011 0
    outer loop
      vertex 5 84.34211153110274 6.99
      vertex 5 84.34211153110274 0
      vertex 5.117473572998047 84.33441190633917 6.99
    endloop
  endfacet
  facet normal -0.1950903220161126 -0.9807852804032337 0
    outer loop
      vertex 5.117473572998047 84.33441190633917 6.99
      vertex 5.117473572998047 84.33441190633917 0
      vertex 5.232937140592268 84.3114447747629 6.99
    endloop
  endfacet
  facet normal -0.442288690218991 -0.8968727415326934 0
    outer loop
      vertex 5.344415089128581 84.2736031103629 6.99
      vertex 5.344415089128581 84.2736031103629 0
      vertex 5.45 84.22153439450874 6.99
    endloop
  endfacet
  facet normal -0.555570233019639 -0.8314696123025207 4.2000638348005766e-19
    outer loop
      vertex 5.5478852861078485 84.15612953736485 6.99
      vertex 5.45 84.22153439450874 6.99
      vertex 5.45 84.22153439450874 0
    endloop
  endfacet
  facet normal -0.6593458151000398 -0.7518398074790029 6.727316201130857e-20
    outer loop
      vertex 5.636396103067893 84.07850763417063 6.99
      vertex 5.5478852861078485 84.15612953736485 6.99
      vertex 5.5478852861078485 84.15612953736485 0
    endloop
  endfacet
  facet normal -0.8314696123025218 0.5555702330196374 2.256193790667202e-19
    outer loop
      vertex 5.714018006262112 82.8942262449949 6.99
      vertex 5.779422863405995 82.99211153110274 6.99
      vertex 5.779422863405995 82.99211153110274 0
    endloop
  endfacet
  facet normal -0.8968727415327052 0.44228869021896716 -1.348737327094339e-19
    outer loop
      vertex 5.779422863405995 82.99211153110274 6.99
      vertex 5.831491579260158 83.09769644197416 6.99
      vertex 5.831491579260158 83.09769644197416 0
    endloop
  endfacet
  facet normal -0.9469301294950981 0.32143946530318385 7.169874900833723e-20
    outer loop
      vertex 5.831491579260158 83.09769644197416 6.99
      vertex 5.8693332436601615 83.20917439051047 6.99
      vertex 5.8693332436601615 83.20917439051047 0
    endloop
  endfacet
  facet normal -0.9807852804032298 0.1950903220161314 -8.726346154921207e-20
    outer loop
      vertex 5.8693332436601615 83.20917439051047 6.99
      vertex 5.892300375236429 83.32463795810469 6.99
      vertex 5.892300375236429 83.32463795810469 0
    endloop
  endfacet
  facet normal -0.9978589232386033 0.06540312923014545 -6.337447943880614e-20
    outer loop
      vertex 5.892300375236429 83.32463795810469 6.99
      vertex 5.9 83.44211153110274 6.99
      vertex 5.9 83.44211153110274 0
    endloop
  endfacet
  facet normal -0.9978589232386033 -0.06540312923014545 6.337447943880614e-20
    outer loop
      vertex 5.9 83.44211153110274 6.99
      vertex 5.892300375236429 83.55958510410079 6.99
      vertex 5.892300375236429 83.55958510410079 0
    endloop
  endfacet
  facet normal -0.7518398074790099 -0.6593458151000318 -1.1604254645415699e-19
    outer loop
      vertex 5.714018006262112 83.98999681721058 6.99
      vertex 5.636396103067893 84.07850763417063 6.99
      vertex 5.636396103067893 84.07850763417063 0
    endloop
  endfacet
  facet normal -0.8314696123025218 -0.5555702330196374 -2.256193790667202e-19
    outer loop
      vertex 5.779422863405995 83.89211153110274 6.99
      vertex 5.714018006262112 83.98999681721058 6.99
      vertex 5.714018006262112 83.98999681721058 0
    endloop
  endfacet
  facet normal -0.9469301294950981 -0.32143946530318385 -7.169874900833723e-20
    outer loop
      vertex 5.8693332436601615 83.67504867169501 6.99
      vertex 5.831491579260158 83.78652662023131 6.99
      vertex 5.831491579260158 83.78652662023131 0
    endloop
  endfacet
  facet normal -0.8968727415327052 -0.44228869021896716 1.348737327094339e-19
    outer loop
      vertex 5.831491579260158 83.78652662023131 6.99
      vertex 5.779422863405995 83.89211153110274 6.99
      vertex 5.779422863405995 83.89211153110274 0
    endloop
  endfacet
  facet normal -0.9807852804032298 -0.1950903220161314 8.726346154921207e-20
    outer loop
      vertex 5.892300375236429 83.55958510410079 6.99
      vertex 5.8693332436601615 83.67504867169501 6.99
      vertex 5.8693332436601615 83.67504867169501 0
    endloop
  endfacet
  facet normal -0.3214394653031767 -0.9469301294951006 0
    outer loop
      vertex 5.232937140592268 84.3114447747629 6.99
      vertex 5.232937140592268 84.3114447747629 0
      vertex 5.344415089128581 84.2736031103629 6.99
    endloop
  endfacet
  facet normal 0 0 -1
    outer loop
      vertex 4.55 82.66268866769674 6.99
      vertex 4.4521147138921515 82.72809352484063 6.99
      vertex 4.4521147138921515 84.15612953736485 6.99
    endloop
  endfacet
  facet normal 0 0 -1
    outer loop
      vertex 4.55 82.66268866769674 6.99
      vertex 4.55 84.22153439450874 6.99
      vertex 4.655584910871419 82.61061995184258 6.99
    endloop
  endfacet
  facet normal 0 0 -1
    outer loop
      vertex 4.655584910871419 82.61061995184258 6.99
      vertex 4.655584910871419 84.2736031103629 6.99
      vertex 4.767062859407732 82.57277828744257 6.99
    endloop
  endfacet
  facet normal 0 0 -1
    outer loop
      vertex 4.767062859407732 82.57277828744257 6.99
      vertex 4.767062859407732 84.3114447747629 6.99
      vertex 4.882526427001953 82.54981115586631 6.99
    endloop
  endfacet
  facet normal 0 0 -1
    outer loop
      vertex 4.55 82.66268866769674 6.99
      vertex 4.4521147138921515 84.15612953736485 6.99
      vertex 4.55 84.22153439450874 6.99
    endloop
  endfacet
  facet normal 0 0 -1
    outer loop
      vertex 4.655584910871419 82.61061995184258 6.99
      vertex 4.55 84.22153439450874 6.99
      vertex 4.655584910871419 84.2736031103629 6.99
    endloop
  endfacet
  facet normal 0 0 -1
    outer loop
      vertex 4.767062859407732 82.57277828744257 6.99
      vertex 4.655584910871419 84.2736031103629 6.99
      vertex 4.767062859407732 84.3114447747629 6.99
    endloop
  endfacet
  facet normal 0 0 -1
    outer loop
      vertex 4.882526427001953 82.54981115586631 6.99
      vertex 4.882526427001953 84.33441190633917 6.99
      vertex 5 82.54211153110273 6.99
    endloop
  endfacet
  facet normal 0 0 -1
    outer loop
      vertex 5 82.54211153110273 6.99
      vertex 5 84.34211153110274 6.99
      vertex 5.117473572998047 82.54981115586631 6.99
    endloop
  endfacet
  facet normal 0 0 -1
    outer loop
      vertex 5.117473572998047 82.54981115586631 6.99
      vertex 5.117473572998047 84.33441190633917 6.99
      vertex 5.232937140592268 82.57277828744257 6.99
    endloop
  endfacet
  facet normal 0 0 -1
    outer loop
      vertex 4.882526427001953 82.54981115586631 6.99
      vertex 4.767062859407732 84.3114447747629 6.99
      vertex 4.882526427001953 84.33441190633917 6.99
    endloop
  endfacet
  facet normal 0 0 -1
    outer loop
      vertex 5 82.54211153110273 6.99
      vertex 4.882526427001953 84.33441190633917 6.99
      vertex 5 84.34211153110274 6.99
    endloop
  endfacet
  facet normal 0 0 -1
    outer loop
      vertex 5.117473572998047 82.54981115586631 6.99
      vertex 5 84.34211153110274 6.99
      vertex 5.117473572998047 84.33441190633917 6.99
    endloop
  endfacet
  facet normal 0 0 -1
    outer loop
      vertex 5.232937140592268 82.57277828744257 6.99
      vertex 5.117473572998047 84.33441190633917 6.99
      vertex 5.232937140592268 84.3114447747629 6.99
    endloop
  endfacet
  facet normal 0 0 -1
    outer loop
      vertex 5.232937140592268 82.57277828744257 6.99
      vertex 5.232937140592268 84.3114447747629 6.99
      vertex 5.344415089128581 82.61061995184258 6.99
    endloop
  endfacet
  facet normal 0 0 -1
    outer loop
      vertex 5.344415089128581 82.61061995184258 6.99
      vertex 5.344415089128581 84.2736031103629 6.99
      vertex 5.45 82.66268866769674 6.99
    endloop
  endfacet
  facet normal 0 0 -1
    outer loop
      vertex 5.45 82.66268866769674 6.99
      vertex 5.45 84.22153439450874 6.99
      vertex 5.5478852861078485 82.72809352484063 6.99
    endloop
  endfacet
  facet normal 0 0 -1
    outer loop
      vertex 5.5478852861078485 82.72809352484063 6.99
      vertex 5.5478852861078485 84.15612953736485 6.99
      vertex 5.636396103067893 82.80571542803484 6.99
    endloop
  endfacet
  facet normal 0 0 -1
    outer loop
      vertex 5.344415089128581 82.61061995184258 6.99
      vertex 5.232937140592268 84.3114447747629 6.99
      vertex 5.344415089128581 84.2736031103629 6.99
    endloop
  endfacet
  facet normal 0 0 -1
    outer loop
      vertex 5.45 82.66268866769674 6.99
      vertex 5.344415089128581 84.2736031103629 6.99
      vertex 5.45 84.22153439450874 6.99
    endloop
  endfacet
  facet normal 0 0 -1
    outer loop
      vertex 5.5478852861078485 82.72809352484063 6.99
      vertex 5.45 84.22153439450874 6.99
      vertex 5.5478852861078485 84.15612953736485 6.99
    endloop
  endfacet
  facet normal 0 0 -1
    outer loop
      vertex 5.636396103067893 82.80571542803484 6.99
      vertex 5.636396103067893 84.07850763417063 6.99
      vertex 5.714018006262112 82.8942262449949 6.99
    endloop
  endfacet
  facet normal 0 0 -1
    outer loop
      vertex 5.714018006262112 82.8942262449949 6.99
      vertex 5.714018006262112 83.98999681721058 6.99
      vertex 5.779422863405995 82.99211153110274 6.99
    endloop
  endfacet
  facet normal 0 0 -1
    outer loop
      vertex 5.779422863405995 82.99211153110274 6.99
      vertex 5.779422863405995 83.89211153110274 6.99
      vertex 5.831491579260158 83.09769644197416 6.99
    endloop
  endfacet
  facet normal 0 0 -1
    outer loop
      vertex 5.831491579260158 83.09769644197416 6.99
      vertex 5.831491579260158 83.78652662023131 6.99
      vertex 5.8693332436601615 83.20917439051047 6.99
    endloop
  endfacet
  facet normal 0 0 -1
    outer loop
      vertex 5.8693332436601615 83.20917439051047 6.99
      vertex 5.831491579260158 83.78652662023131 6.99
      vertex 5.8693332436601615 83.67504867169501 6.99
    endloop
  endfacet
  facet normal 0 0 -1
    outer loop
      vertex 5.831491579260158 83.09769644197416 6.99
      vertex 5.779422863405995 83.89211153110274 6.99
      vertex 5.831491579260158 83.78652662023131 6.99
    endloop
  endfacet
  facet normal 0 0 -1
    outer loop
      vertex 5.8693332436601615 83.20917439051047 6.99
      vertex 5.8693332436601615 83.67504867169501 6.99
      vertex 5.892300375236429 83.32463795810469 6.99
    endloop
  endfacet
  facet normal 0 0 -1
    outer loop
      vertex 5.892300375236429 83.32463795810469 6.99
      vertex 5.892300375236429 83.55958510410079 6.99
      vertex 5.9 83.44211153110274 6.99
    endloop
  endfacet
  facet normal 0 0 -1
    outer loop
      vertex 5.892300375236429 83.32463795810469 6.99
      vertex 5.8693332436601615 83.67504867169501 6.99
      vertex 5.892300375236429 83.55958510410079 6.99
    endloop
  endfacet
  facet normal 0 0 -1
    outer loop
      vertex 5.636396103067893 82.80571542803484 6.99
      vertex 5.5478852861078485 84.15612953736485 6.99
      vertex 5.636396103067893 84.07850763417063 6.99
    endloop
  endfacet
  facet normal 0 0 -1
    outer loop
      vertex 5.714018006262112 82.8942262449949 6.99
      vertex 5.636396103067893 84.07850763417063 6.99
      vertex 5.714018006262112 83.98999681721058 6.99
    endloop
  endfacet
  facet normal 0 0 -1
    outer loop
      vertex 5.779422863405995 82.99211153110274 6.99
      vertex 5.714018006262112 83.98999681721058 6.99
      vertex 5.779422863405995 83.89211153110274 6.99
    endloop
  endfacet
  facet normal 0.8968727415326934 0.442288690218991 0
    outer loop
      vertex 41.768508420739835 4.655584910871419 6.99
      vertex 41.820577136594 4.55 0
      vertex 41.768508420739835 4.655584910871419 0
    endloop
  endfacet
  facet normal 0.9469301294951006 0.3214394653031767 0
    outer loop
      vertex 41.73066675633983 4.767062859407732 6.99
      vertex 41.768508420739835 4.655584910871419 0
      vertex 41.73066675633983 4.767062859407732 0
    endloop
  endfacet
  facet normal 0.7518398074790029 0.6593458151000398 0
    outer loop
      vertex 41.885981993737886 4.4521147138921515 6.99
      vertex 41.9636038969321 4.363603896932107 0
      vertex 41.885981993737886 4.4521147138921515 0
    endloop
  endfacet
  facet normal 0.6593458151000617 0.7518398074789838 0
    outer loop
      vertex 41.9636038969321 4.363603896932107 6.99
      vertex 42.052114713892145 4.285981993737888 0
      vertex 41.9636038969321 4.363603896932107 0
    endloop
  endfacet
  facet normal 0.8314696123025207 0.555570233019639 0
    outer loop
      vertex 41.820577136594 4.55 6.99
      vertex 41.885981993737886 4.4521147138921515 0
      vertex 41.820577136594 4.55 0
    endloop
  endfacet
  facet normal 0.9807852804032337 0.1950903220161126 0
    outer loop
      vertex 41.70769962476356 4.882526427001953 6.99
      vertex 41.73066675633983 4.767062859407732 0
      vertex 41.70769962476356 4.882526427001953 0
    endloop
  endfacet
  facet normal 0.9978589232386051 0.06540312923011786 0
    outer loop
      vertex 41.699999999999996 5 6.99
      vertex 41.70769962476356 4.882526427001953 0
      vertex 41.699999999999996 5 0
    endloop
  endfacet
  facet normal 0.9978589232386051 -0.06540312923011786 0
    outer loop
      vertex 41.70769962476356 5.117473572998047 6.99
      vertex 41.699999999999996 5 0
      vertex 41.70769962476356 5.117473572998047 0
    endloop
  endfacet
  facet normal 0.9807852804032337 -0.1950903220161126 0
    outer loop
      vertex 41.73066675633983 5.232937140592268 6.99
      vertex 41.70769962476356 5.117473572998047 0
      vertex 41.73066675633983 5.232937140592268 0
    endloop
  endfacet
  facet normal 0.9469301294951006 -0.3214394653031767 0
    outer loop
      vertex 41.768508420739835 5.344415089128581 6.99
      vertex 41.73066675633983 5.232937140592268 0
      vertex 41.768508420739835 5.344415089128581 0
    endloop
  endfacet
  facet normal 0.8968727415326934 -0.442288690218991 0
    outer loop
      vertex 41.820577136594 5.45 6.99
      vertex 41.768508420739835 5.344415089128581 0
      vertex 41.820577136594 5.45 0
    endloop
  endfacet
  facet normal 0.8314696123025207 -0.555570233019639 0
    outer loop
      vertex 41.885981993737886 5.5478852861078485 6.99
      vertex 41.820577136594 5.45 0
      vertex 41.885981993737886 5.5478852861078485 0
    endloop
  endfacet
  facet normal 0.5555702330196095 0.8314696123025404 0
    outer loop
      vertex 42.052114713892145 4.285981993737888 6.99
      vertex 42.14999999999999 4.220577136594005 0
      vertex 42.052114713892145 4.285981993737888 0
    endloop
  endfacet
  facet normal 0.4422886902189911 0.8968727415326935 0
    outer loop
      vertex 42.14999999999999 4.220577136594005 6.99
      vertex 42.25558491087141 4.168508420739842 0
      vertex 42.14999999999999 4.220577136594005 0
    endloop
  endfacet
  facet normal 0.3214394653031655 0.9469301294951045 0
    outer loop
      vertex 42.25558491087141 4.168508420739842 6.99
      vertex 42.367062859407724 4.1306667563398385 0
      vertex 42.25558491087141 4.168508420739842 0
    endloop
  endfacet
  facet normal 0.19509032201611987 0.9807852804032321 0
    outer loop
      vertex 42.367062859407724 4.1306667563398385 6.99
      vertex 42.48252642700195 4.107699624763571 0
      vertex 42.367062859407724 4.1306667563398385 0
    endloop
  endfacet
  facet normal 0.06540312923014938 0.997858923238603 0
    outer loop
      vertex 42.48252642700195 4.107699624763571 6.99
      vertex 42.599999999999994 4.1 0
      vertex 42.48252642700195 4.107699624763571 0
    endloop
  endfacet
  facet normal -0.06540312923014938 0.997858923238603 0
    outer loop
      vertex 42.599999999999994 4.1 6.99
      vertex 42.71747357299804 4.107699624763571 0
      vertex 42.599999999999994 4.1 0
    endloop
  endfacet
  facet normal -0.19509032201611987 0.9807852804032321 0
    outer loop
      vertex 42.71747357299804 4.107699624763571 6.99
      vertex 42.832937140592264 4.1306667563398385 0
      vertex 42.71747357299804 4.107699624763571 0
    endloop
  endfacet
  facet normal -0.3214394653031655 0.9469301294951045 0
    outer loop
      vertex 42.832937140592264 4.1306667563398385 6.99
      vertex 42.944415089128576 4.168508420739842 0
      vertex 42.832937140592264 4.1306667563398385 0
    endloop
  endfacet
  facet normal -0.4422886902189911 0.8968727415326935 0
    outer loop
      vertex 42.944415089128576 4.168508420739842 6.99
      vertex 43.05 4.220577136594005 0
      vertex 42.944415089128576 4.168508420739842 0
    endloop
  endfacet
  facet normal -0.5555702330196095 0.8314696123025404 0
    outer loop
      vertex 43.05 4.220577136594005 6.99
      vertex 43.147885286107844 4.285981993737888 0
      vertex 43.05 4.220577136594005 0
    endloop
  endfacet
  facet normal -0.6593458151000617 0.7518398074789838 0
    outer loop
      vertex 43.147885286107844 4.285981993737888 6.99
      vertex 43.23639610306789 4.363603896932107 0
      vertex 43.147885286107844 4.285981993737888 0
    endloop
  endfacet
  facet normal -0.7518398074790029 0.6593458151000398 0
    outer loop
      vertex 43.23639610306789 4.363603896932107 6.99
      vertex 43.3140180062621 4.4521147138921515 0
      vertex 43.23639610306789 4.363603896932107 0
    endloop
  endfacet
  facet normal -0.8314696123025207 0.555570233019639 0
    outer loop
      vertex 43.3140180062621 4.4521147138921515 6.99
      vertex 43.37942286340599 4.55 0
      vertex 43.3140180062621 4.4521147138921515 0
    endloop
  endfacet
  facet normal -0.8968727415326934 0.442288690218991 0
    outer loop
      vertex 43.37942286340599 4.55 6.99
      vertex 43.431491579260154 4.655584910871419 0
      vertex 43.37942286340599 4.55 0
    endloop
  endfacet
  facet normal -0.9469301294951006 0.3214394653031767 0
    outer loop
      vertex 43.431491579260154 4.655584910871419 6.99
      vertex 43.46933324366016 4.767062859407732 0
      vertex 43.431491579260154 4.655584910871419 0
    endloop
  endfacet
  facet normal -0.9807852804032337 0.1950903220161126 0
    outer loop
      vertex 43.46933324366016 4.767062859407732 6.99
      vertex 43.492300375236425 4.882526427001953 0
      vertex 43.46933324366016 4.767062859407732 0
    endloop
  endfacet
  facet normal -0.9978589232386051 0.06540312923011786 0
    outer loop
      vertex 43.492300375236425 4.882526427001953 6.99
      vertex 43.49999999999999 5 0
      vertex 43.492300375236425 4.882526427001953 0
    endloop
  endfacet
  facet normal -0.9978589232386051 -0.06540312923011786 0
    outer loop
      vertex 43.49999999999999 5 6.99
      vertex 43.492300375236425 5.117473572998047 0
      vertex 43.49999999999999 5 0
    endloop
  endfacet
  facet normal -0.9807852804032337 -0.1950903220161126 0
    outer loop
      vertex 43.492300375236425 5.117473572998047 6.99
      vertex 43.46933324366016 5.232937140592268 0
      vertex 43.492300375236425 5.117473572998047 0
    endloop
  endfacet
  facet normal -0.8314696123025207 -0.555570233019639 0
    outer loop
      vertex 43.37942286340599 5.45 6.99
      vertex 43.3140180062621 5.5478852861078485 0
      vertex 43.37942286340599 5.45 0
    endloop
  endfacet
  facet normal -0.8968727415326934 -0.442288690218991 0
    outer loop
      vertex 43.431491579260154 5.344415089128581 6.99
      vertex 43.37942286340599 5.45 0
      vertex 43.431491579260154 5.344415089128581 0
    endloop
  endfacet
  facet normal -0.9469301294951006 -0.3214394653031767 0
    outer loop
      vertex 43.46933324366016 5.232937140592268 6.99
      vertex 43.431491579260154 5.344415089128581 0
      vertex 43.46933324366016 5.232937140592268 0
    endloop
  endfacet
  facet normal 0.3214394653031655 0.9469301294951045 -7.055488100675313e-20
    outer loop
      vertex 42.25558491087141 4.168508420739842 6.99
      vertex 42.367062859407724 4.1306667563398385 6.99
      vertex 42.367062859407724 4.1306667563398385 0
    endloop
  endfacet
  facet normal 0.9807852804032337 0.1950903220161126 0
    outer loop
      vertex 41.73066675633983 4.767062859407732 6.99
      vertex 41.73066675633983 4.767062859407732 0
      vertex 41.70769962476356 4.882526427001953 6.99
    endloop
  endfacet
  facet normal 0.8968727415326934 0.442288690218991 0
    outer loop
      vertex 41.820577136594 4.55 6.99
      vertex 41.820577136594 4.55 0
      vertex 41.768508420739835 4.655584910871419 6.99
    endloop
  endfacet
  facet normal 0.9469301294951006 0.3214394653031767 0
    outer loop
      vertex 41.768508420739835 4.655584910871419 6.99
      vertex 41.768508420739835 4.655584910871419 0
      vertex 41.73066675633983 4.767062859407732 6.99
    endloop
  endfacet
  facet normal 0.8314696123025207 0.555570233019639 0
    outer loop
      vertex 41.885981993737886 4.4521147138921515 6.99
      vertex 41.885981993737886 4.4521147138921515 0
      vertex 41.820577136594 4.55 6.99
    endloop
  endfacet
  facet normal 0.7518398074790029 0.6593458151000398 0
    outer loop
      vertex 41.9636038969321 4.363603896932107 6.99
      vertex 41.9636038969321 4.363603896932107 0
      vertex 41.885981993737886 4.4521147138921515 6.99
    endloop
  endfacet
  facet normal 0.9978589232386051 0.06540312923011786 0
    outer loop
      vertex 41.70769962476356 4.882526427001953 6.99
      vertex 41.70769962476356 4.882526427001953 0
      vertex 41.699999999999996 5 6.99
    endloop
  endfacet
  facet normal 0.9978589232386051 -0.06540312923011786 0
    outer loop
      vertex 41.699999999999996 5 6.99
      vertex 41.699999999999996 5 0
      vertex 41.70769962476356 5.117473572998047 6.99
    endloop
  endfacet
  facet normal 0.9807852804032337 -0.1950903220161126 0
    outer loop
      vertex 41.70769962476356 5.117473572998047 6.99
      vertex 41.70769962476356 5.117473572998047 0
      vertex 41.73066675633983 5.232937140592268 6.99
    endloop
  endfacet
  facet normal 0.9469301294951006 -0.3214394653031767 0
    outer loop
      vertex 41.73066675633983 5.232937140592268 6.99
      vertex 41.73066675633983 5.232937140592268 0
      vertex 41.768508420739835 5.344415089128581 6.99
    endloop
  endfacet
  facet normal 0.8968727415326934 -0.442288690218991 0
    outer loop
      vertex 41.768508420739835 5.344415089128581 6.99
      vertex 41.768508420739835 5.344415089128581 0
      vertex 41.820577136594 5.45 6.99
    endloop
  endfacet
  facet normal 0.8314696123025207 -0.555570233019639 0
    outer loop
      vertex 41.820577136594 5.45 6.99
      vertex 41.820577136594 5.45 0
      vertex 41.885981993737886 5.5478852861078485 6.99
    endloop
  endfacet
  facet normal 0.6593458151000617 0.7518398074789838 -2.439688771310013e-19
    outer loop
      vertex 41.9636038969321 4.363603896932107 6.99
      vertex 42.052114713892145 4.285981993737888 6.99
      vertex 42.052114713892145 4.285981993737888 0
    endloop
  endfacet
  facet normal 0.5555702330196095 0.8314696123025404 -1.1219298885172556e-20
    outer loop
      vertex 42.052114713892145 4.285981993737888 6.99
      vertex 42.14999999999999 4.220577136594005 6.99
      vertex 42.14999999999999 4.220577136594005 0
    endloop
  endfacet
  facet normal 0.4422886902189911 0.8968727415326935 0
    outer loop
      vertex 42.25558491087141 4.168508420739842 6.99
      vertex 42.25558491087141 4.168508420739842 0
      vertex 42.14999999999999 4.220577136594005 6.99
    endloop
  endfacet
  facet normal 0.19509032201611987 0.9807852804032321 -6.740654680503265e-20
    outer loop
      vertex 42.367062859407724 4.1306667563398385 6.99
      vertex 42.48252642700195 4.107699624763571 6.99
      vertex 42.48252642700195 4.107699624763571 0
    endloop
  endfacet
  facet normal 0.06540312923014938 0.997858923238603 1.1016770777609212e-20
    outer loop
      vertex 42.48252642700195 4.107699624763571 6.99
      vertex 42.599999999999994 4.1 6.99
      vertex 42.599999999999994 4.1 0
    endloop
  endfacet
  facet normal -0.06540312923014938 0.997858923238603 -1.1016770777609212e-20
    outer loop
      vertex 42.599999999999994 4.1 6.99
      vertex 42.71747357299804 4.107699624763571 6.99
      vertex 42.71747357299804 4.107699624763571 0
    endloop
  endfacet
  facet normal -0.19509032201611987 0.9807852804032321 6.740654680503265e-20
    outer loop
      vertex 42.71747357299804 4.107699624763571 6.99
      vertex 42.832937140592264 4.1306667563398385 6.99
      vertex 42.832937140592264 4.1306667563398385 0
    endloop
  endfacet
  facet normal -0.3214394653031655 0.9469301294951045 7.055488100675313e-20
    outer loop
      vertex 42.832937140592264 4.1306667563398385 6.99
      vertex 42.944415089128576 4.168508420739842 6.99
      vertex 42.944415089128576 4.168508420739842 0
    endloop
  endfacet
  facet normal -0.4422886902189911 0.8968727415326935 3.4268487524041473e-19
    outer loop
      vertex 42.944415089128576 4.168508420739842 6.99
      vertex 43.05 4.220577136594005 6.99
      vertex 43.05 4.220577136594005 0
    endloop
  endfacet
  facet normal -0.5555702330196095 0.8314696123025404 1.1219298885172556e-20
    outer loop
      vertex 43.05 4.220577136594005 6.99
      vertex 43.147885286107844 4.285981993737888 6.99
      vertex 43.147885286107844 4.285981993737888 0
    endloop
  endfacet
  facet normal 0 0 -1
    outer loop
      vertex 41.885981993737886 4.4521147138921515 6.99
      vertex 41.820577136594 4.55 6.99
      vertex 41.820577136594 5.45 6.99
    endloop
  endfacet
  facet normal 0 0 -1
    outer loop
      vertex 41.9636038969321 4.363603896932107 6.99
      vertex 41.885981993737886 4.4521147138921515 6.99
      vertex 41.885981993737886 5.5478852861078485 6.99
    endloop
  endfacet
  facet normal 0 0 -1
    outer loop
      vertex 41.9636038969321 4.363603896932107 6.99
      vertex 41.9636038969321 5.636396103067893 6.99
      vertex 42.052114713892145 4.285981993737888 6.99
    endloop
  endfacet
  facet normal 0 0 -1
    outer loop
      vertex 41.73066675633983 4.767062859407732 6.99
      vertex 41.70769962476356 4.882526427001953 6.99
      vertex 41.70769962476356 5.117473572998047 6.99
    endloop
  endfacet
  facet normal 0 0 -1
    outer loop
      vertex 41.70769962476356 4.882526427001953 6.99
      vertex 41.699999999999996 5 6.99
      vertex 41.70769962476356 5.117473572998047 6.99
    endloop
  endfacet
  facet normal 0 0 -1
    outer loop
      vertex 41.73066675633983 4.767062859407732 6.99
      vertex 41.70769962476356 5.117473572998047 6.99
      vertex 41.73066675633983 5.232937140592268 6.99
    endloop
  endfacet
  facet normal 0 0 -1
    outer loop
      vertex 41.768508420739835 4.655584910871419 6.99
      vertex 41.73066675633983 4.767062859407732 6.99
      vertex 41.73066675633983 5.232937140592268 6.99
    endloop
  endfacet
  facet normal 0 0 -1
    outer loop
      vertex 41.820577136594 4.55 6.99
      vertex 41.768508420739835 4.655584910871419 6.99
      vertex 41.768508420739835 5.344415089128581 6.99
    endloop
  endfacet
  facet normal 0 0 -1
    outer loop
      vertex 41.768508420739835 4.655584910871419 6.99
      vertex 41.73066675633983 5.232937140592268 6.99
      vertex 41.768508420739835 5.344415089128581 6.99
    endloop
  endfacet
  facet normal 0 0 -1
    outer loop
      vertex 41.820577136594 4.55 6.99
      vertex 41.768508420739835 5.344415089128581 6.99
      vertex 41.820577136594 5.45 6.99
    endloop
  endfacet
  facet normal 0 0 -1
    outer loop
      vertex 41.885981993737886 4.4521147138921515 6.99
      vertex 41.820577136594 5.45 6.99
      vertex 41.885981993737886 5.5478852861078485 6.99
    endloop
  endfacet
  facet normal 0 0 -1
    outer loop
      vertex 41.9636038969321 4.363603896932107 6.99
      vertex 41.885981993737886 5.5478852861078485 6.99
      vertex 41.9636038969321 5.636396103067893 6.99
    endloop
  endfacet
  facet normal 0 0 -1
    outer loop
      vertex 42.052114713892145 4.285981993737888 6.99
      vertex 42.052114713892145 5.714018006262112 6.99
      vertex 42.14999999999999 4.220577136594005 6.99
    endloop
  endfacet
  facet normal 0 0 -1
    outer loop
      vertex 42.25558491087141 4.168508420739842 6.99
      vertex 42.14999999999999 4.220577136594005 6.99
      vertex 42.14999999999999 5.779422863405995 6.99
    endloop
  endfacet
  facet normal 0 0 -1
    outer loop
      vertex 42.25558491087141 4.168508420739842 6.99
      vertex 42.25558491087141 5.831491579260158 6.99
      vertex 42.367062859407724 4.1306667563398385 6.99
    endloop
  endfacet
  facet normal 0 0 -1
    outer loop
      vertex 42.052114713892145 4.285981993737888 6.99
      vertex 41.9636038969321 5.636396103067893 6.99
      vertex 42.052114713892145 5.714018006262112 6.99
    endloop
  endfacet
  facet normal 0 0 -1
    outer loop
      vertex 42.14999999999999 4.220577136594005 6.99
      vertex 42.052114713892145 5.714018006262112 6.99
      vertex 42.14999999999999 5.779422863405995 6.99
    endloop
  endfacet
  facet normal 0 0 -1
    outer loop
      vertex 42.25558491087141 4.168508420739842 6.99
      vertex 42.14999999999999 5.779422863405995 6.99
      vertex 42.25558491087141 5.831491579260158 6.99
    endloop
  endfacet
  facet normal 0 0 -1
    outer loop
      vertex 42.367062859407724 4.1306667563398385 6.99
      vertex 42.25558491087141 5.831491579260158 6.99
      vertex 42.367062859407724 5.8693332436601615 6.99
    endloop
  endfacet
  facet normal 0 0 -1
    outer loop
      vertex 42.367062859407724 4.1306667563398385 6.99
      vertex 42.367062859407724 5.8693332436601615 6.99
      vertex 42.48252642700195 4.107699624763571 6.99
    endloop
  endfacet
  facet normal 0 0 -1
    outer loop
      vertex 42.48252642700195 4.107699624763571 6.99
      vertex 42.48252642700195 5.892300375236429 6.99
      vertex 42.599999999999994 4.1 6.99
    endloop
  endfacet
  facet normal 0 0 -1
    outer loop
      vertex 42.599999999999994 4.1 6.99
      vertex 42.599999999999994 5.9 6.99
      vertex 42.71747357299804 4.107699624763571 6.99
    endloop
  endfacet
  facet normal 0 0 -1
    outer loop
      vertex 42.71747357299804 4.107699624763571 6.99
      vertex 42.71747357299804 5.892300375236429 6.99
      vertex 42.832937140592264 4.1306667563398385 6.99
    endloop
  endfacet
  facet normal 0 0 -1
    outer loop
      vertex 42.48252642700195 4.107699624763571 6.99
      vertex 42.367062859407724 5.8693332436601615 6.99
      vertex 42.48252642700195 5.892300375236429 6.99
    endloop
  endfacet
  facet normal 0 0 -1
    outer loop
      vertex 42.599999999999994 4.1 6.99
      vertex 42.48252642700195 5.892300375236429 6.99
      vertex 42.599999999999994 5.9 6.99
    endloop
  endfacet
  facet normal 0 0 -1
    outer loop
      vertex 42.71747357299804 4.107699624763571 6.99
      vertex 42.599999999999994 5.9 6.99
      vertex 42.71747357299804 5.892300375236429 6.99
    endloop
  endfacet
  facet normal 0 0 -1
    outer loop
      vertex 42.832937140592264 4.1306667563398385 6.99
      vertex 42.832937140592264 5.8693332436601615 6.99
      vertex 42.944415089128576 4.168508420739842 6.99
    endloop
  endfacet
  facet normal 0 0 -1
    outer loop
      vertex 42.944415089128576 4.168508420739842 6.99
      vertex 42.944415089128576 5.831491579260158 6.99
      vertex 43.05 4.220577136594005 6.99
    endloop
  endfacet
  facet normal 0 0 -1
    outer loop
      vertex 43.05 4.220577136594005 6.99
      vertex 43.05 5.779422863405995 6.99
      vertex 43.147885286107844 4.285981993737888 6.99
    endloop
  endfacet
  facet normal 0 0 -1
    outer loop
      vertex 42.832937140592264 4.1306667563398385 6.99
      vertex 42.71747357299804 5.892300375236429 6.99
      vertex 42.832937140592264 5.8693332436601615 6.99
    endloop
  endfacet
  facet normal 0 0 -1
    outer loop
      vertex 42.944415089128576 4.168508420739842 6.99
      vertex 42.832937140592264 5.8693332436601615 6.99
      vertex 42.944415089128576 5.831491579260158 6.99
    endloop
  endfacet
  facet normal 0 0 -1
    outer loop
      vertex 43.05 4.220577136594005 6.99
      vertex 42.944415089128576 5.831491579260158 6.99
      vertex 43.05 5.779422863405995 6.99
    endloop
  endfacet
  facet normal 0 0 -1
    outer loop
      vertex 43.147885286107844 4.285981993737888 6.99
      vertex 43.05 5.779422863405995 6.99
      vertex 43.147885286107844 5.714018006262112 6.99
    endloop
  endfacet
  facet normal -0.6593458151000617 0.7518398074789838 2.439688771310013e-19
    outer loop
      vertex 43.147885286107844 4.285981993737888 6.99
      vertex 43.23639610306789 4.363603896932107 6.99
      vertex 43.23639610306789 4.363603896932107 0
    endloop
  endfacet
  facet normal -0.7518398074790029 0.6593458151000398 -6.727316201130857e-20
    outer loop
      vertex 43.23639610306789 4.363603896932107 6.99
      vertex 43.3140180062621 4.4521147138921515 6.99
      vertex 43.3140180062621 4.4521147138921515 0
    endloop
  endfacet
  facet normal -0.8314696123025207 0.555570233019639 -4.2000638348005766e-19
    outer loop
      vertex 43.3140180062621 4.4521147138921515 6.99
      vertex 43.37942286340599 4.55 6.99
      vertex 43.37942286340599 4.55 0
    endloop
  endfacet
  facet normal -0.8968727415326934 0.442288690218991 -4.538215639101637e-19
    outer loop
      vertex 43.37942286340599 4.55 6.99
      vertex 43.431491579260154 4.655584910871419 6.99
      vertex 43.431491579260154 4.655584910871419 0
    endloop
  endfacet
  facet normal -0.9469301294951006 0.3214394653031767 1.30321362584741e-19
    outer loop
      vertex 43.431491579260154 4.655584910871419 6.99
      vertex 43.46933324366016 4.767062859407732 6.99
      vertex 43.46933324366016 4.767062859407732 0
    endloop
  endfacet
  facet normal -0.9807852804032337 0.1950903220161126 3.0053412551543785e-21
    outer loop
      vertex 43.46933324366016 4.767062859407732 6.99
      vertex 43.492300375236425 4.882526427001953 6.99
      vertex 43.492300375236425 4.882526427001953 0
    endloop
  endfacet
  facet normal -0.9978589232386051 0.06540312923011786 -3.0524428192995706e-20
    outer loop
      vertex 43.492300375236425 4.882526427001953 6.99
      vertex 43.49999999999999 5 6.99
      vertex 43.49999999999999 5 0
    endloop
  endfacet
  facet normal -0.9978589232386051 -0.06540312923011786 3.0524428192995706e-20
    outer loop
      vertex 43.49999999999999 5 6.99
      vertex 43.492300375236425 5.117473572998047 6.99
      vertex 43.492300375236425 5.117473572998047 0
    endloop
  endfacet
  facet normal -0.8314696123025207 -0.555570233019639 4.2000638348005766e-19
    outer loop
      vertex 43.37942286340599 5.45 6.99
      vertex 43.3140180062621 5.5478852861078485 6.99
      vertex 43.3140180062621 5.5478852861078485 0
    endloop
  endfacet
  facet normal -0.8968727415326934 -0.442288690218991 4.538215639101637e-19
    outer loop
      vertex 43.431491579260154 5.344415089128581 6.99
      vertex 43.37942286340599 5.45 6.99
      vertex 43.37942286340599 5.45 0
    endloop
  endfacet
  facet normal -0.9469301294951006 -0.3214394653031767 -1.30321362584741e-19
    outer loop
      vertex 43.46933324366016 5.232937140592268 6.99
      vertex 43.431491579260154 5.344415089128581 6.99
      vertex 43.431491579260154 5.344415089128581 0
    endloop
  endfacet
  facet normal -0.9807852804032337 -0.1950903220161126 -3.0053412551543785e-21
    outer loop
      vertex 43.492300375236425 5.117473572998047 6.99
      vertex 43.46933324366016 5.232937140592268 6.99
      vertex 43.46933324366016 5.232937140592268 0
    endloop
  endfacet
  facet normal 0 0 -1
    outer loop
      vertex 43.147885286107844 4.285981993737888 6.99
      vertex 43.147885286107844 5.714018006262112 6.99
      vertex 43.23639610306789 4.363603896932107 6.99
    endloop
  endfacet
  facet normal 0 0 -1
    outer loop
      vertex 43.23639610306789 4.363603896932107 6.99
      vertex 43.23639610306789 5.636396103067893 6.99
      vertex 43.3140180062621 4.4521147138921515 6.99
    endloop
  endfacet
  facet normal 0 0 -1
    outer loop
      vertex 43.23639610306789 4.363603896932107 6.99
      vertex 43.147885286107844 5.714018006262112 6.99
      vertex 43.23639610306789 5.636396103067893 6.99
    endloop
  endfacet
  facet normal 0 0 -1
    outer loop
      vertex 43.3140180062621 4.4521147138921515 6.99
      vertex 43.23639610306789 5.636396103067893 6.99
      vertex 43.3140180062621 5.5478852861078485 6.99
    endloop
  endfacet
  facet normal 0 0 -1
    outer loop
      vertex 43.3140180062621 4.4521147138921515 6.99
      vertex 43.3140180062621 5.5478852861078485 6.99
      vertex 43.37942286340599 4.55 6.99
    endloop
  endfacet
  facet normal 0 0 -1
    outer loop
      vertex 43.37942286340599 4.55 6.99
      vertex 43.37942286340599 5.45 6.99
      vertex 43.431491579260154 4.655584910871419 6.99
    endloop
  endfacet
  facet normal 0 0 -1
    outer loop
      vertex 43.431491579260154 4.655584910871419 6.99
      vertex 43.37942286340599 5.45 6.99
      vertex 43.431491579260154 5.344415089128581 6.99
    endloop
  endfacet
  facet normal 0 0 -1
    outer loop
      vertex 43.431491579260154 4.655584910871419 6.99
      vertex 43.431491579260154 5.344415089128581 6.99
      vertex 43.46933324366016 4.767062859407732 6.99
    endloop
  endfacet
  facet normal 0 0 -1
    outer loop
      vertex 43.46933324366016 4.767062859407732 6.99
      vertex 43.46933324366016 5.232937140592268 6.99
      vertex 43.492300375236425 4.882526427001953 6.99
    endloop
  endfacet
  facet normal 0 0 -1
    outer loop
      vertex 43.492300375236425 4.882526427001953 6.99
      vertex 43.492300375236425 5.117473572998047 6.99
      vertex 43.49999999999999 5 6.99
    endloop
  endfacet
  facet normal 0 0 -1
    outer loop
      vertex 43.46933324366016 4.767062859407732 6.99
      vertex 43.431491579260154 5.344415089128581 6.99
      vertex 43.46933324366016 5.232937140592268 6.99
    endloop
  endfacet
  facet normal 0 0 -1
    outer loop
      vertex 43.492300375236425 4.882526427001953 6.99
      vertex 43.46933324366016 5.232937140592268 6.99
      vertex 43.492300375236425 5.117473572998047 6.99
    endloop
  endfacet
  facet normal 0 0 -1
    outer loop
      vertex 43.37942286340599 4.55 6.99
      vertex 43.3140180062621 5.5478852861078485 6.99
      vertex 43.37942286340599 5.45 6.99
    endloop
  endfacet
  facet normal 0.7518398074790029 -0.6593458151000398 0
    outer loop
      vertex 41.9636038969321 5.636396103067893 6.99
      vertex 41.885981993737886 5.5478852861078485 0
      vertex 41.9636038969321 5.636396103067893 0
    endloop
  endfacet
  facet normal 0.6593458151000617 -0.7518398074789838 0
    outer loop
      vertex 42.052114713892145 5.714018006262112 6.99
      vertex 41.9636038969321 5.636396103067893 0
      vertex 42.052114713892145 5.714018006262112 0
    endloop
  endfacet
  facet normal 0.5555702330196095 -0.8314696123025404 0
    outer loop
      vertex 42.14999999999999 5.779422863405995 6.99
      vertex 42.052114713892145 5.714018006262112 0
      vertex 42.14999999999999 5.779422863405995 0
    endloop
  endfacet
  facet normal 0.4422886902189911 -0.8968727415326935 0
    outer loop
      vertex 42.25558491087141 5.831491579260158 6.99
      vertex 42.14999999999999 5.779422863405995 0
      vertex 42.25558491087141 5.831491579260158 0
    endloop
  endfacet
  facet normal 0.3214394653031655 -0.9469301294951045 0
    outer loop
      vertex 42.367062859407724 5.8693332436601615 6.99
      vertex 42.25558491087141 5.831491579260158 0
      vertex 42.367062859407724 5.8693332436601615 0
    endloop
  endfacet
  facet normal 0.19509032201611987 -0.9807852804032321 0
    outer loop
      vertex 42.48252642700195 5.892300375236429 6.99
      vertex 42.367062859407724 5.8693332436601615 0
      vertex 42.48252642700195 5.892300375236429 0
    endloop
  endfacet
  facet normal 0.06540312923014938 -0.997858923238603 0
    outer loop
      vertex 42.599999999999994 5.9 6.99
      vertex 42.48252642700195 5.892300375236429 0
      vertex 42.599999999999994 5.9 0
    endloop
  endfacet
  facet normal -0.06540312923014938 -0.997858923238603 0
    outer loop
      vertex 42.71747357299804 5.892300375236429 6.99
      vertex 42.599999999999994 5.9 0
      vertex 42.71747357299804 5.892300375236429 0
    endloop
  endfacet
  facet normal -0.3214394653031655 -0.9469301294951045 0
    outer loop
      vertex 42.944415089128576 5.831491579260158 6.99
      vertex 42.832937140592264 5.8693332436601615 0
      vertex 42.944415089128576 5.831491579260158 0
    endloop
  endfacet
  facet normal -0.19509032201611987 -0.9807852804032321 0
    outer loop
      vertex 42.832937140592264 5.8693332436601615 6.99
      vertex 42.71747357299804 5.892300375236429 0
      vertex 42.832937140592264 5.8693332436601615 0
    endloop
  endfacet
  facet normal -0.4422886902189911 -0.8968727415326935 0
    outer loop
      vertex 43.05 5.779422863405995 6.99
      vertex 42.944415089128576 5.831491579260158 0
      vertex 43.05 5.779422863405995 0
    endloop
  endfacet
  facet normal -0.5555702330196095 -0.8314696123025404 0
    outer loop
      vertex 43.147885286107844 5.714018006262112 6.99
      vertex 43.05 5.779422863405995 0
      vertex 43.147885286107844 5.714018006262112 0
    endloop
  endfacet
  facet normal -0.6593458151000617 -0.7518398074789838 0
    outer loop
      vertex 43.23639610306789 5.636396103067893 6.99
      vertex 43.147885286107844 5.714018006262112 0
      vertex 43.23639610306789 5.636396103067893 0
    endloop
  endfacet
  facet normal -0.7518398074790029 -0.6593458151000398 0
    outer loop
      vertex 43.3140180062621 5.5478852861078485 6.99
      vertex 43.23639610306789 5.636396103067893 0
      vertex 43.3140180062621 5.5478852861078485 0
    endloop
  endfacet
  facet normal 0.7518398074790029 -0.6593458151000398 0
    outer loop
      vertex 41.885981993737886 5.5478852861078485 6.99
      vertex 41.885981993737886 5.5478852861078485 0
      vertex 41.9636038969321 5.636396103067893 6.99
    endloop
  endfacet
  facet normal 0.6593458151000617 -0.7518398074789838 0
    outer loop
      vertex 41.9636038969321 5.636396103067893 6.99
      vertex 41.9636038969321 5.636396103067893 0
      vertex 42.052114713892145 5.714018006262112 6.99
    endloop
  endfacet
  facet normal 0.5555702330196095 -0.8314696123025404 0
    outer loop
      vertex 42.052114713892145 5.714018006262112 6.99
      vertex 42.052114713892145 5.714018006262112 0
      vertex 42.14999999999999 5.779422863405995 6.99
    endloop
  endfacet
  facet normal 0.4422886902189911 -0.8968727415326935 0
    outer loop
      vertex 42.14999999999999 5.779422863405995 6.99
      vertex 42.14999999999999 5.779422863405995 0
      vertex 42.25558491087141 5.831491579260158 6.99
    endloop
  endfacet
  facet normal 0.3214394653031655 -0.9469301294951045 0
    outer loop
      vertex 42.25558491087141 5.831491579260158 6.99
      vertex 42.25558491087141 5.831491579260158 0
      vertex 42.367062859407724 5.8693332436601615 6.99
    endloop
  endfacet
  facet normal 0.19509032201611987 -0.9807852804032321 0
    outer loop
      vertex 42.367062859407724 5.8693332436601615 6.99
      vertex 42.367062859407724 5.8693332436601615 0
      vertex 42.48252642700195 5.892300375236429 6.99
    endloop
  endfacet
  facet normal 0.06540312923014938 -0.997858923238603 0
    outer loop
      vertex 42.48252642700195 5.892300375236429 6.99
      vertex 42.48252642700195 5.892300375236429 0
      vertex 42.599999999999994 5.9 6.99
    endloop
  endfacet
  facet normal -0.06540312923014938 -0.997858923238603 0
    outer loop
      vertex 42.599999999999994 5.9 6.99
      vertex 42.599999999999994 5.9 0
      vertex 42.71747357299804 5.892300375236429 6.99
    endloop
  endfacet
  facet normal -0.19509032201611987 -0.9807852804032321 0
    outer loop
      vertex 42.71747357299804 5.892300375236429 6.99
      vertex 42.71747357299804 5.892300375236429 0
      vertex 42.832937140592264 5.8693332436601615 6.99
    endloop
  endfacet
  facet normal -0.3214394653031655 -0.9469301294951045 0
    outer loop
      vertex 42.832937140592264 5.8693332436601615 6.99
      vertex 42.832937140592264 5.8693332436601615 0
      vertex 42.944415089128576 5.831491579260158 6.99
    endloop
  endfacet
  facet normal -0.4422886902189911 -0.8968727415326935 0
    outer loop
      vertex 42.944415089128576 5.831491579260158 6.99
      vertex 42.944415089128576 5.831491579260158 0
      vertex 43.05 5.779422863405995 6.99
    endloop
  endfacet
  facet normal -0.5555702330196095 -0.8314696123025404 0
    outer loop
      vertex 43.05 5.779422863405995 6.99
      vertex 43.05 5.779422863405995 0
      vertex 43.147885286107844 5.714018006262112 6.99
    endloop
  endfacet
  facet normal -0.6593458151000617 -0.7518398074789838 -2.439688771310013e-19
    outer loop
      vertex 43.23639610306789 5.636396103067893 6.99
      vertex 43.147885286107844 5.714018006262112 6.99
      vertex 43.147885286107844 5.714018006262112 0
    endloop
  endfacet
  facet normal -0.7518398074790029 -0.6593458151000398 0
    outer loop
      vertex 43.23639610306789 5.636396103067893 6.99
      vertex 43.23639610306789 5.636396103067893 0
      vertex 43.3140180062621 5.5478852861078485 6.99
    endloop
  endfacet
  facet normal 0.7518398074790325 0.6593458151000061 0
    outer loop
      vertex 41.885981993737886 82.8942262449949 6.99
      vertex 41.9636038969321 82.80571542803484 0
      vertex 41.885981993737886 82.8942262449949 0
    endloop
  endfacet
  facet normal 0.659345815100036 0.7518398074790063 0
    outer loop
      vertex 41.9636038969321 82.80571542803484 6.99
      vertex 42.052114713892145 82.72809352484063 0
      vertex 41.9636038969321 82.80571542803484 0
    endloop
  endfacet
  facet normal 0.555570233019646 0.831469612302516 0
    outer loop
      vertex 42.052114713892145 82.72809352484063 6.99
      vertex 42.14999999999999 82.66268866769674 0
      vertex 42.052114713892145 82.72809352484063 0
    endloop
  endfacet
  facet normal 0.44228869021898504 0.8968727415326964 0
    outer loop
      vertex 42.14999999999999 82.66268866769674 6.99
      vertex 42.25558491087141 82.61061995184258 0
      vertex 42.14999999999999 82.66268866769674 0
    endloop
  endfacet
  facet normal 0.32143946530317896 0.9469301294950998 0
    outer loop
      vertex 42.25558491087141 82.61061995184258 6.99
      vertex 42.367062859407724 82.57277828744257 0
      vertex 42.25558491087141 82.61061995184258 0
    endloop
  endfacet
  facet normal 0.19509032201610538 0.980785280403235 0
    outer loop
      vertex 42.367062859407724 82.57277828744257 6.99
      vertex 42.48252642700195 82.54981115586631 0
      vertex 42.367062859407724 82.57277828744257 0
    endloop
  endfacet
  facet normal 0.06540312923017944 0.9978589232386011 0
    outer loop
      vertex 42.48252642700195 82.54981115586631 6.99
      vertex 42.599999999999994 82.54211153110273 0
      vertex 42.48252642700195 82.54981115586631 0
    endloop
  endfacet
  facet normal -0.06540312923017944 0.9978589232386011 0
    outer loop
      vertex 42.599999999999994 82.54211153110273 6.99
      vertex 42.71747357299804 82.54981115586631 0
      vertex 42.599999999999994 82.54211153110273 0
    endloop
  endfacet
  facet normal -0.19509032201610538 0.980785280403235 0
    outer loop
      vertex 42.71747357299804 82.54981115586631 6.99
      vertex 42.832937140592264 82.57277828744257 0
      vertex 42.71747357299804 82.54981115586631 0
    endloop
  endfacet
  facet normal -0.32143946530317896 0.9469301294950998 0
    outer loop
      vertex 42.832937140592264 82.57277828744257 6.99
      vertex 42.944415089128576 82.61061995184258 0
      vertex 42.832937140592264 82.57277828744257 0
    endloop
  endfacet
  facet normal -0.44228869021898504 0.8968727415326964 0
    outer loop
      vertex 42.944415089128576 82.61061995184258 6.99
      vertex 43.05 82.66268866769674 0
      vertex 42.944415089128576 82.61061995184258 0
    endloop
  endfacet
  facet normal -0.555570233019646 0.831469612302516 0
    outer loop
      vertex 43.05 82.66268866769674 6.99
      vertex 43.147885286107844 82.72809352484063 0
      vertex 43.05 82.66268866769674 0
    endloop
  endfacet
  facet normal -0.659345815100036 0.7518398074790063 0
    outer loop
      vertex 43.147885286107844 82.72809352484063 6.99
      vertex 43.23639610306789 82.80571542803484 0
      vertex 43.147885286107844 82.72809352484063 0
    endloop
  endfacet
  facet normal -0.7518398074790325 0.6593458151000061 0
    outer loop
      vertex 43.23639610306789 82.80571542803484 6.99
      vertex 43.3140180062621 82.8942262449949 0
      vertex 43.23639610306789 82.80571542803484 0
    endloop
  endfacet
  facet normal 0.7518398074790325 0.6593458151000061 -3.1582359894155084e-19
    outer loop
      vertex 41.885981993737886 82.8942262449949 6.99
      vertex 41.9636038969321 82.80571542803484 6.99
      vertex 41.9636038969321 82.80571542803484 0
    endloop
  endfacet
  facet normal 0.659345815100036 0.7518398074790063 0
    outer loop
      vertex 42.052114713892145 82.72809352484063 6.99
      vertex 42.052114713892145 82.72809352484063 0
      vertex 41.9636038969321 82.80571542803484 6.99
    endloop
  endfacet
  facet normal 0.555570233019646 0.831469612302516 3.6640636344810127e-19
    outer loop
      vertex 42.052114713892145 82.72809352484063 6.99
      vertex 42.14999999999999 82.66268866769674 6.99
      vertex 42.14999999999999 82.66268866769674 0
    endloop
  endfacet
  facet normal 0.44228869021898504 0.8968727415326964 0
    outer loop
      vertex 42.25558491087141 82.61061995184258 6.99
      vertex 42.25558491087141 82.61061995184258 0
      vertex 42.14999999999999 82.66268866769674 6.99
    endloop
  endfacet
  facet normal 0.32143946530317896 0.9469301294950998 0
    outer loop
      vertex 42.367062859407724 82.57277828744257 6.99
      vertex 42.367062859407724 82.57277828744257 0
      vertex 42.25558491087141 82.61061995184258 6.99
    endloop
  endfacet
  facet normal 0.19509032201610538 0.980785280403235 -9.967409646696795e-20
    outer loop
      vertex 42.367062859407724 82.57277828744257 6.99
      vertex 42.48252642700195 82.54981115586631 6.99
      vertex 42.48252642700195 82.54981115586631 0
    endloop
  endfacet
  facet normal 0.06540312923017944 0.9978589232386011 -3.8264297411082114e-20
    outer loop
      vertex 42.48252642700195 82.54981115586631 6.99
      vertex 42.599999999999994 82.54211153110273 6.99
      vertex 42.599999999999994 82.54211153110273 0
    endloop
  endfacet
  facet normal -0.06540312923017944 0.9978589232386011 3.8264297411082114e-20
    outer loop
      vertex 42.599999999999994 82.54211153110273 6.99
      vertex 42.71747357299804 82.54981115586631 6.99
      vertex 42.71747357299804 82.54981115586631 0
    endloop
  endfacet
  facet normal -0.19509032201610538 0.980785280403235 9.967409646696795e-20
    outer loop
      vertex 42.71747357299804 82.54981115586631 6.99
      vertex 42.832937140592264 82.57277828744257 6.99
      vertex 42.832937140592264 82.57277828744257 0
    endloop
  endfacet
  facet normal -0.32143946530317896 0.9469301294950998 3.939712875910601e-19
    outer loop
      vertex 42.832937140592264 82.57277828744257 6.99
      vertex 42.944415089128576 82.61061995184258 6.99
      vertex 42.944415089128576 82.61061995184258 0
    endloop
  endfacet
  facet normal -0.44228869021898504 0.8968727415326964 2.1730960862456693e-19
    outer loop
      vertex 42.944415089128576 82.61061995184258 6.99
      vertex 43.05 82.66268866769674 6.99
      vertex 43.05 82.66268866769674 0
    endloop
  endfacet
  facet normal -0.555570233019646 0.831469612302516 -3.6640636344810127e-19
    outer loop
      vertex 43.05 82.66268866769674 6.99
      vertex 43.147885286107844 82.72809352484063 6.99
      vertex 43.147885286107844 82.72809352484063 0
    endloop
  endfacet
  facet normal -0.659345815100036 0.7518398074790063 4.437499296644224e-19
    outer loop
      vertex 43.147885286107844 82.72809352484063 6.99
      vertex 43.23639610306789 82.80571542803484 6.99
      vertex 43.23639610306789 82.80571542803484 0
    endloop
  endfacet
  facet normal -0.7518398074790325 0.6593458151000061 3.1582359894155084e-19
    outer loop
      vertex 43.23639610306789 82.80571542803484 6.99
      vertex 43.3140180062621 82.8942262449949 6.99
      vertex 43.3140180062621 82.8942262449949 0
    endloop
  endfacet
  facet normal 0.8968727415327081 0.4422886902189611 0
    outer loop
      vertex 41.768508420739835 83.09769644197416 6.99
      vertex 41.820577136594 82.99211153110274 0
      vertex 41.768508420739835 83.09769644197416 0
    endloop
  endfacet
  facet normal 0.9469301294950936 0.32143946530319734 0
    outer loop
      vertex 41.73066675633983 83.20917439051047 6.99
      vertex 41.768508420739835 83.09769644197416 0
      vertex 41.73066675633983 83.20917439051047 0
    endloop
  endfacet
  facet normal 0.9807852804032327 0.19509032201611692 0
    outer loop
      vertex 41.70769962476356 83.32463795810469 6.99
      vertex 41.73066675633983 83.20917439051047 0
      vertex 41.70769962476356 83.32463795810469 0
    endloop
  endfacet
  facet normal 0.9978589232386054 0.0654031292301154 0
    outer loop
      vertex 41.699999999999996 83.44211153110274 6.99
      vertex 41.70769962476356 83.32463795810469 0
      vertex 41.699999999999996 83.44211153110274 0
    endloop
  endfacet
  facet normal 0.9978589232386054 -0.0654031292301154 0
    outer loop
      vertex 41.70769962476356 83.55958510410079 6.99
      vertex 41.699999999999996 83.44211153110274 0
      vertex 41.70769962476356 83.55958510410079 0
    endloop
  endfacet
  facet normal 0.8314696123024974 0.5555702330196739 0
    outer loop
      vertex 41.820577136594 82.99211153110274 6.99
      vertex 41.885981993737886 82.8942262449949 0
      vertex 41.820577136594 82.99211153110274 0
    endloop
  endfacet
  facet normal 0.9807852804032327 -0.19509032201611692 0
    outer loop
      vertex 41.73066675633983 83.67504867169501 6.99
      vertex 41.70769962476356 83.55958510410079 0
      vertex 41.73066675633983 83.67504867169501 0
    endloop
  endfacet
  facet normal 0.9469301294950936 -0.32143946530319734 0
    outer loop
      vertex 41.768508420739835 83.78652662023131 6.99
      vertex 41.73066675633983 83.67504867169501 0
      vertex 41.768508420739835 83.78652662023131 0
    endloop
  endfacet
  facet normal 0.8968727415327081 -0.4422886902189611 0
    outer loop
      vertex 41.820577136594 83.89211153110274 6.99
      vertex 41.768508420739835 83.78652662023131 0
      vertex 41.820577136594 83.89211153110274 0
    endloop
  endfacet
  facet normal 0.8314696123024974 -0.5555702330196739 0
    outer loop
      vertex 41.885981993737886 83.98999681721058 6.99
      vertex 41.820577136594 83.89211153110274 0
      vertex 41.885981993737886 83.98999681721058 0
    endloop
  endfacet
  facet normal 0.7518398074790325 -0.6593458151000061 0
    outer loop
      vertex 41.9636038969321 84.07850763417063 6.99
      vertex 41.885981993737886 83.98999681721058 0
      vertex 41.9636038969321 84.07850763417063 0
    endloop
  endfacet
  facet normal 0.659345815100036 -0.7518398074790063 0
    outer loop
      vertex 42.052114713892145 84.15612953736485 6.99
      vertex 41.9636038969321 84.07850763417063 0
      vertex 42.052114713892145 84.15612953736485 0
    endloop
  endfacet
  facet normal 0.555570233019646 -0.831469612302516 0
    outer loop
      vertex 42.14999999999999 84.22153439450874 6.99
      vertex 42.052114713892145 84.15612953736485 0
      vertex 42.14999999999999 84.22153439450874 0
    endloop
  endfacet
  facet normal 0.44228869021898504 -0.8968727415326964 0
    outer loop
      vertex 42.25558491087141 84.2736031103629 6.99
      vertex 42.14999999999999 84.22153439450874 0
      vertex 42.25558491087141 84.2736031103629 0
    endloop
  endfacet
  facet normal 0.32143946530317896 -0.9469301294950998 0
    outer loop
      vertex 42.367062859407724 84.3114447747629 6.99
      vertex 42.25558491087141 84.2736031103629 0
      vertex 42.367062859407724 84.3114447747629 0
    endloop
  endfacet
  facet normal -0.32143946530317896 -0.9469301294950998 0
    outer loop
      vertex 42.944415089128576 84.2736031103629 6.99
      vertex 42.832937140592264 84.3114447747629 0
      vertex 42.944415089128576 84.2736031103629 0
    endloop
  endfacet
  facet normal -0.44228869021898504 -0.8968727415326964 0
    outer loop
      vertex 43.05 84.22153439450874 6.99
      vertex 42.944415089128576 84.2736031103629 0
      vertex 43.05 84.22153439450874 0
    endloop
  endfacet
  facet normal -0.555570233019646 -0.831469612302516 0
    outer loop
      vertex 43.147885286107844 84.15612953736485 6.99
      vertex 43.05 84.22153439450874 0
      vertex 43.147885286107844 84.15612953736485 0
    endloop
  endfacet
  facet normal 0.19509032201610538 -0.980785280403235 0
    outer loop
      vertex 42.48252642700195 84.33441190633917 6.99
      vertex 42.367062859407724 84.3114447747629 0
      vertex 42.48252642700195 84.33441190633917 0
    endloop
  endfacet
  facet normal 0.06540312923017944 -0.9978589232386011 0
    outer loop
      vertex 42.599999999999994 84.34211153110274 6.99
      vertex 42.48252642700195 84.33441190633917 0
      vertex 42.599999999999994 84.34211153110274 0
    endloop
  endfacet
  facet normal -0.06540312923017944 -0.9978589232386011 0
    outer loop
      vertex 42.71747357299804 84.33441190633917 6.99
      vertex 42.599999999999994 84.34211153110274 0
      vertex 42.71747357299804 84.33441190633917 0
    endloop
  endfacet
  facet normal -0.19509032201610538 -0.980785280403235 0
    outer loop
      vertex 42.832937140592264 84.3114447747629 6.99
      vertex 42.71747357299804 84.33441190633917 0
      vertex 42.832937140592264 84.3114447747629 0
    endloop
  endfacet
  facet normal -0.8314696123024974 0.5555702330196739 0
    outer loop
      vertex 43.3140180062621 82.8942262449949 6.99
      vertex 43.37942286340599 82.99211153110274 0
      vertex 43.3140180062621 82.8942262449949 0
    endloop
  endfacet
  facet normal -0.8968727415327081 0.4422886902189611 0
    outer loop
      vertex 43.37942286340599 82.99211153110274 6.99
      vertex 43.431491579260154 83.09769644197416 0
      vertex 43.37942286340599 82.99211153110274 0
    endloop
  endfacet
  facet normal -0.9469301294950936 0.32143946530319734 0
    outer loop
      vertex 43.431491579260154 83.09769644197416 6.99
      vertex 43.46933324366016 83.20917439051047 0
      vertex 43.431491579260154 83.09769644197416 0
    endloop
  endfacet
  facet normal -0.9807852804032327 0.19509032201611692 0
    outer loop
      vertex 43.46933324366016 83.20917439051047 6.99
      vertex 43.492300375236425 83.32463795810469 0
      vertex 43.46933324366016 83.20917439051047 0
    endloop
  endfacet
  facet normal -0.9978589232386054 0.0654031292301154 0
    outer loop
      vertex 43.492300375236425 83.32463795810469 6.99
      vertex 43.49999999999999 83.44211153110274 0
      vertex 43.492300375236425 83.32463795810469 0
    endloop
  endfacet
  facet normal -0.9978589232386054 -0.0654031292301154 0
    outer loop
      vertex 43.49999999999999 83.44211153110274 6.99
      vertex 43.492300375236425 83.55958510410079 0
      vertex 43.49999999999999 83.44211153110274 0
    endloop
  endfacet
  facet normal -0.9807852804032327 -0.19509032201611692 0
    outer loop
      vertex 43.492300375236425 83.55958510410079 6.99
      vertex 43.46933324366016 83.67504867169501 0
      vertex 43.492300375236425 83.55958510410079 0
    endloop
  endfacet
  facet normal -0.659345815100036 -0.7518398074790063 0
    outer loop
      vertex 43.23639610306789 84.07850763417063 6.99
      vertex 43.147885286107844 84.15612953736485 0
      vertex 43.23639610306789 84.07850763417063 0
    endloop
  endfacet
  facet normal -0.7518398074790325 -0.6593458151000061 0
    outer loop
      vertex 43.3140180062621 83.98999681721058 6.99
      vertex 43.23639610306789 84.07850763417063 0
      vertex 43.3140180062621 83.98999681721058 0
    endloop
  endfacet
  facet normal -0.8314696123024974 -0.5555702330196739 0
    outer loop
      vertex 43.37942286340599 83.89211153110274 6.99
      vertex 43.3140180062621 83.98999681721058 0
      vertex 43.37942286340599 83.89211153110274 0
    endloop
  endfacet
  facet normal -0.8968727415327081 -0.4422886902189611 0
    outer loop
      vertex 43.431491579260154 83.78652662023131 6.99
      vertex 43.37942286340599 83.89211153110274 0
      vertex 43.431491579260154 83.78652662023131 0
    endloop
  endfacet
  facet normal -0.9469301294950936 -0.32143946530319734 0
    outer loop
      vertex 43.46933324366016 83.67504867169501 6.99
      vertex 43.431491579260154 83.78652662023131 0
      vertex 43.46933324366016 83.67504867169501 0
    endloop
  endfacet
  facet normal 0.9807852804032327 0.19509032201611692 0
    outer loop
      vertex 41.73066675633983 83.20917439051047 6.99
      vertex 41.73066675633983 83.20917439051047 0
      vertex 41.70769962476356 83.32463795810469 6.99
    endloop
  endfacet
  facet normal 0.8968727415327081 0.4422886902189611 0
    outer loop
      vertex 41.820577136594 82.99211153110274 6.99
      vertex 41.820577136594 82.99211153110274 0
      vertex 41.768508420739835 83.09769644197416 6.99
    endloop
  endfacet
  facet normal 0.9469301294950936 0.32143946530319734 0
    outer loop
      vertex 41.768508420739835 83.09769644197416 6.99
      vertex 41.768508420739835 83.09769644197416 0
      vertex 41.73066675633983 83.20917439051047 6.99
    endloop
  endfacet
  facet normal 0.9978589232386054 0.0654031292301154 0
    outer loop
      vertex 41.70769962476356 83.32463795810469 6.99
      vertex 41.70769962476356 83.32463795810469 0
      vertex 41.699999999999996 83.44211153110274 6.99
    endloop
  endfacet
  facet normal 0.9978589232386054 -0.0654031292301154 0
    outer loop
      vertex 41.699999999999996 83.44211153110274 6.99
      vertex 41.699999999999996 83.44211153110274 0
      vertex 41.70769962476356 83.55958510410079 6.99
    endloop
  endfacet
  facet normal 0.9807852804032327 -0.19509032201611692 0
    outer loop
      vertex 41.70769962476356 83.55958510410079 6.99
      vertex 41.70769962476356 83.55958510410079 0
      vertex 41.73066675633983 83.67504867169501 6.99
    endloop
  endfacet
  facet normal 0.8314696123024974 0.5555702330196739 0
    outer loop
      vertex 41.885981993737886 82.8942262449949 6.99
      vertex 41.885981993737886 82.8942262449949 0
      vertex 41.820577136594 82.99211153110274 6.99
    endloop
  endfacet
  facet normal 0.9469301294950936 -0.32143946530319734 0
    outer loop
      vertex 41.73066675633983 83.67504867169501 6.99
      vertex 41.73066675633983 83.67504867169501 0
      vertex 41.768508420739835 83.78652662023131 6.99
    endloop
  endfacet
  facet normal 0.8968727415327081 -0.4422886902189611 0
    outer loop
      vertex 41.768508420739835 83.78652662023131 6.99
      vertex 41.768508420739835 83.78652662023131 0
      vertex 41.820577136594 83.89211153110274 6.99
    endloop
  endfacet
  facet normal 0.8314696123024974 -0.5555702330196739 0
    outer loop
      vertex 41.820577136594 83.89211153110274 6.99
      vertex 41.820577136594 83.89211153110274 0
      vertex 41.885981993737886 83.98999681721058 6.99
    endloop
  endfacet
  facet normal 0.7518398074790325 -0.6593458151000061 0
    outer loop
      vertex 41.885981993737886 83.98999681721058 6.99
      vertex 41.885981993737886 83.98999681721058 0
      vertex 41.9636038969321 84.07850763417063 6.99
    endloop
  endfacet
  facet normal 0.659345815100036 -0.7518398074790063 0
    outer loop
      vertex 41.9636038969321 84.07850763417063 6.99
      vertex 41.9636038969321 84.07850763417063 0
      vertex 42.052114713892145 84.15612953736485 6.99
    endloop
  endfacet
  facet normal 0.555570233019646 -0.831469612302516 0
    outer loop
      vertex 42.052114713892145 84.15612953736485 6.99
      vertex 42.052114713892145 84.15612953736485 0
      vertex 42.14999999999999 84.22153439450874 6.99
    endloop
  endfacet
  facet normal 0.44228869021898504 -0.8968727415326964 0
    outer loop
      vertex 42.14999999999999 84.22153439450874 6.99
      vertex 42.14999999999999 84.22153439450874 0
      vertex 42.25558491087141 84.2736031103629 6.99
    endloop
  endfacet
  facet normal 0.32143946530317896 -0.9469301294950998 0
    outer loop
      vertex 42.25558491087141 84.2736031103629 6.99
      vertex 42.25558491087141 84.2736031103629 0
      vertex 42.367062859407724 84.3114447747629 6.99
    endloop
  endfacet
  facet normal -0.44228869021898504 -0.8968727415326964 0
    outer loop
      vertex 42.944415089128576 84.2736031103629 6.99
      vertex 42.944415089128576 84.2736031103629 0
      vertex 43.05 84.22153439450874 6.99
    endloop
  endfacet
  facet normal -0.555570233019646 -0.831469612302516 0
    outer loop
      vertex 43.05 84.22153439450874 6.99
      vertex 43.05 84.22153439450874 0
      vertex 43.147885286107844 84.15612953736485 6.99
    endloop
  endfacet
  facet normal 0.19509032201610538 -0.980785280403235 0
    outer loop
      vertex 42.367062859407724 84.3114447747629 6.99
      vertex 42.367062859407724 84.3114447747629 0
      vertex 42.48252642700195 84.33441190633917 6.99
    endloop
  endfacet
  facet normal 0.06540312923017944 -0.9978589232386011 0
    outer loop
      vertex 42.48252642700195 84.33441190633917 6.99
      vertex 42.48252642700195 84.33441190633917 0
      vertex 42.599999999999994 84.34211153110274 6.99
    endloop
  endfacet
  facet normal -0.06540312923017944 -0.9978589232386011 0
    outer loop
      vertex 42.599999999999994 84.34211153110274 6.99
      vertex 42.599999999999994 84.34211153110274 0
      vertex 42.71747357299804 84.33441190633917 6.99
    endloop
  endfacet
  facet normal -0.19509032201610538 -0.980785280403235 0
    outer loop
      vertex 42.71747357299804 84.33441190633917 6.99
      vertex 42.71747357299804 84.33441190633917 0
      vertex 42.832937140592264 84.3114447747629 6.99
    endloop
  endfacet
  facet normal -0.32143946530317896 -0.9469301294950998 0
    outer loop
      vertex 42.832937140592264 84.3114447747629 6.99
      vertex 42.832937140592264 84.3114447747629 0
      vertex 42.944415089128576 84.2736031103629 6.99
    endloop
  endfacet
  facet normal 0 0 -1
    outer loop
      vertex 41.73066675633983 83.20917439051047 6.99
      vertex 41.70769962476356 83.32463795810469 6.99
      vertex 41.70769962476356 83.55958510410079 6.99
    endloop
  endfacet
  facet normal 0 0 -1
    outer loop
      vertex 41.70769962476356 83.32463795810469 6.99
      vertex 41.699999999999996 83.44211153110274 6.99
      vertex 41.70769962476356 83.55958510410079 6.99
    endloop
  endfacet
  facet normal 0 0 -1
    outer loop
      vertex 41.73066675633983 83.20917439051047 6.99
      vertex 41.70769962476356 83.55958510410079 6.99
      vertex 41.73066675633983 83.67504867169501 6.99
    endloop
  endfacet
  facet normal 0 0 -1
    outer loop
      vertex 41.768508420739835 83.09769644197416 6.99
      vertex 41.73066675633983 83.20917439051047 6.99
      vertex 41.73066675633983 83.67504867169501 6.99
    endloop
  endfacet
  facet normal 0 0 -1
    outer loop
      vertex 41.820577136594 82.99211153110274 6.99
      vertex 41.768508420739835 83.09769644197416 6.99
      vertex 41.768508420739835 83.78652662023131 6.99
    endloop
  endfacet
  facet normal 0 0 -1
    outer loop
      vertex 41.768508420739835 83.09769644197416 6.99
      vertex 41.73066675633983 83.67504867169501 6.99
      vertex 41.768508420739835 83.78652662023131 6.99
    endloop
  endfacet
  facet normal 0 0 -1
    outer loop
      vertex 41.820577136594 82.99211153110274 6.99
      vertex 41.768508420739835 83.78652662023131 6.99
      vertex 41.820577136594 83.89211153110274 6.99
    endloop
  endfacet
  facet normal 0 0 -1
    outer loop
      vertex 41.885981993737886 82.8942262449949 6.99
      vertex 41.820577136594 82.99211153110274 6.99
      vertex 41.820577136594 83.89211153110274 6.99
    endloop
  endfacet
  facet normal 0 0 -1
    outer loop
      vertex 41.885981993737886 82.8942262449949 6.99
      vertex 41.885981993737886 83.98999681721058 6.99
      vertex 41.9636038969321 82.80571542803484 6.99
    endloop
  endfacet
  facet normal 0 0 -1
    outer loop
      vertex 42.052114713892145 82.72809352484063 6.99
      vertex 41.9636038969321 82.80571542803484 6.99
      vertex 41.9636038969321 84.07850763417063 6.99
    endloop
  endfacet
  facet normal 0 0 -1
    outer loop
      vertex 41.885981993737886 82.8942262449949 6.99
      vertex 41.820577136594 83.89211153110274 6.99
      vertex 41.885981993737886 83.98999681721058 6.99
    endloop
  endfacet
  facet normal 0 0 -1
    outer loop
      vertex 41.9636038969321 82.80571542803484 6.99
      vertex 41.885981993737886 83.98999681721058 6.99
      vertex 41.9636038969321 84.07850763417063 6.99
    endloop
  endfacet
  facet normal 0 0 -1
    outer loop
      vertex 42.052114713892145 82.72809352484063 6.99
      vertex 42.052114713892145 84.15612953736485 6.99
      vertex 42.14999999999999 82.66268866769674 6.99
    endloop
  endfacet
  facet normal 0 0 -1
    outer loop
      vertex 42.25558491087141 82.61061995184258 6.99
      vertex 42.14999999999999 82.66268866769674 6.99
      vertex 42.14999999999999 84.22153439450874 6.99
    endloop
  endfacet
  facet normal 0 0 -1
    outer loop
      vertex 42.367062859407724 82.57277828744257 6.99
      vertex 42.25558491087141 82.61061995184258 6.99
      vertex 42.25558491087141 84.2736031103629 6.99
    endloop
  endfacet
  facet normal 0 0 -1
    outer loop
      vertex 42.052114713892145 82.72809352484063 6.99
      vertex 41.9636038969321 84.07850763417063 6.99
      vertex 42.052114713892145 84.15612953736485 6.99
    endloop
  endfacet
  facet normal 0 0 -1
    outer loop
      vertex 42.14999999999999 82.66268866769674 6.99
      vertex 42.052114713892145 84.15612953736485 6.99
      vertex 42.14999999999999 84.22153439450874 6.99
    endloop
  endfacet
  facet normal 0 0 -1
    outer loop
      vertex 42.25558491087141 82.61061995184258 6.99
      vertex 42.14999999999999 84.22153439450874 6.99
      vertex 42.25558491087141 84.2736031103629 6.99
    endloop
  endfacet
  facet normal 0 0 -1
    outer loop
      vertex 42.367062859407724 82.57277828744257 6.99
      vertex 42.25558491087141 84.2736031103629 6.99
      vertex 42.367062859407724 84.3114447747629 6.99
    endloop
  endfacet
  facet normal 0 0 -1
    outer loop
      vertex 42.367062859407724 82.57277828744257 6.99
      vertex 42.367062859407724 84.3114447747629 6.99
      vertex 42.48252642700195 82.54981115586631 6.99
    endloop
  endfacet
  facet normal 0 0 -1
    outer loop
      vertex 42.48252642700195 82.54981115586631 6.99
      vertex 42.48252642700195 84.33441190633917 6.99
      vertex 42.599999999999994 82.54211153110273 6.99
    endloop
  endfacet
  facet normal 0 0 -1
    outer loop
      vertex 42.599999999999994 82.54211153110273 6.99
      vertex 42.599999999999994 84.34211153110274 6.99
      vertex 42.71747357299804 82.54981115586631 6.99
    endloop
  endfacet
  facet normal 0 0 -1
    outer loop
      vertex 42.71747357299804 82.54981115586631 6.99
      vertex 42.71747357299804 84.33441190633917 6.99
      vertex 42.832937140592264 82.57277828744257 6.99
    endloop
  endfacet
  facet normal 0 0 -1
    outer loop
      vertex 42.48252642700195 82.54981115586631 6.99
      vertex 42.367062859407724 84.3114447747629 6.99
      vertex 42.48252642700195 84.33441190633917 6.99
    endloop
  endfacet
  facet normal 0 0 -1
    outer loop
      vertex 42.599999999999994 82.54211153110273 6.99
      vertex 42.48252642700195 84.33441190633917 6.99
      vertex 42.599999999999994 84.34211153110274 6.99
    endloop
  endfacet
  facet normal 0 0 -1
    outer loop
      vertex 42.71747357299804 82.54981115586631 6.99
      vertex 42.599999999999994 84.34211153110274 6.99
      vertex 42.71747357299804 84.33441190633917 6.99
    endloop
  endfacet
  facet normal 0 0 -1
    outer loop
      vertex 42.832937140592264 82.57277828744257 6.99
      vertex 42.832937140592264 84.3114447747629 6.99
      vertex 42.944415089128576 82.61061995184258 6.99
    endloop
  endfacet
  facet normal 0 0 -1
    outer loop
      vertex 42.944415089128576 82.61061995184258 6.99
      vertex 42.944415089128576 84.2736031103629 6.99
      vertex 43.05 82.66268866769674 6.99
    endloop
  endfacet
  facet normal 0 0 -1
    outer loop
      vertex 43.05 82.66268866769674 6.99
      vertex 43.05 84.22153439450874 6.99
      vertex 43.147885286107844 82.72809352484063 6.99
    endloop
  endfacet
  facet normal 0 0 -1
    outer loop
      vertex 42.832937140592264 82.57277828744257 6.99
      vertex 42.71747357299804 84.33441190633917 6.99
      vertex 42.832937140592264 84.3114447747629 6.99
    endloop
  endfacet
  facet normal 0 0 -1
    outer loop
      vertex 42.944415089128576 82.61061995184258 6.99
      vertex 42.832937140592264 84.3114447747629 6.99
      vertex 42.944415089128576 84.2736031103629 6.99
    endloop
  endfacet
  facet normal 0 0 -1
    outer loop
      vertex 43.05 82.66268866769674 6.99
      vertex 42.944415089128576 84.2736031103629 6.99
      vertex 43.05 84.22153439450874 6.99
    endloop
  endfacet
  facet normal 0 0 -1
    outer loop
      vertex 43.147885286107844 82.72809352484063 6.99
      vertex 43.05 84.22153439450874 6.99
      vertex 43.147885286107844 84.15612953736485 6.99
    endloop
  endfacet
  facet normal -0.8314696123024974 0.5555702330196739 -1.5200628332026227e-19
    outer loop
      vertex 43.3140180062621 82.8942262449949 6.99
      vertex 43.37942286340599 82.99211153110274 6.99
      vertex 43.37942286340599 82.99211153110274 0
    endloop
  endfacet
  facet normal -0.8968727415327081 0.4422886902189611 -2.6024899933294552e-19
    outer loop
      vertex 43.37942286340599 82.99211153110274 6.99
      vertex 43.431491579260154 83.09769644197416 6.99
      vertex 43.431491579260154 83.09769644197416 0
    endloop
  endfacet
  facet normal -0.9469301294950936 0.32143946530319734 3.9511515557732456e-19
    outer loop
      vertex 43.431491579260154 83.09769644197416 6.99
      vertex 43.46933324366016 83.20917439051047 6.99
      vertex 43.46933324366016 83.20917439051047 0
    endloop
  endfacet
  facet normal -0.9807852804032327 0.19509032201611692 -5.49959118719372e-20
    outer loop
      vertex 43.46933324366016 83.20917439051047 6.99
      vertex 43.492300375236425 83.32463795810469 6.99
      vertex 43.492300375236425 83.32463795810469 0
    endloop
  endfacet
  facet normal -0.9978589232386054 0.0654031292301154 1.9097923095843013e-20
    outer loop
      vertex 43.492300375236425 83.32463795810469 6.99
      vertex 43.49999999999999 83.44211153110274 6.99
      vertex 43.49999999999999 83.44211153110274 0
    endloop
  endfacet
  facet normal -0.9978589232386054 -0.0654031292301154 -1.9097923095843013e-20
    outer loop
      vertex 43.49999999999999 83.44211153110274 6.99
      vertex 43.492300375236425 83.55958510410079 6.99
      vertex 43.492300375236425 83.55958510410079 0
    endloop
  endfacet
  facet normal -0.659345815100036 -0.7518398074790063 -4.437499296644224e-19
    outer loop
      vertex 43.23639610306789 84.07850763417063 6.99
      vertex 43.147885286107844 84.15612953736485 6.99
      vertex 43.147885286107844 84.15612953736485 0
    endloop
  endfacet
  facet normal -0.7518398074790325 -0.6593458151000061 -3.1582359894155084e-19
    outer loop
      vertex 43.3140180062621 83.98999681721058 6.99
      vertex 43.23639610306789 84.07850763417063 6.99
      vertex 43.23639610306789 84.07850763417063 0
    endloop
  endfacet
  facet normal -0.8968727415327081 -0.4422886902189611 0
    outer loop
      vertex 43.37942286340599 83.89211153110274 6.99
      vertex 43.37942286340599 83.89211153110274 0
      vertex 43.431491579260154 83.78652662023131 6.99
    endloop
  endfacet
  facet normal -0.9469301294950936 -0.32143946530319734 -3.9511515557732456e-19
    outer loop
      vertex 43.46933324366016 83.67504867169501 6.99
      vertex 43.431491579260154 83.78652662023131 6.99
      vertex 43.431491579260154 83.78652662023131 0
    endloop
  endfacet
  facet normal -0.9807852804032327 -0.19509032201611692 5.49959118719372e-20
    outer loop
      vertex 43.492300375236425 83.55958510410079 6.99
      vertex 43.46933324366016 83.67504867169501 6.99
      vertex 43.46933324366016 83.67504867169501 0
    endloop
  endfacet
  facet normal -0.8314696123024974 -0.5555702330196739 1.5200628332026227e-19
    outer loop
      vertex 43.37942286340599 83.89211153110274 6.99
      vertex 43.3140180062621 83.98999681721058 6.99
      vertex 43.3140180062621 83.98999681721058 0
    endloop
  endfacet
  facet normal 0 0 -1
    outer loop
      vertex 43.147885286107844 82.72809352484063 6.99
      vertex 43.147885286107844 84.15612953736485 6.99
      vertex 43.23639610306789 82.80571542803484 6.99
    endloop
  endfacet
  facet normal 0 0 -1
    outer loop
      vertex 43.23639610306789 82.80571542803484 6.99
      vertex 43.23639610306789 84.07850763417063 6.99
      vertex 43.3140180062621 82.8942262449949 6.99
    endloop
  endfacet
  facet normal 0 0 -1
    outer loop
      vertex 43.3140180062621 82.8942262449949 6.99
      vertex 43.3140180062621 83.98999681721058 6.99
      vertex 43.37942286340599 82.99211153110274 6.99
    endloop
  endfacet
  facet normal 0 0 -1
    outer loop
      vertex 43.37942286340599 82.99211153110274 6.99
      vertex 43.37942286340599 83.89211153110274 6.99
      vertex 43.431491579260154 83.09769644197416 6.99
    endloop
  endfacet
  facet normal 0 0 -1
    outer loop
      vertex 43.431491579260154 83.09769644197416 6.99
      vertex 43.37942286340599 83.89211153110274 6.99
      vertex 43.431491579260154 83.78652662023131 6.99
    endloop
  endfacet
  facet normal 0 0 -1
    outer loop
      vertex 43.431491579260154 83.09769644197416 6.99
      vertex 43.431491579260154 83.78652662023131 6.99
      vertex 43.46933324366016 83.20917439051047 6.99
    endloop
  endfacet
  facet normal 0 0 -1
    outer loop
      vertex 43.46933324366016 83.20917439051047 6.99
      vertex 43.46933324366016 83.67504867169501 6.99
      vertex 43.492300375236425 83.32463795810469 6.99
    endloop
  endfacet
  facet normal 0 0 -1
    outer loop
      vertex 43.46933324366016 83.20917439051047 6.99
      vertex 43.431491579260154 83.78652662023131 6.99
      vertex 43.46933324366016 83.67504867169501 6.99
    endloop
  endfacet
  facet normal 0 0 -1
    outer loop
      vertex 43.492300375236425 83.32463795810469 6.99
      vertex 43.492300375236425 83.55958510410079 6.99
      vertex 43.49999999999999 83.44211153110274 6.99
    endloop
  endfacet
  facet normal 0 0 -1
    outer loop
      vertex 43.492300375236425 83.32463795810469 6.99
      vertex 43.46933324366016 83.67504867169501 6.99
      vertex 43.492300375236425 83.55958510410079 6.99
    endloop
  endfacet
  facet normal 0 0 -1
    outer loop
      vertex 43.23639610306789 82.80571542803484 6.99
      vertex 43.147885286107844 84.15612953736485 6.99
      vertex 43.23639610306789 84.07850763417063 6.99
    endloop
  endfacet
  facet normal 0 0 -1
    outer loop
      vertex 43.3140180062621 82.8942262449949 6.99
      vertex 43.23639610306789 84.07850763417063 6.99
      vertex 43.3140180062621 83.98999681721058 6.99
    endloop
  endfacet
  facet normal 0 0 -1
    outer loop
      vertex 43.37942286340599 82.99211153110274 6.99
      vertex 43.3140180062621 83.98999681721058 6.99
      vertex 43.37942286340599 83.89211153110274 6.99
    endloop
  endfacet
  facet normal 0 0.4226182617406994 0.9063077870366499
    outer loop
      vertex 2.4 11.819163488005184 29.941186263865973
      vertex 0 18.616471890780062 26.771549300810726
      vertex 0 11.819163488005184 29.941186263865973
    endloop
  endfacet
  facet normal 0 0.4226182617406994 0.9063077870366499
    outer loop
      vertex 2.4 18.616471890780062 26.771549300810726
      vertex 0 18.616471890780062 26.771549300810726
      vertex 2.4 11.819163488005184 29.941186263865973
    endloop
  endfacet
  facet normal -1.9973691421065558e-16 0.9063077870366499 -0.42261826174069966
    outer loop
      vertex 2.4 17.313200890634278 41.723187495342415
      vertex 2.4 11.819163488005184 29.941186263865973
      vertex 0 11.819163488005184 29.941186263865973
    endloop
  endfacet
  facet normal 0 -0.90630778703665 0.4226182617406993
    outer loop
      vertex 0 18.616471890780062 26.771549300810726
      vertex 2.4 18.616471890780062 26.771549300810726
      vertex 0 24.11050929340915 38.553550532287176
    endloop
  endfacet
  facet normal 0 0.9063077870366499 -0.42261826174069966
    outer loop
      vertex 2.4 17.313200890634278 41.723187495342415
      vertex 0 11.819163488005184 29.941186263865973
      vertex 0 17.313200890634278 41.723187495342415
    endloop
  endfacet
  facet normal 0 -0.42261826174069883 -0.9063077870366503
    outer loop
      vertex 2.4 24.11050929340915 38.553550532287176
      vertex 0 17.313200890634278 41.723187495342415
      vertex 0 24.11050929340915 38.553550532287176
    endloop
  endfacet
  facet normal 3.2491870367025585e-18 -0.42261826174069883 -0.9063077870366503
    outer loop
      vertex 2.4 24.11050929340915 38.553550532287176
      vertex 2.4 17.313200890634278 41.723187495342415
      vertex 0 17.313200890634278 41.723187495342415
    endloop
  endfacet
  facet normal 1.6533556786675425e-16 -0.90630778703665 0.4226182617406993
    outer loop
      vertex 2.4 18.616471890780062 26.771549300810726
      vertex 2.4 24.11050929340915 38.553550532287176
      vertex 0 24.11050929340915 38.553550532287176
    endloop
  endfacet
endsolid OpenSCAD_Model
